customer_id,name,email,signup_date,country
1,Jacob Wright,allen30@example.net,2025-02-11,Morocco
2,Tammy Monroe,francissara@example.net,2023-07-22,Reunion
3,Sandra Montes,rdavis@example.org,2025-05-15,Antarctica (the territory South of 60 deg S)
4,Melissa Fleming,blevinsantonio@example.net,2023-09-13,Vietnam
5,William Dixon,eford@example.net,2023-08-01,Finland
6,Margaret Allen,hvazquez@example.org,2023-01-20,Aruba
7,Crystal Brown,roberthughes@example.net,2023-01-18,Montserrat
8,Kristen Taylor,martin67@example.net,2025-02-01,Puerto Rico
9,Christopher Flowers,troyali@example.org,2025-06-05,Puerto Rico
10,Lauren Black,alejandro03@example.org,2023-04-08,Estonia
11,Kristi Wilson,dixondeborah@example.net,2024-01-03,Poland
12,Alyssa Cisneros,johnnyholmes@example.net,2025-08-18,Nicaragua
13,Theresa Anthony,skinnernichole@example.org,2023-04-16,Heard Island and McDonald Islands
14,Kevin Johnson,richarddunn@example.net,2024-11-23,Northern Mariana Islands
15,Joe Bryant,renee01@example.com,2024-02-13,Zimbabwe
16,Shane Martin,henry00@example.net,2023-05-07,Ukraine
17,Justin Thomas,moorelucas@example.net,2023-03-15,Brazil
18,John Durham,bruce89@example.org,2025-03-22,Palau
19,Mr. Kenneth Weber DVM,yosborne@example.com,2023-07-18,Mauritius
20,Sheryl Nguyen,brianburns@example.net,2024-03-06,Ireland
21,Stephanie Wright,jcox@example.net,2023-05-11,Liechtenstein
22,Drew Simmons III,mendezkelly@example.com,2023-12-21,United States Virgin Islands
23,Lee Burch,jlove@example.com,2024-05-28,Vanuatu
24,Lisa Smith,tylereverett@example.com,2025-03-27,Slovenia
25,Matthew Black MD,brittany61@example.org,2023-01-27,Kenya
26,Meagan Tran,jonesashley@example.net,2024-06-22,Sri Lanka
27,Carly Perez,johnsonana@example.net,2023-01-05,Heard Island and McDonald Islands
28,Mike Moore,scottgregory@example.net,2025-06-29,Saint Pierre and Miquelon
29,Dustin Adams,valerie75@example.com,2023-05-08,Benin
30,Tanya Smith,vkim@example.com,2024-12-26,Hong Kong
31,Jason Hill,debbiesmith@example.net,2023-07-22,Armenia
32,William Riley,ihoffman@example.org,2023-08-13,Switzerland
33,Luke Williams,christophercole@example.com,2025-01-24,Madagascar
34,Kathleen Lopez,bruce77@example.org,2023-01-05,Eritrea
35,Robin Nelson,kmurphy@example.org,2022-09-23,Finland
36,Christopher Key,derek23@example.net,2023-10-09,Liechtenstein
37,Erika Ramsey,torrestiffany@example.net,2023-09-19,Palau
38,Steven Dean,daltonrobin@example.net,2025-06-09,Tokelau
39,Arthur Evans,johnsonsarah@example.com,2023-11-02,Kuwait
40,Rodney Carter,susanwilliamson@example.org,2023-05-03,Honduras
41,Richard Curtis,twilliams@example.com,2024-06-04,Palestinian Territory
42,Mr. Austin Duncan,robert71@example.net,2025-02-25,British Virgin Islands
43,Brandon Davis,mary48@example.net,2024-01-14,Wallis and Futuna
44,Alice Carson,thomas63@example.org,2025-07-26,Mauritius
45,Eric Thompson,qbailey@example.org,2024-03-12,Djibouti
46,Richard Knapp,arroyosusan@example.net,2025-02-05,Saint Vincent and the Grenadines
47,Ryan Parker,erik49@example.com,2022-12-02,Iceland
48,Kaitlin Logan,clayton87@example.com,2023-01-18,Indonesia
49,Diana Rogers,melody03@example.net,2023-08-08,Faroe Islands
50,Michelle Garcia,charles96@example.org,2023-04-17,Liechtenstein
51,Leroy Browning,williepark@example.net,2025-06-27,South Georgia and the South Sandwich Islands
52,Kathryn Williams,rhonda26@example.net,2025-03-22,Bangladesh
53,Mr. Robert Hudson Jr.,leah10@example.com,2024-10-14,Somalia
54,Diane Richardson,mharris@example.org,2024-12-19,Eritrea
55,Daniel Carrillo,bradholt@example.org,2024-01-17,Wallis and Futuna
56,Michael Rodriguez,sarah77@example.com,2025-04-23,Antigua and Barbuda
57,Roger Mason,jeffery87@example.com,2025-08-15,Mayotte
58,Daniel Castaneda,ortegajudith@example.net,2025-07-12,Singapore
59,Andrea Hull,walterskirsten@example.net,2023-06-09,Afghanistan
60,Rebecca Bolton,barberkristina@example.org,2024-07-06,Macao
61,Michael Martinez,dwayne38@example.com,2022-09-09,Sao Tome and Principe
62,Joshua Warner,carolinenichols@example.org,2025-07-26,Liberia
63,Ashlee Howell,pughmelissa@example.org,2023-06-07,United States Virgin Islands
64,Kayla Adams,jackphillips@example.org,2022-12-16,Venezuela
65,Sonya Francis,mcleandaniel@example.com,2023-07-01,Isle of Man
66,Sydney Owens,meganmaynard@example.com,2023-06-15,Niger
67,Paul Taylor,helenmartin@example.net,2023-04-04,Senegal
68,Diana Scott,velasquezchad@example.com,2023-02-26,Cyprus
69,William Norman,katherineturner@example.com,2024-01-05,Palestinian Territory
70,Erika Bennett,wallen@example.org,2023-05-24,Barbados
71,Jodi Hahn MD,ortizmargaret@example.org,2023-12-28,Puerto Rico
72,Kent Bailey,april19@example.net,2024-11-16,Niger
73,Joann King,markcline@example.net,2024-06-20,Latvia
74,Andre Harrison,carl55@example.com,2024-05-10,Korea
75,John Schmidt,tim25@example.org,2025-06-14,Mozambique
76,Teresa Campbell,nwatson@example.net,2024-01-01,Fiji
77,Jennifer Fox,lynn86@example.org,2024-04-01,Korea
78,Rebecca Ayers,kwagner@example.com,2023-01-20,Sri Lanka
79,Mark Marquez,walkerlisa@example.com,2023-12-23,South Georgia and the South Sandwich Islands
80,Keith Hendrix,williamslinda@example.com,2023-05-02,Djibouti
81,Joseph George,alvarezkara@example.net,2022-08-26,New Zealand
82,Kelly Lutz,omendoza@example.net,2024-12-18,Martinique
83,Meghan Graham,theresa21@example.net,2023-06-11,Kuwait
84,Thomas Dunn,suzannejohnson@example.org,2023-04-24,British Indian Ocean Territory (Chagos Archipelago)
85,Christopher Lewis,blake02@example.com,2024-01-26,Philippines
86,Rachel Brooks,ijohnson@example.net,2024-10-16,Albania
87,Wesley Barrett,qsmith@example.net,2025-02-16,Eritrea
88,Kerri Herrera,sarahcollins@example.org,2023-10-13,Niue
89,Cynthia Singleton,ejennings@example.org,2023-08-03,United Arab Emirates
90,Allen Buckley,cummingslogan@example.net,2024-10-10,France
91,Stacey Norris MD,wheelermeagan@example.net,2025-02-28,Jersey
92,Jeffrey Gomez,lewisjacqueline@example.com,2024-11-11,Ukraine
93,Sarah Beard,susan14@example.com,2023-08-26,Reunion
94,Anthony Miller,jbartlett@example.com,2022-12-10,Venezuela
95,Douglas Kerr,williamaguilar@example.org,2023-08-27,Bolivia
96,Morgan Ochoa,zolson@example.net,2023-07-06,United States of America
97,Sharon Watts,teresamcdonald@example.org,2023-06-20,United Kingdom
98,Jessica Caldwell,snicholson@example.net,2024-03-17,Congo
99,Gregory Olson,melissaolson@example.org,2023-12-17,Bangladesh
100,Gregory Stark,bvance@example.com,2024-03-12,Puerto Rico
101,Jennifer Reid,michellebrown@example.net,2025-05-07,Malaysia
102,Tracy Russell,careyvanessa@example.org,2025-01-01,Svalbard & Jan Mayen Islands
103,Sally Tanner,renee07@example.org,2025-03-09,Martinique
104,Michelle Hampton,christinesantana@example.net,2023-01-24,Honduras
105,Catherine Allen,nlara@example.com,2023-10-23,Mongolia
106,Tommy Nelson,cruzmelanie@example.net,2025-01-10,Belgium
107,Tina Williams,ttaylor@example.net,2022-09-18,Christmas Island
108,Katelyn Gonzalez,angeladelgado@example.org,2023-02-24,Slovenia
109,Joel Rodriguez,jeffreycraig@example.org,2025-08-15,Gabon
110,Jeremy Hale,raylisa@example.com,2024-05-12,Japan
111,Dr. Elijah Bates,baileybailey@example.org,2025-08-16,Latvia
112,Daniel Peters,floydjasmine@example.com,2025-05-27,United States Virgin Islands
113,Lisa Warren,brendawilliams@example.com,2022-11-16,Suriname
114,Daniel Lopez,mwebb@example.org,2024-10-13,Saint Martin
115,Jeffery Williams,barbara00@example.net,2023-09-07,Belgium
116,Douglas Graham,johnmccoy@example.org,2024-06-14,French Southern Territories
117,Joel Edwards,tharris@example.com,2023-05-17,Vietnam
118,Lisa White,vwilliams@example.com,2025-04-13,Solomon Islands
119,Sheri Herring,tarakane@example.net,2023-01-11,Armenia
120,Adam Delacruz,dwashington@example.net,2023-04-19,Micronesia
121,Daniel Perez,stewartdonald@example.net,2024-05-17,Antigua and Barbuda
122,Elizabeth Miller,brownnicole@example.org,2024-02-16,Ghana
123,Todd Huang,madeline85@example.com,2023-10-11,Madagascar
124,Jeremy Walker,gonzalezmichael@example.org,2024-05-07,Kazakhstan
125,Jonathan Cannon,desiree47@example.org,2023-05-29,Lao People's Democratic Republic
126,Erik Cannon,christopher09@example.org,2025-05-11,Sudan
127,Kevin Wilson,zacharybrown@example.net,2024-06-06,Croatia
128,Katherine Humphrey,melissagordon@example.net,2023-10-25,Ethiopia
129,James Anderson,aaronmartinez@example.net,2025-05-20,Panama
130,Sheri Oliver,sandrews@example.net,2024-06-24,Nauru
131,Monique Rodriguez,hgarcia@example.com,2025-07-24,Sweden
132,Christopher Donovan,pmejia@example.com,2025-02-14,Kyrgyz Republic
133,Taylor Jones,osimon@example.org,2024-09-01,Rwanda
134,Omar Conway,crystal01@example.com,2024-07-01,Saint Martin
135,Derek Collins,katelyn39@example.net,2022-10-31,Angola
136,Richard King,mariah59@example.com,2025-06-20,Hong Kong
137,Gregory Freeman,stephanie10@example.org,2023-10-24,French Polynesia
138,Michelle Olsen,racheljones@example.net,2025-01-20,Montserrat
139,Nicole Barber,alyssa78@example.com,2024-10-14,Syrian Arab Republic
140,Tabitha Mueller,mahoneykurt@example.org,2024-12-09,Belize
141,Craig Smith,christopher05@example.net,2025-06-02,Norway
142,James Cabrera,adam68@example.org,2024-06-06,Netherlands
143,William Taylor,garnerdenise@example.org,2022-08-23,Luxembourg
144,Rachel Carroll,willie79@example.com,2024-07-18,Lesotho
145,John Gilbert,frenchcameron@example.org,2025-05-15,Suriname
146,John Munoz,robertguerrero@example.net,2025-04-08,Aruba
147,Jeffrey Armstrong DVM,abigail14@example.org,2024-12-01,Sweden
148,Eric Hodge,nduncan@example.org,2023-03-17,Ireland
149,Joseph Miller,andersonjackie@example.org,2024-06-21,Myanmar
150,Jeffrey Norris,lauragray@example.org,2024-06-13,Malawi
151,Abigail Sweeney,morrisdaniel@example.net,2023-06-15,Gibraltar
152,Zachary Huff,peterrandolph@example.net,2022-12-27,Burundi
153,Deborah Cherry,valenzuelatommy@example.net,2024-09-24,North Macedonia
154,Tyler Tucker,serranolisa@example.com,2022-12-10,Philippines
155,Ronald Jenkins,anthonyramos@example.org,2025-07-31,Kiribati
156,Joanne Patel,ftorres@example.org,2023-03-26,Lao People's Democratic Republic
157,Crystal Castillo,ricky55@example.com,2025-08-12,Tanzania
158,Carlos Frazier,ssolis@example.org,2025-05-27,Turks and Caicos Islands
159,Michelle Dixon,gonzalezcynthia@example.net,2023-05-11,Cuba
160,Mrs. Sandra White,april90@example.org,2025-03-15,Sri Lanka
161,Daniel Walker,tsnyder@example.org,2025-05-10,Cote d'Ivoire
162,Steven Mcbride,priceelizabeth@example.net,2023-11-28,Ghana
163,Kristopher Nguyen,qolson@example.org,2023-03-08,Norfolk Island
164,Mr. Stephen Nelson,pwagner@example.org,2024-12-10,Netherlands Antilles
165,Carla Brady,sburton@example.org,2025-03-09,Brunei Darussalam
166,Joshua Clark,kmartin@example.net,2023-02-02,Wallis and Futuna
167,Rebecca Santiago,kwilliams@example.com,2023-07-25,Chad
168,Madeline Mcguire,kentnancy@example.com,2024-09-28,Guyana
169,Dale White,brandon33@example.com,2024-10-01,Iceland
170,Danny West,uhoward@example.com,2025-02-27,Marshall Islands
171,Michael Thomas,morenogreg@example.org,2023-11-28,Vanuatu
172,Pamela Campbell,dennis87@example.com,2025-02-19,Uzbekistan
173,Corey Park,casey60@example.com,2024-10-17,United Kingdom
174,Leslie Allen,qhurst@example.org,2023-06-05,Tokelau
175,Maria Young,james13@example.com,2025-04-02,Martinique
176,Michael Hill,wilkinsonmark@example.org,2023-04-30,Benin
177,Morgan Logan,ydelgado@example.org,2023-04-27,Anguilla
178,Blake Rodriguez,preynolds@example.org,2025-06-05,Tajikistan
179,Margaret Owens,iguzman@example.org,2025-07-20,Thailand
180,Paul Horne,paulfitzgerald@example.org,2025-07-22,Guinea-Bissau
181,John Hale,rachael16@example.net,2025-07-07,Kyrgyz Republic
182,Derrick Huynh,howardnunez@example.net,2025-06-09,Turkmenistan
183,Anthony Klein,cooperstephanie@example.net,2023-07-23,Ethiopia
184,Kristie Howard,jennifer93@example.com,2025-05-05,Seychelles
185,Melissa Wright,gutierrezjeremy@example.com,2025-03-11,Peru
186,Brittany Maxwell,richardstevens@example.net,2023-04-11,Lesotho
187,Lisa Ramsey,staciecollins@example.net,2025-04-02,Romania
188,James Wilson,morganbrian@example.net,2023-05-24,Libyan Arab Jamahiriya
189,Jeffrey Hanson,cherylperez@example.org,2023-03-21,Russian Federation
190,Cindy Thomas,lori69@example.com,2023-07-01,Somalia
191,Christopher West,chelseadelgado@example.com,2025-01-30,Malta
192,Joshua Ortega,christine51@example.net,2025-06-08,Pakistan
193,Tiffany Love,claudiavaughan@example.org,2024-06-11,Palau
194,Alex Smith,denniseric@example.org,2023-02-27,Liberia
195,Dr. Margaret Johnson,craigpeterson@example.com,2025-03-21,Ecuador
196,Mark Norris,ramoschristopher@example.com,2022-10-21,Holy See (Vatican City State)
197,Sandra Gonzalez,shawnconner@example.com,2024-04-29,Iraq
198,Elizabeth Marshall,jeffrey46@example.net,2024-11-27,Aruba
199,Brandon Werner MD,claymelissa@example.net,2023-01-15,Haiti
200,Robin Barnes,joseph70@example.org,2023-10-12,Malawi
201,Mr. Timothy Myers,bjenkins@example.org,2024-08-21,Italy
202,Stacy Bradley,hillwanda@example.com,2023-02-21,Pakistan
203,Kevin Mccann MD,laurensmith@example.com,2025-07-16,Mayotte
204,Catherine Brewer,leejennifer@example.com,2023-04-03,Hungary
205,Jessica Ford,handerson@example.net,2023-10-26,Uganda
206,Kayla Case,jarmstrong@example.org,2024-11-21,Saint Lucia
207,Joe Orozco,nsantiago@example.org,2025-07-07,Fiji
208,Heather Smith,ystafford@example.com,2025-03-13,Senegal
209,Christopher Bishop,john12@example.com,2022-10-31,Mayotte
210,Heidi Bailey,candice11@example.com,2025-02-21,Tonga
211,Gabriela Kim MD,wjohnson@example.net,2023-03-30,Guinea
212,Nicole Davis,prodriguez@example.org,2025-04-27,Tanzania
213,Thomas Davis MD,gonzalezdavid@example.net,2024-05-01,Luxembourg
214,Richard Potter,smitheddie@example.org,2023-02-16,Australia
215,Jason Rogers,aaronlee@example.net,2024-01-21,Equatorial Guinea
216,Emily Walker,michael38@example.net,2024-03-16,Zimbabwe
217,Carolyn Perez,kimberly97@example.com,2024-09-12,United States Virgin Islands
218,Bethany Miller,scottmercado@example.net,2025-05-03,Solomon Islands
219,Anthony Chang,connerkeith@example.org,2024-12-02,Indonesia
220,John Mason,caseycastillo@example.com,2023-09-17,Nigeria
221,Debbie Jackson,stephen21@example.org,2022-11-22,Cyprus
222,Bruce Brown,lmartinez@example.org,2023-07-01,Qatar
223,Kelli Levy,jonathansanders@example.com,2022-09-09,French Southern Territories
224,Teresa Griffin,irios@example.org,2024-05-06,Aruba
225,Sharon West,mooresarah@example.net,2024-05-05,Malaysia
226,Aaron Weber,pooleeric@example.com,2024-01-12,Bhutan
227,Lori Phillips,carol01@example.com,2023-06-12,Iceland
228,John Vasquez,charles57@example.org,2023-08-21,Moldova
229,Shannon Thomas,powellvictor@example.com,2024-07-27,Palau
230,Austin Rice,camachojames@example.com,2023-06-05,Palau
231,Kerry Alvarez,sarahburton@example.net,2023-11-19,Ghana
232,Nicole Rodgers,melissaward@example.org,2022-12-23,Timor-Leste
233,Stephanie Drake,travissanders@example.com,2022-12-11,Christmas Island
234,Victoria West,brandonharrell@example.com,2025-07-11,Hungary
235,Raymond Christensen,simpsondavid@example.net,2025-02-09,Saudi Arabia
236,Sara Riley,kendrasmith@example.com,2023-03-03,Cayman Islands
237,Angelica Webb,ibaldwin@example.net,2023-02-12,United States of America
238,Eileen Hubbard,ashley22@example.org,2025-04-23,China
239,Alexander Pearson,ashleygallegos@example.org,2025-02-26,Mauritania
240,Nicholas Patterson,jrivera@example.org,2022-12-12,Romania
241,Jessica Johnson,madisonfisher@example.org,2023-10-07,Antarctica (the territory South of 60 deg S)
242,Amy Holland,jasonmckee@example.com,2025-07-26,Luxembourg
243,Dylan Henson,bradleyfoster@example.net,2023-09-02,Sweden
244,Ashlee Mckinney,daniel38@example.org,2025-06-05,Mayotte
245,Anthony Gallegos,jessica39@example.net,2024-06-14,San Marino
246,Kevin Bell,tpacheco@example.com,2024-04-30,Slovenia
247,Virginia Knapp,brobinson@example.org,2024-04-19,France
248,Mrs. Alexandra Holt MD,deleonemily@example.net,2022-09-27,Gibraltar
249,Jamie Mora,douglas56@example.org,2024-07-04,Montserrat
250,Joshua Johnson,luisdudley@example.com,2025-07-22,Bolivia
251,Mary Walter,irice@example.net,2025-01-10,Dominican Republic
252,Teresa Moore,margarethensley@example.net,2024-01-24,Uruguay
253,Crystal Campbell,sean04@example.com,2023-06-15,Uruguay
254,Patrick Carr,robertsstephanie@example.net,2025-03-10,Canada
255,Robert Stevens,gary74@example.org,2025-01-08,Netherlands
256,Jared Davis,muellertodd@example.net,2022-10-09,Romania
257,Terri Mora,dbrown@example.com,2022-08-25,Marshall Islands
258,Nicole Jensen,richardwolf@example.com,2024-01-07,Martinique
259,Jennifer Luna MD,devans@example.net,2024-12-06,Taiwan
260,Laura Hunt,murraylarry@example.com,2022-08-30,Kiribati
261,Chad Jones,anthonymcintosh@example.org,2023-09-30,Mauritius
262,Michael Barber,danielwilkinson@example.com,2024-05-14,Svalbard & Jan Mayen Islands
263,Christian Bryant,jenniferhunt@example.net,2023-06-11,Saint Barthelemy
264,Elizabeth Banks,frank82@example.org,2024-07-04,Namibia
265,Jacqueline Willis,whitakerpaige@example.net,2022-11-13,Guam
266,Blake Rogers,jeffrey31@example.org,2024-12-28,Iran
267,Jessica Barnes,marclambert@example.net,2025-02-24,Italy
268,David Nelson,tlopez@example.net,2024-12-04,Iraq
269,Kellie Williams,murphybenjamin@example.net,2022-09-25,Trinidad and Tobago
270,Tyler Sellers,molinarita@example.com,2024-09-26,Mauritius
271,Lauren Acosta,evasquez@example.com,2023-03-22,British Indian Ocean Territory (Chagos Archipelago)
272,Timothy Shepherd,idonaldson@example.net,2025-03-06,Congo
273,Nicholas Reyes,jenna36@example.com,2024-10-27,French Southern Territories
274,Ms. Daisy Martinez,nicolecooper@example.com,2023-10-20,United States Minor Outlying Islands
275,Eddie Alvarado,philiprivera@example.net,2024-10-11,Cambodia
276,Daniel Daugherty,brooksisaac@example.org,2023-04-30,Tanzania
277,Shawna Mcclure,peterreed@example.com,2025-06-26,Gambia
278,Carolyn Butler,callahancrystal@example.org,2024-02-14,Antarctica (the territory South of 60 deg S)
279,Gerald Martinez,melissa82@example.com,2024-04-04,Fiji
280,Donna Sanders,danielrojas@example.com,2024-04-13,Togo
281,Michelle Robbins,stephen35@example.com,2023-07-18,Cameroon
282,Shannon Ellis,amanda98@example.org,2024-09-22,Bosnia and Herzegovina
283,Allison Smith,brendamullins@example.net,2025-04-23,Saint Barthelemy
284,Kevin Lester,kellyorozco@example.com,2022-12-31,Nigeria
285,Jason Lane,martinkristina@example.org,2023-12-20,Albania
286,Jordan Williams,thomasangela@example.org,2024-12-10,Saint Kitts and Nevis
287,Marc Martin,renee42@example.net,2024-05-10,Slovakia (Slovak Republic)
288,Kirsten Hill,schroederwendy@example.net,2024-07-31,Philippines
289,Kenneth Robertson,hardynancy@example.org,2025-07-28,Seychelles
290,Patrick Walker,jennifermarshall@example.com,2024-06-20,Malaysia
291,Victoria Owens,johnsonjuan@example.org,2023-11-02,Azerbaijan
292,Dr. Kathleen Palmer MD,jordanchambers@example.com,2024-09-05,Lesotho
293,Roger Banks,charlesanderson@example.com,2022-12-18,Greece
294,Nicholas Miller,christopherbradley@example.net,2024-01-27,Algeria
295,Nicole Spencer,kevin46@example.org,2025-07-30,Anguilla
296,Megan Watkins,lhawkins@example.org,2025-06-07,Netherlands Antilles
297,Christina Fischer,michaelpierce@example.net,2022-09-09,Seychelles
298,Lisa Sharp,butlerjames@example.org,2022-10-07,Turkey
299,Francis Mckee,andrew50@example.org,2024-08-11,Paraguay
300,John King,chadcannon@example.com,2024-02-16,Slovenia
301,Sara Webb,thomaskatherine@example.net,2025-06-16,Slovenia
302,Jeremiah Melton,bennettstephanie@example.net,2024-11-27,Mexico
303,Erin Strickland,kristopherhayes@example.com,2022-10-21,Tonga
304,Kendra Brown,danielfoster@example.net,2025-07-11,Liechtenstein
305,Noah Hanson,mariejones@example.com,2025-04-13,Antigua and Barbuda
306,Penny Rodriguez,watsonamy@example.com,2023-07-18,Pitcairn Islands
307,Samuel Green,jeffreycoleman@example.com,2022-11-24,Tunisia
308,David Black,aaron10@example.org,2024-11-02,Barbados
309,Tony Martinez,maddoxjay@example.com,2024-07-08,Iran
310,Kenneth Martin,danieledward@example.org,2024-10-02,Taiwan
311,Brian Sanders,ericphelps@example.net,2022-12-10,Italy
312,David Moore,johnsonmatthew@example.org,2023-12-08,Andorra
313,Joseph Torres,gonzalezmalik@example.com,2023-07-27,Ethiopia
314,Miss Lisa Martin,dayamber@example.com,2024-02-04,Nauru
315,Corey Gross,destiny80@example.com,2025-04-19,Spain
316,Jessica Drake,rebeccabecker@example.com,2022-11-24,Mongolia
317,Ronald Lin,jay71@example.com,2024-06-04,Guernsey
318,Terry Richards,donald75@example.com,2024-11-03,Liberia
319,Pamela Acosta,pearsonamanda@example.com,2025-06-01,Hungary
320,Mark Hartman,mpierce@example.org,2024-06-16,Cyprus
321,Joseph Floyd,josephgarcia@example.com,2024-06-14,Iceland
322,Richard Santos,hernandezjuan@example.org,2023-07-11,Armenia
323,Steven Newton,samanthaarmstrong@example.com,2025-01-21,Solomon Islands
324,Larry Clarke,mhernandez@example.org,2023-12-25,Bhutan
325,Antonio Perry,tammyjackson@example.com,2022-12-17,Svalbard & Jan Mayen Islands
326,Jonathan Bates,blanchardbrittany@example.org,2023-08-18,Palau
327,Yvonne Diaz,shannon04@example.net,2025-04-29,South Georgia and the South Sandwich Islands
328,Amanda Jackson,icunningham@example.com,2024-08-18,Seychelles
329,Jesse Anderson,cameronbrown@example.org,2023-02-19,Dominica
330,Jacob Williams,lucaslisa@example.net,2022-12-24,Guinea-Bissau
331,Alyssa Anderson,yperkins@example.net,2025-06-19,Eritrea
332,Katrina Cooke,schneideralexander@example.com,2025-05-25,Poland
333,Jennifer Wood,ublack@example.com,2024-07-09,Jersey
334,Lisa Brooks,qsmall@example.org,2024-01-25,Benin
335,Jeffrey Brown,amanda96@example.net,2025-02-10,Turks and Caicos Islands
336,Thomas Gonzalez,simsdesiree@example.com,2024-06-22,Congo
337,Richard Rodriguez,hamiltonrobin@example.com,2025-06-21,Central African Republic
338,Cynthia Fitzgerald,eshaw@example.org,2023-03-24,American Samoa
339,Carrie Cordova,lisa01@example.com,2022-10-16,Saint Lucia
340,Yvonne French,kim47@example.org,2025-06-21,Kyrgyz Republic
341,Tyler Evans,curtisalexis@example.com,2024-12-11,Palestinian Territory
342,Robin Bennett MD,tonynorris@example.net,2025-06-23,Saudi Arabia
343,Christian Davis DDS,bcochran@example.org,2025-07-23,Greece
344,James Dawson,antoniojones@example.net,2024-07-04,Cuba
345,Rebecca Andrews,nterry@example.com,2024-01-19,Australia
346,Amanda Bryant,hfaulkner@example.com,2024-03-01,Colombia
347,Heather Watson,ryan44@example.org,2023-11-20,Liberia
348,Jacob Brown,blacktaylor@example.net,2023-02-15,Niger
349,Courtney Perez,tammyramsey@example.net,2024-11-29,Cote d'Ivoire
350,Sandy Ferguson,yadams@example.com,2025-05-05,Dominica
351,Jared Rogers MD,james87@example.org,2024-07-27,Maldives
352,Julia Morrison,terrelljoshua@example.org,2025-02-13,Greenland
353,David Ward,andrew11@example.org,2023-10-26,British Virgin Islands
354,Isaiah Holmes,walkerkristy@example.org,2024-08-30,Madagascar
355,Joseph Hughes,andrewkramer@example.com,2023-10-11,Croatia
356,Jenny Delgado,claytonmichael@example.com,2024-02-26,Liechtenstein
357,Danielle Phillips,michaelallen@example.com,2023-08-30,Bermuda
358,Dr. Ronald Russell,sallynavarro@example.com,2024-05-05,Zimbabwe
359,John Hanson,pdelgado@example.org,2023-02-18,Palestinian Territory
360,Julia Solis,sararogers@example.org,2023-08-29,Guam
361,Dustin Johnson,markssamantha@example.com,2023-01-26,Palestinian Territory
362,Adam Miller,daughertysara@example.com,2024-08-10,Pitcairn Islands
363,Phillip Nichols,amy37@example.org,2024-12-02,Angola
364,Martin Buchanan,dickersonclifford@example.net,2023-06-22,Nicaragua
365,Derrick Cunningham,james95@example.net,2023-01-18,Korea
366,Tanya Baker,rebeccamitchell@example.com,2024-08-06,Botswana
367,Adrian Mcmahon,deborah09@example.com,2023-04-01,French Guiana
368,Danielle Scott,cassandrakoch@example.net,2024-06-22,Libyan Arab Jamahiriya
369,Douglas Gardner,ryanashley@example.net,2022-08-21,Monaco
370,Jesse Greene,craigbell@example.com,2024-04-17,Northern Mariana Islands
371,Sherry Love,ashleycook@example.net,2024-12-19,Seychelles
372,Marc Nguyen,anthony26@example.net,2023-02-18,Russian Federation
373,John Dyer,zavalajames@example.net,2025-03-10,Antigua and Barbuda
374,Marie Moore,gravesbryce@example.net,2024-11-15,Jersey
375,Sean Lopez,ochoajennifer@example.org,2023-01-19,Afghanistan
376,Edward Warner,john18@example.net,2023-01-02,Lithuania
377,Christopher Griffin,kristenblackwell@example.org,2024-12-24,Korea
378,Matthew Williams,alexanderjeremy@example.com,2023-07-06,Albania
379,Russell Mckinney,figueroabrandi@example.com,2023-07-28,Bulgaria
380,Zachary Jones,brandonsanchez@example.org,2025-04-21,San Marino
381,Loretta Lee,jamie84@example.net,2023-12-08,Botswana
382,Jonathan Lee,jordan41@example.net,2023-01-27,Turks and Caicos Islands
383,Reginald Miller,rachelali@example.net,2025-06-11,Senegal
384,Arthur Silva,iolsen@example.com,2025-07-30,Micronesia
385,Judy Jimenez,elizabethray@example.net,2023-01-04,Serbia
386,Brian Campbell,ramosjesus@example.com,2025-02-03,Congo
387,Denise Cohen,youngjason@example.org,2025-06-18,Papua New Guinea
388,Catherine Woods,randy89@example.net,2024-12-27,Chad
389,Nancy Freeman,vosborne@example.net,2023-02-04,Christmas Island
390,Sara Brown,lindamiller@example.net,2024-02-06,Haiti
391,Nicole Bruce,mckayjeffrey@example.org,2024-05-20,Iran
392,Christy Yoder,ubailey@example.net,2024-01-20,Benin
393,Hannah Moreno,gail43@example.org,2023-07-10,New Zealand
394,Maurice Lutz,ytorres@example.org,2022-09-23,Saint Kitts and Nevis
395,Sarah Perkins,francisshaun@example.com,2025-04-05,India
396,Dawn Crawford,thomaslee@example.com,2025-04-28,Bolivia
397,Dawn Arnold,brittney47@example.org,2022-10-13,Syrian Arab Republic
398,Jamie Berry,hansonbrittany@example.com,2022-10-07,Bangladesh
399,Donna Blackwell,cynthia43@example.org,2023-06-21,Nicaragua
400,Kenneth Michael,michaelsmith@example.org,2024-01-10,South Africa
401,Dennis Wood,marcus17@example.net,2025-01-08,Italy
402,Matthew Carter,pfischer@example.com,2022-08-26,Nicaragua
403,Jeffrey Madden,nclark@example.com,2024-12-09,Uruguay
404,Kelly Levy,dominique32@example.org,2023-12-02,Saint Pierre and Miquelon
405,Joel Weiss,murphyanthony@example.org,2024-06-10,Mauritania
406,Dominique Brewer,ramseytammie@example.org,2025-01-02,China
407,Jack Burgess,hunterhunt@example.net,2023-10-28,Micronesia
408,Joshua Rodriguez,terrelldaniel@example.com,2023-11-24,Malawi
409,Daniel Briggs,wyattemily@example.org,2022-12-16,Saudi Arabia
410,Amy Johnston,agray@example.com,2023-11-10,Senegal
411,Sarah Green,carolynrodriguez@example.net,2024-10-23,Chile
412,Jennifer Higgins,parkspaige@example.org,2023-01-09,North Macedonia
413,Mr. Jose Bullock,kwoodard@example.com,2022-12-29,Central African Republic
414,Samuel Hampton,heidibaker@example.com,2025-07-19,Saint Pierre and Miquelon
415,Timothy Williams,melissabright@example.net,2023-05-15,Korea
416,James Marshall,anitahernandez@example.org,2024-12-18,Sudan
417,Shelly Clark,nicholas31@example.org,2024-09-05,Saint Helena
418,Vincent Morrison,davispatricia@example.org,2022-11-03,Korea
419,Michael Garcia,jamieburke@example.com,2024-03-05,Afghanistan
420,Austin Oconnor,ericcarter@example.org,2022-12-31,Singapore
421,Ann Frank,dennisburke@example.com,2023-01-02,Syrian Arab Republic
422,Stephen Cunningham,samuel34@example.com,2025-06-06,Chad
423,Katrina Brooks,bhopkins@example.net,2023-06-13,Oman
424,Ann James,tracy49@example.net,2025-01-04,Hong Kong
425,Rachel Hall,brittanyfreeman@example.org,2024-09-20,Yemen
426,Kelly Barry,kylegilbert@example.net,2024-06-12,Burkina Faso
427,Eric Stark,vanessasmith@example.net,2022-12-14,Macao
428,Jesse Hansen,andrewmueller@example.org,2024-12-26,Sudan
429,Norma Andrews,crystalfernandez@example.net,2025-07-11,Madagascar
430,James Wolfe,angela23@example.net,2022-10-11,Hong Kong
431,Christopher Wood,juliedavis@example.com,2022-10-21,Benin
432,Dawn Benton,christopher94@example.net,2024-02-19,Nigeria
433,Christopher Pierce,roachphillip@example.org,2023-10-04,Bouvet Island (Bouvetoya)
434,Donna Brady,paigewilliamson@example.org,2022-09-20,Guinea-Bissau
435,Donald Saunders PhD,robert34@example.com,2024-10-30,Russian Federation
436,Breanna Caldwell,donna97@example.com,2024-09-13,French Southern Territories
437,Robert Wilson,johnsonrachel@example.com,2023-08-08,Luxembourg
438,Kelly Fischer,grollins@example.com,2025-08-10,Japan
439,Bridget Johnson,parkcaleb@example.com,2022-10-01,Honduras
440,Jeremy Alvarez,youngkevin@example.org,2025-06-14,United Arab Emirates
441,Patrick Sullivan,faith92@example.net,2023-11-20,Dominican Republic
442,Harold Garcia,mcbridericky@example.org,2023-12-02,Antarctica (the territory South of 60 deg S)
443,Laura Adams,xspears@example.com,2023-02-13,Algeria
444,Keith Patel Jr.,reginasmith@example.com,2022-11-30,Wallis and Futuna
445,Stacey Ochoa,alexandriathomas@example.org,2024-10-31,Wallis and Futuna
446,Emma Navarro,annette81@example.org,2024-10-27,Malta
447,Bryan Schmidt,hodgechristian@example.org,2023-10-19,French Guiana
448,Manuel Ramirez,amassey@example.org,2025-04-27,Iraq
449,Karen Garza,stanleycynthia@example.net,2023-05-23,Honduras
450,Jill Taylor,stricklandvalerie@example.com,2024-03-06,Madagascar
451,Bryan Castillo,christinahernandez@example.com,2022-12-13,Ethiopia
452,Patricia Meyer,deborahsmith@example.org,2022-09-03,Madagascar
453,Chad Payne,desiree04@example.com,2024-05-26,Mayotte
454,Jeffrey West,orodriguez@example.net,2023-08-04,Paraguay
455,Shawn Odonnell,juliewilson@example.com,2023-08-16,Yemen
456,Jessica Martin,josephshah@example.com,2025-06-07,Bahrain
457,Jeffery Burns,jfrench@example.org,2024-05-01,Bulgaria
458,Timothy Anderson,david45@example.com,2023-03-24,Canada
459,Malik Gillespie,williamschristy@example.net,2023-05-24,Paraguay
460,Chris Werner PhD,michaelowens@example.org,2023-08-05,Suriname
461,Robert Brown,nbrewer@example.net,2024-04-20,Ghana
462,Cheryl Combs,aliciajefferson@example.net,2024-08-28,Morocco
463,Phillip Villarreal,davidwall@example.com,2023-02-17,Cocos (Keeling) Islands
464,Eric Baxter,mrodriguez@example.com,2023-09-19,Barbados
465,Amber Hernandez,nathan92@example.org,2025-05-29,Papua New Guinea
466,Daniel Walker,qdillon@example.org,2023-03-17,Jamaica
467,Brenda Martin,jasonbecker@example.com,2023-03-16,Syrian Arab Republic
468,Julie Massey,gholloway@example.org,2024-04-11,Uzbekistan
469,Christopher Cunningham,williamspatricia@example.com,2023-12-04,Anguilla
470,Anthony Reeves,oolson@example.net,2025-05-03,Namibia
471,Troy Smith,charles06@example.net,2024-02-18,Kuwait
472,Austin Camacho,melissa84@example.net,2025-07-13,Ireland
473,Joseph Barnes,scottjackson@example.net,2025-05-30,Lesotho
474,Danielle Reed,gloria08@example.com,2023-01-17,Vanuatu
475,Rachel Yang,burgesschristopher@example.com,2023-11-29,Guyana
476,Claire Guerrero,nathaniel58@example.org,2025-04-25,Canada
477,Daniel Williams,huffmanchristian@example.com,2025-02-04,Sweden
478,Eric Robles,justin90@example.net,2025-01-03,Norfolk Island
479,Ernest Booker,sarah96@example.net,2023-03-24,Marshall Islands
480,Mario Hardy,ubrown@example.net,2022-12-23,San Marino
481,Suzanne Carlson,codyholt@example.org,2022-10-10,Albania
482,Thomas Ray,destiny01@example.net,2025-04-20,Sri Lanka
483,David Ochoa,stephanieray@example.com,2024-12-21,Uruguay
484,Jeffrey Gibbs,atkinsonemily@example.com,2023-10-02,Qatar
485,Donna Martinez,jsellers@example.net,2023-03-10,Guyana
486,Brian Foster,jeffreyhernandez@example.org,2022-12-24,Malaysia
487,Robin Davis,sydneydean@example.com,2024-04-09,Holy See (Vatican City State)
488,David Henderson,smithcarrie@example.org,2025-04-18,Svalbard & Jan Mayen Islands
489,Zachary Evans,muellerpaul@example.com,2025-07-11,Mexico
490,Jonathan Leblanc,kbarton@example.org,2025-08-02,Spain
491,Heather Hendricks,derek24@example.net,2025-05-16,Zimbabwe
492,Scott Novak,luis49@example.org,2024-06-05,Sierra Leone
493,Michael Barry,thomas38@example.com,2024-12-16,Singapore
494,Erik Montes,fcohen@example.net,2023-12-17,Bahrain
495,Aaron Adams,irice@example.net,2025-06-13,Dominican Republic
496,Lori Powers,reedtonya@example.net,2024-08-11,French Guiana
497,Teresa Beasley,tracy05@example.net,2024-08-10,Brazil
498,Bridget Williams,tranryan@example.com,2024-09-04,Malta
499,Lisa Jones,lauren82@example.org,2025-01-09,Qatar
500,Brandon Miller,ktravis@example.com,2023-11-09,Niue
501,Leslie Shah,johnsonchristopher@example.org,2024-01-30,Botswana
502,George Collins,diane28@example.com,2024-12-31,Saint Martin
503,Manuel Malone,gcoleman@example.net,2025-04-14,Guinea-Bissau
504,Joseph Cardenas,rodriguezashley@example.com,2024-12-31,Costa Rica
505,Rebecca Klein,iwallace@example.com,2023-10-02,Liberia
506,Gabriel Khan,nsingh@example.com,2024-07-21,Albania
507,William Rangel,zachary18@example.com,2025-07-17,Trinidad and Tobago
508,Timothy Jones,albertwilson@example.com,2024-07-27,Israel
509,Danielle White,scarroll@example.org,2025-04-25,Burundi
510,Deanna Taylor,smithmariah@example.com,2025-07-24,Rwanda
511,Gregory Martin,johnbaker@example.org,2023-08-18,San Marino
512,Rachel Knight,stephanie43@example.org,2024-05-05,Cameroon
513,Christina Foley,christopher34@example.org,2023-11-24,Guernsey
514,Randy Beck,paulwagner@example.org,2023-10-14,Thailand
515,Allison Hawkins PhD,donna13@example.com,2023-02-24,Panama
516,Travis Williams,wfrancis@example.net,2025-01-13,Saint Vincent and the Grenadines
517,Gregory Rodriguez,warnerbrian@example.org,2025-06-29,Bahamas
518,Andre Ingram,carriewilliams@example.com,2024-10-21,Jersey
519,Randy Williams,iolsen@example.net,2024-10-16,Azerbaijan
520,Sandra Burgess,jon51@example.net,2024-05-20,Qatar
521,Jenny Garcia,dixondarlene@example.net,2023-09-15,Guadeloupe
522,Heidi Hayes,lindseyvasquez@example.org,2025-01-14,Netherlands
523,Danielle Zimmerman,lbrown@example.net,2023-11-15,Cayman Islands
524,Michelle Mendez,kimberlyharris@example.net,2023-12-10,Mayotte
525,Carlos Garner,thomas16@example.org,2023-12-13,United Arab Emirates
526,Douglas Taylor,mirandacruz@example.com,2022-09-02,Suriname
527,James Berg,angelagutierrez@example.org,2024-08-26,Aruba
528,Charles Clay,jamesfoley@example.com,2025-07-20,Fiji
529,James Holmes,laura62@example.org,2024-05-18,Grenada
530,Andrew Patel,teresasimmons@example.net,2024-04-19,American Samoa
531,Joe Mueller,phillippratt@example.com,2024-02-05,Cote d'Ivoire
532,John Pearson,hberg@example.net,2023-07-06,Armenia
533,Charles Sandoval,kylemay@example.com,2024-06-16,Lao People's Democratic Republic
534,Paul Costa,jamesgaines@example.net,2025-02-25,French Guiana
535,Casey Thompson,qkim@example.org,2023-06-13,Bouvet Island (Bouvetoya)
536,Sarah Osborne,terrylindsey@example.com,2024-10-04,India
537,Larry Anderson,kinglinda@example.net,2024-02-13,Belize
538,Kimberly Keller MD,robertslisa@example.com,2024-10-20,Dominican Republic
539,Sheila Pennington,karen23@example.org,2022-11-28,Reunion
540,Mark Ruiz,iyoder@example.org,2023-11-26,Mayotte
541,Grant King,tammy98@example.com,2025-06-29,Azerbaijan
542,Karen Cook,greenejudith@example.com,2024-09-13,Netherlands
543,Anthony Garcia,jesus94@example.net,2023-08-03,Niue
544,Christine Adkins,jessica54@example.com,2024-06-29,United Kingdom
545,Michael Ray,griffithbarbara@example.net,2024-09-24,Falkland Islands (Malvinas)
546,Ashley Haas,timothy22@example.net,2023-07-18,Niue
547,Erica Thomas,joseph11@example.com,2024-07-15,Montenegro
548,Bryan Smith,matthewgreen@example.net,2023-10-31,Ecuador
549,Shelly Flynn,bridgessandra@example.com,2025-04-04,Philippines
550,Danny Conner,tiffany22@example.net,2023-01-29,Bhutan
551,Linda Stone,crosbyjohn@example.org,2025-02-27,Jersey
552,Jessica Frost,anthonyfischer@example.com,2024-05-01,Faroe Islands
553,Scott Doyle,christopher20@example.org,2024-09-01,Iceland
554,Patricia Russell,vincent92@example.com,2025-07-04,Eritrea
555,William Henderson,thomas39@example.org,2022-08-24,Barbados
556,Katie Barnett,dmcneil@example.com,2025-03-05,Italy
557,Michael Anderson,david86@example.org,2025-02-04,Egypt
558,Veronica Young,srodgers@example.org,2022-12-05,Iran
559,Jacqueline Williams,richard13@example.org,2025-06-13,Estonia
560,Maria Day,lpadilla@example.com,2025-04-09,Suriname
561,Jocelyn Martinez,grobles@example.net,2024-06-06,Barbados
562,Brent Bowen,james55@example.org,2024-06-12,Georgia
563,James Yang,romeromonica@example.org,2024-04-09,Bahamas
564,Kelly Lewis,johnsonlori@example.net,2023-11-12,Taiwan
565,Dale Ramirez,brownscott@example.org,2023-04-23,United States Minor Outlying Islands
566,Vanessa Delgado,yruiz@example.org,2023-05-30,Isle of Man
567,Tina Jones,bishoprobert@example.net,2024-09-27,Saint Helena
568,Dustin Gaines,mphillips@example.net,2022-12-31,Peru
569,Caitlin Hubbard,ithompson@example.org,2023-08-18,Jordan
570,Colleen Dougherty,popeemily@example.net,2023-04-20,Saint Barthelemy
571,Rachel Bridges,kathleen62@example.net,2023-05-19,Iceland
572,Todd Schwartz,masonbrittany@example.net,2023-03-27,Japan
573,Amy Cruz,uevans@example.org,2023-01-04,Senegal
574,Timothy Stone,valentinemeredith@example.net,2023-01-11,Saint Martin
575,David Cox,katherine13@example.net,2023-09-23,Mongolia
576,Lacey Baldwin,solson@example.org,2024-10-13,Solomon Islands
577,Lindsay Fernandez,xnelson@example.net,2023-08-31,Guam
578,Deborah Brock,pblackburn@example.com,2024-07-21,France
579,Laura Wood,whiteheadjames@example.net,2023-09-30,Luxembourg
580,Christopher Collins,john72@example.net,2023-01-05,American Samoa
581,Justin Jones,bscott@example.com,2024-03-19,Greece
582,Clifford Collins,reyeschristine@example.com,2025-05-03,Isle of Man
583,Dr. Sherri Lopez,richard92@example.com,2024-02-26,United States Virgin Islands
584,Carol Lynch,jennifervillarreal@example.com,2024-10-01,Marshall Islands
585,Misty Hinton,karen41@example.net,2022-11-27,Liechtenstein
586,Nicholas Poole,wilsonwilliam@example.com,2023-08-26,Liechtenstein
587,Tanya Hernandez,lharris@example.net,2025-06-27,Philippines
588,Erin Ibarra,michaelthompson@example.org,2023-09-25,Lao People's Democratic Republic
589,Jacob Kent,uandrade@example.net,2023-06-02,Jersey
590,Ashley Andrews,serranojackson@example.net,2025-01-10,Saudi Arabia
591,Ebony Dunn,arivera@example.org,2023-07-08,Tanzania
592,Dana Gordon,jacqueline32@example.net,2025-08-05,Azerbaijan
593,Michelle Perez,karenmorris@example.org,2022-09-04,Vietnam
594,Jeremy Perry,gmolina@example.org,2023-05-26,Spain
595,Kelly Kennedy,jacquelinewilliams@example.net,2024-12-12,United Kingdom
596,Jamie Johnson,jessicamolina@example.net,2022-09-13,Malaysia
597,Miguel Rojas,justinjohnson@example.com,2023-05-24,Mozambique
598,John Adams,alexanderbullock@example.com,2023-04-08,Luxembourg
599,Danielle Murphy,orrsonia@example.net,2022-12-05,Palestinian Territory
600,Jacob Evans,ypatterson@example.com,2024-11-09,Zimbabwe
601,Vanessa Morris,mary41@example.org,2024-07-23,Taiwan
602,Michael Wallace,khorton@example.net,2025-04-29,Ireland
603,Christy Miller MD,lauriewiley@example.net,2024-04-26,Croatia
604,Shelby Cabrera,jerryperez@example.net,2023-05-01,Burkina Faso
605,Susan Nichols,sanderson@example.net,2024-07-31,Venezuela
606,Joseph Parker,adam68@example.org,2022-11-01,Trinidad and Tobago
607,Sandra Taylor,smithtodd@example.org,2024-08-09,Ukraine
608,Martha Pittman,samuel00@example.com,2023-09-10,Bahamas
609,Hannah Brown,zmcclain@example.net,2025-04-07,Sudan
610,Logan Ellis,jacqueline68@example.org,2025-03-24,Cape Verde
611,Kylie Conner,mckeepaul@example.net,2022-09-16,Andorra
612,Samuel Gonzalez,woodsamy@example.net,2023-06-16,Hungary
613,James Robertson,ewilliams@example.org,2024-10-30,Russian Federation
614,Christina Adams,jamesjones@example.org,2023-02-04,Korea
615,Laura Pittman,upierce@example.net,2023-08-12,El Salvador
616,Kim Cook,aaronlin@example.org,2023-04-01,American Samoa
617,Michael Wyatt,elizabethperez@example.net,2023-05-31,Philippines
618,Calvin Williams,jesus87@example.net,2023-05-25,Switzerland
619,Robert Davis,nking@example.net,2023-10-25,Western Sahara
620,Deanna Walker,nelsonjoseph@example.com,2022-08-24,Taiwan
621,Brian Smith,stephanieadams@example.com,2024-05-21,Bouvet Island (Bouvetoya)
622,Justin Short,perryanna@example.net,2023-08-04,Yemen
623,Austin Barrett,rrogers@example.org,2023-07-07,Romania
624,Frank Phillips,davidporter@example.com,2023-03-05,Austria
625,Sierra Hanson,xbrooks@example.org,2024-12-27,French Guiana
626,Eric Schmitt,anthonyandrade@example.com,2022-11-24,Guinea-Bissau
627,Hector Martin,lindseysharon@example.net,2024-04-15,Mauritania
628,Caroline Calderon,nathanmiller@example.net,2025-01-03,India
629,Curtis Gardner,csharp@example.net,2024-08-13,Uganda
630,Douglas Elliott,patriciareynolds@example.org,2025-01-23,Sudan
631,Evan Rice,lindseylove@example.org,2024-09-05,Thailand
632,Christopher Rice,briannagregory@example.org,2022-11-14,Niue
633,Mary Bailey,tallen@example.org,2024-05-14,Thailand
634,Alexander Kane,alicia92@example.org,2023-11-16,Armenia
635,Krista Martinez,vargasjoshua@example.com,2025-04-25,Guinea-Bissau
636,Edward Pittman,kimjessica@example.org,2022-12-09,Georgia
637,Danielle Warren,kayleesawyer@example.com,2024-05-13,Sao Tome and Principe
638,Rebekah Ali,janice82@example.com,2023-08-05,Oman
639,Ian Cardenas,downsmichelle@example.com,2025-08-10,El Salvador
640,Adam Gonzalez,drangel@example.com,2025-03-01,Wallis and Futuna
641,Thomas Fox,jeffreyanderson@example.net,2022-12-31,Spain
642,Gabriela Mcintyre,geraldcarter@example.net,2023-04-27,American Samoa
643,Denise Kim,acevedojessica@example.com,2025-05-22,Palau
644,Maria Sherman,danalee@example.net,2022-09-05,Italy
645,Mr. Kenneth Cantu,christopher88@example.com,2025-02-18,Kyrgyz Republic
646,Katherine Dickson,herbert96@example.org,2022-09-12,Brunei Darussalam
647,Michael Khan,denise67@example.net,2022-09-27,Hungary
648,Joseph Martin,kyle66@example.org,2024-08-16,Cocos (Keeling) Islands
649,Jamie Dominguez,kcrawford@example.org,2024-11-21,Puerto Rico
650,Courtney Mcintosh,dfrost@example.net,2023-05-03,American Samoa
651,Sara Tucker,eric67@example.net,2025-04-10,Gabon
652,Mr. Thomas Cooper,taylorlogan@example.org,2024-11-24,Saint Martin
653,David Avery,jill10@example.com,2024-11-05,Reunion
654,Michael Robertson,stephanierogers@example.org,2023-06-20,Netherlands
655,Kyle Rogers,tinachristensen@example.org,2023-11-15,Myanmar
656,Jeremiah Beltran,grantshelly@example.com,2022-12-25,Saint Barthelemy
657,Juan Lee,stacey22@example.org,2023-07-24,Estonia
658,Alexander Smith,kurtoconnor@example.org,2025-02-05,Gambia
659,Olivia Pope,maxchaney@example.net,2025-08-14,Russian Federation
660,Michele Strong,wesley13@example.org,2023-05-23,Lebanon
661,Anthony Hubbard,saundersstephanie@example.org,2025-07-14,Denmark
662,Julia Ramos,jessicalopez@example.com,2024-12-17,Myanmar
663,Amber Francis,chavezerik@example.com,2024-02-01,Wallis and Futuna
664,Lindsey Jackson,perrycindy@example.net,2023-11-02,Latvia
665,Joshua Carroll,michaelclark@example.net,2024-09-09,Bosnia and Herzegovina
666,Tammy Smith,nicole55@example.org,2024-12-03,Korea
667,Cody Park,thomascurtis@example.org,2024-03-09,Guinea
668,Emma Moore,anthonymcclain@example.com,2025-01-01,Barbados
669,Carrie Wyatt,daviscindy@example.net,2025-07-10,Jersey
670,Pamela Holt,lewislee@example.net,2022-09-12,Cameroon
671,Ashley Harris,davidleblanc@example.com,2023-05-08,Haiti
672,Blake Matthews,mthompson@example.net,2024-07-12,Bosnia and Herzegovina
673,Christopher Kelly,jason67@example.org,2022-12-19,Madagascar
674,Joseph Sullivan,mbishop@example.org,2022-12-04,Comoros
675,Michelle Ross,roy84@example.com,2024-05-21,Zambia
676,Elizabeth Simpson,tcarrillo@example.org,2024-10-21,Barbados
677,Harry Underwood,butlerbrooke@example.org,2025-03-04,Lao People's Democratic Republic
678,Laura Potts,amandacraig@example.com,2022-09-28,Djibouti
679,John Rodriguez,carlsonchristopher@example.net,2023-12-04,Moldova
680,Dominic Beltran,washingtonjoseph@example.net,2023-01-25,Uzbekistan
681,Isaac Wilson,lholland@example.com,2023-11-30,Tanzania
682,Gregory Reyes,johnathanhughes@example.net,2022-10-11,Tajikistan
683,Ronnie Smith,michael41@example.net,2024-09-30,Greece
684,Megan Ellis,uhawkins@example.net,2023-10-15,Guyana
685,Antonio Robinson,kyleconner@example.com,2023-01-20,Taiwan
686,John Ramirez,jfarmer@example.com,2024-07-24,China
687,Susan Williams,xwells@example.net,2022-11-01,Christmas Island
688,Joseph Smith,scottdavis@example.org,2023-07-24,Taiwan
689,Mr. Adam Jones,lisagamble@example.net,2023-08-26,Albania
690,Christopher Richards,xmcgee@example.org,2023-10-02,Jersey
691,Jennifer Davis,williammiller@example.com,2024-09-24,Afghanistan
692,Shannon Hickman,rbrown@example.com,2023-09-12,Antarctica (the territory South of 60 deg S)
693,Connie Carrillo,jensenmelissa@example.com,2025-07-06,Mauritius
694,Shelby Cordova,rachel28@example.org,2024-10-03,Somalia
695,Louis Parker,jgray@example.com,2025-07-11,Northern Mariana Islands
696,Mike Dennis,joannaharrison@example.net,2022-09-09,Guyana
697,Teresa Porter,jacobmathews@example.com,2024-12-18,Turkmenistan
698,Jordan Barnes,christensenjustin@example.net,2023-09-13,Guadeloupe
699,George Ellis,bsimmons@example.com,2023-04-09,Togo
700,Kelly Harris,gharmon@example.com,2023-04-29,Israel
701,Greg Johnson,lucaspatrick@example.com,2024-04-25,Nauru
702,Nathan Porter,csmith@example.net,2022-10-03,Austria
703,Eric Barrera,morrisjulie@example.com,2025-04-25,Puerto Rico
704,Michael Haynes,taylor91@example.com,2024-12-31,Estonia
705,George Wallace,christopher47@example.net,2025-07-10,Northern Mariana Islands
706,Jasmine Norman,judy87@example.org,2023-10-16,Greenland
707,Patrick King,derekespinoza@example.org,2023-10-25,Niger
708,Cristina Morton,austindavid@example.com,2023-04-09,Turks and Caicos Islands
709,Daniel Miles,mark27@example.net,2023-03-01,New Caledonia
710,Zachary Jordan,stevenfoster@example.net,2024-01-25,Suriname
711,Wanda Torres,ybailey@example.net,2024-03-08,Haiti
712,Kelly Davis DDS,rdixon@example.org,2024-03-05,Korea
713,Christina Hudson,petersonjoshua@example.org,2024-08-09,Christmas Island
714,Jill Rivera,reidwendy@example.org,2025-03-19,Turks and Caicos Islands
715,Deanna Boyd,beth16@example.org,2023-09-18,San Marino
716,Mr. Samuel Bullock PhD,pruittjuan@example.com,2022-09-15,Germany
717,Brandy Rosales,ryan94@example.org,2023-09-02,Cameroon
718,Jasmin Campbell,david37@example.org,2024-02-23,Svalbard & Jan Mayen Islands
719,Michelle Barber,yatesgregory@example.com,2023-05-22,Cameroon
720,Krystal Andrade,laurieday@example.net,2023-01-08,Uganda
721,Christian Mcgrath,tiffany23@example.net,2025-07-26,Tokelau
722,Jerry Padilla,jesus54@example.org,2023-01-19,Turkmenistan
723,Mr. Alexander Weeks MD,lopezhannah@example.net,2024-02-28,South Africa
724,James Morgan,debra40@example.com,2023-03-17,Timor-Leste
725,Anthony Wade,gabriellacoleman@example.com,2024-06-16,Nauru
726,Richard Cruz,pollardjason@example.org,2023-01-27,Malawi
727,Miguel Mcdonald,dcampbell@example.net,2025-01-16,Guatemala
728,Gina Mckenzie,adamsashley@example.org,2022-12-22,Timor-Leste
729,Rita Henry,amber66@example.com,2025-01-23,Andorra
730,Jason Holmes,ricejohn@example.org,2024-02-19,Timor-Leste
731,Steven Moore,wyattaustin@example.com,2023-02-20,Iran
732,Jack Hill,umorton@example.com,2022-12-20,Australia
733,David Wall,rosariochristian@example.net,2024-04-13,Montenegro
734,James Floyd,sydney70@example.net,2024-11-18,Netherlands Antilles
735,Shawn Rodriguez,annaandrews@example.org,2023-03-29,Isle of Man
736,Kimberly Gonzalez,perkinsbryan@example.net,2023-04-16,Peru
737,Shawn Newman,karen05@example.net,2024-06-23,Eritrea
738,Barry Lee,johnsonrussell@example.com,2024-08-23,Kazakhstan
739,Larry Taylor,masonscott@example.org,2025-02-02,Uzbekistan
740,Felicia Reyes,amartin@example.net,2022-12-27,Swaziland
741,Joseph Martin,tracyfuller@example.org,2023-07-04,Bosnia and Herzegovina
742,Joseph Herman,melissathomas@example.net,2025-03-07,Jordan
743,David Day,greencurtis@example.net,2024-06-20,Serbia
744,Patrick Chen,keithsmith@example.org,2023-05-04,Mauritania
745,Jordan Davila,stephanie38@example.net,2023-07-24,Saint Vincent and the Grenadines
746,Erica Warren,mhart@example.org,2024-12-16,Luxembourg
747,Tricia Bauer,jburton@example.net,2024-01-05,Panama
748,Nancy Williams,jfigueroa@example.com,2023-08-30,Saint Barthelemy
749,Cody Fowler,jesse68@example.net,2023-04-21,Iceland
750,Kevin Miller,shanegregory@example.net,2023-08-28,Central African Republic
751,Shawn Lane,vrichards@example.com,2022-09-11,Russian Federation
752,Brad Mendoza DDS,ywhite@example.com,2024-04-16,Svalbard & Jan Mayen Islands
753,Ana Murphy,savannah61@example.com,2025-07-27,Cook Islands
754,Kathleen Cox,kristinathomas@example.com,2025-04-12,Uganda
755,Corey Woodard,tara40@example.com,2023-02-04,Greenland
756,Alison Curry,scottstevens@example.com,2023-12-24,Senegal
757,Daniel Cox,lorifrederick@example.org,2023-05-28,Northern Mariana Islands
758,Krista Holland,rossandrea@example.net,2025-07-06,United Arab Emirates
759,Patricia Cummings,morriswilliam@example.net,2024-05-13,Latvia
760,Andrew Green,james82@example.net,2024-08-05,Malawi
761,Steven Chen,jperez@example.org,2025-06-27,Suriname
762,Matthew Russell,wolfebecky@example.org,2024-08-02,Taiwan
763,Courtney Sullivan,youngamy@example.org,2025-08-18,Lithuania
764,Philip Garrison,hectormurphy@example.com,2024-06-05,Taiwan
765,Benjamin Reid,laurenhenderson@example.com,2022-09-03,Kyrgyz Republic
766,Jose Jackson,sanderson@example.com,2023-02-18,Saint Vincent and the Grenadines
767,Diana Bryan,abrooks@example.org,2024-08-28,Fiji
768,Lisa Clark,greenantonio@example.org,2024-08-18,Haiti
769,Michael Morgan,christinamorales@example.org,2023-12-18,Gabon
770,Douglas Barnett,benjaminhowell@example.org,2024-06-17,Kuwait
771,Victoria Ho,bowersdiana@example.com,2023-03-06,Italy
772,James Mccann,christopher55@example.com,2023-12-24,Ukraine
773,Wayne Espinoza,ashley64@example.com,2025-06-26,North Macedonia
774,Nicholas Byrd,andrewwallace@example.org,2023-10-21,Libyan Arab Jamahiriya
775,Sandra Hall,jonathanwhitaker@example.net,2022-08-24,Slovakia (Slovak Republic)
776,Steven Clayton,williamswilliam@example.org,2022-10-03,Ecuador
777,Cody Chang,cgomez@example.net,2024-05-16,Malta
778,Robin Roberts,frobles@example.com,2025-03-25,Dominican Republic
779,Thomas Johnson,kellysanchez@example.org,2024-08-05,Reunion
780,Todd Waters,justin63@example.org,2023-04-17,Togo
781,Ashley Davis,nhall@example.com,2024-04-02,Romania
782,Monique Barron,russellmary@example.org,2023-01-05,Gibraltar
783,Cathy Lara,brianfranklin@example.net,2023-03-13,Mexico
784,Barbara Moss,imoyer@example.org,2023-01-01,French Polynesia
785,Mr. Jake Ruiz,wwerner@example.org,2023-07-29,Korea
786,Gary Cruz,bill83@example.net,2022-12-27,Madagascar
787,Erica Smith,vmckenzie@example.com,2023-08-22,Mali
788,David Garcia,mendezkerry@example.net,2023-07-22,Kuwait
789,Thomas Freeman,gregory54@example.net,2023-06-14,Chile
790,Kimberly Johnson,rbrown@example.net,2024-03-25,Aruba
791,Diane Hoffman,andrewperez@example.com,2023-11-28,Thailand
792,Stacie Shaw,robert27@example.org,2023-03-23,Angola
793,Nicole Bowman,nnewman@example.net,2024-08-26,San Marino
794,Monica Lopez,zosborn@example.org,2025-06-15,Tokelau
795,Marisa Brennan,katherine75@example.org,2025-03-12,Tokelau
796,Amanda Alvarado,wdickerson@example.net,2023-07-21,Anguilla
797,Heather Parker,gary04@example.net,2022-11-09,Gibraltar
798,Amy Riley,dcohen@example.net,2025-01-07,Nepal
799,Leslie Bonilla,jennifersheppard@example.org,2024-11-04,Haiti
800,Nicole York,uklein@example.net,2024-08-14,Albania
801,Michael Berry,patrickfrank@example.com,2025-01-17,Gabon
802,Charles Forbes,tconway@example.org,2024-08-15,South Georgia and the South Sandwich Islands
803,Aimee Collins,cpeterson@example.net,2023-04-09,Aruba
804,Michelle Evans,petersonmarie@example.net,2025-08-06,Bahamas
805,Cheryl Leonard,brian64@example.com,2022-08-29,Ukraine
806,Michael Tran,ramosrobin@example.org,2023-01-18,Thailand
807,Juan Hammond,shawrodney@example.com,2025-04-26,Zimbabwe
808,Michael Hunter,stephenmaldonado@example.com,2024-06-15,Saint Barthelemy
809,Michael Campbell,williamskaren@example.net,2024-04-27,Grenada
810,Cindy Pugh,kathryncruz@example.org,2023-12-08,Burundi
811,Barbara Baker,jocelynorozco@example.org,2024-02-05,Austria
812,Tammy Garcia,qgriffin@example.net,2025-01-11,San Marino
813,David Bush,johnhendrix@example.org,2025-07-16,Ecuador
814,Nicholas Ferguson,lisalittle@example.com,2022-09-04,Tuvalu
815,Thomas Jordan,andrewmurray@example.com,2024-05-07,Chile
816,Tyler Lee,kaylawatson@example.com,2024-09-03,Palestinian Territory
817,Nicholas Page,elizabethsherman@example.org,2023-05-29,Turkey
818,Justin Mendoza,campbellpatrick@example.org,2025-06-08,Thailand
819,Matthew Martinez,kenneth04@example.net,2023-09-27,Algeria
820,Amanda Green,michaelwallace@example.net,2022-09-09,Central African Republic
821,Paula Matthews,zachary20@example.com,2023-01-22,Jamaica
822,Dana Douglas,grosssandra@example.net,2024-07-20,Belgium
823,Penny Patterson,mcbridesara@example.org,2024-11-04,Jersey
824,Jenna Martin,caroline52@example.com,2023-11-29,Saint Helena
825,Joshua Evans,llong@example.com,2024-05-11,Japan
826,Eric Anderson,gomezmelissa@example.net,2023-11-14,Tonga
827,Kimberly Miller,nathan63@example.com,2024-03-10,Saint Barthelemy
828,Victoria Morales,smithrachel@example.com,2022-10-30,Oman
829,Victor Smith,vasqueztroy@example.org,2024-01-21,Lithuania
830,Bradley Ramos,tanner34@example.com,2024-05-23,British Indian Ocean Territory (Chagos Archipelago)
831,Sandra Torres,rhancock@example.org,2024-02-12,Ghana
832,Darren Green DVM,sergio85@example.net,2023-04-13,Seychelles
833,Mrs. Sarah Conner,thomasmoran@example.com,2025-01-07,Myanmar
834,Kim Andrade,dorseygregory@example.org,2025-05-25,Slovakia (Slovak Republic)
835,Marvin Mitchell,landerson@example.org,2024-10-10,Bulgaria
836,James Taylor,gflores@example.org,2025-07-04,Uzbekistan
837,Joseph Payne,judith53@example.org,2022-10-06,Bermuda
838,Claudia Perez,edgarhamilton@example.net,2024-05-30,French Polynesia
839,Charles Barnes,jon76@example.org,2024-08-06,Christmas Island
840,Connie Nguyen,ggonzalez@example.net,2025-03-28,Martinique
841,Donald Johnson,patrick84@example.org,2023-05-09,Heard Island and McDonald Islands
842,Wayne Valencia,daniel13@example.org,2025-02-20,Tanzania
843,Paul Rodriguez,alicialozano@example.net,2023-06-25,Switzerland
844,Stanley Mitchell,ecarlson@example.org,2022-11-18,Guadeloupe
845,Alex Guerrero,nicole21@example.org,2024-03-01,San Marino
846,Jennifer Larson,elizabethmoon@example.net,2024-01-18,Uruguay
847,Lisa Johnson,jamesmiller@example.net,2022-12-27,Bermuda
848,Jennifer Turner,john03@example.net,2024-02-04,Kazakhstan
849,Beth Adams,masonvalerie@example.net,2025-06-03,Estonia
850,Edward Hill,mcleanjose@example.org,2023-04-20,Angola
851,Douglas Love,joyce19@example.net,2023-07-28,Bermuda
852,Melissa Harmon DDS,rebeccaerickson@example.org,2024-04-09,Liechtenstein
853,Joy Farmer,stevenlowe@example.net,2023-08-03,Bulgaria
854,Michael Rivers,taylorbenjamin@example.com,2025-05-13,Gabon
855,Adam Ruiz,craigandrews@example.net,2024-05-02,Malawi
856,Tammy Lee,christian40@example.net,2023-01-02,Bangladesh
857,Dean Gray,upark@example.org,2024-03-30,American Samoa
858,Edward Friedman,charles38@example.org,2024-05-29,Czech Republic
859,Daniel Turner,iyoung@example.net,2024-11-09,Luxembourg
860,Andrew Henderson,yeseniakent@example.org,2024-04-17,South Georgia and the South Sandwich Islands
861,Eugene Cross,stevehenderson@example.org,2023-03-30,Holy See (Vatican City State)
862,Michael Carr,caldwelljennifer@example.com,2024-06-16,Saint Pierre and Miquelon
863,Jessica Perez,fblack@example.org,2024-11-29,Cote d'Ivoire
864,Samuel Gomez,wmiller@example.org,2025-05-23,Benin
865,Kevin Jones,latasha84@example.com,2024-09-24,Hong Kong
866,Dr. Larry Evans,kimberlycontreras@example.net,2024-04-17,Malta
867,Mark Moreno,patty05@example.net,2025-02-01,Bhutan
868,Melanie Keller,rhays@example.org,2025-05-22,Kyrgyz Republic
869,Jennifer Willis,rmcneil@example.com,2024-09-27,Mozambique
870,Shane Taylor,sarah43@example.org,2025-05-01,Bahamas
871,Pamela Anderson,bartonallison@example.com,2024-03-23,Uganda
872,Mallory Davis,sanchezangela@example.com,2023-12-31,Lesotho
873,Lauren Johnson,brandon66@example.com,2023-04-18,Pitcairn Islands
874,Linda Orozco MD,david47@example.com,2022-08-23,Brazil
875,Gabriela Wong,hunterholly@example.com,2024-01-10,Uganda
876,Krystal Cochran,williamserin@example.org,2023-05-18,Turkmenistan
877,Tanner Brown,dwang@example.com,2023-04-20,Puerto Rico
878,Jennifer Jacobs,abbottzachary@example.org,2025-05-11,Northern Mariana Islands
879,Michelle Price,sean35@example.net,2024-06-14,Bhutan
880,Austin Bond,tanya61@example.net,2024-04-08,Belgium
881,Amanda Marks,eric98@example.org,2025-08-18,Bouvet Island (Bouvetoya)
882,Katherine Nelson,rwilliams@example.com,2024-07-14,Taiwan
883,Nicole Brown,joannawheeler@example.net,2025-08-12,United States of America
884,Lisa Prince,erika63@example.net,2023-10-04,Bulgaria
885,Garrett Peterson,johnsonjanet@example.org,2023-06-19,Haiti
886,Clayton Mcdowell,murphyjason@example.org,2025-02-24,Gambia
887,Valerie Rubio,chelsea72@example.com,2023-07-30,Belgium
888,Michael Fields,dochoa@example.net,2025-07-04,Pitcairn Islands
889,Jennifer Williams,wardautumn@example.net,2025-08-02,Saint Vincent and the Grenadines
890,Laurie Hicks,connie30@example.com,2023-02-14,Bermuda
891,Thomas Bishop,ajohns@example.org,2024-09-07,Angola
892,Dr. Andrea Simpson,taylorwood@example.org,2025-07-22,Lebanon
893,Robert Smith,davidhenderson@example.net,2024-10-19,Azerbaijan
894,John Porter,joe67@example.net,2025-07-03,Andorra
895,Brett Hawkins,jongibbs@example.org,2022-12-12,San Marino
896,Jacob Williams,bradleylaura@example.com,2024-11-06,Chile
897,Lisa Little,kaylabowen@example.org,2025-05-15,Dominica
898,Melissa Pope,ibrown@example.com,2024-07-07,Korea
899,William Mccall,sarahrodriguez@example.org,2023-08-02,Barbados
900,Eric Ortiz,rachael28@example.org,2024-12-15,Falkland Islands (Malvinas)
901,Paul Payne,lrich@example.com,2023-05-10,Netherlands
902,Michelle Barker,lesliecox@example.com,2022-10-28,Micronesia
903,John Fernandez,david89@example.com,2023-03-04,Antigua and Barbuda
904,Carlos Richardson,aburch@example.com,2024-04-18,North Macedonia
905,Ethan Rodriguez,thomasjuan@example.net,2023-08-16,Martinique
906,Carolyn Foley,wandapacheco@example.net,2022-11-21,Argentina
907,Matthew Williams,egay@example.net,2023-04-04,Nepal
908,Kara Smith,john17@example.com,2022-11-23,Italy
909,Virginia Weaver,tiffanyadams@example.net,2023-07-31,Lao People's Democratic Republic
910,Omar Maynard,caitlinweeks@example.net,2024-01-26,Tokelau
911,Todd Arellano,salazarcatherine@example.net,2023-11-07,Guinea
912,Elizabeth Graham,qcompton@example.org,2022-10-26,Papua New Guinea
913,Melissa Johnson,tonyaguerra@example.org,2022-12-09,Reunion
914,Michael Graves,christopherhernandez@example.net,2024-08-12,Netherlands Antilles
915,Alejandro Santana,twagner@example.net,2025-07-13,South Africa
916,Steven Perez,uwillis@example.com,2023-09-22,Cook Islands
917,Brandy Chandler,nathaniel53@example.com,2024-06-07,Ireland
918,William Richards,courtneybaker@example.org,2023-11-20,Mauritius
919,Lisa Hatfield,nrobertson@example.org,2024-12-03,Gibraltar
920,Paula Roman,gregory93@example.net,2023-01-08,Uganda
921,Kimberly Johnson,tina16@example.org,2025-05-18,Germany
922,Christopher Taylor,ryang@example.com,2024-12-05,Tokelau
923,Nicole Maldonado DVM,sarahwilson@example.net,2025-02-25,Monaco
924,George Hill,tlane@example.net,2024-04-06,Cyprus
925,Michael Barnett,angelataylor@example.net,2025-01-04,Grenada
926,Michaela Johnson,andrewproctor@example.net,2022-12-14,Latvia
927,Austin Salinas,ewilliamson@example.org,2023-06-18,Heard Island and McDonald Islands
928,Mary Howell,daniel89@example.net,2024-07-12,India
929,John Johnson,wattshenry@example.org,2024-06-21,Jersey
930,Kathleen Crane,thomasgillespie@example.com,2025-07-29,Tajikistan
931,Julie Jensen,williamschristopher@example.net,2022-12-28,Tajikistan
932,Jordan Bradford,antonio10@example.org,2022-12-09,Morocco
933,Kelly Meyer,brandon53@example.org,2022-12-24,Western Sahara
934,Briana Robertson,aaronharris@example.net,2023-12-17,Georgia
935,Joseph Torres,jennifermeyers@example.org,2023-11-11,China
936,Bradley Brooks,brucesara@example.org,2022-08-30,Korea
937,Pamela Chambers,penacurtis@example.com,2023-07-10,Belarus
938,Michele Oconnor DDS,psanchez@example.net,2022-11-28,Tanzania
939,Mary Martinez,jodi91@example.com,2024-03-31,Cambodia
940,Melissa Edwards,shawlaura@example.org,2025-04-11,Kenya
941,Lisa Ryan,williammay@example.com,2023-07-23,Estonia
942,Paul Davis,qjohnson@example.com,2022-10-23,Morocco
943,Darlene Watts,lsharp@example.org,2023-10-22,Georgia
944,Daniel Dudley,gsolomon@example.org,2023-04-20,Togo
945,Thomas Webb,robinsonlisa@example.net,2024-12-23,Somalia
946,Katie Parker,ogallagher@example.net,2025-04-25,Gibraltar
947,Henry Nielsen Jr.,sharrington@example.com,2024-01-24,Saint Helena
948,Jennifer Hale,hperez@example.net,2023-03-14,Turkey
949,Kevin Miller,ramirezbobby@example.org,2024-10-27,Isle of Man
950,Zachary Shelton,keith53@example.org,2023-06-13,Mauritius
951,Sandra Jones,hannahhicks@example.org,2023-11-14,South Georgia and the South Sandwich Islands
952,Craig Ward,uortega@example.net,2025-03-12,Wallis and Futuna
953,Alexis Garcia,perezbrenda@example.org,2023-10-09,Afghanistan
954,Angelica Zimmerman,acostasophia@example.org,2022-09-25,Greenland
955,Brian Payne,smithjamie@example.com,2023-07-17,Korea
956,Michelle Carpenter,troyreed@example.net,2025-05-05,Spain
957,Kelly Gonzalez,hodgesjessica@example.com,2022-11-19,Albania
958,Joshua Villarreal Jr.,nguyencynthia@example.net,2024-07-24,Gambia
959,Aaron Harris,gregorythompson@example.net,2023-08-02,Equatorial Guinea
960,Courtney Roman,ethan27@example.org,2025-04-27,Seychelles
961,Evelyn Reed,mluna@example.net,2023-09-20,Oman
962,Michael Cruz,lnavarro@example.net,2024-02-25,Tuvalu
963,Beth Morgan,foxjennifer@example.net,2022-09-22,Cuba
964,Tonya Garner,bking@example.net,2024-10-31,Saint Pierre and Miquelon
965,Nicole Becker,jason19@example.org,2022-11-29,Northern Mariana Islands
966,Todd Diaz,randy29@example.org,2024-06-13,Norfolk Island
967,Jeremy Torres,jmurray@example.com,2023-04-11,Uruguay
968,Aaron Johnson,rogersscott@example.org,2023-01-22,Grenada
969,Kim Martin,denise81@example.com,2024-10-24,Albania
970,Shannon Robinson,patriciastone@example.net,2025-06-12,Honduras
971,Kayla Morse,peter89@example.com,2025-06-27,Dominica
972,Susan Lewis,janice71@example.com,2024-09-22,Maldives
973,Kevin Hicks,farmerjill@example.org,2025-01-22,France
974,Matthew Garner,kimberlygardner@example.org,2022-09-27,Botswana
975,Colleen Contreras,bmiller@example.net,2024-11-15,El Salvador
976,Melissa Smith,qjones@example.com,2025-02-15,Reunion
977,Lisa Soto,brenda53@example.net,2023-05-18,Germany
978,Kristina King,cboyd@example.net,2025-04-11,Luxembourg
979,Andrew Mcclure,choffman@example.com,2024-08-29,Sri Lanka
980,Michael Knight,susan34@example.org,2022-10-21,Cook Islands
981,Margaret Burgess,eherring@example.net,2024-11-15,Falkland Islands (Malvinas)
982,Gregory Winters,smithpatricia@example.net,2022-12-27,Mali
983,Monica Johnson,laura83@example.net,2022-11-03,Japan
984,Kara Smith,luis61@example.org,2024-07-17,Chad
985,Heidi Beasley,jenniferadams@example.net,2023-12-02,United Kingdom
986,Mary Watson,bradley73@example.net,2023-04-25,Argentina
987,Cynthia Garcia,orivers@example.com,2024-06-07,Algeria
988,Andrea Phillips,sarahmorgan@example.com,2024-08-11,Turks and Caicos Islands
989,Joseph Clark,walkerjay@example.net,2023-01-16,Nigeria
990,Ryan Guzman,jrowe@example.net,2022-12-19,Morocco
991,Cody Garrison,ihoward@example.net,2023-02-11,Peru
992,Arthur Moore,everettalisha@example.org,2024-04-09,South Georgia and the South Sandwich Islands
993,Crystal Oliver,pfranklin@example.org,2023-01-15,Mozambique
994,Anna Collins,conniemalone@example.com,2022-08-25,Zambia
995,Jennifer Brown,omeadows@example.net,2024-09-27,Mongolia
996,John Kane,garciajonathan@example.com,2024-05-13,Colombia
997,Michelle Price,gloverlarry@example.com,2025-04-13,Swaziland
998,Leslie Martin,richard17@example.org,2022-10-29,Cape Verde
999,Vanessa Bradford,rcopeland@example.net,2023-06-08,South Georgia and the South Sandwich Islands
1000,David Livingston,debra38@example.net,2024-10-25,Montserrat
1001,Jodi Salas,jonesjohn@example.net,2023-05-26,Belarus
1002,Jennifer Moore,harveydaniel@example.org,2025-03-04,Lao People's Democratic Republic
1003,Matthew Levy,johnsonmichael@example.com,2025-04-21,Swaziland
1004,Carla Caldwell,hwagner@example.com,2025-03-18,Gabon
1005,Jennifer Garcia,jacob08@example.com,2024-06-18,Martinique
1006,Vernon Ruiz,williamsonjessica@example.com,2023-09-09,Albania
1007,Antonio Rivera,jennifer53@example.org,2025-01-18,Falkland Islands (Malvinas)
1008,Margaret Miller,bruce19@example.com,2023-08-05,Lithuania
1009,Deborah Santiago,hdiaz@example.com,2025-02-07,Guyana
1010,Samantha Bond,jason25@example.org,2025-05-22,Saint Vincent and the Grenadines
1011,Gary Gray,tonyaknight@example.net,2022-10-12,United States of America
1012,Jesse Johnson,melissareynolds@example.net,2023-08-16,Mayotte
1013,Joshua Brock,rebecca95@example.com,2024-07-19,Turks and Caicos Islands
1014,Patrick Gonzalez,cknight@example.org,2025-03-30,Norfolk Island
1015,Sierra Peterson,joshua24@example.org,2023-02-21,China
1016,Mark Thornton,tcarter@example.net,2024-01-03,Madagascar
1017,Curtis Beck,amybennett@example.org,2022-09-13,Oman
1018,Matthew Ewing,haydenmichael@example.com,2022-10-16,Guam
1019,Katelyn Coleman,vjensen@example.com,2025-07-22,Antarctica (the territory South of 60 deg S)
1020,Jesse Henderson,yfisher@example.net,2022-09-19,Qatar
1021,Paul Smith,btownsend@example.net,2023-12-11,Tajikistan
1022,Vickie Nelson,kperez@example.net,2025-06-11,Botswana
1023,Stephen Scott,epearson@example.com,2024-04-08,Cape Verde
1024,Jessica Wood,kellygarcia@example.net,2024-12-19,Bolivia
1025,Julie Quinn,kanderson@example.com,2024-09-11,Anguilla
1026,Janet Mitchell,msalazar@example.com,2023-01-31,Angola
1027,Adam Garcia,frenchjohn@example.org,2025-06-17,France
1028,Patricia Pace,nicoleraymond@example.net,2022-11-18,China
1029,Emily Hester,zpeterson@example.org,2023-06-21,Falkland Islands (Malvinas)
1030,Andrea Johnson,aleon@example.org,2023-11-10,Eritrea
1031,Mr. Roger Rodriguez,rickyhines@example.com,2022-10-27,Libyan Arab Jamahiriya
1032,David Johnson,jenkinsheather@example.com,2025-08-15,Montenegro
1033,Hannah West,bobbycrawford@example.org,2024-01-03,Turkey
1034,Denise Everett,susanbennett@example.org,2023-12-21,Eritrea
1035,Ryan Miller,grimestiffany@example.net,2025-05-26,Palestinian Territory
1036,Gail Olsen,stephanie29@example.org,2024-08-17,Brunei Darussalam
1037,Catherine Moss,brendacarroll@example.com,2024-07-22,Ghana
1038,Mike Simpson,lucasandrew@example.net,2024-06-15,Morocco
1039,Andre Ewing,raymond90@example.net,2023-02-20,Central African Republic
1040,Tonya Lara,patrick89@example.com,2024-04-17,Japan
1041,Tiffany Carpenter,kristylittle@example.net,2024-12-14,Faroe Islands
1042,Troy Williams,brownantonio@example.net,2022-10-19,Sweden
1043,Steven Rowe,davidsonchristopher@example.com,2022-12-22,Malawi
1044,Jimmy Kline,heather11@example.net,2024-04-20,South Africa
1045,Nicholas Hunter,shanebaird@example.org,2024-02-10,Switzerland
1046,Troy Winters,tiffanyjones@example.com,2023-03-16,Egypt
1047,Jesse Castillo,lauren12@example.com,2024-01-23,Portugal
1048,Michael Johnson,courtney65@example.org,2023-12-03,Zimbabwe
1049,Mr. Jacob Huff,erinlutz@example.com,2025-07-09,Saint Martin
1050,Travis Webb,david26@example.net,2023-10-06,Saint Helena
1051,Jennifer Merritt,debbieescobar@example.net,2024-06-27,Greenland
1052,Catherine Richardson,kimberlynguyen@example.net,2025-06-27,Poland
1053,Grant Rose,linda35@example.com,2023-04-04,Aruba
1054,Jeffrey Rose,theresafox@example.net,2023-06-07,Northern Mariana Islands
1055,Melissa Williams PhD,thenderson@example.com,2022-09-25,Mauritius
1056,Jody Foster,millerjames@example.com,2022-10-25,Jersey
1057,Lisa Wheeler,davidespinoza@example.com,2023-01-06,Japan
1058,Lindsey Copeland,tylerbutler@example.com,2024-09-08,Tuvalu
1059,Paige Wright,deborahhiggins@example.com,2023-07-16,Mauritania
1060,Jessica Johnson DVM,jimmymiller@example.com,2024-11-04,Papua New Guinea
1061,Mariah Davis,kenneth20@example.net,2024-08-27,Eritrea
1062,Jack Underwood,lindseyshaw@example.com,2024-04-08,Nauru
1063,Melanie Rodriguez,carlsonchristopher@example.com,2025-06-11,Mongolia
1064,Thomas Floyd,christophercarpenter@example.com,2023-05-14,Russian Federation
1065,Allison Collins,brittany93@example.net,2025-01-30,Switzerland
1066,Stephanie Bauer,bmiller@example.net,2024-11-25,United States of America
1067,Richard Hoffman,matthew24@example.net,2025-04-14,Botswana
1068,Denise Harris,billy32@example.net,2025-07-12,Aruba
1069,Jeffrey Kramer,medinachristopher@example.net,2022-12-03,Turkmenistan
1070,Shawn Larson,cgonzales@example.net,2022-11-27,Senegal
1071,Tracy Adkins,mdelacruz@example.com,2024-11-29,Mongolia
1072,Heather Lambert,richard60@example.org,2022-09-09,Venezuela
1073,Vanessa Reese,leekari@example.com,2025-01-09,Cocos (Keeling) Islands
1074,Madeline Williams,troy87@example.net,2025-04-04,Brazil
1075,Heather Barnes,edwardsalexander@example.net,2022-08-29,Ecuador
1076,Teresa Fox,johnwerner@example.net,2024-10-13,Guinea-Bissau
1077,Zachary Jackson,taylorbarnes@example.org,2022-08-25,Turkey
1078,Monique Townsend,michellenelson@example.org,2024-02-23,Costa Rica
1079,Erin Walker,ulee@example.com,2024-05-11,Moldova
1080,Valerie Vang,stephenkelly@example.com,2023-11-13,Tonga
1081,Jacqueline Carey,reedtonya@example.com,2023-06-22,Vanuatu
1082,Gerald Ramirez,reyesheather@example.org,2024-09-20,Morocco
1083,Cindy Gordon,rhardy@example.com,2023-04-14,Tunisia
1084,Nicole Vazquez,mark60@example.com,2025-01-17,Nigeria
1085,Eric Williams,jenniferlane@example.org,2023-04-24,Brazil
1086,Shannon Nelson,zachary35@example.com,2023-11-21,Indonesia
1087,Andrea Compton,andrerichard@example.org,2023-11-25,Kyrgyz Republic
1088,Evan Farley,joshua56@example.net,2023-04-07,Malawi
1089,Sherry Benson,gmaddox@example.net,2024-11-22,Equatorial Guinea
1090,Robin Jones,cindysummers@example.com,2022-11-25,Uruguay
1091,Carrie Carey,mbrandt@example.com,2024-04-23,Norway
1092,Christopher Luna,rpalmer@example.net,2023-12-26,Romania
1093,Lauren Scott,lwhite@example.com,2023-11-05,Mexico
1094,Ryan Bird,mark14@example.org,2025-05-10,Iraq
1095,Keith Parker,timothyjimenez@example.org,2023-04-21,Cameroon
1096,William Wilson,rroy@example.net,2024-03-10,Namibia
1097,Carly Ochoa,samanthahurst@example.com,2024-06-10,Serbia
1098,Yolanda Mays,freid@example.com,2023-01-25,Chile
1099,Elizabeth Thompson,christiancowan@example.org,2023-01-19,Saint Kitts and Nevis
1100,Michael Martinez,millertaylor@example.org,2024-01-15,Senegal
1101,Joy Mccall,lyonsalice@example.org,2024-09-19,Algeria
1102,Audrey Kim,kennedyjoshua@example.org,2025-05-04,Montenegro
1103,Jessica Diaz,tina69@example.org,2023-05-22,Israel
1104,Michael Brewer,philip78@example.com,2023-03-12,Albania
1105,Laura Davis,yalvarez@example.org,2024-11-17,United Arab Emirates
1106,Roy Fisher,steindavid@example.org,2024-03-30,Micronesia
1107,Savannah Parker,mary44@example.net,2024-03-13,French Polynesia
1108,Zachary Kirby,ortegakathleen@example.com,2025-04-28,Yemen
1109,Mrs. Ana Pearson,wellswesley@example.net,2023-06-11,Iraq
1110,Tracy Munoz,rodney94@example.net,2023-09-26,Iceland
1111,John Shelton,zpetersen@example.com,2023-05-16,Senegal
1112,Charles Nichols,fostercharles@example.org,2023-09-20,Estonia
1113,Carl Brown,robertsonnicole@example.com,2022-10-29,Dominican Republic
1114,Alec Hamilton,lstewart@example.com,2022-11-09,Falkland Islands (Malvinas)
1115,Nicholas Lucero,bushmark@example.com,2023-01-31,Montserrat
1116,Edward Lane,jason25@example.net,2025-01-30,Bosnia and Herzegovina
1117,Adriana Conley,jennifer40@example.com,2023-06-17,Taiwan
1118,Melissa Daniels,todd07@example.org,2023-05-06,Macao
1119,Tiffany Valdez MD,joshuamaynard@example.net,2023-02-22,Central African Republic
1120,Brandon Pierce,jessica28@example.org,2023-04-06,San Marino
1121,Wayne Cain,qrowland@example.net,2023-08-20,Holy See (Vatican City State)
1122,Kayla Newton,loganalexandria@example.net,2025-07-17,Singapore
1123,Phillip Jones,omar57@example.net,2023-03-06,Myanmar
1124,Sandra Wu,yhenry@example.net,2024-05-12,Azerbaijan
1125,Rachel Stephens,lisaadams@example.org,2023-05-30,Bangladesh
1126,Lisa Stout PhD,amber03@example.org,2025-05-24,Mauritius
1127,William Smith,bryanfarmer@example.com,2022-09-30,Andorra
1128,Luis Brown,marksjames@example.org,2025-05-24,Timor-Leste
1129,Kirsten Brown,kgarcia@example.org,2023-01-07,Zambia
1130,Lisa Becker,russellerickson@example.org,2023-12-26,Liechtenstein
1131,Maria Mcgee,rebecca70@example.org,2023-02-18,Jordan
1132,Johnny Wright,grantroy@example.org,2025-02-24,Jordan
1133,Taylor Smith,ymiller@example.com,2025-07-19,Afghanistan
1134,Sue Walsh,timothywilliams@example.org,2023-04-13,New Zealand
1135,Michael Lewis,oday@example.org,2023-11-06,Holy See (Vatican City State)
1136,Deborah King,kwalsh@example.net,2023-08-09,Vietnam
1137,Justin Wood II,dunlapjames@example.org,2023-09-30,Georgia
1138,Isaac Fleming,umerritt@example.org,2024-06-09,Turkmenistan
1139,Bridget Mayer,heatherjones@example.org,2022-12-18,Germany
1140,Maria Jimenez,justinsosa@example.net,2022-10-29,Tunisia
1141,David Barton,hendricksdarrell@example.org,2024-08-10,Japan
1142,Sheryl Kelley,tyler03@example.org,2023-07-21,Antigua and Barbuda
1143,Judy Campbell,kathleenmorales@example.org,2025-01-15,Guyana
1144,Casey Ross,tingram@example.net,2023-08-30,Taiwan
1145,William Shepherd,jeffrey33@example.net,2025-01-14,Philippines
1146,Thomas Simpson,michele20@example.net,2024-01-09,Somalia
1147,Shawn Sandoval,mitchelljill@example.net,2022-09-15,Malawi
1148,Aaron Terry,hannahthompson@example.net,2024-01-15,Norfolk Island
1149,Alyssa Allen,cynthia60@example.com,2023-05-08,Anguilla
1150,Matthew Allen,savannahlopez@example.com,2023-08-08,Sweden
1151,Denise Vang,patricia72@example.org,2023-07-29,Hong Kong
1152,Laurie Tran,sallen@example.com,2022-12-02,Oman
1153,Robin Schmitt,walkertheresa@example.com,2025-06-25,Andorra
1154,Joseph Perry,nathanbird@example.org,2025-05-11,Samoa
1155,Nathan Cooke,harrisshane@example.com,2022-09-12,Antarctica (the territory South of 60 deg S)
1156,John Wright,aarongreen@example.org,2023-01-16,Greenland
1157,Jessica Castro,ann29@example.com,2023-07-06,Micronesia
1158,Molly Beard,owenvirginia@example.com,2023-08-14,Qatar
1159,Ronald Conley,kmendoza@example.net,2023-02-06,Jersey
1160,Heather Morales,leevalerie@example.org,2022-12-11,Saint Kitts and Nevis
1161,Luis Conley,mbishop@example.com,2023-07-10,Greenland
1162,Jessica Swanson,hleblanc@example.org,2023-01-05,Wallis and Futuna
1163,Gabriel Gray,nfarmer@example.com,2023-02-28,Lesotho
1164,David Gonzales,cgonzales@example.org,2022-10-01,Tokelau
1165,Juan Kelley,danielmorgan@example.org,2024-01-29,Angola
1166,Katherine Lynn,xwilliams@example.org,2023-08-26,Guatemala
1167,Bradley Nguyen,valerie36@example.org,2022-10-05,Bahamas
1168,Melissa Moon,jessica86@example.com,2023-05-15,France
1169,Joe Freeman,davidcook@example.net,2025-03-01,Guam
1170,Elizabeth Marshall,crystal65@example.com,2022-08-27,Sudan
1171,Brian Gaines,jacob69@example.com,2025-05-13,Italy
1172,Monica Welch,sanfordkimberly@example.net,2025-02-12,Tonga
1173,Barbara Brown,brianthomas@example.org,2025-02-09,Cote d'Ivoire
1174,Kaylee Medina,foxcarlos@example.org,2025-07-28,French Guiana
1175,Morgan Diaz,joshuamcmillan@example.org,2024-11-08,Slovakia (Slovak Republic)
1176,Catherine Hunter,brittany90@example.com,2025-01-02,New Zealand
1177,Harold Durham,carterchristopher@example.com,2025-07-21,Indonesia
1178,David James,turnertyler@example.com,2024-06-11,Jamaica
1179,Brian Smith,justin02@example.net,2024-01-14,Uganda
1180,Allen Parker,kaylarhodes@example.net,2022-12-04,Turkmenistan
1181,Juan Anderson,kristen30@example.net,2023-04-15,New Zealand
1182,William Key,oburnett@example.com,2023-10-18,Afghanistan
1183,Jonathan Ryan,rhondaponce@example.org,2022-09-21,Mauritania
1184,Charles Shelton,edwardsmegan@example.net,2025-01-21,Tunisia
1185,Dawn Washington,juan94@example.com,2023-03-23,Niger
1186,Margaret Vaughn,csmith@example.net,2023-10-17,Mali
1187,Carmen Strong,kgregory@example.net,2024-09-25,Northern Mariana Islands
1188,Deborah Fields,yramirez@example.com,2025-01-23,Hong Kong
1189,Robert Martin,olsentyler@example.org,2022-11-01,Hong Kong
1190,Samantha Smith,bhill@example.org,2025-03-04,Svalbard & Jan Mayen Islands
1191,Jennifer Montgomery,marcus42@example.net,2024-07-09,Belgium
1192,Elizabeth Woods,caroline61@example.net,2022-09-13,Anguilla
1193,Dr. Alexander Garcia,dwright@example.net,2023-07-31,Saint Barthelemy
1194,Dawn Jones,meganhaynes@example.net,2024-12-01,Kazakhstan
1195,Douglas Lee,micheal97@example.org,2023-10-06,Guinea
1196,Kelly Levine,ryandavidson@example.com,2023-10-10,Bhutan
1197,Gina Hawkins,brownjennifer@example.net,2024-05-20,Saint Kitts and Nevis
1198,Shannon Cantrell,hartjames@example.net,2024-04-26,Hong Kong
1199,Natasha Wilson,jbanks@example.org,2023-07-24,Russian Federation
1200,Summer Heath,angeladaniel@example.net,2025-01-26,Saint Kitts and Nevis
1201,Lance Howard,catherine51@example.org,2024-11-27,Poland
1202,Barry Morris,michaelmccoy@example.org,2025-05-10,Swaziland
1203,Nicole Simpson,jennifer10@example.org,2024-11-09,Congo
1204,Jeffrey Rocha,ghoward@example.com,2023-06-19,Ukraine
1205,Vanessa Johnson,amberhamilton@example.net,2023-10-12,Niue
1206,Brian Rhodes,kthomas@example.net,2023-05-22,French Polynesia
1207,Martin Garner,amber47@example.net,2023-05-05,United Kingdom
1208,Heather Vance,shannon95@example.com,2024-09-12,Turks and Caicos Islands
1209,Jennifer Perez,jacksonjames@example.net,2022-11-16,Russian Federation
1210,Lynn Miller,qwillis@example.com,2025-01-28,Christmas Island
1211,Grace Young,duane38@example.net,2023-05-11,Pitcairn Islands
1212,Jared Frost,sheilacarter@example.org,2024-03-23,Sri Lanka
1213,Steven Reed,kristiblackwell@example.org,2023-04-12,Micronesia
1214,Rebecca Fitzgerald,zacharyfleming@example.org,2023-01-07,Grenada
1215,Laura Johnson,qmcintosh@example.com,2024-02-17,Kyrgyz Republic
1216,John Chandler,jthomas@example.net,2023-09-04,Slovenia
1217,Christopher Noble,fdiaz@example.com,2023-12-18,Guyana
1218,Frank Stanley,traci15@example.net,2024-02-08,Papua New Guinea
1219,John Miller,fosterheather@example.org,2022-10-18,Norfolk Island
1220,Brian Boyd,zmartin@example.net,2025-01-14,Bahrain
1221,Nichole Mills,relliott@example.net,2023-08-31,El Salvador
1222,Jacob Barron,leah37@example.org,2025-01-13,Turks and Caicos Islands
1223,Kurt Osborne,jared02@example.org,2025-01-17,Myanmar
1224,Adam Henry,eduarte@example.com,2023-08-30,Bolivia
1225,Cameron Stewart,hgarrett@example.com,2023-07-19,Cook Islands
1226,Jon Lee,robyn40@example.org,2023-04-03,Montserrat
1227,Jessica Harmon,johngraves@example.org,2024-05-01,Peru
1228,David Brooks,jeffrey14@example.com,2022-09-02,Sao Tome and Principe
1229,Brian Moss,ebranch@example.com,2024-06-19,Belarus
1230,Timothy Miller,deborah87@example.com,2024-09-17,Saint Lucia
1231,Megan Ramirez,hebertdavid@example.org,2023-06-02,Jamaica
1232,Lauren Silva,wongkathleen@example.com,2023-10-11,Liechtenstein
1233,Cheryl Brown,ghoward@example.net,2022-12-29,Brunei Darussalam
1234,Krista Hughes,crystalpotter@example.net,2022-12-05,Saint Helena
1235,Misty Osborne,walkermonica@example.com,2024-04-21,Finland
1236,Zachary Logan,tiffany95@example.com,2024-01-26,Lithuania
1237,Scott Gaines,linmichelle@example.org,2024-09-28,Turkmenistan
1238,Brenda Moore,krivas@example.org,2025-03-15,Czech Republic
1239,Angela Douglas,maryfigueroa@example.net,2023-04-16,Falkland Islands (Malvinas)
1240,Stacey Larson,ggarcia@example.com,2023-02-05,Marshall Islands
1241,Joel Romero,allison34@example.org,2024-09-14,Switzerland
1242,Veronica Scott,paulacurtis@example.org,2024-02-09,Guyana
1243,Richard Howell,wheelermaria@example.org,2022-10-21,Micronesia
1244,Jason Vaughn,kcruz@example.com,2024-04-09,Nicaragua
1245,Chad Chen,lmartinez@example.org,2022-11-06,Korea
1246,Joseph Davis,ldavis@example.net,2023-07-02,Sweden
1247,Wyatt Hernandez,snydergina@example.net,2025-07-02,Gabon
1248,Darlene Thomas,william02@example.com,2024-02-09,Equatorial Guinea
1249,Kelly Ortiz,iwhitehead@example.org,2023-03-09,Belgium
1250,Spencer Meyer,foleyjulie@example.com,2024-01-04,South Georgia and the South Sandwich Islands
1251,Cristina Mueller,edwardsdaniel@example.com,2025-07-28,Belize
1252,Nathan Faulkner,qsmith@example.org,2023-08-31,Eritrea
1253,Anne Snow,danielle15@example.net,2024-01-28,Australia
1254,Sarah Williams,jcooper@example.org,2024-01-31,Jordan
1255,Mitchell Martin,bentleymegan@example.org,2023-07-19,Korea
1256,Jeffrey Smith,nathanjordan@example.org,2023-05-31,Rwanda
1257,Sandra Craig,saramorris@example.org,2024-09-27,Cuba
1258,Scott Brown,lindsay01@example.com,2024-05-21,Georgia
1259,Ronnie Hansen,terrelldavid@example.org,2025-08-15,Jordan
1260,Susan Johnson,simmonsbrittany@example.org,2023-10-13,India
1261,Elizabeth Jackson,heidi89@example.com,2024-01-26,Indonesia
1262,Mark Green,vjohnson@example.org,2022-11-11,Denmark
1263,Luis Miller,monica78@example.org,2022-09-26,Jamaica
1264,Anthony Dennis,campbelldavid@example.net,2024-09-16,Christmas Island
1265,Brian Lowe,amandacox@example.com,2023-04-22,Indonesia
1266,Vanessa Hernandez,qlynch@example.com,2025-03-26,United States Virgin Islands
1267,Rebecca Reed,lhurley@example.net,2025-04-02,Kazakhstan
1268,Julia Mendoza,michelle99@example.com,2025-04-14,North Macedonia
1269,Natalie Johnson,bernardsusan@example.org,2025-01-20,Namibia
1270,Jonathan Beard,scott96@example.net,2025-05-06,Algeria
1271,Sean Davis,michaelalvarez@example.net,2024-10-26,Isle of Man
1272,Vincent Johnson,youngalejandro@example.com,2025-04-11,Lesotho
1273,Larry Garcia,lisa28@example.net,2023-12-01,Myanmar
1274,Mathew Richardson,lesterallison@example.com,2023-06-07,Swaziland
1275,Edward Patterson,sarahwilson@example.org,2024-10-27,San Marino
1276,Peter Murphy,madelinewashington@example.org,2024-12-15,Uruguay
1277,Bryan Clayton,mrussell@example.org,2023-09-04,Liechtenstein
1278,Andrew Wilson,hernandezdanielle@example.net,2023-10-20,Saint Helena
1279,Kyle Hubbard,jessica36@example.com,2025-06-29,Angola
1280,Tyler Hatfield,brettfleming@example.net,2024-10-19,Saint Barthelemy
1281,Shirley Pierce,cwilliams@example.org,2024-09-14,Puerto Rico
1282,Brianna Moore,mikevillarreal@example.org,2023-05-12,Armenia
1283,Lance Hines,connorsingleton@example.net,2024-09-16,Belgium
1284,Joseph Fitzgerald,justin82@example.org,2024-12-19,Barbados
1285,Lori Warren,cjenkins@example.org,2024-02-25,Korea
1286,Elizabeth Moore,andersonjohn@example.com,2024-09-26,Bangladesh
1287,Angela Mckee,wallacetheresa@example.net,2024-08-03,Martinique
1288,Edward Gonzalez,jon62@example.net,2024-05-06,Nauru
1289,Erica Stewart,larry08@example.com,2024-06-07,Spain
1290,Kathryn Garcia,cindy89@example.net,2024-05-22,Lebanon
1291,Abigail Allen,monica28@example.com,2024-03-14,Madagascar
1292,Sara Smith,kennethcardenas@example.org,2023-08-01,Mozambique
1293,Jeffrey Little DDS,jenningsthomas@example.com,2023-05-04,Zambia
1294,Nathan Barnett,cooksean@example.net,2024-03-30,Nauru
1295,Alejandra Duncan,timothycook@example.net,2024-03-27,Svalbard & Jan Mayen Islands
1296,Danielle Lucas,uherrera@example.com,2024-08-28,Finland
1297,Robert Brown,ebaker@example.com,2023-09-21,Aruba
1298,John Decker,aobrien@example.net,2024-10-01,Pakistan
1299,Shannon Kim,alan91@example.net,2023-01-03,Kuwait
1300,Benjamin Craig,estesangela@example.net,2024-09-03,Namibia
1301,Robert Chapman,stephaniecooper@example.com,2024-05-24,Portugal
1302,Elizabeth Berry,larsonkylie@example.com,2023-12-29,United States of America
1303,Brooke Bell,brandon76@example.com,2022-10-01,Anguilla
1304,Adam Smith,renee01@example.com,2025-04-09,Saint Kitts and Nevis
1305,Benjamin Ruiz,tommyhughes@example.net,2022-12-12,Czech Republic
1306,Michael Anderson,michael40@example.net,2024-07-23,Myanmar
1307,Bill Harris,dclark@example.net,2023-06-24,Vietnam
1308,Lisa Contreras,carterkevin@example.net,2022-09-01,Central African Republic
1309,Jaclyn Mcneil,drandolph@example.org,2024-11-12,Slovakia (Slovak Republic)
1310,Chad Brown,carrashley@example.net,2025-04-09,Liechtenstein
1311,Adrian English,hawkinsjessica@example.net,2025-07-06,Cape Verde
1312,Timothy Miller,bburke@example.com,2023-11-20,Tajikistan
1313,Kendra Brooks,marquezdawn@example.com,2023-07-27,Liberia
1314,Melissa Navarro,scottbarnett@example.net,2025-03-27,British Virgin Islands
1315,Wendy Parrish,john78@example.com,2024-10-04,Micronesia
1316,Deborah Miller,christina21@example.net,2024-01-03,Czech Republic
1317,Nathaniel Griffin,lcole@example.com,2023-03-26,Monaco
1318,Brandon Dalton,abigail94@example.com,2023-11-13,Austria
1319,Mr. Benjamin Dennis,shawncardenas@example.org,2023-01-11,United States Virgin Islands
1320,Carlos Rios,morganjulian@example.org,2025-05-01,Italy
1321,Carolyn Thomas,kennedyphilip@example.net,2023-11-10,Croatia
1322,Jennifer Cruz MD,vharrison@example.com,2024-08-05,Hong Kong
1323,Yvette Mitchell,wsmith@example.net,2023-01-30,Turks and Caicos Islands
1324,Karen White,emartinez@example.net,2023-10-08,Fiji
1325,Michael Gibson,laurajones@example.net,2024-12-25,Thailand
1326,Stephanie Contreras,millerpatrick@example.net,2024-12-03,Marshall Islands
1327,Whitney Smith,jose74@example.com,2025-01-05,Botswana
1328,Dr. Andrew Hawkins DDS,ecrosby@example.org,2025-05-01,Belize
1329,Wendy Goodwin,silvachristopher@example.org,2024-03-23,Micronesia
1330,Jesse Grant,guy59@example.org,2024-06-19,Bermuda
1331,Lisa Miller,rachelbutler@example.org,2025-01-03,Burkina Faso
1332,Catherine Gonzales,ucasey@example.com,2025-05-10,Saint Pierre and Miquelon
1333,Mark Campbell,brianlee@example.com,2023-06-05,Bermuda
1334,Mark Noble,laura80@example.net,2024-08-21,Jordan
1335,Melanie Anthony,johnsonalexis@example.org,2024-06-25,Jersey
1336,Bryan Harris,caseyanderson@example.org,2024-07-13,Cambodia
1337,Raymond Brooks,moorejacob@example.org,2024-07-03,Antarctica (the territory South of 60 deg S)
1338,Jose Santiago,joshuahensley@example.org,2024-12-01,Czech Republic
1339,James Cruz,stevelewis@example.com,2025-05-01,Benin
1340,Charles Fowler,perryantonio@example.com,2023-11-02,Guinea-Bissau
1341,Carrie Scott,pgutierrez@example.net,2023-07-04,Saint Helena
1342,Molly Avery,hmoss@example.com,2023-02-20,Colombia
1343,Carrie Douglas,bdavis@example.net,2025-03-14,Serbia
1344,Emily Proctor,andrew63@example.com,2024-03-13,South Africa
1345,Andrew Moore,erin77@example.com,2023-09-11,French Polynesia
1346,Elizabeth Arnold,odunn@example.org,2025-07-21,Gabon
1347,Donald Baker,ballardjacqueline@example.org,2025-07-16,Serbia
1348,John Ibarra,william49@example.net,2022-09-17,South Georgia and the South Sandwich Islands
1349,Eric Smith,rachael35@example.org,2024-12-16,Liechtenstein
1350,Jessica Fowler,grahamsharon@example.org,2025-05-10,Azerbaijan
1351,Robert Craig,stephenwagner@example.org,2023-07-31,South Georgia and the South Sandwich Islands
1352,Heather Patel,melissafrank@example.net,2023-03-14,Guinea
1353,Justin Sexton,yjohnson@example.com,2023-09-04,Uruguay
1354,Autumn Brown,zachary45@example.com,2025-02-06,Sierra Leone
1355,Ryan Ramsey,scottmoreno@example.net,2025-02-25,Algeria
1356,Christine Wang,beverly79@example.com,2025-05-17,Nepal
1357,Susan Smith,swalker@example.com,2025-08-19,Mongolia
1358,Matthew Saunders,teresaadams@example.net,2024-01-26,New Caledonia
1359,Antonio Price,dennis13@example.com,2024-09-09,Vanuatu
1360,Veronica Thomas,ucopeland@example.org,2024-07-10,Svalbard & Jan Mayen Islands
1361,Philip Anderson,jonesveronica@example.net,2025-07-19,Saint Pierre and Miquelon
1362,Mark Cameron,barbara05@example.net,2024-08-12,Zambia
1363,Jeffrey Walton,xhill@example.com,2024-03-14,Svalbard & Jan Mayen Islands
1364,Shirley Johnson,ricejulie@example.com,2024-03-10,Liberia
1365,Ryan Owens,robrien@example.org,2025-02-20,Mexico
1366,Michael Kelly,keith57@example.org,2024-08-18,Svalbard & Jan Mayen Islands
1367,Rhonda Romero,lisasantana@example.net,2024-04-04,Timor-Leste
1368,Mrs. Cheryl Nelson,mlynch@example.net,2022-09-30,Cook Islands
1369,Roger Hickman,sonyaanderson@example.com,2023-05-24,Belgium
1370,Kenneth Grant,wcabrera@example.com,2025-03-12,Northern Mariana Islands
1371,Vanessa Cooper,abigail83@example.net,2025-06-17,France
1372,Ronald Chaney,kennethbuckley@example.com,2023-12-26,United Arab Emirates
1373,Diana Freeman,josephlewis@example.org,2024-01-07,Guatemala
1374,Whitney Morgan,brettward@example.com,2023-02-07,Brunei Darussalam
1375,John Herrera,smithsteven@example.org,2023-02-19,American Samoa
1376,Kevin Manning,ashley37@example.com,2023-08-08,Sweden
1377,Sandy Sandoval,robinsonkevin@example.net,2025-02-20,American Samoa
1378,Michelle White,arnolddavid@example.com,2022-11-19,Norfolk Island
1379,Brian Spence,loganpeterson@example.com,2024-12-18,Gibraltar
1380,Mark Gonzalez,doughertyerika@example.org,2022-11-16,Vanuatu
1381,Veronica Jones,xcoleman@example.com,2022-09-03,Turks and Caicos Islands
1382,Margaret Key,leslie58@example.net,2025-01-11,Cambodia
1383,Kevin Becker,meghan29@example.org,2022-10-30,Djibouti
1384,Ashley Cox,kimberlymyers@example.com,2025-06-20,Monaco
1385,Robert Smith,charleshoward@example.com,2023-10-21,Sri Lanka
1386,James Rivera,osuarez@example.org,2024-07-31,Cocos (Keeling) Islands
1387,Anthony Campbell,heather81@example.net,2022-10-24,Netherlands Antilles
1388,Shirley Proctor,fredericklopez@example.org,2022-09-19,Venezuela
1389,Melissa Davis,matthewelliott@example.net,2025-01-27,Niger
1390,Joseph Sanchez,derek92@example.org,2023-01-23,United States Virgin Islands
1391,Katherine Rosales,ogonzalez@example.org,2023-05-30,Uruguay
1392,Christopher Dawson,kimtodd@example.org,2024-03-25,Czech Republic
1393,Taylor Sullivan,jwilliams@example.com,2024-04-02,Eritrea
1394,Andrea Small,brittanygarcia@example.com,2025-03-18,Netherlands Antilles
1395,Angelica Lyons,flemingjames@example.net,2025-06-03,Ecuador
1396,Laura Robinson,prichardson@example.com,2024-02-28,Barbados
1397,Francisco Green,kim10@example.com,2023-09-23,Estonia
1398,Robert Martinez,moralesapril@example.org,2023-07-15,Poland
1399,Tami Reilly,diane53@example.org,2024-02-10,Sao Tome and Principe
1400,Bryan Sullivan,joshuacampbell@example.org,2025-07-22,Barbados
1401,Megan Martinez,petersonjessica@example.net,2024-02-24,Norfolk Island
1402,Robin Dawson,petersonlauren@example.net,2023-08-16,Cote d'Ivoire
1403,Veronica Bowman,ureynolds@example.com,2023-03-17,Bhutan
1404,Kimberly Cruz,gene50@example.com,2023-10-30,Slovenia
1405,Jennifer Jackson,williamssteven@example.com,2024-04-09,Dominica
1406,Heather Love,lowerytoni@example.com,2023-11-24,Christmas Island
1407,William Serrano,lramirez@example.com,2024-09-11,Norfolk Island
1408,Breanna Aguirre,xlong@example.net,2024-06-22,Uzbekistan
1409,Lisa Davis,cookchristopher@example.org,2022-09-15,Ukraine
1410,Sarah Sullivan,cristina74@example.com,2024-01-27,Dominican Republic
1411,Alexandra Nichols,harrisonkatherine@example.net,2024-06-02,Nepal
1412,Cory Hicks,christine22@example.net,2025-07-01,Ecuador
1413,Peter Nash,hflowers@example.net,2023-02-03,Malaysia
1414,Matthew Hughes,williamsshannon@example.com,2024-12-03,Cocos (Keeling) Islands
1415,Joseph Dorsey,brandoncastaneda@example.org,2025-03-01,Kuwait
1416,Heather Jones,bakerwyatt@example.net,2024-01-29,Namibia
1417,Victoria Nelson,melanie20@example.net,2022-10-29,Bouvet Island (Bouvetoya)
1418,Jennifer Rollins,bmitchell@example.com,2025-06-05,Swaziland
1419,Christina Castillo,zstephenson@example.com,2025-01-14,Palau
1420,Virginia Wilson,eric65@example.net,2024-05-31,Malaysia
1421,Brandi Rosario,craigdeleon@example.net,2025-03-08,Austria
1422,Monica Martinez,kaylamadden@example.net,2023-10-31,Guernsey
1423,David Fitzgerald,grahammatthew@example.org,2024-03-25,Pakistan
1424,Sheri Thompson,jonescarl@example.com,2025-05-13,Egypt
1425,Mrs. Kelly Gutierrez DDS,peter01@example.org,2025-01-07,Latvia
1426,Mark Johnson,david56@example.net,2023-05-20,Mexico
1427,Mrs. Elizabeth Curtis,cynthia63@example.org,2024-06-02,Slovenia
1428,Lauren Perez,alvin00@example.net,2023-06-18,Greenland
1429,Stephanie Anderson,kathleenrobles@example.com,2024-08-13,Isle of Man
1430,Carrie Forbes,qcruz@example.com,2024-05-14,Qatar
1431,Paula White,qlee@example.org,2024-05-11,Antarctica (the territory South of 60 deg S)
1432,Sarah Doyle,melody36@example.com,2024-01-07,Burkina Faso
1433,Nathan Higgins,ryanthomas@example.org,2025-03-18,Marshall Islands
1434,Christina White,mark75@example.com,2024-07-29,Indonesia
1435,Brandon Cruz,benjaminhamilton@example.net,2024-09-18,Anguilla
1436,Jennifer Cabrera,aanderson@example.org,2022-08-22,Mongolia
1437,Anita Martinez,guerreromichele@example.org,2023-04-10,Benin
1438,Rachel Bailey,ryangarcia@example.org,2025-04-09,Saint Martin
1439,Nicholas Mitchell,vmiller@example.org,2025-05-05,Romania
1440,Jeremiah Irwin,crawfordsophia@example.net,2023-10-15,Nicaragua
1441,Tina Pope,franksarah@example.org,2024-05-17,Mali
1442,Stacy Brown,nicholasschroeder@example.net,2024-09-16,Saint Barthelemy
1443,Veronica Yang,ryan52@example.com,2023-01-16,New Zealand
1444,Benjamin Porter,saundersbenjamin@example.com,2024-09-15,Gabon
1445,Douglas Montoya,mark18@example.net,2024-06-12,Singapore
1446,David Gibson,aschmidt@example.net,2023-12-25,United Kingdom
1447,Ronald Brandt,johnsmith@example.com,2024-08-20,Monaco
1448,Kelly Luna,kelly91@example.org,2025-05-29,Venezuela
1449,William Thompson,laura09@example.org,2023-02-19,Serbia
1450,Ronald Gilmore,hwang@example.org,2023-11-05,Guernsey
1451,Melissa Chapman,jasoncole@example.com,2022-10-28,Iran
1452,Kimberly Sanchez,kimberly21@example.net,2024-06-02,Iraq
1453,Andrew Rodriguez,coxjessica@example.net,2023-06-15,Gambia
1454,Nathan Roberts,barajasrebecca@example.com,2023-08-05,Namibia
1455,Dustin Christensen,jennifervaughn@example.org,2024-02-10,United States of America
1456,Kimberly Rubio,ychapman@example.com,2024-04-11,Puerto Rico
1457,Shirley Hoffman,melindabender@example.com,2022-12-05,Mexico
1458,James Reeves,jhenderson@example.net,2023-12-28,Philippines
1459,Curtis Lin,cholmes@example.com,2025-04-26,Burundi
1460,Martin Williams,austinmichael@example.org,2024-06-01,South Georgia and the South Sandwich Islands
1461,Robert Soto,ortegarebecca@example.com,2024-04-23,Solomon Islands
1462,Barbara Hamilton,tina45@example.org,2023-04-17,Sudan
1463,Matthew Townsend,shannon83@example.net,2022-10-13,Luxembourg
1464,Kenneth Marks,sharpjoshua@example.org,2025-02-03,Indonesia
1465,Zachary Sanchez,thernandez@example.net,2024-05-20,Montenegro
1466,Shaun Acosta,davidmartin@example.org,2024-09-07,Reunion
1467,John Barnes,jamesle@example.org,2023-11-29,Guam
1468,Rebecca Wall,frances01@example.com,2022-11-25,New Caledonia
1469,Michael King,sherryacevedo@example.com,2024-08-19,Tanzania
1470,Michael Munoz,dennis74@example.net,2024-07-10,Brazil
1471,Kimberly Burke,kimberlygray@example.org,2024-06-01,Latvia
1472,Catherine Aguirre,gary95@example.net,2025-03-07,Bahrain
1473,Richard Chase,swansonmichele@example.org,2022-10-04,Cambodia
1474,Krystal Richmond,debrapowell@example.org,2025-04-03,Svalbard & Jan Mayen Islands
1475,Katelyn Oconnor,christopher11@example.net,2023-08-14,Nepal
1476,Nicholas Reynolds,anthony45@example.org,2024-05-23,Burundi
1477,Keith Lee,terrance42@example.net,2023-02-16,New Zealand
1478,Leonard Alvarado,marilyn57@example.net,2025-01-02,Liechtenstein
1479,Jeremy White,chadlong@example.com,2024-04-02,Mayotte
1480,Glenn Stephens,douglaswilson@example.net,2025-03-25,Philippines
1481,Eddie Atkins,johnmurphy@example.com,2023-08-08,Malaysia
1482,Susan Bailey,amy91@example.com,2024-10-29,Morocco
1483,Gary Richardson,sarahdavidson@example.net,2023-01-08,Chad
1484,Mark Jones,zacharytate@example.com,2025-08-11,French Guiana
1485,Nicole Shaw,watkinsjoseph@example.org,2023-09-01,Faroe Islands
1486,Laura Johnson DDS,maldonadorobert@example.net,2024-07-07,Burundi
1487,Barbara Cox,fvaughan@example.org,2024-06-19,Lesotho
1488,Denise Bowman,shortjason@example.org,2025-02-24,Yemen
1489,Monique Durham,cyoung@example.org,2025-08-01,Guyana
1490,Wendy James,thomaschristopher@example.net,2024-11-15,Saint Lucia
1491,Robert Miller,kevin06@example.net,2022-09-11,Myanmar
1492,Justin Clark,johnnystone@example.net,2024-05-04,Congo
1493,Shannon Burke,sthompson@example.net,2022-10-17,Sweden
1494,Kathryn Stanley,christopherwilliams@example.net,2025-02-28,Mauritius
1495,Jessica Wang,xphillips@example.net,2022-10-02,Haiti
1496,Megan Patterson,hpowell@example.org,2023-12-17,France
1497,Laura Johnson,khammond@example.net,2025-02-07,Zimbabwe
1498,Destiny Nicholson,michaelkrueger@example.net,2024-08-24,Ecuador
1499,Casey Conrad,lisa94@example.org,2024-04-02,Congo
1500,Michael Bradford,cobbtristan@example.net,2025-06-18,Mauritania
1501,Jay Martinez,cchurch@example.com,2022-12-31,Indonesia
1502,Eric Mcgee,brownscott@example.net,2023-09-06,Angola
1503,Samantha Gray,davisjeremy@example.org,2023-10-18,Saint Martin
1504,Kristin James,mary85@example.net,2022-09-17,Rwanda
1505,William Lopez,yolandacollins@example.org,2023-07-18,Tokelau
1506,Edward Ruiz,annagood@example.org,2024-09-28,Gibraltar
1507,Roger Diaz,cthomas@example.net,2023-01-23,Liberia
1508,Paul Meza,jeffreymiller@example.com,2024-12-03,Australia
1509,Stephanie Jones,jamie76@example.com,2025-01-22,Luxembourg
1510,Shelly Bruce,dianepeterson@example.com,2023-12-23,Djibouti
1511,Michelle Graham,gardnerjames@example.com,2024-07-06,Philippines
1512,Katherine Rivas,alexandria43@example.net,2025-05-18,French Southern Territories
1513,Crystal Taylor,edwardclark@example.org,2023-11-16,Mauritius
1514,Elizabeth Castillo,curtisparker@example.com,2025-08-19,Switzerland
1515,Dana Petty,webbemily@example.net,2023-03-21,Kuwait
1516,Mitchell Greene,cturner@example.com,2023-06-11,Andorra
1517,Scott Anderson,ryanpittman@example.net,2025-01-06,New Zealand
1518,Samuel White,fwashington@example.com,2023-07-19,Malta
1519,Nathan Long,currymichael@example.com,2022-11-16,Bolivia
1520,Paul Mcknight,jbrown@example.org,2024-04-07,Norfolk Island
1521,Daniel Butler,blackwilliam@example.org,2024-01-21,Syrian Arab Republic
1522,Mario Moore,matthewsjoshua@example.net,2023-09-30,Sierra Leone
1523,Amy Chandler,roberto23@example.net,2024-04-30,Switzerland
1524,Daniel Brown,beverlywaters@example.org,2024-11-27,Maldives
1525,Phyllis Pennington,xhoffman@example.net,2022-12-22,Turks and Caicos Islands
1526,Robert Palmer,trantaylor@example.org,2025-08-10,Argentina
1527,Jerry Wheeler,drakekenneth@example.com,2024-10-05,Montenegro
1528,Stephanie Johnson,hillandrew@example.com,2022-09-07,Niue
1529,Lisa Townsend,nburnett@example.org,2025-01-15,Cuba
1530,Adam Walker,richardwatson@example.net,2024-11-13,Palestinian Territory
1531,Carlos Krause,jason65@example.net,2022-11-26,Cuba
1532,Rebecca Hill,michael60@example.net,2023-04-21,Mauritania
1533,Alexander Williams,christianmarshall@example.net,2025-05-16,Slovenia
1534,Brendan Castillo,lisajohnson@example.com,2023-02-16,Faroe Islands
1535,Philip Andersen,qreyes@example.com,2024-02-20,Burkina Faso
1536,Melissa Powell,conleycheryl@example.org,2023-04-22,Timor-Leste
1537,Amy Coleman,chad30@example.com,2024-02-20,Pakistan
1538,Willie Jones,paul25@example.net,2023-04-02,Heard Island and McDonald Islands
1539,Michael Briggs,marygibbs@example.org,2022-08-23,Moldova
1540,Mary Marshall,mross@example.com,2023-04-10,Malawi
1541,Wendy Medina,george62@example.net,2023-01-15,Angola
1542,Tina Munoz,michael27@example.org,2022-10-28,Tanzania
1543,Daniel Morales,corey09@example.com,2023-12-15,Cyprus
1544,John Moore,vincentfrederick@example.com,2022-11-17,Montserrat
1545,Mary Keith,jpeters@example.net,2024-08-02,Central African Republic
1546,Alexandra Stanton,zpreston@example.org,2022-12-19,Maldives
1547,Colleen Nelson,adamstroy@example.com,2022-10-17,Mongolia
1548,Mary Warren,grayangela@example.com,2023-04-28,Micronesia
1549,Mrs. Sandy Howard,wvalencia@example.net,2024-10-09,Dominican Republic
1550,Ashlee Sanders,icopeland@example.net,2023-06-24,Grenada
1551,Michael Smith,drodriguez@example.net,2022-12-10,Rwanda
1552,Steven Freeman,munozkimberly@example.net,2024-10-09,Kazakhstan
1553,Emily Larson,molly60@example.org,2023-12-20,Zimbabwe
1554,Heather Weaver,pamelashaw@example.net,2023-11-05,Israel
1555,Mario Garrett,michael50@example.net,2022-11-09,Bulgaria
1556,Jesus Nelson,williamscatherine@example.net,2023-05-08,Kuwait
1557,Jason Dyer,susanblevins@example.com,2023-10-19,Korea
1558,Angelica Powell,kathrynbarnett@example.com,2022-11-10,Martinique
1559,Daniel Rivera,lhunt@example.net,2023-04-14,Uzbekistan
1560,Nicole Spears,ayersann@example.net,2025-04-19,Saint Lucia
1561,Sharon Collins,justin67@example.net,2025-07-19,Bangladesh
1562,Jason Hernandez,cunninghammichael@example.net,2023-11-30,Hungary
1563,Valerie Romero,adamacevedo@example.com,2025-05-12,Comoros
1564,Tracy Wright DVM,cassandrabrown@example.org,2025-01-07,Mongolia
1565,Jennifer Reed,campbellrhonda@example.net,2024-06-14,Singapore
1566,Matthew Smith,michael10@example.net,2024-05-12,Fiji
1567,Jessica Glass,arthurluna@example.com,2023-02-14,Nepal
1568,Jesus Miller,danielfreeman@example.org,2022-10-23,United States of America
1569,Nathan Harper,steinrachael@example.com,2025-05-07,Faroe Islands
1570,Amy Williamson,richardhernandez@example.net,2024-04-20,Saint Helena
1571,Annette Ross,james53@example.org,2022-11-10,New Caledonia
1572,John Charles,lori82@example.com,2023-08-25,Sao Tome and Principe
1573,Scott Williams,ericksonsusan@example.org,2025-08-19,North Macedonia
1574,Laura Scott,gonzalezsierra@example.org,2023-03-02,Jamaica
1575,Peter Pollard,michael78@example.net,2024-05-22,Korea
1576,Connie Castro,jameswagner@example.net,2022-10-08,British Virgin Islands
1577,Omar Mcdonald,paulapayne@example.org,2022-10-30,Guam
1578,Christopher Bryant,williamsbenjamin@example.net,2023-06-07,Grenada
1579,Jesse Contreras,hsuarez@example.org,2023-09-26,Barbados
1580,Jesse Murphy,samanthagregory@example.net,2025-07-21,Kuwait
1581,Joseph Lawson,pmiller@example.net,2023-12-29,Singapore
1582,Douglas Walker,joseph23@example.com,2022-12-18,Belgium
1583,Justin Wheeler,noahelliott@example.com,2023-04-28,Argentina
1584,Austin Hampton,andres06@example.com,2024-12-17,Sweden
1585,Jared Williams,qrodgers@example.org,2023-06-22,Australia
1586,Jonathan Morgan,palmerkatherine@example.org,2022-10-15,Namibia
1587,Joann Nash,jstone@example.net,2023-02-20,Djibouti
1588,Jonathan Johnson,freemanmichael@example.net,2025-06-13,Guam
1589,Pamela Coffey,aaroncunningham@example.com,2025-05-18,Central African Republic
1590,Julie Chambers,aaron21@example.org,2024-02-17,Netherlands
1591,Philip Pollard,ricardobarber@example.net,2023-03-07,Norfolk Island
1592,Mr. Kyle Taylor,berryerik@example.org,2023-07-22,Nepal
1593,Mrs. Kim Gonzalez,beckdavid@example.net,2024-01-21,Holy See (Vatican City State)
1594,Dominique Luna,youngmichael@example.org,2023-04-28,Argentina
1595,Yolanda Goodwin,glen82@example.net,2024-04-09,Christmas Island
1596,Darren Shannon,anthonylambert@example.net,2022-09-29,Kyrgyz Republic
1597,David West,moneal@example.com,2024-01-08,Uruguay
1598,Jordan Morales,elizabeth61@example.org,2023-01-09,Italy
1599,Mike Randolph,zrocha@example.com,2023-12-01,Ukraine
1600,Kevin Nielsen,jenniferjohnson@example.net,2024-06-13,Uganda
1601,Arthur Thomas,sharonholland@example.com,2023-07-19,Micronesia
1602,Heather Henry,igarcia@example.com,2025-01-24,Congo
1603,Michele Sullivan,brentvargas@example.com,2024-08-13,Puerto Rico
1604,Alicia Bartlett,rmejia@example.com,2022-09-03,Paraguay
1605,Antonio Conner,cassandraharris@example.org,2025-02-12,Nigeria
1606,Joseph Harrington,rdaugherty@example.com,2024-08-15,Timor-Leste
1607,Ethan Ryan,zachary68@example.net,2023-05-15,French Guiana
1608,Mark Anderson,penastephen@example.org,2024-10-09,Peru
1609,Katrina Hayden,ygriffin@example.net,2022-10-18,Mexico
1610,Kimberly Gilbert,kcharles@example.com,2024-02-10,Botswana
1611,Stephen Wallace,murphyjames@example.net,2025-08-19,Bolivia
1612,Michael Perry,anthonyyoung@example.org,2024-04-03,Sao Tome and Principe
1613,John Alexander,xbriggs@example.net,2022-08-21,Puerto Rico
1614,Matthew Johnson,amandakelley@example.com,2024-02-10,Egypt
1615,Amber Jacobs,kphillips@example.com,2024-09-23,Indonesia
1616,Kayla Fernandez,thompsonbrittney@example.com,2024-11-24,Kiribati
1617,Destiny Richard,pmunoz@example.net,2022-10-22,New Caledonia
1618,Rachel Walter,joshua11@example.org,2023-03-16,Netherlands
1619,Deborah Wilson,owade@example.org,2024-07-24,Burkina Faso
1620,Julia Howard,edward02@example.net,2024-06-02,Samoa
1621,Janet Nelson,jlynn@example.net,2024-05-12,Portugal
1622,Mrs. Tammy Richardson,dustingonzales@example.com,2022-12-24,Angola
1623,Jeffrey Bailey,michael78@example.net,2025-08-03,Benin
1624,David Bell,huntjessica@example.net,2024-01-01,Gibraltar
1625,Michelle Jackson,smithpatricia@example.net,2025-01-11,Cambodia
1626,William Dixon,lewisdana@example.net,2024-05-18,Angola
1627,David Taylor,eric34@example.net,2024-11-27,Venezuela
1628,Judy Perry,howardspencer@example.net,2024-08-18,Reunion
1629,Katie Hall,hickschristine@example.net,2024-01-08,Sri Lanka
1630,Daniel Cunningham,ymaxwell@example.net,2023-01-29,Greece
1631,Stephen Holland,williamshaw@example.net,2022-11-30,Gabon
1632,Patricia Parker,thomas34@example.org,2024-06-28,Bosnia and Herzegovina
1633,James Glass,rowlandomar@example.org,2023-07-05,Seychelles
1634,Nicholas White,burnsricky@example.com,2024-01-07,Suriname
1635,Brooke Moody,xevans@example.com,2023-08-05,Suriname
1636,Sherry Newman,umoreno@example.com,2022-11-13,Ukraine
1637,Julia Perry,delgadoleslie@example.com,2023-01-18,Svalbard & Jan Mayen Islands
1638,Nicole Lopez,lesliekerr@example.org,2024-07-20,Madagascar
1639,Katelyn Richardson,brownjose@example.net,2023-12-14,Bangladesh
1640,Elizabeth Decker,christopher80@example.net,2022-08-28,Macao
1641,Pamela Johnson,johnstondouglas@example.net,2024-08-03,Eritrea
1642,Rebecca Smith,tanya14@example.org,2025-07-16,Christmas Island
1643,Kelly Garcia,dorothy99@example.net,2024-10-24,Sierra Leone
1644,Holly Scott,matthew04@example.com,2025-05-24,Namibia
1645,Cindy Wright,orogers@example.com,2022-11-10,Palau
1646,Micheal Black,tracey76@example.com,2022-08-30,Christmas Island
1647,Jason Reed,josephsmith@example.com,2023-03-29,Philippines
1648,Christopher Chen,tyler80@example.net,2024-02-09,Afghanistan
1649,Mary Kramer,marshalllonnie@example.com,2023-01-22,Morocco
1650,Elizabeth Scott,ian32@example.org,2025-03-07,Angola
1651,Sean Ayers,ghayes@example.net,2024-02-05,Sao Tome and Principe
1652,Donald Hoffman,matthewdavis@example.com,2024-01-03,Czech Republic
1653,Juan Hardy,williamsanthony@example.org,2024-12-01,Belgium
1654,Aaron Webb,jennifer10@example.org,2025-05-13,Gabon
1655,Julia Lester,christian51@example.net,2024-02-24,Turkey
1656,Emily Herman,robinalvarado@example.net,2024-11-03,Sao Tome and Principe
1657,Michael Woodard,martinthomas@example.com,2025-03-06,Northern Mariana Islands
1658,Dr. Elizabeth Hamilton DDS,natalie52@example.org,2022-11-29,Guinea-Bissau
1659,Benjamin Chen,lori92@example.org,2025-03-05,Marshall Islands
1660,Christopher Espinoza,johnsoncarolyn@example.com,2024-09-11,Tajikistan
1661,Joseph Massey,knightamanda@example.com,2022-09-25,Malta
1662,William Phillips,juanking@example.org,2022-11-01,Malaysia
1663,Miranda White,gboyd@example.com,2024-06-30,Lao People's Democratic Republic
1664,Bryan Maldonado,jacobvilla@example.net,2024-03-30,Saint Kitts and Nevis
1665,John Anderson,jose66@example.net,2025-07-02,Martinique
1666,Tony Reed,farrelltracy@example.com,2025-05-29,Aruba
1667,Amber Morales,erin67@example.org,2024-03-12,Sudan
1668,Harry Neal,billy00@example.com,2025-05-18,Congo
1669,Cindy Simmons,sanfordjessica@example.org,2022-10-27,Saudi Arabia
1670,Benjamin Francis,joliver@example.com,2023-07-16,Iran
1671,Ashley Davis,theresa60@example.net,2024-04-15,Western Sahara
1672,James Clark,gregory51@example.org,2023-12-03,Philippines
1673,Sarah Stewart,brandonhuber@example.com,2023-01-09,Czech Republic
1674,Dawn Collins,mconway@example.net,2023-09-30,Uzbekistan
1675,Nichole Willis,eric97@example.org,2023-04-01,Palau
1676,Phyllis Harris,tanya75@example.org,2025-02-19,Greece
1677,Jim Gonzales,bryan75@example.com,2024-10-24,Nauru
1678,John Hernandez,amyhutchinson@example.org,2023-01-12,Zimbabwe
1679,Eileen Durham,francisco99@example.com,2025-01-21,Israel
1680,Stephanie Brown MD,abryant@example.com,2022-11-19,Guyana
1681,Steven Cantrell,scottcharlotte@example.org,2024-08-17,Saint Kitts and Nevis
1682,Julie Cruz,gjackson@example.net,2025-07-27,Guatemala
1683,Chad Pierce,andersonomar@example.com,2024-01-08,Germany
1684,Eduardo Kim,briggsnicholas@example.org,2023-06-30,Botswana
1685,Jerry Williams,robert50@example.com,2022-09-03,Norfolk Island
1686,Daniel Salazar,jenna48@example.org,2023-06-26,Central African Republic
1687,Glenda Chavez,grayjanice@example.com,2025-02-14,Burundi
1688,Krystal Frost,dunnfrancisco@example.com,2023-05-05,Mongolia
1689,Mr. Sergio Huang,hwalker@example.com,2024-01-23,Saint Martin
1690,Katherine Lara,cindy10@example.net,2024-11-26,Gibraltar
1691,Amber Garcia,leslie82@example.net,2025-07-14,Congo
1692,Teresa Robertson,danielrice@example.com,2024-10-11,Myanmar
1693,Rebecca Foster,brandyscott@example.net,2025-04-19,Lithuania
1694,Robert Kim,simondeborah@example.com,2025-06-08,Swaziland
1695,Justin Fields,williamcantu@example.org,2025-07-31,Svalbard & Jan Mayen Islands
1696,Sean Schwartz,deborah05@example.net,2024-11-26,Bolivia
1697,Timothy Hoover,uwright@example.org,2023-05-25,Chad
1698,Nicole Santos,andersonjoseph@example.net,2024-01-13,Hungary
1699,Sara Bruce,wlittle@example.net,2023-03-02,Kazakhstan
1700,Keith Newton,michelle25@example.com,2024-08-13,Guadeloupe
1701,David Potter,veronicahorne@example.net,2025-01-07,Micronesia
1702,Kathy Decker,nhall@example.net,2022-12-03,Vanuatu
1703,John Reilly,justinbrown@example.net,2025-05-24,Morocco
1704,John Watts,brianna82@example.com,2023-05-06,Cayman Islands
1705,Erin Hammond,kellyariel@example.org,2024-04-02,Brazil
1706,James Hubbard,kblankenship@example.net,2022-12-03,Thailand
1707,Cameron Chan,bobbyross@example.org,2023-12-06,Maldives
1708,Kristen Hoffman,michelleperez@example.net,2023-05-14,Cambodia
1709,Colleen Grant,jennifer72@example.net,2024-06-23,Albania
1710,April Coleman,jeremy78@example.net,2024-06-24,San Marino
1711,Karen Jones,stevensangela@example.com,2025-06-11,Guyana
1712,Kim Roberts,garciamelissa@example.org,2023-02-21,Afghanistan
1713,Scott Wagner,linda58@example.com,2024-04-12,Heard Island and McDonald Islands
1714,Melissa Acosta,nancythompson@example.net,2024-07-08,Colombia
1715,Kelly Clark,kyle69@example.org,2024-01-30,Malaysia
1716,Bradley Obrien,humphreyamy@example.org,2024-09-23,San Marino
1717,Joseph Davis,qhouse@example.com,2023-07-16,Puerto Rico
1718,Craig Lopez,rachel66@example.net,2023-02-23,Russian Federation
1719,Gregory Baird,leahwilliams@example.com,2023-03-22,Micronesia
1720,Sandra Johnson,jennifer22@example.com,2024-02-02,Finland
1721,Kimberly Lee,robin71@example.net,2023-01-19,Finland
1722,Brandy Hernandez,patelpatricia@example.org,2024-09-07,Mexico
1723,Kayla Chen,ruiznancy@example.org,2025-02-21,South Georgia and the South Sandwich Islands
1724,Katie Carter,anthonycobb@example.net,2023-11-09,North Macedonia
1725,Donna Smith,brendagreen@example.net,2025-07-22,Fiji
1726,Tara Romero,zgregory@example.net,2023-01-14,Ghana
1727,Dr. Kaylee Arnold,carterangel@example.com,2022-12-16,Nepal
1728,Douglas Smith,syoung@example.com,2024-09-05,Puerto Rico
1729,Gabriel Mcconnell,ujackson@example.com,2024-06-03,Gibraltar
1730,Jacqueline Ayala,scott69@example.org,2024-03-13,Micronesia
1731,Glenda Collier,joshua90@example.org,2023-04-29,Netherlands
1732,Andre Henderson,john79@example.org,2023-03-09,Hong Kong
1733,Vanessa Freeman,michellehester@example.org,2024-01-21,Guadeloupe
1734,Carl Shelton,wsanchez@example.net,2025-01-05,Canada
1735,Crystal Baker,greenaaron@example.com,2024-02-07,Guinea-Bissau
1736,Tiffany Ramirez,todd13@example.net,2024-08-30,Fiji
1737,Julie Shaffer DDS,adamskaren@example.net,2023-07-24,Nigeria
1738,Heather Sutton,itran@example.com,2025-01-15,Thailand
1739,Jonathan Davis,abigail78@example.net,2023-08-04,Jordan
1740,Tammy Ross,landrydavid@example.com,2023-05-05,Mali
1741,Allison Cox,patriciaramirez@example.org,2023-07-06,Ghana
1742,Denise Douglas,mejiabarbara@example.net,2025-03-11,Equatorial Guinea
1743,Madeline Guerra,phamrichard@example.com,2024-11-30,Luxembourg
1744,Jamie Collins,madelineschmidt@example.org,2023-01-25,Uruguay
1745,Angela Bartlett,faulknersusan@example.org,2023-01-28,Cocos (Keeling) Islands
1746,Anthony Cline,tylerjared@example.org,2025-01-18,Reunion
1747,Jennifer Gonzalez,bwright@example.org,2023-07-20,Colombia
1748,Luke Schmidt,benitezchristopher@example.net,2025-05-14,Botswana
1749,Terry Powell,joycebaldwin@example.net,2025-07-02,Lebanon
1750,Andrew Mendez,luke50@example.net,2024-08-18,Austria
1751,Amanda Avila,areed@example.org,2024-03-04,Belarus
1752,Robert Golden,chadallen@example.net,2023-01-10,Sri Lanka
1753,Billy Smith,cookglen@example.net,2024-04-25,Bangladesh
1754,Courtney Walter,jennifer83@example.com,2024-07-11,Guatemala
1755,Barbara Vega,colemanwilliam@example.net,2023-01-31,Wallis and Futuna
1756,Gail Morrison,plarson@example.net,2025-02-01,Suriname
1757,Kathleen Morris,maria77@example.org,2023-06-13,Albania
1758,Mrs. Tracy Morris,ewilkerson@example.com,2025-03-19,Ireland
1759,Erica Campos,steven32@example.net,2023-01-05,Sri Lanka
1760,Michael Price,danielle46@example.com,2023-04-04,Costa Rica
1761,Mary Watson,babbott@example.net,2023-05-05,Haiti
1762,Jessica Porter,epalmer@example.com,2024-07-03,Northern Mariana Islands
1763,Angela Watkins,glindsey@example.com,2022-11-08,Costa Rica
1764,Joseph Curtis,sara76@example.org,2025-05-11,Turkmenistan
1765,Samuel Woodward,davisamanda@example.net,2024-05-22,Cocos (Keeling) Islands
1766,Carrie Davis,hbass@example.net,2025-06-18,Tajikistan
1767,Tracey Jones,jacobsgerald@example.net,2022-11-11,Barbados
1768,James Smith,robertpeterson@example.com,2022-12-06,Mayotte
1769,Brian Mcconnell,haley56@example.net,2024-01-09,Saint Pierre and Miquelon
1770,Anne Foster,jasonholland@example.net,2023-11-14,Saint Martin
1771,Justin Murphy,kimberlymcdonald@example.net,2024-05-09,Serbia
1772,Jeffrey Reyes,jessica83@example.net,2023-06-12,Guinea
1773,Cory Baker DVM,howardmelanie@example.net,2024-12-28,Saint Martin
1774,Brandon Ferguson,bryantkathy@example.net,2024-11-12,Japan
1775,Molly Boyd,mannmary@example.org,2024-03-07,Moldova
1776,Debbie Castillo,anna49@example.net,2023-07-01,Australia
1777,Deborah Taylor,zvillanueva@example.com,2022-10-03,Panama
1778,Robert Salinas,audreywood@example.net,2022-11-21,Spain
1779,Shannon Brown,jmendez@example.com,2025-01-10,Mauritania
1780,Cheryl Hopkins,beanlori@example.com,2024-01-18,Bangladesh
1781,David Deleon,patrick97@example.org,2022-12-15,Cayman Islands
1782,Jennifer Schmidt,vritter@example.org,2023-07-07,Malta
1783,William Powell,richardstone@example.com,2025-07-26,Saudi Arabia
1784,David Brown,christophermartin@example.com,2022-09-13,Korea
1785,William Garrett,lesliethompson@example.com,2023-01-01,Dominica
1786,Julia Moore,simmonsandrew@example.org,2024-08-04,Israel
1787,Courtney West,nealalexander@example.net,2023-04-05,Russian Federation
1788,Douglas Mason,gibsoneric@example.com,2022-08-23,Estonia
1789,Kevin Jones,ojackson@example.org,2022-09-02,Equatorial Guinea
1790,Donna Erickson,michellelucas@example.net,2024-02-15,Swaziland
1791,Cynthia Beard,zchang@example.org,2024-05-12,Guadeloupe
1792,Samuel Perry,angela51@example.net,2025-04-07,Indonesia
1793,Deborah Blackwell,matthew43@example.com,2024-03-28,Pakistan
1794,Danielle Johnson,pwatson@example.net,2022-09-12,Switzerland
1795,Amanda Hunt,zporter@example.org,2025-02-23,Central African Republic
1796,Brian Fields,hkerr@example.net,2025-03-21,Montenegro
1797,Matthew Hubbard,amandaevans@example.com,2025-03-26,Mexico
1798,Misty Smith,ubishop@example.com,2025-05-31,Mauritania
1799,Sheila Banks,davidroberts@example.org,2025-02-09,United Arab Emirates
1800,Anna Gonzalez,elester@example.com,2024-02-19,Morocco
1801,Sarah Day,jorge41@example.com,2023-01-29,Nigeria
1802,James Arellano,juliarodriguez@example.net,2023-10-24,Congo
1803,Christopher Campbell,trevinovincent@example.com,2023-08-29,Netherlands Antilles
1804,Brian Schultz,uthomas@example.org,2025-05-12,Austria
1805,Morgan Schmidt,samanthamckinney@example.org,2024-02-21,Sri Lanka
1806,Caleb Singh,icunningham@example.net,2023-10-19,Ghana
1807,Devon Carter,raybobby@example.net,2024-12-05,Angola
1808,Daniel Dominguez,castrodeanna@example.net,2023-10-25,Mongolia
1809,Dr. Guy Harvey MD,sarah77@example.net,2025-02-06,Papua New Guinea
1810,Jamie Horton,hendrixhenry@example.com,2024-07-25,North Macedonia
1811,Katherine Vega,jonesbelinda@example.org,2025-01-24,Georgia
1812,Elizabeth Smith,kimberly26@example.com,2024-06-16,Qatar
1813,Michael Bailey,eric44@example.org,2025-04-16,Andorra
1814,Daniel Nelson,bowenstephanie@example.com,2024-11-14,Netherlands
1815,Nathan Martin,lindseyteresa@example.net,2024-12-25,Libyan Arab Jamahiriya
1816,Gina Sullivan,robertdavis@example.org,2024-07-01,Kazakhstan
1817,Brian Ramirez,madisonmonroe@example.com,2024-05-21,Samoa
1818,John Davenport,michaelrush@example.net,2022-10-01,Libyan Arab Jamahiriya
1819,Robert Murphy,rogerssamantha@example.net,2024-02-12,Malawi
1820,Randy Mendoza,martin68@example.org,2025-03-07,Jersey
1821,Christopher Hoffman,zshaffer@example.org,2025-01-20,Wallis and Futuna
1822,Eric Walker,dawsonsara@example.org,2023-01-11,Maldives
1823,Jessica Burke,lesliefernandez@example.org,2025-02-20,Bhutan
1824,Dr. Latoya Lopez PhD,michael88@example.com,2023-12-03,Faroe Islands
1825,Charles Johnson MD,samuel46@example.com,2023-07-28,Botswana
1826,Christine Martin,scottkerry@example.com,2022-09-30,Morocco
1827,Allen Dixon,roconnor@example.org,2024-07-10,Guadeloupe
1828,Philip Johnson,madeline78@example.org,2022-12-08,Mauritania
1829,Juan Hamilton,patriciafitzgerald@example.net,2023-12-14,Samoa
1830,John Bond,penningtonjeremy@example.com,2023-04-17,El Salvador
1831,William Velez,lori80@example.org,2023-09-02,Angola
1832,Ashley Robinson,christine70@example.com,2024-09-01,Argentina
1833,Monica Sullivan,mark88@example.com,2024-03-06,Albania
1834,Thomas Brown,ophillips@example.com,2025-02-08,Gibraltar
1835,Courtney Walsh,brandonsmith@example.net,2024-02-13,Faroe Islands
1836,Jennifer Taylor,aaron44@example.net,2025-07-27,Norfolk Island
1837,Cynthia Schaefer,underwoodkaren@example.com,2025-02-28,Syrian Arab Republic
1838,Meghan Myers,dkramer@example.net,2024-06-17,Armenia
1839,Lauren Shah,jennifer67@example.org,2024-05-06,Thailand
1840,Julie Daniels,james72@example.net,2023-07-25,Angola
1841,Travis Anderson,sfinley@example.net,2023-11-01,Maldives
1842,Kerry Wood,xmcfarland@example.net,2023-03-05,Indonesia
1843,Sabrina Campbell,sierra03@example.net,2025-01-22,Tuvalu
1844,Shawn Carson,justin94@example.org,2024-07-27,Chile
1845,Dale Morales,ivandixon@example.com,2025-03-21,Hungary
1846,Stephanie Jenkins,mparrish@example.net,2023-07-17,Saudi Arabia
1847,Karen Price,jsherman@example.net,2024-08-10,Bangladesh
1848,Daniel Ferguson Jr.,lewiskenneth@example.com,2023-08-06,Israel
1849,David Ramirez,heathjeremy@example.com,2022-11-05,Kazakhstan
1850,Jason Frazier,maynardnatalie@example.org,2024-12-06,Cape Verde
1851,Jesse Pineda,gary04@example.net,2024-09-28,Mexico
1852,William Beck,derekbradley@example.net,2024-08-28,Jamaica
1853,Sarah Brown,fmcgee@example.net,2024-02-07,Libyan Arab Jamahiriya
1854,Jeffrey Griffin,christinegray@example.com,2024-12-17,Niger
1855,Marcus Lynch,rodriguezeric@example.com,2022-09-29,Namibia
1856,Linda Mclaughlin,jessicawilliams@example.com,2025-01-25,Philippines
1857,Eric Higgins,westbenjamin@example.org,2022-11-23,Taiwan
1858,Christopher Richardson,donna75@example.org,2024-01-22,Heard Island and McDonald Islands
1859,Kathy Lutz,amy21@example.com,2024-06-02,Holy See (Vatican City State)
1860,Kendra Thomas,bentleyrussell@example.com,2024-11-01,Holy See (Vatican City State)
1861,John Anderson,baileysean@example.com,2023-04-16,Gibraltar
1862,James May,mckinneynathan@example.com,2023-09-24,Rwanda
1863,Pam Rodriguez,kenneth88@example.org,2024-01-07,Brunei Darussalam
1864,Nicole Alexander,angelanorman@example.com,2025-05-14,Haiti
1865,Jacob Smith,sarahreilly@example.com,2023-05-26,New Zealand
1866,Morgan Lopez,perezregina@example.com,2025-02-10,Cape Verde
1867,Heather Miles,jordancandice@example.net,2025-07-08,Kyrgyz Republic
1868,Matthew Hudson,jake49@example.org,2022-08-26,Macao
1869,Dalton Harris,uewing@example.com,2024-02-27,Korea
1870,Jimmy Mccann,craigfrancis@example.org,2025-07-06,Tanzania
1871,Susan Cole,brendawilliams@example.com,2023-06-17,Papua New Guinea
1872,Jamie Padilla,eric79@example.net,2022-12-20,Wallis and Futuna
1873,Daniel Diaz DDS,ltaylor@example.net,2025-02-12,Panama
1874,Joel Werner,browndorothy@example.org,2024-05-07,Niue
1875,Amanda West,lancedavis@example.org,2024-08-09,Micronesia
1876,Margaret Poole,ureeves@example.net,2022-08-25,Djibouti
1877,Amanda Flowers,debbie81@example.net,2024-01-19,Tokelau
1878,John Andrews,matthewswesley@example.net,2024-04-21,Ecuador
1879,David Vincent,tsmith@example.org,2024-07-27,Saint Vincent and the Grenadines
1880,Isabel Wells,angelicadavis@example.org,2025-07-11,Spain
1881,Marilyn Ortega,williamsdaniel@example.net,2023-09-14,Samoa
1882,Nathan Fuller,yfloyd@example.com,2024-03-23,Bangladesh
1883,Julie Duarte,csmith@example.net,2023-10-13,Bahamas
1884,Annette Davis,deborah38@example.net,2022-10-21,Lesotho
1885,Ivan Boyd,billyklein@example.org,2023-03-23,El Salvador
1886,Daniel Rice,msilva@example.net,2025-05-26,Luxembourg
1887,Donna Bailey,michelle39@example.net,2024-08-28,Belgium
1888,Justin Clark,xwright@example.com,2024-08-21,Mongolia
1889,Kenneth Duncan,stephensjacqueline@example.org,2023-03-24,Korea
1890,Thomas Moody,cynthia11@example.com,2023-06-27,Iraq
1891,Jonathan Cortez,bjones@example.net,2024-08-09,Maldives
1892,Jordan Phillips,xrodriguez@example.org,2023-06-05,Congo
1893,Nicholas Herring,dmcclain@example.net,2023-10-25,Senegal
1894,Michael Little,mellis@example.org,2022-12-23,Marshall Islands
1895,Laurie Brown,danielmedina@example.com,2022-12-11,Turkmenistan
1896,Andre Saunders,carolkhan@example.org,2023-12-09,Liechtenstein
1897,Christine Smith,reneetaylor@example.org,2024-02-10,Brunei Darussalam
1898,Jessica Moore,iwilliams@example.org,2024-12-30,Korea
1899,Steven Kim,kwong@example.net,2025-06-24,Iraq
1900,Pamela Evans,klinewillie@example.com,2024-01-16,Martinique
1901,Amy Diaz,tracy23@example.org,2023-05-07,Jersey
1902,Seth Howell,wilsonjohn@example.net,2025-05-14,Holy See (Vatican City State)
1903,Melinda Garcia,codyschmidt@example.net,2023-01-14,Palestinian Territory
1904,Maria Kim,tjohnson@example.com,2024-02-05,Faroe Islands
1905,Zachary Wright,zvelez@example.com,2023-11-16,Vietnam
1906,Lisa Ortiz,elizabeth36@example.org,2024-10-17,Georgia
1907,Brandy Kelley,john72@example.net,2024-06-27,British Virgin Islands
1908,Wesley Francis,dflowers@example.org,2025-02-10,Cambodia
1909,Steven Reilly,monicarhodes@example.com,2024-09-07,Bangladesh
1910,Pamela Nguyen,nguyenkelly@example.org,2025-06-29,Georgia
1911,Garrett Solis,garrettsavannah@example.org,2023-12-13,Pitcairn Islands
1912,Lisa Johnson,daniel02@example.org,2023-09-02,Korea
1913,Michael Hess,lisaramos@example.com,2023-01-28,Cameroon
1914,Andrea Baker,harrishannah@example.org,2025-05-16,Gabon
1915,Meghan Roberts,christinesmall@example.com,2024-10-30,Djibouti
1916,Erik Everett,avilatiffany@example.com,2022-12-23,Germany
1917,Christine Morgan,christopher66@example.org,2023-11-24,Burundi
1918,Harold Baker,stanleyfischer@example.com,2025-01-04,Peru
1919,Steven Morris,taylorwilliam@example.com,2024-01-13,Samoa
1920,Kevin Johnson,dhernandez@example.net,2025-01-21,Estonia
1921,Sarah Odom,penningtoncaitlin@example.com,2024-01-25,Bosnia and Herzegovina
1922,Nancy Flowers,janderson@example.net,2023-02-21,Slovenia
1923,Steven Mccormick,benjamin37@example.net,2024-04-02,Singapore
1924,Samuel Harris,valeriele@example.com,2023-11-20,Guinea-Bissau
1925,Robert Meza,irobertson@example.com,2022-11-04,Antigua and Barbuda
1926,Casey Nelson,omar40@example.org,2023-05-02,Vietnam
1927,Danielle Russo,alison02@example.net,2023-11-23,Estonia
1928,Crystal Watkins MD,amendoza@example.com,2023-02-15,Saint Helena
1929,Joshua Woodard,lisa85@example.com,2024-09-29,Taiwan
1930,Nicholas Wilcox,ylewis@example.org,2024-12-01,Northern Mariana Islands
1931,Julie Bowen,crystal83@example.net,2024-12-14,Japan
1932,Debra Stephens,brownkatie@example.net,2025-06-16,Djibouti
1933,Jason Parks,welchbrian@example.net,2024-03-28,Haiti
1934,Robert Marquez,swells@example.net,2025-07-28,Faroe Islands
1935,Jessica Mccall,williamstammy@example.net,2022-12-06,Congo
1936,Anthony Haley,andrelewis@example.net,2024-08-13,Antarctica (the territory South of 60 deg S)
1937,Bruce Garcia,kaylareyes@example.com,2025-06-15,Sao Tome and Principe
1938,Justin Fox,zrichards@example.org,2022-08-27,Benin
1939,David Gordon,xarnold@example.org,2023-12-14,Gabon
1940,Kelly Solis,marcusstephens@example.org,2025-01-11,Solomon Islands
1941,Kevin Mcdonald Jr.,zgutierrez@example.org,2023-11-21,Ireland
1942,Tammy Wallace,savannahsanders@example.org,2025-02-21,Bosnia and Herzegovina
1943,Sheryl Hudson,conleyjeffrey@example.net,2024-11-06,Sweden
1944,Amber Johnson PhD,fernandezjennifer@example.org,2024-10-10,Slovenia
1945,Sharon Richardson,rebeccalloyd@example.com,2023-12-14,Liberia
1946,Erik Kennedy,ebarnes@example.com,2024-07-14,Malawi
1947,Thomas Lyons,carterrebecca@example.com,2023-05-23,Kiribati
1948,John Pittman,ascott@example.net,2023-08-13,Sao Tome and Principe
1949,Kathryn Ramos,anthony15@example.net,2024-12-08,Madagascar
1950,Robert Simmons,parkercathy@example.com,2023-06-13,Angola
1951,Natalie Young,patrick84@example.org,2025-08-06,Guam
1952,Courtney Joseph,umcintosh@example.net,2022-11-21,Ireland
1953,Richard Ross,kathrynadams@example.net,2025-02-18,Thailand
1954,Dr. Melinda Garcia,davidwebb@example.com,2025-04-11,Portugal
1955,Christopher Garcia,huntermanuel@example.org,2024-05-03,Czech Republic
1956,Maria Knox,corey58@example.net,2025-05-29,Eritrea
1957,Jennifer Contreras,robert87@example.com,2022-11-27,Wallis and Futuna
1958,John Brady,richardsmith@example.com,2023-11-28,Rwanda
1959,Daniel Barker,uwells@example.net,2025-03-19,Solomon Islands
1960,Haley Walker,hayschristopher@example.org,2025-07-19,Trinidad and Tobago
1961,Diana Rodriguez,tbenitez@example.org,2025-04-24,Mauritania
1962,Brittany Garcia,stevenbrown@example.net,2024-05-01,Estonia
1963,Kimberly Edwards,tara09@example.net,2023-08-07,Cambodia
1964,Christina Villanueva,cindybrown@example.com,2023-03-28,New Zealand
1965,Jeremy Gomez,tommy73@example.net,2024-12-30,Martinique
1966,Mark Ayers,myersdavid@example.net,2023-04-15,Macao
1967,Johnny Shannon,chase69@example.com,2024-10-08,Costa Rica
1968,Cheryl Rodriguez,edwardriley@example.org,2024-01-06,United Arab Emirates
1969,Tonya Reyes,eowen@example.com,2023-08-05,Palestinian Territory
1970,Mary Allen,fmaldonado@example.org,2022-12-03,Moldova
1971,John Clarke,lking@example.org,2024-10-15,India
1972,Phillip Smith,tgilbert@example.net,2024-06-04,Kyrgyz Republic
1973,Austin Williams,smithjessica@example.org,2024-02-11,Gabon
1974,Mariah Smith,ellendixon@example.net,2023-10-27,Madagascar
1975,Matthew White,donna50@example.net,2024-01-20,Kuwait
1976,Miss Molly Scott,ashleyhess@example.com,2024-01-14,Martinique
1977,Dean Osborne,joshua24@example.net,2023-10-09,Slovakia (Slovak Republic)
1978,Savannah Ford,michael99@example.net,2025-02-04,Liberia
1979,Linda Harrison,jason92@example.org,2023-01-05,South Georgia and the South Sandwich Islands
1980,Carrie Dudley,jennifer29@example.org,2023-03-26,Northern Mariana Islands
1981,Jane Allen,george44@example.com,2023-03-30,Trinidad and Tobago
1982,Emily Gill,michelleryan@example.com,2024-08-28,Bermuda
1983,Misty Martin,hendersonfelicia@example.org,2024-05-10,Ghana
1984,Willie Wilson,ashleyvelasquez@example.net,2024-03-11,Zimbabwe
1985,Michelle Jenkins,pbuchanan@example.net,2023-09-29,Guernsey
1986,Dakota Conley,mortonjennifer@example.org,2023-10-19,Venezuela
1987,Timothy Jones,ejames@example.com,2024-05-16,Greece
1988,Nicholas Munoz,lisapeterson@example.net,2025-02-09,Bolivia
1989,Tara Andrews,hprice@example.net,2025-01-18,Wallis and Futuna
1990,Jordan Harmon,josemiller@example.org,2024-03-05,Slovakia (Slovak Republic)
1991,Derrick Copeland,zfisher@example.net,2023-03-13,Ukraine
1992,Michael Forbes,morganpamela@example.net,2023-09-01,Zambia
1993,Todd Davis,william54@example.com,2022-10-19,Gambia
1994,Brian Guzman,thomasfowler@example.org,2024-07-27,Saudi Arabia
1995,Jesse Green,rebecca85@example.org,2022-11-10,Central African Republic
1996,Mark Moore,gjohnston@example.net,2024-03-15,Cuba
1997,George Sanchez,santiagojeremy@example.com,2025-03-13,Luxembourg
1998,Mark Perry,deckerantonio@example.net,2025-05-13,Switzerland
1999,Jeremy Snyder,wmartinez@example.net,2024-10-19,Barbados
2000,Ms. Lisa Armstrong,maryrasmussen@example.org,2023-08-17,Saint Lucia
2001,William Gibbs,cartermichael@example.com,2022-09-07,Bulgaria
2002,Alexa Lindsey,lellis@example.net,2023-02-17,Ecuador
2003,Dawn Butler,hhamilton@example.com,2023-05-04,Gambia
2004,Raymond Hopkins,frosttasha@example.net,2024-11-01,Zimbabwe
2005,James Murray,corey67@example.com,2025-03-28,Cape Verde
2006,Elizabeth Gonzales,brendanortiz@example.com,2025-07-15,Netherlands
2007,John Cox,patty63@example.net,2023-05-20,New Zealand
2008,Larry Shah,villegaseric@example.net,2023-12-17,United Kingdom
2009,Charles James,michaelkent@example.com,2023-06-30,Guatemala
2010,Dawn Rodriguez,aarontownsend@example.org,2024-11-26,Guatemala
2011,Alexandra Garza,laurabarber@example.com,2024-12-27,Korea
2012,Stephen Long,vlee@example.net,2023-08-22,Cyprus
2013,Jessica Davidson,amber16@example.net,2023-09-16,Puerto Rico
2014,Matthew Holloway,cynthia98@example.com,2024-10-23,Egypt
2015,Brandy Oneill,sparker@example.net,2024-06-06,Kazakhstan
2016,Melissa Turner,donna78@example.org,2024-04-03,Nauru
2017,Jennifer Ochoa,zrussell@example.com,2023-01-28,Greece
2018,Daniel Adams,rosejill@example.net,2024-11-22,Uganda
2019,Thomas Young,sarahtorres@example.org,2023-05-30,Myanmar
2020,Emily Brown,townsenddestiny@example.org,2024-03-16,Norfolk Island
2021,James Johnson,jessica34@example.com,2022-10-17,South Africa
2022,William Woodward,hilldiane@example.com,2024-06-16,Maldives
2023,Julie Hatfield,ncoleman@example.org,2025-06-06,France
2024,James Rodriguez,ckennedy@example.com,2024-04-13,Antigua and Barbuda
2025,Jacqueline Dickerson,ashleycontreras@example.org,2025-05-15,Ecuador
2026,Donald Alexander,mark47@example.com,2024-11-17,Palestinian Territory
2027,Gregory Dunn,kathrynhunter@example.net,2023-01-29,Uganda
2028,Meagan Carroll,rivaspatrick@example.net,2025-01-31,Fiji
2029,Savannah Garcia,joneslaura@example.com,2023-01-20,Costa Rica
2030,Michael Daniels,christina25@example.org,2024-05-15,Tajikistan
2031,Morgan Moore,jimenezdylan@example.net,2023-05-07,Russian Federation
2032,Steven Bradford MD,lukehart@example.com,2023-11-03,Brunei Darussalam
2033,Christina Hawkins,jhorn@example.org,2022-10-23,Honduras
2034,Robin Le,lauraryan@example.net,2024-09-27,Zimbabwe
2035,David Walker,garciajoseph@example.com,2025-04-09,Denmark
2036,Brenda Moran,emily11@example.net,2023-12-16,British Virgin Islands
2037,Keith Ross,woodsvictoria@example.com,2023-08-11,Afghanistan
2038,John Hughes,charleshaynes@example.org,2023-01-17,Bosnia and Herzegovina
2039,Xavier Holt,megan64@example.net,2024-01-16,Somalia
2040,Heather Matthews,bill89@example.com,2023-08-03,Macao
2041,David Townsend,donaldjones@example.net,2024-03-03,New Caledonia
2042,Peter Miller,edavidson@example.com,2023-07-18,Anguilla
2043,Christopher Dean,zgutierrez@example.net,2024-04-23,Puerto Rico
2044,Darren Gomez,christophernewman@example.net,2025-03-18,Antigua and Barbuda
2045,Lisa Hayden,jenniferscott@example.org,2023-04-26,British Virgin Islands
2046,Francisco Jimenez,mckeevincent@example.com,2025-04-26,Russian Federation
2047,Cody Wall,quinnrobert@example.org,2023-05-12,Cote d'Ivoire
2048,Shawn Hensley,rkennedy@example.net,2022-10-14,Saint Kitts and Nevis
2049,Adam Horton,kevinbailey@example.com,2023-08-01,Greenland
2050,Nathan Johnson,chelsea45@example.com,2024-01-21,Paraguay
2051,Kelly Blair,watsonrandy@example.com,2022-12-19,Isle of Man
2052,Danielle Lang,michael74@example.net,2024-11-02,Guinea-Bissau
2053,Jessica Nash,jeanetteescobar@example.com,2023-08-27,Bermuda
2054,Thomas Ali,terri44@example.org,2023-07-31,Belarus
2055,Jessica Gonzales,vaughncarl@example.org,2024-08-13,Fiji
2056,Monica Fox,isanchez@example.com,2023-02-22,American Samoa
2057,Mrs. Tiffany Stokes,kellyallen@example.net,2022-11-21,Croatia
2058,Melanie Johnson,christopher00@example.net,2025-05-10,Lao People's Democratic Republic
2059,Gabriela Burnett,ebryant@example.org,2025-02-14,Bahrain
2060,Michael Oconnor,hayschristopher@example.net,2024-02-03,Switzerland
2061,Luis Smith,tparker@example.com,2024-04-01,Nauru
2062,Dana Houston,shelley88@example.com,2023-08-20,Nepal
2063,David Baker,qlarson@example.com,2023-03-02,Cameroon
2064,Joy Johns,thomasfisher@example.org,2023-11-17,Russian Federation
2065,Christina Berry,jason90@example.com,2023-10-03,Dominican Republic
2066,Kimberly May,lopezemily@example.org,2024-08-09,Fiji
2067,Mary Brown,nguyenangela@example.net,2024-03-10,India
2068,Nicole Wright,fordrhonda@example.com,2023-10-30,Martinique
2069,Amber Wilkinson,briana38@example.com,2023-06-18,Vanuatu
2070,Cheyenne Garcia,marissamorris@example.com,2022-11-26,Venezuela
2071,Abigail Edwards,ewilliams@example.net,2023-03-24,New Zealand
2072,Sarah Crawford,travisbaker@example.org,2024-12-17,Pakistan
2073,Zachary Robles,hodgehannah@example.org,2022-12-21,French Guiana
2074,Katie Hayes,cookjennifer@example.net,2024-08-08,Sweden
2075,Sarah Craig,wgoodman@example.com,2023-06-13,Korea
2076,David Wagner,griffinpam@example.org,2023-06-06,Kiribati
2077,Jesse Combs,amanda88@example.net,2024-12-03,Somalia
2078,Sarah Cruz,david42@example.net,2023-12-15,San Marino
2079,Daniel Ayala,wilsonjerry@example.net,2025-05-21,Rwanda
2080,Veronica Hawkins,louis40@example.org,2022-08-23,Namibia
2081,Christy Nash,wardmichelle@example.net,2024-10-08,Korea
2082,Morgan Woods,rwilliams@example.net,2023-11-11,French Guiana
2083,Leonard Murphy,josephjackson@example.net,2025-08-11,United Arab Emirates
2084,Brian Young,debrapatton@example.com,2022-10-07,Malawi
2085,Phillip Thomas,ashleywaller@example.net,2024-12-11,Mexico
2086,Eric Mata,narmstrong@example.org,2024-04-07,Christmas Island
2087,Todd Davis,ryan25@example.com,2024-04-07,United Kingdom
2088,Joshua Padilla,lisaschaefer@example.org,2024-11-01,Saint Lucia
2089,Henry Cortez,kathryn38@example.org,2024-11-03,Bouvet Island (Bouvetoya)
2090,John Chang,christopher96@example.org,2023-05-05,Armenia
2091,Theodore Solis,jeffreychurch@example.org,2023-01-25,Cape Verde
2092,Zachary Jones,douglasmcintyre@example.org,2022-12-29,Liechtenstein
2093,Kiara Richards,jgriffin@example.org,2025-07-04,Turkey
2094,Gary Norton,ibecker@example.com,2023-06-03,Costa Rica
2095,Gabriella Brown,anthony86@example.net,2023-02-21,Saint Vincent and the Grenadines
2096,Alejandro Ray,anthony81@example.com,2022-10-12,Cameroon
2097,Katherine Valdez,ofrye@example.org,2024-02-03,Estonia
2098,Michael Mcmillan,carolynbenson@example.org,2022-12-26,Syrian Arab Republic
2099,David Smith,richardatkinson@example.org,2022-10-12,Antarctica (the territory South of 60 deg S)
2100,Wesley Murphy,elizabethgood@example.net,2024-10-07,Chile
2101,Christina Ellis,gibsonjohn@example.org,2022-08-25,Germany
2102,Gerald Vasquez,moorekevin@example.net,2024-08-23,Saudi Arabia
2103,Monica Frederick,pamelawilliams@example.net,2023-01-01,Zambia
2104,Timothy Compton,bartlettsara@example.com,2024-03-23,Timor-Leste
2105,Lisa Bautista,porterjim@example.com,2023-09-12,Wallis and Futuna
2106,Sydney Lee,amber47@example.com,2023-01-16,Montenegro
2107,Sheryl Dunn,elizabethbass@example.net,2025-02-01,Dominica
2108,Charles Carroll,johnhughes@example.net,2025-01-16,Slovenia
2109,Larry Johnson,matthewturner@example.org,2024-08-06,Gibraltar
2110,Stacy Carter,thompsonaaron@example.org,2024-09-14,Jordan
2111,William Pacheco,garciadeborah@example.org,2023-11-09,Liberia
2112,Jerry Lucas,cball@example.net,2023-02-15,Liechtenstein
2113,John Taylor,devin20@example.org,2023-07-29,Kiribati
2114,Christopher Green,rmoreno@example.org,2023-06-14,Denmark
2115,Kerry Morrison,imiller@example.org,2025-02-22,Afghanistan
2116,Ronnie Evans,rachelhendricks@example.net,2023-10-31,Mongolia
2117,Roger Butler,millerpaul@example.net,2025-04-10,Mexico
2118,Benjamin Hammond,wwhitney@example.org,2025-07-22,Belize
2119,Taylor Mccoy,pchapman@example.com,2022-09-03,Moldova
2120,Jenna Espinoza,bradley37@example.net,2024-11-12,Israel
2121,Brian Chavez,bcopeland@example.com,2025-04-05,United Kingdom
2122,Austin Baker,adamallen@example.com,2025-02-02,Somalia
2123,Taylor Stafford DDS,xayala@example.com,2023-10-18,Myanmar
2124,Douglas Macias,jrivas@example.com,2024-04-11,Botswana
2125,Jennifer Villanueva,mikayla10@example.org,2025-04-19,New Caledonia
2126,Regina Hancock,newtonyvette@example.org,2024-09-10,Falkland Islands (Malvinas)
2127,Elizabeth Hughes,gregbailey@example.org,2023-06-22,Grenada
2128,Pamela Byrd,edward63@example.com,2025-03-31,Sri Lanka
2129,Scott Hernandez,torresshane@example.org,2022-11-15,Chad
2130,Richard Murray,vnavarro@example.org,2024-02-17,Armenia
2131,Jessica Wright,sandra62@example.net,2022-11-02,Hungary
2132,Shannon Williams,uhoffman@example.net,2023-07-30,New Caledonia
2133,Lynn Kramer,blynch@example.net,2024-03-18,El Salvador
2134,Amanda Hernandez,wcervantes@example.org,2025-05-23,Cape Verde
2135,Emily Stewart,grant57@example.net,2023-02-06,British Virgin Islands
2136,Christina Barron MD,drhodes@example.com,2023-01-12,Jordan
2137,Justin Miller,sarahwilson@example.org,2025-01-12,Peru
2138,Kerry Tucker,chodges@example.org,2023-11-08,Ukraine
2139,Kristina Williams,ltorres@example.net,2023-03-21,Aruba
2140,William Bates,rmoore@example.net,2023-06-25,Uganda
2141,Jesse Gutierrez,angelicabell@example.org,2025-01-15,Saint Lucia
2142,William Cox,jonathanmcclure@example.org,2024-08-14,Austria
2143,Jason Wheeler,glenda64@example.com,2025-03-27,Cameroon
2144,Jonathan Davis,gabrielruiz@example.com,2022-09-01,Canada
2145,Kimberly Cunningham,mayryan@example.com,2024-03-14,Timor-Leste
2146,Christopher Elliott,rossjames@example.net,2023-02-04,Malta
2147,Katelyn Johnson,ghayes@example.org,2023-12-29,Macao
2148,Eric Tucker,smills@example.com,2022-11-07,Netherlands
2149,Nicole Fernandez,smithjennifer@example.net,2025-03-18,Afghanistan
2150,Derrick Hall,donovandavid@example.net,2024-10-17,Tajikistan
2151,Cheryl Taylor,igarcia@example.com,2024-04-03,Bouvet Island (Bouvetoya)
2152,Emily Mckinney,danielbutler@example.org,2025-01-27,Ghana
2153,David Frazier,brett45@example.org,2023-07-08,Hong Kong
2154,Stephanie Nguyen,stewartdaniel@example.com,2024-09-10,Belize
2155,Peter Frazier,james61@example.org,2024-01-12,China
2156,Jordan Lopez,jyoung@example.net,2023-12-22,Guatemala
2157,Lisa Floyd,pollardashley@example.org,2024-07-18,Poland
2158,Erin Bridges,andrea42@example.net,2024-10-12,Yemen
2159,Thomas Rose,oscar67@example.org,2024-04-29,Azerbaijan
2160,Jeff Ward II,vkelly@example.com,2024-03-17,Chile
2161,Christopher Lang,alexandria33@example.com,2022-12-14,Cocos (Keeling) Islands
2162,Karen Davis,ojoseph@example.com,2022-12-12,Peru
2163,Adrian Orozco,christianclark@example.net,2024-03-03,Montserrat
2164,James Davis,amandaweiss@example.com,2024-07-18,Denmark
2165,Scott Cole,ivillarreal@example.org,2023-06-13,Slovakia (Slovak Republic)
2166,Jessica Johnson,harveyanne@example.com,2024-03-26,San Marino
2167,Ashlee George,chart@example.org,2023-08-28,Saint Barthelemy
2168,Amanda Wilson,austintammy@example.org,2023-02-02,Gabon
2169,Kathryn Mercado,franciscomartinez@example.com,2023-03-20,Bangladesh
2170,Jason Rodriguez,tkirby@example.com,2024-07-16,South Africa
2171,George Andrews,wmorse@example.net,2024-06-06,Bolivia
2172,Lee Yang,cookjennifer@example.net,2023-09-06,Somalia
2173,Frederick Russell,kaitlynbarrera@example.com,2023-09-04,Zimbabwe
2174,Peter Frank,jeffrey99@example.org,2025-07-04,Armenia
2175,John Faulkner,eclark@example.com,2023-01-22,France
2176,Paula Hurst,lanesarah@example.org,2023-05-03,Cocos (Keeling) Islands
2177,Bailey Mack,hernandezmarissa@example.org,2024-09-27,Jamaica
2178,Brian Aguilar,gutierrezana@example.org,2023-12-02,Timor-Leste
2179,Jason Nolan,bobbybarton@example.com,2025-06-30,Eritrea
2180,Kelly Washington,flawson@example.com,2025-07-04,Ghana
2181,Brandon Cooper,turnerpeter@example.net,2025-01-13,Seychelles
2182,Tara Hanna,william33@example.net,2023-03-27,Denmark
2183,Jonathan Brown,qhenson@example.org,2022-08-24,Switzerland
2184,Matthew Salinas,urowland@example.net,2024-12-03,Turkey
2185,Christina Brewer,mcculloughdennis@example.net,2023-11-18,Cook Islands
2186,Chelsea Patterson,wjackson@example.com,2022-10-27,Bahamas
2187,Rebecca Lynch,denise15@example.org,2023-07-06,British Virgin Islands
2188,Shane Lynch,vjackson@example.com,2023-11-14,Andorra
2189,Mary Garcia,rodriguezkaitlyn@example.com,2023-11-14,Cote d'Ivoire
2190,Edward Moore,james59@example.net,2025-03-15,Tokelau
2191,Cheryl Hall,donna63@example.org,2023-05-03,Myanmar
2192,Cheryl Arnold,zachary91@example.net,2023-07-15,Yemen
2193,Martin Knight,sarah89@example.com,2024-12-07,Thailand
2194,Heather King,bobbyking@example.org,2024-09-04,Brazil
2195,Lisa Carroll,melissahenderson@example.net,2023-07-15,Romania
2196,Terri Black,dgarcia@example.org,2024-02-09,Turkmenistan
2197,Jasmine Myers,mthompson@example.org,2023-07-12,Saint Pierre and Miquelon
2198,Tanner Frazier,prestonrandall@example.org,2023-01-26,Switzerland
2199,Robert Johnson,vsummers@example.com,2025-07-09,Eritrea
2200,Joshua Cruz,wmanning@example.net,2024-03-26,Netherlands Antilles
2201,Regina Byrd,alvarezmichael@example.net,2025-03-20,Montserrat
2202,Mary Gray,tiffany40@example.com,2023-07-21,Lebanon
2203,Krista Duarte,sarah36@example.org,2023-10-15,South Africa
2204,Terry Erickson,morrismonique@example.org,2024-11-15,Honduras
2205,Ashley Stanley,eric00@example.com,2022-09-18,Turkmenistan
2206,Andrew Donaldson,robertscarolyn@example.net,2024-09-01,Bosnia and Herzegovina
2207,Mary Chang DVM,rodriguezraven@example.com,2022-12-28,Ghana
2208,Jordan Mcgee,sally58@example.org,2023-09-21,Poland
2209,Ryan Turner,daniel48@example.net,2024-06-24,Gambia
2210,Devin Mccullough,colemankimberly@example.net,2024-10-29,Mali
2211,Kevin Smith,jaredbrooks@example.org,2023-06-11,Afghanistan
2212,Nicole Avila,petersonoscar@example.org,2023-07-18,Guernsey
2213,Kayla Davis,robertbowen@example.com,2023-12-13,Denmark
2214,Richard Dalton,scottellis@example.net,2024-01-04,Ecuador
2215,Jonathan Ellis,vernonserrano@example.com,2025-04-14,American Samoa
2216,Mary Mathis,christopher00@example.org,2023-12-26,French Southern Territories
2217,Alyssa Allen,fosterjonathan@example.net,2022-09-26,Serbia
2218,Amanda Mason,johnsontammy@example.net,2024-07-06,Slovenia
2219,Rodney Neal,holtelizabeth@example.com,2023-04-29,Austria
2220,Daniel Simmons,julie01@example.com,2024-10-19,Mauritius
2221,Jeffrey Chen,sherry05@example.com,2024-08-24,Vanuatu
2222,Shannon Reese,joshua11@example.net,2023-02-13,Swaziland
2223,Ethan Moody,robertsrobin@example.org,2023-04-18,Luxembourg
2224,Lauren Garcia,xgray@example.net,2023-07-29,Malaysia
2225,Carrie Lee,lunatrevor@example.net,2024-08-13,Senegal
2226,Amy Turner,elizabethterry@example.net,2023-09-05,Kiribati
2227,John West,stacey51@example.net,2024-01-28,Australia
2228,Michael Gregory,kennedylinda@example.net,2025-02-20,Myanmar
2229,Richard Barnes,navarrologan@example.org,2022-12-15,Mongolia
2230,Andrea Ramos,charlesparsons@example.net,2025-05-17,Belize
2231,Anthony Morgan,christopherleach@example.com,2025-04-10,Antigua and Barbuda
2232,Kathryn Dawson,jacob12@example.com,2023-06-09,North Macedonia
2233,Connor Alexander,anthonyhickman@example.org,2025-07-27,Benin
2234,Lucas Bowman,mirandajoshua@example.com,2022-10-16,Brunei Darussalam
2235,Janet Williams,jenna97@example.net,2024-12-14,Holy See (Vatican City State)
2236,Devin Yates,maldonadomike@example.org,2024-07-16,Latvia
2237,Heather Smith,walsheric@example.net,2023-10-19,Luxembourg
2238,Michele Jones,kennethmeyer@example.com,2022-10-30,Senegal
2239,Samantha Allen,mortonmark@example.com,2024-12-13,British Virgin Islands
2240,Walter Bond,joel01@example.com,2025-04-05,Korea
2241,Joseph Blankenship,mduffy@example.net,2022-12-13,Burundi
2242,Dawn Hayes,hortonmarilyn@example.com,2025-02-01,Palau
2243,Samantha Burke,nicholas16@example.com,2025-08-19,Lebanon
2244,Cheryl Miller,ymeadows@example.com,2025-04-05,Syrian Arab Republic
2245,Jennifer Smith,catherinesantana@example.com,2024-08-21,Rwanda
2246,Mrs. Mary Leon,richard48@example.org,2023-01-26,Montserrat
2247,Joseph Hill,prestonbrittany@example.com,2023-05-01,Haiti
2248,Melissa Richardson,janeabbott@example.net,2025-07-08,Guam
2249,Shelly Romero,jennifergomez@example.org,2022-09-09,Central African Republic
2250,Andrea Simon,hernandezrobin@example.net,2025-05-06,Poland
2251,Carol Brown,mscott@example.net,2025-03-12,Macao
2252,Vincent Joseph,cclark@example.com,2025-04-14,Nicaragua
2253,Micheal Roberts,alan28@example.com,2023-06-22,Christmas Island
2254,Jodi Moore,jguerrero@example.net,2023-11-16,Mauritania
2255,Laura Bush,jennifer78@example.net,2025-04-16,Azerbaijan
2256,Lindsey Bennett,webbdavid@example.net,2023-05-02,Saint Lucia
2257,Alan Martin,jessica67@example.net,2022-10-16,Papua New Guinea
2258,Adam Cooke,matthewsmall@example.net,2024-03-16,Nicaragua
2259,Theresa Hinton,hartmanandrea@example.net,2023-03-17,Italy
2260,Alexandra Fleming,xbates@example.net,2025-05-17,Reunion
2261,Anthony Shannon,timothy61@example.org,2023-02-04,Malawi
2262,Carolyn Gonzalez,qhudson@example.org,2024-03-04,Cape Verde
2263,Melvin Diaz,anthonyjade@example.org,2024-01-23,Australia
2264,April Brown,oorozco@example.net,2024-04-15,Sri Lanka
2265,Brianna Sandoval,mark52@example.org,2024-04-15,Bulgaria
2266,James Smith,mmorris@example.org,2025-04-28,Lithuania
2267,Anthony White,devin51@example.net,2024-08-09,Libyan Arab Jamahiriya
2268,Elizabeth Castillo,malikjackson@example.org,2024-01-28,Croatia
2269,Debra Walker,gregory31@example.org,2022-11-07,United States of America
2270,Alejandro Meza,lopezscott@example.com,2022-12-15,Senegal
2271,Steven Kemp,ryanjohnson@example.com,2023-03-01,Netherlands
2272,Martin Adams,hadams@example.org,2024-07-17,Peru
2273,David Rogers,drakebrittany@example.net,2024-11-29,Kazakhstan
2274,Cynthia Cole,llee@example.com,2023-01-06,Denmark
2275,Mario Goodman,mendozajessica@example.com,2025-01-25,Paraguay
2276,Melissa Johnson,dodonnell@example.com,2025-03-06,Chile
2277,Yolanda Brewer,davidnunez@example.org,2024-03-30,Palestinian Territory
2278,Mrs. Rachel Perry,watsonjeffrey@example.net,2023-05-12,Cayman Islands
2279,Bryan Miller,nancy75@example.org,2023-06-28,Vanuatu
2280,Jeffrey Johnson,flynnmonique@example.org,2023-10-10,Australia
2281,Julia Odom,rebeccamendoza@example.net,2024-10-25,Indonesia
2282,Oscar Williams,brendamartinez@example.com,2023-07-12,Hong Kong
2283,Emily Bush,ybaker@example.org,2023-10-10,Uzbekistan
2284,Natalie Allen,ibean@example.com,2024-11-16,Bolivia
2285,Jamie Shepard,scottsweeney@example.com,2025-02-19,Belgium
2286,Jose Day,guerreronicholas@example.org,2023-09-14,Svalbard & Jan Mayen Islands
2287,Robin Adams,spearsdiane@example.net,2024-01-19,Bosnia and Herzegovina
2288,Erik Hogan,caleb69@example.com,2024-09-28,Korea
2289,Jennifer Doyle,mitchellmatthew@example.com,2024-04-17,Mauritius
2290,Sandy Harris,baldwinryan@example.net,2024-02-04,Mauritania
2291,Paul Baldwin,jroberts@example.com,2025-05-26,Saint Kitts and Nevis
2292,Joshua Martinez,christian33@example.com,2025-03-27,New Caledonia
2293,John Reynolds,kathryn32@example.net,2024-12-11,Guinea-Bissau
2294,Brandy Erickson,ernestsmith@example.com,2024-12-16,Iceland
2295,Robert Martin,garciarobert@example.org,2023-06-19,Djibouti
2296,Angela Molina,mvasquez@example.net,2024-04-02,Nepal
2297,Diane Peck,briggs@example.org,2024-02-17,Estonia
2298,Michael Shields,courtneyhouston@example.net,2023-02-07,Macao
2299,Natalie Rodriguez,qschultz@example.net,2022-09-27,Sierra Leone
2300,Elizabeth Hawkins,peggy83@example.org,2025-03-07,Haiti
2301,Jessica Reyes,bcollins@example.com,2024-06-29,Azerbaijan
2302,Crystal Lewis,melissajones@example.com,2025-08-10,American Samoa
2303,Penny Lee,ujones@example.org,2025-06-01,Aruba
2304,Brianna Nelson,manuel31@example.com,2024-12-20,French Polynesia
2305,Penny Rodriguez,brittany46@example.org,2025-05-19,Reunion
2306,Natalie Hunt,coopermatthew@example.org,2024-02-01,Mexico
2307,Cassandra Tucker,johnsonamanda@example.org,2023-05-19,Saint Pierre and Miquelon
2308,Laura Scott,rita76@example.org,2022-09-12,Venezuela
2309,Alicia Wilson,wendyfranklin@example.com,2023-08-30,Greenland
2310,Garrett Perez,qbowen@example.com,2025-04-24,Croatia
2311,Matthew Lopez,carolhancock@example.org,2024-01-16,Seychelles
2312,Mr. Travis Francis,fhardy@example.net,2022-12-29,Moldova
2313,William Chandler,sylviarobinson@example.com,2024-05-08,Burkina Faso
2314,Steven Robertson,perkinsseth@example.com,2023-11-25,Guatemala
2315,Matthew Bowman,bhatfield@example.net,2022-08-21,Mexico
2316,Cory Williams,tannerwilliams@example.org,2025-03-08,China
2317,Mark Jordan,james71@example.org,2024-01-04,Estonia
2318,Joshua Abbott,michellequinn@example.com,2023-06-14,Slovenia
2319,Joshua Johnson,penatiffany@example.org,2022-08-23,Aruba
2320,Colleen Brewer,alejandro51@example.net,2025-08-07,Cameroon
2321,Terry Cummings,garrettharrison@example.org,2024-03-30,Italy
2322,Maxwell Cook,yvelazquez@example.org,2025-04-24,Armenia
2323,Amanda Wilkinson,jacquelinegrant@example.com,2024-02-03,Benin
2324,Mary Thomas,jesse96@example.org,2023-04-16,Sudan
2325,Robert Khan,michael62@example.com,2024-11-13,Niue
2326,Blake Thompson,tarasims@example.net,2024-06-11,Bosnia and Herzegovina
2327,Eileen Gonzalez,michaelwalter@example.net,2025-04-13,Australia
2328,Joseph Moore,matthew80@example.com,2023-11-19,Cambodia
2329,Daniel King,davidsonlaura@example.org,2024-09-21,Cote d'Ivoire
2330,Christopher Wright,williamchaney@example.com,2022-10-30,Saint Pierre and Miquelon
2331,Jennifer Preston DDS,jessicasantos@example.com,2024-05-12,Peru
2332,Rachael Erickson,michael85@example.org,2024-09-17,Isle of Man
2333,Jason Irwin,michelle28@example.org,2023-10-29,Oman
2334,Diana Barnes,toddjose@example.com,2023-04-25,Zimbabwe
2335,Vanessa Farrell,alexishaynes@example.net,2024-10-23,Norfolk Island
2336,Ruth Lopez,bwalker@example.org,2025-05-29,Armenia
2337,Ruth Curry,morganford@example.org,2023-07-11,Seychelles
2338,Vickie Miller,msmith@example.net,2025-05-12,Turkey
2339,George Brooks,ntran@example.org,2022-10-29,Iceland
2340,Dr. Tony Arroyo,foxsonya@example.net,2024-08-19,Iraq
2341,Christian Buck,harrissamuel@example.org,2025-05-30,French Southern Territories
2342,Tracie Johnson,blanchardrandy@example.net,2023-08-01,Azerbaijan
2343,Kimberly Young,shanecampbell@example.net,2024-03-02,Cocos (Keeling) Islands
2344,William Miller,johnsmith@example.net,2024-04-25,Wallis and Futuna
2345,Angela Cox,sarah72@example.org,2023-02-17,Austria
2346,Karen Olson,mitchellanthony@example.com,2022-09-14,Palau
2347,Joseph Nicholson,nicholas70@example.net,2022-11-21,Sierra Leone
2348,Christian Moore,luis06@example.com,2025-02-14,Mexico
2349,Jordan Martin,zmann@example.net,2024-01-24,Trinidad and Tobago
2350,Tina Vega,bparsons@example.com,2023-03-01,Tuvalu
2351,Donald Guerrero,michaelwilliams@example.net,2022-08-27,Fiji
2352,Sandra Willis MD,charles69@example.net,2025-08-02,Antigua and Barbuda
2353,Sheila Nichols,kaitlyn93@example.com,2025-07-06,Samoa
2354,Dillon Bernard,rgregory@example.net,2023-09-19,Indonesia
2355,William Fuller,cwilliams@example.com,2024-12-22,Faroe Islands
2356,Jeffery Patrick,williamsregina@example.com,2023-03-09,Luxembourg
2357,Margaret Aguilar,zwalker@example.net,2023-12-01,Gibraltar
2358,Elizabeth Patel,johnsonlaura@example.org,2024-09-16,Falkland Islands (Malvinas)
2359,Aaron Fitzgerald,tammy42@example.org,2024-10-11,Slovenia
2360,Megan Aguirre,crystalbowman@example.net,2024-12-20,Italy
2361,Lisa Brown,robertsleslie@example.org,2024-08-18,Morocco
2362,Kristen Sullivan,gabrielabrown@example.org,2023-12-08,Bulgaria
2363,Logan Brown,gonzalezgregory@example.com,2023-02-25,Malaysia
2364,Brianna Hill,hartcharles@example.com,2023-02-23,Peru
2365,Michelle Meyers,ltrujillo@example.org,2023-08-18,Comoros
2366,James Baird,cmcintyre@example.net,2023-01-13,Guam
2367,Becky Martin,nmiller@example.com,2024-11-12,Australia
2368,Samantha Jimenez,floresriley@example.com,2024-05-31,Senegal
2369,Jeff Evans,nclark@example.com,2023-05-05,Benin
2370,Kim Zuniga,jasonperez@example.net,2024-08-18,Norfolk Island
2371,Katherine Rice,lunaveronica@example.org,2025-08-08,Nigeria
2372,Joseph Miranda,fhall@example.com,2023-04-03,Samoa
2373,Brenda Marshall,rsimon@example.com,2023-02-08,Mauritania
2374,Scott Pierce,dickersonantonio@example.com,2024-12-04,Fiji
2375,William Chavez,xblack@example.net,2023-04-08,Northern Mariana Islands
2376,Deborah Curry,wilkinsonkelsey@example.org,2024-10-05,Maldives
2377,Megan Hart,joseph70@example.net,2023-01-24,Cyprus
2378,Valerie Sampson,vanessa11@example.org,2023-07-30,Sudan
2379,Tammy Blair,zacharyzimmerman@example.org,2023-06-14,French Southern Territories
2380,Paige Williams,ruizleah@example.net,2022-09-16,Niue
2381,Andrew Hill,michellewolf@example.org,2025-05-08,Nicaragua
2382,Andrea Patel,turnerjohn@example.net,2023-09-10,Senegal
2383,Robert Cox,tinabarker@example.net,2024-04-05,Heard Island and McDonald Islands
2384,Cathy Bowers,george43@example.net,2023-09-04,Macao
2385,Andrew Lewis,jerryreed@example.net,2023-08-31,Belize
2386,Alexander Wood,jamesfrank@example.org,2025-03-01,French Guiana
2387,John Martin,patriciahayden@example.net,2023-01-25,Hungary
2388,Mark Soto,rbrady@example.org,2024-11-21,Northern Mariana Islands
2389,Jessica Odonnell,stephanie77@example.net,2024-06-06,Antigua and Barbuda
2390,Aaron Montgomery,wintersdouglas@example.org,2024-08-29,Russian Federation
2391,Aaron Wu,swelch@example.com,2023-10-10,Cote d'Ivoire
2392,Sarah Morales,lmoore@example.org,2022-11-25,Slovenia
2393,William Atkinson,brianterrell@example.org,2024-08-30,Cape Verde
2394,Christopher Marshall,jillianelliott@example.net,2023-09-18,Suriname
2395,Cynthia Hall,belljoseph@example.net,2023-02-24,Barbados
2396,Casey Ward,kenneth67@example.com,2024-10-09,Sweden
2397,Lindsey Porter,lopezmaureen@example.com,2025-07-18,South Georgia and the South Sandwich Islands
2398,Thomas King,leeshannon@example.net,2022-12-22,Micronesia
2399,Anthony Soto,daniellecantrell@example.org,2025-02-05,Bosnia and Herzegovina
2400,Christopher Rice,kenneth99@example.net,2024-06-27,Cameroon
2401,Brandon Hubbard,vwatson@example.org,2024-10-30,Mauritania
2402,Andrew Jenkins,hamiltonsandra@example.net,2023-06-30,Tajikistan
2403,April Obrien,roger41@example.org,2025-08-01,Jamaica
2404,Robert Roberts,sdavidson@example.net,2023-07-17,Cyprus
2405,Lisa Elliott,madeline75@example.com,2025-06-12,Zimbabwe
2406,Casey Martin,todd00@example.org,2024-12-06,British Virgin Islands
2407,Brian Rojas MD,campbellwilliam@example.org,2024-01-26,Vietnam
2408,Dawn Weaver,kimberlythompson@example.org,2024-03-30,Saudi Arabia
2409,Stephen Guerrero,michael49@example.com,2025-05-04,Puerto Rico
2410,Jennifer Patel,yrowe@example.org,2025-06-23,Oman
2411,Bradley Baker,vdaniel@example.net,2024-09-09,Niue
2412,Walter Jones,williamstheresa@example.org,2025-06-07,Christmas Island
2413,Joseph Bell,larcher@example.net,2023-12-07,Japan
2414,Mark Brown,karen54@example.org,2024-06-29,Peru
2415,Michael Lopez,danielle27@example.com,2023-02-27,Congo
2416,Margaret Peterson,peter21@example.net,2025-06-05,North Macedonia
2417,Keith Harper,jamiegalvan@example.org,2023-05-17,Ireland
2418,Donna Fischer,jonathan33@example.org,2025-03-01,Albania
2419,Gregory Middleton,john44@example.org,2023-07-29,Reunion
2420,Elaine Sanders,belljeremy@example.org,2022-12-18,Bulgaria
2421,Austin Rose,hollowayjulie@example.org,2025-07-22,Sri Lanka
2422,Rebecca Hancock,nicole85@example.org,2022-11-26,Isle of Man
2423,James Thomas,wellsalan@example.org,2024-12-18,Trinidad and Tobago
2424,Brenda Tyler,sarah82@example.org,2025-03-28,Mongolia
2425,Michelle Perez,james17@example.net,2024-01-22,Equatorial Guinea
2426,Benjamin Rodgers,jacksonjoseph@example.org,2023-09-26,Bouvet Island (Bouvetoya)
2427,Melanie Arnold,rthomas@example.net,2022-12-26,Saint Helena
2428,David Davis,sue98@example.net,2024-12-06,Romania
2429,Collin Collins,xpierce@example.net,2023-07-19,South Georgia and the South Sandwich Islands
2430,Barbara Banks,bcopeland@example.org,2023-01-01,Gibraltar
2431,Zachary Contreras,pnorton@example.com,2023-01-24,Northern Mariana Islands
2432,April Garrett,llarson@example.com,2023-04-22,Albania
2433,Darrell Garner,gonzalezgregory@example.com,2023-07-07,Korea
2434,Lindsey Romero,rachael80@example.com,2024-06-26,Italy
2435,Jennifer Orr,deannathomas@example.com,2023-03-01,Christmas Island
2436,Chad Fields,erinsanchez@example.org,2025-05-17,Philippines
2437,Tamara Martin,scott94@example.net,2023-12-19,Afghanistan
2438,Robert Phillips,ghoward@example.com,2024-02-09,Oman
2439,Steven Simon,ochoadanny@example.net,2023-11-16,Myanmar
2440,James Edwards,murrayrandy@example.com,2024-01-15,Korea
2441,Jill Fernandez,qcarter@example.com,2023-09-19,Panama
2442,Lorraine Cooper,katrinasanchez@example.com,2025-03-26,Romania
2443,Emily Brown,icollins@example.org,2024-03-16,Lao People's Democratic Republic
2444,Tracy Davis,jacksoncaitlin@example.org,2025-03-17,Andorra
2445,Kristy Richardson,jack45@example.com,2023-01-20,Jordan
2446,Anthony Cruz,andrew11@example.net,2024-07-11,United Arab Emirates
2447,Kimberly Smith,kayla20@example.org,2023-08-16,Benin
2448,Jason Matthews,brianramirez@example.com,2024-10-22,Saint Martin
2449,Kenneth Lopez,xgreen@example.org,2025-06-25,Lesotho
2450,Alexis Hunter,mcdonalddaniel@example.net,2023-03-21,Macao
2451,Michael Miller,powelldestiny@example.org,2024-08-30,Chile
2452,Kimberly Frank,sierraosborn@example.com,2024-02-02,Bangladesh
2453,Tiffany Arellano,christina22@example.net,2024-04-25,Iraq
2454,Donald Hardin,stevenhenry@example.net,2024-01-31,Qatar
2455,Andrew Cox,mark52@example.com,2025-02-27,Haiti
2456,Brandon Lozano,carrie43@example.net,2024-09-26,Vanuatu
2457,Michael Anderson,harrisjason@example.org,2025-08-04,Palestinian Territory
2458,James Johnson,charlesrollins@example.com,2022-09-20,Iran
2459,Bryan Romero,vanessalong@example.org,2023-04-20,Suriname
2460,Steven Martinez,samanthajones@example.net,2024-05-12,Cocos (Keeling) Islands
2461,Stephanie Bowers,rhondahughes@example.com,2022-10-11,Svalbard & Jan Mayen Islands
2462,Ashley Sanchez,hnelson@example.org,2025-07-08,Uzbekistan
2463,Tina Miller,tammy32@example.com,2024-06-07,Seychelles
2464,Michael Fry,autumn18@example.com,2024-02-05,Guernsey
2465,Thomas Mcintyre,zachary95@example.com,2023-10-08,Singapore
2466,Rebekah Stone,tara98@example.net,2025-07-07,Saint Lucia
2467,Kelly Rodriguez,dustinschmidt@example.org,2024-11-06,Nicaragua
2468,Todd Arnold,collinsvictoria@example.net,2024-08-30,Slovakia (Slovak Republic)
2469,Kevin Blackburn,tgardner@example.org,2025-07-29,Liberia
2470,Margaret Weiss,brianmalone@example.com,2025-01-31,Dominican Republic
2471,Philip Long,mark91@example.net,2024-10-13,Kuwait
2472,Mark Smith,russell99@example.net,2024-03-04,Turkey
2473,Jeremy Williams,bakerpamela@example.com,2023-07-05,Anguilla
2474,Erin Jackson,carteraustin@example.org,2025-03-15,Indonesia
2475,Cody Rios,dariuskeith@example.org,2023-04-19,Central African Republic
2476,Jamie Gordon MD,angelahorton@example.com,2025-08-10,Netherlands Antilles
2477,Ashley Reeves,melissa14@example.net,2025-05-31,Vanuatu
2478,Samantha Black,andrewbrown@example.com,2024-05-23,Panama
2479,Johnny Charles,johntorres@example.com,2024-07-14,Bhutan
2480,Michael Taylor,wevans@example.net,2023-08-29,Wallis and Futuna
2481,Mr. Randall Paul Jr.,claudiabriggs@example.org,2023-06-11,Tuvalu
2482,Christine Carr,jennifer20@example.org,2025-01-28,Cyprus
2483,Angela Cross,barnesdavid@example.org,2024-08-19,Bahamas
2484,Miranda Sharp,vanderson@example.net,2023-10-03,France
2485,Allison Farmer,nestrada@example.net,2024-04-10,Ukraine
2486,Michelle Diaz,jonscott@example.org,2025-01-24,Saint Kitts and Nevis
2487,Brandon Edwards,russellking@example.net,2024-06-19,Saint Barthelemy
2488,Jared Brown,icarrillo@example.net,2024-10-17,Brazil
2489,Danielle Russo,alicia08@example.org,2022-09-18,Christmas Island
2490,Ronald Jackson,arthur78@example.net,2023-08-17,Qatar
2491,Luis Salinas,prussell@example.com,2024-11-28,Montenegro
2492,Michael Scott,toddkelly@example.org,2025-02-13,Austria
2493,Michael Cook,shannon43@example.com,2025-07-07,Syrian Arab Republic
2494,Norma Herrera,vicki42@example.net,2024-10-18,Congo
2495,Anna Porter,kenneth98@example.org,2024-07-21,Comoros
2496,Hailey Small,claudia41@example.net,2023-10-16,Christmas Island
2497,Lauren Woods,andersonaaron@example.com,2022-11-13,Estonia
2498,Joseph Randolph,pettydavid@example.org,2025-08-11,Lithuania
2499,Daniel Marsh,nashmichelle@example.net,2025-06-09,United States Virgin Islands
2500,Timothy Sosa,tammypruitt@example.com,2025-05-03,Svalbard & Jan Mayen Islands
2501,Micheal Perez,arodriguez@example.org,2022-12-13,Oman
2502,John Evans,cjames@example.org,2024-01-07,Czech Republic
2503,Jeffrey Alvarado,pharrison@example.net,2023-10-15,French Southern Territories
2504,Donald Acosta,ivan06@example.org,2024-09-16,Belize
2505,Brandon Rodriguez,heidi42@example.com,2025-07-07,Guernsey
2506,Barbara Nelson,hernandezangela@example.org,2023-11-01,Dominican Republic
2507,Jacob Hunter,jerrybecker@example.org,2024-09-28,Indonesia
2508,Amanda Olson,flyons@example.org,2024-10-13,Anguilla
2509,Shannon Hunter,lynnwagner@example.com,2024-09-15,Lesotho
2510,Ian Bishop,ericksonrebecca@example.net,2023-07-30,Norway
2511,Taylor Spencer,william57@example.net,2025-03-15,Chile
2512,Kimberly Wise,davismichelle@example.com,2024-06-16,India
2513,Robert Lowery,zsilva@example.com,2023-02-08,Mauritius
2514,Randall Scott,lawrenceraymond@example.com,2024-09-05,Tajikistan
2515,Nathan Johnson,richard76@example.net,2024-03-30,Croatia
2516,Rebecca Ramos,nfarley@example.org,2023-12-08,Mozambique
2517,Jessica Nelson,adamoliver@example.net,2024-10-30,Malta
2518,Kenneth Butler,chapmanjason@example.com,2024-02-28,Saint Lucia
2519,Monica Griffin,smithjames@example.com,2023-05-02,Mauritius
2520,James Burton,estewart@example.net,2024-05-16,Cook Islands
2521,Theresa Stevenson,jasonguerrero@example.net,2023-12-03,Zambia
2522,Gina Howard,michael38@example.com,2023-06-29,Sierra Leone
2523,Stephen Mosley,melissabaker@example.org,2024-05-16,Uganda
2524,Brenda Griffin,jeffery02@example.net,2023-03-10,Syrian Arab Republic
2525,Amanda Richardson,harold38@example.org,2023-01-22,Germany
2526,Erica Johnson,jpollard@example.net,2024-10-30,Kiribati
2527,Amy Wilson,julia96@example.net,2022-10-04,Morocco
2528,Shannon Schaefer,christine45@example.net,2023-08-18,United Kingdom
2529,Jonathan Smith,philip64@example.com,2024-05-02,United Arab Emirates
2530,Kelly Friedman,theath@example.org,2023-05-29,Korea
2531,Cynthia Reyes,gregory84@example.org,2024-07-11,Greenland
2532,Sean Baker,sarahshepard@example.org,2023-09-05,Netherlands
2533,Cassidy Briggs,nicholas47@example.net,2024-03-26,Nigeria
2534,Kylie Blair,mcguirejames@example.net,2024-10-11,Gambia
2535,Marcus Lowe,zramirez@example.com,2023-01-26,Korea
2536,Brian Diaz,melvinboyd@example.net,2024-05-29,Saint Lucia
2537,Amanda Green,robert05@example.org,2022-09-30,Kuwait
2538,Jasmine Collins,jwhite@example.net,2025-02-05,Cyprus
2539,Evan Gonzales,qconway@example.com,2025-01-30,Nicaragua
2540,Benjamin Black,hallbruce@example.net,2022-11-12,South Georgia and the South Sandwich Islands
2541,Cathy Hudson,carlospeterson@example.net,2023-11-04,Niger
2542,Rachel Moore,petersonkatherine@example.net,2023-03-12,Oman
2543,Eric Garcia,eileen28@example.com,2025-02-01,Netherlands Antilles
2544,Justin Warren,stephenmills@example.com,2025-03-02,Lao People's Democratic Republic
2545,Megan Johnson,hfriedman@example.net,2024-05-08,Tuvalu
2546,Mary Orozco,erin18@example.net,2024-11-08,Bouvet Island (Bouvetoya)
2547,Danielle Anderson,johnsonsarah@example.com,2023-12-08,Kyrgyz Republic
2548,Sara Adams,samuel18@example.org,2025-05-31,Nauru
2549,Jennifer Simmons,cmartin@example.net,2024-09-23,Vietnam
2550,Kelly Friedman,jacksontracy@example.com,2024-12-07,Morocco
2551,Gabriel Avery,osimmons@example.net,2024-04-07,Taiwan
2552,Alicia Henderson,robertmartinez@example.com,2023-12-08,New Caledonia
2553,Lauren Young,loweryronald@example.net,2022-09-10,Niue
2554,Stephanie Moore,ashley06@example.org,2025-04-02,Azerbaijan
2555,Kimberly Jones,steven98@example.com,2024-03-04,Italy
2556,Joseph Frank,duncanzachary@example.org,2024-07-14,Tuvalu
2557,Peter Thompson,bowerscynthia@example.com,2023-01-27,Lebanon
2558,Nathan Anderson,qsantiago@example.net,2024-07-17,Greece
2559,Mrs. Alicia Sweeney,peterserin@example.net,2023-10-15,Bermuda
2560,Rebecca Ryan,millerann@example.com,2023-06-16,Antarctica (the territory South of 60 deg S)
2561,Steven Miller,vgreene@example.org,2023-12-12,Papua New Guinea
2562,Sabrina Yang DDS,qhayes@example.org,2023-12-23,British Virgin Islands
2563,Michele Gray DDS,jscott@example.org,2025-08-20,Paraguay
2564,Sarah Miles,eferrell@example.net,2023-04-03,Gambia
2565,Jasmine Dennis,fmiller@example.org,2022-12-03,Australia
2566,Charles Rich,scottbrandon@example.net,2025-05-08,Antarctica (the territory South of 60 deg S)
2567,Tracy Garcia,yatesmichelle@example.org,2022-08-21,Guam
2568,Tanya Gardner,dlove@example.org,2024-02-12,Turks and Caicos Islands
2569,Michael Marks,ricardojoseph@example.org,2024-05-09,Fiji
2570,Bill Jenkins,athompson@example.com,2023-11-14,Maldives
2571,Kirk Shaw,clarkdaniel@example.net,2023-06-13,New Caledonia
2572,Teresa Arnold,bcopeland@example.net,2024-05-02,Mexico
2573,Brett Holloway,floresryan@example.net,2024-05-18,Heard Island and McDonald Islands
2574,Ariel Hall,amymiles@example.com,2022-11-20,Marshall Islands
2575,Cynthia Gomez,williamsjustin@example.com,2025-02-20,Papua New Guinea
2576,Wendy Jones,gramirez@example.net,2024-10-31,Montserrat
2577,Shannon Patterson MD,xperez@example.net,2025-05-27,United States Virgin Islands
2578,Debbie Blanchard,mbarnes@example.net,2023-11-26,North Macedonia
2579,Zachary Moreno,michelle44@example.net,2024-11-25,Netherlands Antilles
2580,Roberto Sims,jonesricardo@example.net,2022-08-21,Hungary
2581,Elizabeth Lawrence,petersjohn@example.net,2023-06-16,Azerbaijan
2582,Kristina Howard,nicholasjones@example.net,2023-08-14,Belgium
2583,Julia Diaz,kimberly87@example.org,2024-02-29,Turkey
2584,Diane Burton,heathermccarthy@example.net,2023-09-18,Japan
2585,Rebecca Rodriguez,hallronald@example.org,2023-01-07,Palestinian Territory
2586,Tyrone Johnston,meyersscott@example.org,2025-06-16,New Caledonia
2587,Lisa Jackson,jennifer54@example.net,2024-05-17,Comoros
2588,Michael Brooks,gmcdaniel@example.com,2023-08-21,Iceland
2589,Heather Flowers,cdiaz@example.net,2023-10-21,Guinea-Bissau
2590,Eric Bullock,craig97@example.net,2024-10-10,Sweden
2591,Jordan Bender,gregorytapia@example.com,2024-10-08,Czech Republic
2592,Sharon Jenkins,roy85@example.org,2024-10-21,Korea
2593,Caitlin Walsh,karias@example.com,2025-03-01,Samoa
2594,Dylan Griffin,laurarios@example.net,2025-01-05,Norfolk Island
2595,Shawn Contreras,harriserin@example.org,2024-03-25,Angola
2596,Kristy Morgan,harmonkayla@example.org,2023-10-11,Western Sahara
2597,Brittany Dominguez,dawn41@example.net,2025-02-10,Benin
2598,Kimberly Hernandez,michael77@example.org,2025-04-04,Bangladesh
2599,Stephanie Morales,joshua14@example.net,2024-12-22,Vietnam
2600,Geoffrey Arroyo,sandra91@example.net,2023-04-10,Jersey
2601,Keith Mendez,jeremiah48@example.com,2024-05-30,Saudi Arabia
2602,Mr. William Holt,whitekimberly@example.org,2022-12-27,Korea
2603,Drew Wilson,williamsdaniel@example.com,2023-10-27,Cocos (Keeling) Islands
2604,Kathleen Johnson,medinakayla@example.net,2023-08-09,Slovakia (Slovak Republic)
2605,Heather Peters,michael95@example.org,2024-06-14,Malawi
2606,Heather Ramos,williamsdonald@example.net,2023-02-06,Angola
2607,Leslie Gardner,nicholas01@example.net,2024-08-14,South Georgia and the South Sandwich Islands
2608,Sara Dudley,morriscarmen@example.com,2022-09-18,Vietnam
2609,James Martinez MD,jessicabell@example.org,2023-02-10,Rwanda
2610,Michael Nicholson,vincentjeremy@example.org,2023-04-03,Western Sahara
2611,Michael Hart,victoriafreeman@example.com,2024-06-18,Thailand
2612,Shannon Hodge DDS,shawtammy@example.org,2023-12-08,Mayotte
2613,Ronald Sherman,rwilson@example.net,2023-01-29,French Guiana
2614,William Gonzalez,derrickcolon@example.com,2025-01-23,Jersey
2615,Joy Johnson,smithmatthew@example.com,2022-09-22,Guernsey
2616,Michael Chen,tracy48@example.com,2024-11-24,Kenya
2617,Dana Santos,melissawolf@example.com,2025-06-05,Saint Lucia
2618,Angela Spears,uedwards@example.com,2024-06-30,Ecuador
2619,Theresa Henry,wwalker@example.net,2024-03-08,Costa Rica
2620,Emma Odonnell,kcampbell@example.com,2024-11-21,Nauru
2621,Ryan Castro,christopher59@example.org,2023-02-01,Lithuania
2622,Matthew Allen,isabella80@example.org,2024-10-19,Guatemala
2623,Kimberly Kelley,briancrawford@example.net,2025-05-18,Uruguay
2624,Melissa Turner,garyrios@example.net,2024-09-25,Faroe Islands
2625,Sarah Meyers,halledward@example.net,2022-09-30,Holy See (Vatican City State)
2626,Sandra Gibson,susan95@example.com,2024-02-21,Iraq
2627,Shawn Jackson,gainesdenise@example.org,2022-10-20,Japan
2628,Cassandra Adams,alicia05@example.com,2025-03-24,United Arab Emirates
2629,David Newman,glane@example.org,2022-09-06,Saudi Arabia
2630,Kristine Dominguez,matthewdavidson@example.net,2023-06-09,Portugal
2631,David Miller,julieallen@example.org,2024-06-01,Sao Tome and Principe
2632,Pamela Sullivan,ramseyrobin@example.net,2023-01-18,Solomon Islands
2633,Bryan Costa,riceronald@example.org,2023-09-24,San Marino
2634,Robert Williams,williamsandrew@example.org,2023-03-13,Korea
2635,Kendra Frost,hernandezjoseph@example.org,2024-12-18,Guam
2636,Mark Smith,cwilliams@example.net,2023-10-22,Mauritania
2637,Shawn May,jasongoodwin@example.net,2022-11-03,Tokelau
2638,Susan Bond,butlerdiane@example.org,2023-10-05,Armenia
2639,Debra Rodriguez,drobinson@example.org,2024-02-09,Ireland
2640,Cody Webster,keithbush@example.com,2025-03-03,Isle of Man
2641,Dean Phillips,juanthornton@example.org,2025-06-11,Saint Helena
2642,Linda Freeman,alison74@example.com,2023-11-16,United States Minor Outlying Islands
2643,Christopher Barnes,jsandoval@example.org,2025-07-24,Mongolia
2644,Christopher Wilson,rjensen@example.net,2024-08-18,Pakistan
2645,Jacob Lowery,cassandra84@example.com,2025-05-24,Comoros
2646,Stacey Carlson,zpalmer@example.net,2024-11-07,Denmark
2647,George Tran,andreawilson@example.com,2025-08-05,Bahamas
2648,Jared Vega,chadmendez@example.org,2024-12-15,Guadeloupe
2649,Terri Cooper,deankristen@example.net,2023-01-19,Sri Lanka
2650,Guy Davis,martinezkimberly@example.com,2024-11-30,Tunisia
2651,Mark Petersen,blairnicholas@example.com,2025-02-27,Niue
2652,Adriana Thompson,jacksondaniel@example.net,2024-07-28,Eritrea
2653,Scott Mcintosh,louis58@example.org,2024-01-12,Norway
2654,Amber Booth,orogers@example.com,2025-07-21,Argentina
2655,Kenneth Vincent,dustin63@example.net,2024-05-24,Falkland Islands (Malvinas)
2656,Kathy Reyes,whiteamanda@example.net,2025-08-03,Turks and Caicos Islands
2657,Crystal Lopez,econway@example.org,2024-06-10,Niger
2658,Jessica Kaiser,dsmith@example.org,2024-04-21,Liechtenstein
2659,Ryan Lewis,hoodwilliam@example.net,2023-06-26,Russian Federation
2660,Jeffery Whitehead,stephen00@example.com,2024-10-05,Falkland Islands (Malvinas)
2661,James Stout,waltermcdowell@example.net,2023-02-16,Guyana
2662,Brian Elliott,yjoseph@example.net,2025-02-06,Fiji
2663,Andrew Smith,michelescott@example.org,2022-10-12,Greece
2664,Valerie Phillips,velazquezalbert@example.com,2025-02-15,Australia
2665,Michael Coleman,tjones@example.com,2023-09-05,Greenland
2666,Amanda Garcia,joseph92@example.org,2024-03-10,Gabon
2667,David Lopez,villegasblake@example.com,2024-10-09,Wallis and Futuna
2668,Miranda Kennedy,barbaraestes@example.com,2022-12-08,Holy See (Vatican City State)
2669,Matthew Adams,patricia88@example.net,2024-08-07,United Arab Emirates
2670,Jessica Townsend,twilcox@example.org,2024-08-23,Bouvet Island (Bouvetoya)
2671,Becky Mcguire,lauren63@example.com,2023-05-12,Bangladesh
2672,Savannah Garcia,acarter@example.org,2025-04-13,Chad
2673,Brian Jarvis,nwhite@example.net,2024-07-19,United States Minor Outlying Islands
2674,Tracy Johnson,cjones@example.net,2023-12-08,Belgium
2675,William Andrews,hernandezchristina@example.net,2023-12-27,Venezuela
2676,Patty Martin,mannmaria@example.com,2023-05-18,Gabon
2677,Peter Mccoy,usmith@example.org,2025-04-25,Ecuador
2678,Christopher Price,michael55@example.net,2024-07-20,Reunion
2679,Melissa Romero,amanda96@example.net,2024-06-12,Slovakia (Slovak Republic)
2680,Michael Griffin,sandra38@example.com,2023-09-21,Slovakia (Slovak Republic)
2681,David Burns,kellysolis@example.org,2024-12-12,Gibraltar
2682,Lisa Austin,brooksdebbie@example.net,2023-10-11,Switzerland
2683,Kristy Woodard,raymond57@example.net,2024-07-07,Tonga
2684,Melanie Beck,ndickerson@example.com,2025-01-01,Zambia
2685,Carol Boyer,melanie20@example.com,2024-12-30,Uruguay
2686,Elijah Mccoy,carrollandrew@example.com,2025-07-11,Madagascar
2687,Mr. Joseph Parrish,sandrarichardson@example.com,2022-12-11,Dominica
2688,Mark Davis,jonesrick@example.net,2024-04-21,Libyan Arab Jamahiriya
2689,Mark Hudson,zlloyd@example.com,2025-01-06,British Virgin Islands
2690,Tyler Fox,danderson@example.net,2024-10-24,New Zealand
2691,Jon Campbell,susansmith@example.net,2023-10-29,Paraguay
2692,Stacey Williams,morgan16@example.org,2023-09-16,North Macedonia
2693,Leslie Cooper,frank01@example.com,2025-08-14,Equatorial Guinea
2694,Patrick Monroe,alexandrathomas@example.net,2024-04-19,Bouvet Island (Bouvetoya)
2695,Ray Gomez,bbryant@example.com,2025-07-07,Tunisia
2696,Mr. Grant Guerrero IV,mahoneysandra@example.net,2023-04-26,Nigeria
2697,Scott Wilson,lee94@example.com,2023-01-17,Pitcairn Islands
2698,Courtney Vasquez,zsilva@example.com,2024-10-29,Nauru
2699,Eric White,iayala@example.com,2023-10-22,Russian Federation
2700,James Long,brownalexis@example.net,2024-02-03,Singapore
2701,Leslie Rodriguez,vargasjessica@example.net,2025-04-14,Somalia
2702,John Perry,plong@example.org,2024-11-27,Saudi Arabia
2703,Elizabeth Parker,aanderson@example.net,2024-06-27,Pakistan
2704,Diana King,butlerjason@example.net,2024-11-15,Martinique
2705,William Beltran,jonathan90@example.com,2023-01-15,Pitcairn Islands
2706,Ronnie Hoover,stanleybrendan@example.net,2024-03-07,Swaziland
2707,Ryan Mccarthy,valerieramos@example.com,2023-04-04,Montserrat
2708,Erin Cox,monicawilliams@example.com,2024-06-10,Heard Island and McDonald Islands
2709,Adam Robinson,dtyler@example.org,2023-08-20,Sao Tome and Principe
2710,Kelli Benjamin,phelpsjenna@example.com,2025-04-28,Poland
2711,Allison Warren,fwilliams@example.org,2025-04-16,Liechtenstein
2712,Christine Hoffman,morenocarlos@example.org,2023-04-05,Cayman Islands
2713,Darryl Wright,ehayes@example.net,2024-10-22,Croatia
2714,Richard Edwards,christianatkins@example.com,2024-02-23,Dominica
2715,James Lewis,jacob67@example.org,2024-09-12,United States Virgin Islands
2716,Amanda Andersen,john17@example.net,2025-03-13,Cyprus
2717,Daisy Anderson,markmorales@example.com,2023-05-06,Jersey
2718,Vanessa Small,sherri14@example.net,2023-12-14,Montenegro
2719,Brian Mills,susan63@example.org,2023-01-28,Kiribati
2720,Robert Williams,carrcathy@example.com,2023-08-13,Portugal
2721,Jennifer Yates,pgraham@example.net,2024-05-10,Haiti
2722,Lisa Rodgers,joan00@example.org,2024-02-25,Ukraine
2723,Joseph Villarreal,kelsey84@example.org,2022-08-23,Guatemala
2724,Destiny Jones,natalie09@example.org,2023-09-21,Korea
2725,Monica Zimmerman,deborah83@example.org,2022-12-29,Slovakia (Slovak Republic)
2726,Larry Ortega,steve36@example.com,2023-08-20,Congo
2727,Vincent Brewer,donnabrown@example.com,2025-05-11,Netherlands
2728,Kiara Tran,patrick63@example.com,2024-03-26,Saint Kitts and Nevis
2729,Carol Garrett,gcain@example.org,2023-05-27,Estonia
2730,Mrs. Christine Poole,hoffmanthomas@example.com,2025-03-14,Western Sahara
2731,Joshua Williams,paulparsons@example.org,2024-12-17,Sierra Leone
2732,Margaret Jackson,zperez@example.net,2025-05-16,Lebanon
2733,John Howard,gmeyer@example.net,2022-10-25,Sao Tome and Principe
2734,Collin Snyder,philip06@example.net,2023-04-18,Costa Rica
2735,Kelly Torres,mariayates@example.org,2024-08-13,Papua New Guinea
2736,Troy Chan,nicolebarron@example.org,2024-07-28,Swaziland
2737,Andrew Cabrera,jessicawilliams@example.com,2022-11-09,British Virgin Islands
2738,Michael Gay,drobinson@example.net,2022-11-21,Bahrain
2739,Jonathan Jordan,xhall@example.org,2024-03-12,Slovakia (Slovak Republic)
2740,James Miranda,rscott@example.com,2025-05-24,Costa Rica
2741,Kenneth Owens,abrown@example.org,2023-12-17,Australia
2742,Sean Anderson,allisonerica@example.net,2023-12-01,Nepal
2743,Rhonda Nguyen,christine24@example.com,2023-06-02,Bhutan
2744,Rebecca Contreras,hernandezlinda@example.net,2023-11-30,Sri Lanka
2745,Brett Luna,psalinas@example.com,2024-09-16,Croatia
2746,April Lopez,delgadojody@example.com,2023-03-10,Nicaragua
2747,Mitchell Kelly,sean20@example.com,2022-11-11,Dominican Republic
2748,Mr. Shaun Larson,wellsandrew@example.org,2024-01-05,Faroe Islands
2749,Debra Johnson,reginaldallen@example.com,2025-02-10,North Macedonia
2750,Nicholas Rogers,mariasoto@example.net,2023-10-17,Benin
2751,Sara Shaw,alejandroclark@example.com,2024-11-26,Cuba
2752,Lucas Avila,kwoods@example.com,2022-12-02,Australia
2753,Patrick Mills PhD,schmidtroy@example.net,2025-04-25,Cambodia
2754,Cynthia Johnson,kennethheath@example.org,2023-04-14,Peru
2755,Derek Lee,kaylamitchell@example.net,2023-07-09,Iraq
2756,Kathleen Macdonald,vmeyer@example.com,2024-04-18,Belgium
2757,David Gilbert,danieljones@example.com,2023-04-29,Guinea-Bissau
2758,Michael West,mosleynancy@example.net,2025-02-12,Tonga
2759,Andrew Figueroa,ryan96@example.com,2025-04-30,Bouvet Island (Bouvetoya)
2760,Bradley Nguyen,wendy90@example.org,2023-03-16,Jordan
2761,William Taylor,moorekayla@example.org,2025-02-19,United Kingdom
2762,Donald Figueroa,danhanson@example.org,2023-07-25,Gibraltar
2763,Ronald Myers,adam87@example.net,2024-10-18,Korea
2764,Nicholas Peterson,jlewis@example.org,2024-08-10,Ukraine
2765,Jessica Carroll,ryan39@example.net,2024-06-23,Thailand
2766,Adam Chambers,rwilson@example.com,2022-10-03,Uruguay
2767,Robert Blair,cnguyen@example.net,2022-11-02,Burundi
2768,Melissa Norris,emccoy@example.com,2024-01-28,Georgia
2769,Sean Ballard,singhrodney@example.net,2025-07-09,Portugal
2770,Joel Steele,cathyrodriguez@example.net,2023-05-04,Bolivia
2771,Chad Holden,sherryvaldez@example.org,2025-06-10,Turkey
2772,Nathan Keller,jessicabowen@example.org,2023-06-18,Azerbaijan
2773,Jeffrey Quinn,agriffin@example.org,2025-06-14,Wallis and Futuna
2774,Timothy Robbins,phillip13@example.org,2023-03-01,Iceland
2775,Jessica Mccarthy,harrisjames@example.net,2023-03-04,Gambia
2776,Brandon White,khancock@example.com,2024-02-26,Liechtenstein
2777,Valerie Robinson,loweryjohn@example.net,2023-10-06,Haiti
2778,Kayla Brown,hammondgrant@example.com,2025-06-18,Guam
2779,Natalie Ward,hernandezjoseph@example.net,2025-04-15,Norway
2780,Ralph Hayden,nicolehoward@example.com,2025-08-12,Niger
2781,Cheryl Hamilton,whitemichelle@example.com,2024-08-10,Nicaragua
2782,Tracy Ray,jsolis@example.org,2023-06-07,South Africa
2783,Jennifer Murphy,heatherjames@example.com,2023-08-19,Bouvet Island (Bouvetoya)
2784,Holly Jones,greennicole@example.org,2024-11-13,Heard Island and McDonald Islands
2785,Timothy Carter,bbradley@example.net,2022-08-30,Azerbaijan
2786,Jordan Patrick,edward16@example.com,2023-04-25,Tuvalu
2787,Emily Wagner,smithcharles@example.net,2023-06-02,Nicaragua
2788,Ryan Young,gcooper@example.net,2025-01-29,Falkland Islands (Malvinas)
2789,Amy Ball,michaellewis@example.net,2023-03-19,Brazil
2790,Ashley Carpenter DDS,ray12@example.net,2025-07-23,Romania
2791,Kelly Curtis,laura68@example.com,2023-07-02,Lebanon
2792,Charles Newman,wardmichael@example.net,2023-01-04,Qatar
2793,Andrea Owens,kellyweber@example.net,2024-02-16,Cook Islands
2794,Eric Charles,cbrown@example.org,2024-04-26,Chad
2795,Jesse Mccullough,ecannon@example.com,2024-10-11,Mauritius
2796,Ronald Bryan,rwallace@example.net,2024-01-27,Mongolia
2797,Heather Vaughn,melaniedelgado@example.net,2024-07-06,Nepal
2798,Andrew Schroeder,tylersarah@example.org,2023-06-20,Nepal
2799,Bruce Robles,noneill@example.net,2025-04-05,Serbia
2800,Mrs. Kristin Garrison,sonyarosales@example.org,2025-08-04,Spain
2801,Anita Page,guerrajoshua@example.org,2025-06-22,Holy See (Vatican City State)
2802,Rachel Mills,reedshannon@example.net,2025-02-13,Sierra Leone
2803,Laura Mills,davidjames@example.net,2023-03-19,Russian Federation
2804,Johnny Chandler,uzuniga@example.net,2023-03-29,Solomon Islands
2805,Nicholas Estrada,kimmichael@example.com,2025-07-18,French Southern Territories
2806,Nancy Lambert,iwalker@example.com,2024-02-24,Congo
2807,James Parker,samantha62@example.org,2024-08-25,Guyana
2808,Richard Moore,johnsonamy@example.net,2024-01-17,Albania
2809,Bryan Mccormick,elizabeth32@example.net,2024-03-03,Kazakhstan
2810,Joshua Bond,clarkdarren@example.com,2022-12-31,Saint Helena
2811,Tanya Ortiz,laurenmiranda@example.com,2022-09-08,Saint Pierre and Miquelon
2812,Brianna Jones,isaacvang@example.net,2023-05-14,Bhutan
2813,Sabrina Morgan,garysimpson@example.net,2023-08-25,Uzbekistan
2814,Katherine Allen,ronaldperkins@example.com,2024-10-29,South Georgia and the South Sandwich Islands
2815,Kristie Swanson,qbowman@example.org,2024-07-14,Kiribati
2816,Rachel Brady,mary70@example.net,2023-05-27,Faroe Islands
2817,Michael Johnson,hmoss@example.net,2023-08-29,Hong Kong
2818,Chad Rice,tammy62@example.org,2023-02-24,Turkmenistan
2819,Nicholas Ayala,audreyrobinson@example.org,2022-10-10,Libyan Arab Jamahiriya
2820,Michael Henson,hicksdeanna@example.com,2024-08-23,Monaco
2821,Patrick Dunn,mariapace@example.net,2024-12-26,Ukraine
2822,Denise Frey,donald20@example.net,2025-02-07,Saint Martin
2823,George Gordon,cody84@example.net,2024-06-22,Mongolia
2824,Nathaniel Chen,blewis@example.org,2024-08-29,Guadeloupe
2825,Kenneth Martinez,chrisstone@example.net,2024-11-11,Seychelles
2826,Kaitlyn Peterson,samantha00@example.com,2023-06-22,Jersey
2827,Mary Turner,johnsonjill@example.org,2024-01-11,Egypt
2828,Alexander Lamb,burkealbert@example.com,2022-11-22,Puerto Rico
2829,Briana Holt,bcharles@example.net,2023-01-29,Heard Island and McDonald Islands
2830,Michael Murphy,nbaxter@example.org,2024-08-22,Mayotte
2831,Kara Anderson,owenscharles@example.net,2024-02-02,Botswana
2832,Chelsea Lyons,jacksoncrystal@example.net,2025-07-15,Zimbabwe
2833,Patricia Long,amyprice@example.org,2025-01-10,Malaysia
2834,Ashley Velez,danielle08@example.net,2023-03-13,Tonga
2835,Amanda Johnston,ddixon@example.net,2023-12-18,Mexico
2836,Randy Nelson,barkermelissa@example.net,2024-11-09,United States of America
2837,Donald Morris,bmiles@example.com,2022-12-01,United States Virgin Islands
2838,Tamara Simmons,ortegamichelle@example.net,2025-06-15,Korea
2839,Cynthia Brown,bobby69@example.net,2024-03-06,Malawi
2840,Felicia White,gail96@example.org,2023-08-26,Mauritius
2841,Vincent Miller,inelson@example.net,2025-01-03,Malaysia
2842,Alexa Lee,petersrobert@example.net,2025-02-21,Grenada
2843,Michael Thomas,justin20@example.net,2023-06-12,Aruba
2844,Ashley Leach,moorestephen@example.net,2023-10-08,Portugal
2845,Stephen Sutton,fnorton@example.net,2024-12-21,El Salvador
2846,Jeffrey Smith,brownjacob@example.com,2023-06-12,Greece
2847,Brooke Coleman,carlosvelasquez@example.net,2024-11-09,New Zealand
2848,Julie Gonzalez,richard72@example.org,2023-01-26,Mayotte
2849,Jennifer Jones,bethanystewart@example.org,2025-02-07,American Samoa
2850,Robert Mckinney,jonathan20@example.com,2023-06-10,Cuba
2851,Parker Bennett,jon78@example.org,2023-09-23,Faroe Islands
2852,Yvette Sanders,waredana@example.net,2024-04-28,Cayman Islands
2853,Robert Jordan,robinsonmatthew@example.net,2024-03-22,Mexico
2854,Zachary Snyder,marywoods@example.org,2023-03-31,Mauritius
2855,James Wilson,meltonsteven@example.com,2022-11-01,Norfolk Island
2856,Christopher Harmon,ambermiddleton@example.com,2025-02-12,Syrian Arab Republic
2857,Madison Brown,taylor08@example.com,2024-04-02,Romania
2858,Stanley Jordan,wolfemanuel@example.net,2024-01-07,Israel
2859,Jeffrey Williams,diazsharon@example.net,2024-02-02,Zimbabwe
2860,Candice King,harrismackenzie@example.org,2024-02-29,India
2861,Nicole Horton,pstanley@example.org,2024-12-16,Hong Kong
2862,Holly Green DDS,amy51@example.org,2025-02-23,Svalbard & Jan Mayen Islands
2863,Michael Scott,smithmatthew@example.org,2025-08-07,Portugal
2864,Kimberly Brooks,sanchezjessica@example.org,2022-12-17,Niue
2865,Donna Rodriguez,stephenperkins@example.com,2024-08-29,Palestinian Territory
2866,Jordan Whitaker,shelia44@example.org,2024-12-10,Armenia
2867,Carrie Johnson,thomas06@example.net,2024-01-13,Anguilla
2868,Michelle Young,ryanjones@example.net,2023-06-08,Austria
2869,Chase Rodriguez,brentfreeman@example.com,2025-05-02,Saint Vincent and the Grenadines
2870,Yvette Hernandez,usullivan@example.com,2025-06-15,Gibraltar
2871,Joseph Stevens,zacharylucas@example.org,2025-04-08,Korea
2872,Sarah Erickson,zacharywalsh@example.net,2024-03-10,Kenya
2873,Christy King,margaretturner@example.net,2023-08-31,Niue
2874,Michelle Roberts,virginia29@example.org,2024-05-12,Guyana
2875,Jessica Mccarthy,gilltroy@example.com,2023-09-04,Cuba
2876,Anna Jones,ggonzalez@example.net,2023-05-04,Niger
2877,Cole Newman,kingjames@example.org,2023-09-15,Fiji
2878,Jamie Williams,armstrongashley@example.net,2023-06-20,Tokelau
2879,Douglas Watkins,martinezerin@example.org,2023-08-27,Saint Kitts and Nevis
2880,David Jarvis MD,katherinemccarthy@example.org,2022-09-25,El Salvador
2881,Jason Vega,ifrazier@example.org,2023-02-03,Netherlands
2882,Andrea Floyd,michael63@example.org,2023-11-06,Afghanistan
2883,Brent Burke,uware@example.net,2022-10-13,Eritrea
2884,Joshua Wolfe,floresjoseph@example.com,2023-03-18,Congo
2885,Kayla Calderon,ortizlaurie@example.org,2024-01-16,Panama
2886,Brian Carter,louis29@example.com,2023-06-20,Greenland
2887,Shane Lopez,fjackson@example.org,2023-07-19,Niger
2888,Nichole Smith,nicholas49@example.org,2024-01-01,Ukraine
2889,Thomas Butler,nathanortega@example.net,2024-08-22,British Virgin Islands
2890,Amy Diaz,james41@example.net,2024-11-13,Yemen
2891,Christina Moyer,samanthabeasley@example.net,2023-07-16,Azerbaijan
2892,Brandi Thomas DVM,zgutierrez@example.com,2025-06-07,Micronesia
2893,Heather Delacruz,tammy65@example.com,2023-07-13,Saint Vincent and the Grenadines
2894,David Fuller,jordanbrittney@example.com,2023-11-23,South Africa
2895,Kelly Morrison,david41@example.net,2022-09-21,Burundi
2896,Benjamin Lopez MD,linda94@example.net,2024-09-23,Portugal
2897,Nicole Spears,jessica15@example.net,2023-05-19,Swaziland
2898,Steven Morgan,harriskatherine@example.org,2023-07-21,United States Virgin Islands
2899,Samuel Williams,johnsonlauren@example.com,2024-06-29,Niue
2900,Rebecca Watkins,joseph69@example.net,2023-10-15,Saudi Arabia
2901,Anthony Chandler,figueroajanet@example.org,2024-02-22,Japan
2902,William Frazier,matthew48@example.org,2023-11-22,Svalbard & Jan Mayen Islands
2903,David Blake,watkinsamanda@example.com,2025-08-02,United Arab Emirates
2904,Daniel Allen,bridgetfranklin@example.org,2023-01-15,South Africa
2905,Marcus Lopez,ryanparks@example.org,2023-12-24,Barbados
2906,Linda Wright,daniel11@example.org,2023-11-08,Korea
2907,Christopher Smith,bkelly@example.org,2022-12-16,New Caledonia
2908,David Lawson,bakerrebekah@example.net,2025-06-24,Bahrain
2909,Mary King,umelton@example.org,2022-09-28,Gibraltar
2910,Victoria Taylor,julia80@example.com,2025-07-22,United States Virgin Islands
2911,John Jackson,chamberserin@example.com,2025-08-12,Christmas Island
2912,Mrs. Amanda Ware MD,michael41@example.org,2024-08-27,Guinea-Bissau
2913,Lisa Hubbard,beth66@example.org,2024-11-02,Aruba
2914,Jacqueline Lane,rwade@example.com,2022-12-01,Rwanda
2915,Katherine Alvarez,gregoryleslie@example.com,2023-01-27,Guam
2916,Dr. Laura Turner,curtis48@example.org,2024-12-05,Czech Republic
2917,Ralph Hays,harrisemily@example.org,2024-02-27,Sao Tome and Principe
2918,Kathryn Walton,pcastro@example.com,2024-10-31,Turks and Caicos Islands
2919,Kimberly Conner,crobertson@example.org,2023-03-24,Belize
2920,Matthew Mendoza,laura14@example.net,2024-05-06,Pitcairn Islands
2921,Christopher Mills,bentleyamber@example.com,2024-06-19,New Zealand
2922,Daniel Hahn,nicholereed@example.com,2025-01-18,Peru
2923,Brett Johnson,daviscynthia@example.com,2024-01-25,Grenada
2924,Melinda Parker,lisahubbard@example.com,2023-08-13,South Africa
2925,Dominic Delgado,iramirez@example.org,2023-05-28,Panama
2926,Daniel Quinn,rogersamy@example.com,2023-09-06,Greenland
2927,Pamela Bush,isaac17@example.org,2022-09-24,Barbados
2928,Jessica Park,erikschultz@example.com,2023-03-05,Reunion
2929,Calvin Smith,parkerjeanne@example.org,2023-07-25,Panama
2930,Katherine Munoz,dale06@example.net,2023-03-07,Honduras
2931,Joe Zamora,travispatrick@example.com,2024-02-07,Zambia
2932,Cameron Rios,amber08@example.net,2024-07-14,French Guiana
2933,David Swanson,ryankrista@example.org,2024-09-25,Cape Verde
2934,Ashley Klein DVM,tcurry@example.net,2024-02-12,Saint Lucia
2935,Nathan Cooper,ryan83@example.org,2025-08-05,United States of America
2936,Darren Lee,mejialindsay@example.net,2023-05-25,Costa Rica
2937,Priscilla George,christopher51@example.org,2025-06-30,Hong Kong
2938,Jenna Castro,wrobinson@example.net,2023-12-14,Poland
2939,John Harris,lreeves@example.org,2023-04-16,Belgium
2940,Lisa Fitzgerald,cynthia24@example.com,2024-07-29,San Marino
2941,Joseph Rodriguez,huangderek@example.com,2024-11-07,Yemen
2942,Nicole Cox,michelle00@example.org,2024-03-26,Finland
2943,Cassandra Taylor,xsandoval@example.com,2024-07-29,Swaziland
2944,Emily Moore,daniellopez@example.com,2025-04-01,Gabon
2945,Tina Thomas,eyoung@example.org,2022-08-22,Moldova
2946,Angel Ayers,carolynjones@example.com,2025-06-06,New Zealand
2947,Angela Alexander,aimee26@example.net,2025-02-14,Sudan
2948,Lori Gonzales,riveraeugene@example.com,2023-11-02,Mali
2949,Kimberly Lara,troy71@example.com,2024-12-05,Barbados
2950,Patricia Guerrero,davidthompson@example.com,2024-10-13,Portugal
2951,Brian Miller,dennis66@example.org,2024-01-19,Trinidad and Tobago
2952,Amanda Sharp,walkerjacqueline@example.com,2023-03-27,China
2953,Amanda Cooper,laurie81@example.net,2024-03-26,United States of America
2954,Rodney Dunn,vjohnson@example.net,2024-02-23,Cuba
2955,Jennifer Morgan,masseyjennifer@example.net,2023-04-02,Jamaica
2956,Justin Jones,michael78@example.org,2025-06-14,Congo
2957,Ashley Fuentes,alexandra53@example.org,2024-02-16,Lithuania
2958,Brenda Thompson,moralesamy@example.org,2023-01-06,Brunei Darussalam
2959,Jessica Jenkins,rollinsrandy@example.com,2022-10-07,Guam
2960,Calvin Potter,brianreyes@example.net,2024-08-27,Serbia
2961,Linda Juarez,bellcaitlin@example.com,2025-04-09,Albania
2962,Lindsey Carlson,oneillkyle@example.com,2024-12-20,Pitcairn Islands
2963,Kimberly Wagner,adunn@example.net,2024-10-24,Iraq
2964,Christina Kirk DDS,mathewsmarcus@example.net,2024-02-25,Korea
2965,Leonard Campbell,katherinehuerta@example.net,2023-03-23,United States of America
2966,Mr. Ricky Howard,steven30@example.com,2023-07-01,Poland
2967,Matthew Hoover,jennifer20@example.com,2023-09-11,United States of America
2968,Kim Mendez,bennettnicholas@example.net,2023-05-01,Italy
2969,Matthew Mitchell,vanessa73@example.com,2024-07-20,Lebanon
2970,Timothy Rivas,william11@example.net,2025-03-27,Philippines
2971,David Terrell,michaelhouston@example.org,2024-09-17,Costa Rica
2972,Michael Collins,scurtis@example.com,2025-07-06,Sudan
2973,Allen Garcia,wpalmer@example.org,2023-11-17,Albania
2974,Jermaine Brewer,nicole77@example.net,2024-11-04,Jordan
2975,Brian Tapia,smithmark@example.net,2023-06-21,Denmark
2976,Kristen Curtis,douglasalex@example.net,2025-03-10,Italy
2977,Julie Webb,william26@example.org,2025-06-29,Gambia
2978,Megan Robinson,jennifer49@example.net,2024-06-19,Guam
2979,James Golden,priscilla65@example.org,2023-11-05,Liberia
2980,Eric Morales,kelly04@example.org,2025-01-05,Colombia
2981,Bryce Evans,lwhite@example.com,2023-06-20,Equatorial Guinea
2982,Jaclyn Miller,joseph75@example.org,2023-07-05,Armenia
2983,Tyler Nguyen,daniel96@example.org,2023-08-09,British Virgin Islands
2984,Eric Shepard,kmeyers@example.com,2023-01-19,Antarctica (the territory South of 60 deg S)
2985,Kenneth Lucas,william65@example.com,2024-04-28,Hong Kong
2986,Angela Perez,kristinaramos@example.org,2024-10-15,Swaziland
2987,Robin Lopez,kimberly25@example.com,2024-05-02,Cameroon
2988,Melissa Parker,christophermiller@example.com,2025-06-24,Ukraine
2989,Sherry Ortega,douglas63@example.org,2023-07-06,Mongolia
2990,Eric Dennis,pnguyen@example.com,2024-10-27,Western Sahara
2991,Kimberly Ramos,ecox@example.net,2023-03-29,Isle of Man
2992,Jonathan Fisher,flewis@example.org,2024-09-18,Cuba
2993,Thomas Gonzales,taylortaylor@example.com,2025-04-10,Norway
2994,Deborah Hanson,figueroajoshua@example.com,2025-05-06,Cayman Islands
2995,Andrew Reed,jennifer33@example.net,2025-03-26,Pitcairn Islands
2996,Taylor Shields,davidadams@example.com,2022-09-14,Zimbabwe
2997,Sandra Johnson MD,jonesangela@example.com,2023-05-07,Equatorial Guinea
2998,Gary Jenkins,phelpsreginald@example.com,2022-12-15,Angola
2999,Erin Castillo,amy60@example.net,2024-12-21,Estonia
3000,Brian Best,cgraham@example.net,2023-06-24,Gabon
3001,Kimberly Russell,uramsey@example.org,2023-09-16,Dominica
3002,Meghan Patton,melissa11@example.org,2023-09-18,Saudi Arabia
3003,Tina Montoya,hsmith@example.com,2022-09-08,Poland
3004,Daniel Becker,samantha22@example.org,2025-01-11,Gambia
3005,Maria Daniels,yangvincent@example.com,2024-03-29,Saudi Arabia
3006,Matthew Cruz,mlarson@example.org,2024-12-12,Samoa
3007,Larry Martinez,dlee@example.org,2024-06-04,Bolivia
3008,Tara Blair,stephaniecole@example.net,2022-10-14,Korea
3009,Alexander Carpenter,falvarado@example.org,2022-10-30,Saint Lucia
3010,Jeremiah Garcia,cervantesbrian@example.net,2023-07-02,Finland
3011,Jonathan Matthews,james60@example.net,2023-06-29,Mozambique
3012,Bryan Taylor,dalexander@example.org,2023-12-30,Andorra
3013,Alyssa Castro,christina34@example.net,2024-07-18,Palau
3014,Jacob Shelton,sarahperez@example.org,2025-05-13,Saint Martin
3015,Michael Hall,joseph34@example.org,2024-10-07,Belgium
3016,Timothy Sellers,vargasjessica@example.com,2024-12-24,Malaysia
3017,Lisa Hodge,rhondaphillips@example.com,2025-04-27,Indonesia
3018,Mark Walsh,hannah80@example.net,2024-12-02,Equatorial Guinea
3019,Tami Contreras,angela08@example.net,2022-12-25,Central African Republic
3020,Shannon Clark,wallacealexander@example.com,2023-09-12,Trinidad and Tobago
3021,Donald Brooks,johnsonmeredith@example.com,2023-03-06,Guadeloupe
3022,Eric Alvarado,jennifer05@example.org,2023-11-19,Solomon Islands
3023,Bryan Stevens,james84@example.net,2023-04-09,Lebanon
3024,Lisa Simpson,qmiller@example.net,2025-04-08,Liechtenstein
3025,Joel Mullen,bryan01@example.org,2024-06-30,Bahamas
3026,Bonnie Pittman,mmendoza@example.com,2022-11-28,Sierra Leone
3027,Kimberly Young,xdelgado@example.com,2022-12-16,Eritrea
3028,Kelsey Chan,wbass@example.net,2024-05-12,Uruguay
3029,Andrea Buck,oriley@example.net,2024-08-17,Morocco
3030,Melanie Cox,jordanmiranda@example.net,2024-10-04,Australia
3031,Jessica Mcdaniel,calvinrobinson@example.net,2025-07-05,Cook Islands
3032,Matthew Davis,shirleyhernandez@example.net,2023-10-02,Isle of Man
3033,Matthew Washington,warerichard@example.net,2024-08-01,Bolivia
3034,James Jackson,sdunlap@example.org,2025-08-07,Bulgaria
3035,Andrew Robertson,monica83@example.com,2023-09-28,United States Virgin Islands
3036,Alyssa Chung,jeffrey89@example.net,2023-08-30,Namibia
3037,Eric Salinas,elivingston@example.org,2023-08-03,Honduras
3038,Heather Oneal,diana73@example.com,2023-04-13,Vietnam
3039,Brandon Moore,jenniferrobinson@example.org,2025-04-20,Namibia
3040,Alex Miller III,joseph99@example.com,2024-09-17,Saudi Arabia
3041,Nathan Watson,kdavis@example.com,2024-02-05,Saint Lucia
3042,Troy Thompson,jphillips@example.com,2022-09-01,Bermuda
3043,Chad Williams,jenna31@example.com,2025-02-20,Uzbekistan
3044,Linda Nelson,buchananjoshua@example.com,2024-03-23,North Macedonia
3045,Tyler Hopkins,curtis43@example.com,2022-11-19,Kazakhstan
3046,Steven Taylor,marilyn91@example.net,2023-04-05,Colombia
3047,Caleb Francis,shawnariley@example.net,2023-05-08,Guinea
3048,Jennifer Avery,jeremypeterson@example.org,2025-07-06,Liberia
3049,Samantha Watson,robertfox@example.com,2025-04-02,Andorra
3050,Andrew Anderson,holmescarolyn@example.com,2023-04-05,United States Virgin Islands
3051,Derek Sanders,pamela62@example.com,2024-09-12,Niue
3052,Sue Alexander,ashleypatterson@example.com,2025-07-15,Marshall Islands
3053,Thomas Cooke,ghammond@example.org,2022-12-06,Jersey
3054,Zachary Moore,henrychristian@example.net,2024-07-17,Nauru
3055,Thomas Jackson,robert50@example.com,2023-11-11,Kuwait
3056,Samuel Reyes,jfigueroa@example.com,2023-04-02,Cameroon
3057,Lisa Smith,jamesmartinez@example.net,2024-03-16,Barbados
3058,Aaron Carter,jonesmark@example.net,2024-08-19,Niue
3059,Kathleen Rodriguez,fcollier@example.com,2023-10-29,Montserrat
3060,Alexis Singh,john73@example.com,2025-03-06,Andorra
3061,Mary Young,charleshughes@example.com,2022-12-23,Fiji
3062,Gwendolyn Weber,amanda16@example.com,2022-09-13,Belgium
3063,Luis Wiley,nancymartin@example.net,2024-05-13,Japan
3064,Wendy Butler MD,apriltaylor@example.net,2023-03-15,Vanuatu
3065,Amber Dean,jenniferking@example.org,2022-12-21,Gibraltar
3066,David Aguilar,jessicaallen@example.com,2024-09-18,Chile
3067,Hannah Ramsey,powellsharon@example.com,2025-05-23,Falkland Islands (Malvinas)
3068,Mrs. Heidi Golden,christinacole@example.com,2024-07-03,Cyprus
3069,Tammy Walton,katiehaley@example.com,2023-10-09,United Kingdom
3070,Nicholas Snyder,waltonjose@example.net,2025-02-08,Macao
3071,April Alvarez,justinarnold@example.com,2023-06-13,Ethiopia
3072,Marie Cook,jasminegalvan@example.com,2024-08-12,Cambodia
3073,Jill Graham,uknight@example.net,2023-09-24,Azerbaijan
3074,Jose Petersen,acostaamy@example.net,2023-03-29,Malta
3075,Christopher Brown,ysmith@example.com,2024-06-30,Netherlands Antilles
3076,John Rios,christopher39@example.com,2023-08-17,Central African Republic
3077,Brianna Sanchez,allisonchristensen@example.net,2025-02-24,Burundi
3078,Steven Fowler,wzuniga@example.net,2023-03-02,Lebanon
3079,Brenda Lyons,dballard@example.net,2022-12-02,Korea
3080,Gavin Melton,nwatkins@example.com,2025-05-15,Burkina Faso
3081,Andrew Martinez,elopez@example.net,2023-02-01,Iran
3082,Nicole Rodriguez,hatfieldadam@example.com,2023-12-18,El Salvador
3083,Grant King,kenneth15@example.com,2024-09-21,Korea
3084,Michael Davis,allison97@example.com,2025-01-09,Holy See (Vatican City State)
3085,Jimmy Miller,hannah69@example.com,2025-08-16,Greenland
3086,Amber Thompson,simmonschad@example.org,2025-05-18,French Southern Territories
3087,Katelyn Kennedy,dwilliams@example.com,2024-11-20,Hong Kong
3088,Kerri Copeland,gina03@example.com,2025-07-01,British Virgin Islands
3089,Randall Collins,brownanthony@example.net,2023-02-27,Saint Martin
3090,Ashley Santiago,kayla02@example.net,2024-05-07,Saint Lucia
3091,Barry Harper,dominguezcatherine@example.org,2025-08-06,Micronesia
3092,Theresa Wilson,christophervillarreal@example.org,2024-02-21,Norway
3093,Lisa Leonard,robert18@example.com,2025-06-02,Antigua and Barbuda
3094,Wendy Hicks,ronaldhernandez@example.net,2024-08-01,Belarus
3095,Matthew Perez,leonardrichard@example.net,2023-10-14,Namibia
3096,Johnny Gonzalez,caseyjohn@example.net,2024-01-22,Kyrgyz Republic
3097,Lonnie Clark,andradebrian@example.com,2023-05-03,Saint Lucia
3098,Lisa Zimmerman,dianalopez@example.net,2025-08-12,Honduras
3099,Richard Anderson,hjones@example.com,2023-01-05,Peru
3100,Jennifer Nguyen,hmartinez@example.org,2024-01-11,Bouvet Island (Bouvetoya)
3101,Julia Wright,melvin79@example.org,2025-07-24,Morocco
3102,Elizabeth Hartman,michelle45@example.net,2023-09-07,Martinique
3103,Mary Griffith,xallen@example.net,2023-04-23,Mongolia
3104,Bethany Frederick,donaldcarroll@example.com,2024-05-18,Turkey
3105,Christina Johnson,paul91@example.net,2022-10-10,Niue
3106,Kylie Bartlett,allenmaria@example.com,2023-07-09,Vanuatu
3107,Ann Wilson,michelledavis@example.com,2025-06-08,Australia
3108,Hunter Allen,heathergeorge@example.org,2024-05-29,Reunion
3109,Sabrina Sampson,vincentellis@example.com,2023-06-11,Guyana
3110,Matthew Harris,tina46@example.org,2023-03-24,Palau
3111,Michelle Campbell,michael13@example.net,2023-08-24,Bulgaria
3112,Fernando Cox DDS,coxkathy@example.com,2024-07-30,Grenada
3113,James Gallegos,lisabarr@example.net,2023-05-08,France
3114,Gary Howard,vsanchez@example.org,2024-11-12,Libyan Arab Jamahiriya
3115,Matthew Smith,robert56@example.net,2023-09-14,Antarctica (the territory South of 60 deg S)
3116,Austin Ross,masonnathaniel@example.org,2022-11-23,Niger
3117,Ronald Castro,jenniferharris@example.com,2023-09-23,Saint Kitts and Nevis
3118,Kevin Ali,bsimon@example.org,2024-02-07,China
3119,Christian Garcia,mariahmartin@example.org,2024-11-07,Liberia
3120,Stephanie Yang,kaiserbrenda@example.org,2024-10-04,Christmas Island
3121,Daniel Peterson,paulagriffin@example.com,2025-01-29,Suriname
3122,Philip Perry,alexanderhayes@example.net,2024-07-06,Finland
3123,Donna Adams,michelewade@example.net,2024-01-03,Russian Federation
3124,Lisa Navarro,jessicahopkins@example.org,2023-03-25,British Indian Ocean Territory (Chagos Archipelago)
3125,Michael Clark,kariprice@example.net,2023-04-28,Christmas Island
3126,Keith Cortez,donna55@example.net,2023-10-11,Kazakhstan
3127,Susan Clark,katherine14@example.org,2023-08-31,China
3128,Stephanie Walker,gbautista@example.com,2023-12-31,Burundi
3129,Krista Smith,aaron88@example.com,2023-03-19,Bahamas
3130,Benjamin Bennett,cherylbruce@example.org,2023-04-19,Ireland
3131,Patricia Lynn,haleyshane@example.net,2025-08-06,French Polynesia
3132,Rebecca Collins,patty26@example.com,2022-09-11,Poland
3133,James Wheeler,christianelizabeth@example.net,2023-04-12,Malaysia
3134,Paula Miller,amber89@example.com,2023-01-13,Guinea
3135,Megan Anderson,vanessa62@example.org,2023-09-26,Saint Vincent and the Grenadines
3136,James Pham,amccann@example.net,2023-09-22,Spain
3137,Robin Barrett,laceygeorge@example.com,2024-07-15,Slovenia
3138,Catherine Huff,zherrera@example.com,2024-10-27,Cayman Islands
3139,Kimberly Obrien,grivera@example.net,2023-01-18,Saint Kitts and Nevis
3140,Jason Jones,lori11@example.net,2022-11-20,Guyana
3141,Jesse Lin,jonathan38@example.com,2023-01-30,Netherlands Antilles
3142,John Williams,amandalopez@example.org,2023-08-12,Czech Republic
3143,Tammy Miles,mark05@example.net,2024-10-06,Austria
3144,Eric Walsh,thoward@example.com,2025-06-06,United Kingdom
3145,Carrie Chen,zwise@example.org,2023-10-06,Angola
3146,Ronald Page,casey47@example.org,2024-06-14,Syrian Arab Republic
3147,Clifford Dougherty,michelle65@example.org,2023-11-19,Norfolk Island
3148,Dale Peterson,jesserose@example.org,2023-02-04,Netherlands Antilles
3149,Courtney Powell,oliverjoshua@example.net,2025-05-08,Lesotho
3150,Angela Richardson,lindajohnson@example.com,2023-10-09,Gambia
3151,Virginia Hall,pacemelissa@example.net,2024-02-18,Portugal
3152,Angelica Diaz,mgraham@example.org,2023-12-09,Niue
3153,Laura Parker,lindsaymccarthy@example.org,2023-12-10,Portugal
3154,Kristin Nguyen,vgoodman@example.net,2025-04-18,Korea
3155,Mackenzie Ochoa,williamgilbert@example.net,2023-11-03,Serbia
3156,Timothy Alvarez,icase@example.org,2025-01-31,Mexico
3157,Lance Ortega,thompsonaustin@example.com,2022-10-19,Somalia
3158,Kevin Walters,josephking@example.org,2024-11-25,Turks and Caicos Islands
3159,Manuel Perez,choward@example.org,2022-12-21,Dominican Republic
3160,Matthew Schneider MD,suttonderek@example.com,2024-06-14,Guatemala
3161,Anthony Cline,jonesvirginia@example.com,2023-04-29,Antigua and Barbuda
3162,Paul Kelly,kingbrittany@example.net,2022-10-08,Luxembourg
3163,Margaret Newman,dianetyler@example.org,2023-01-23,Ethiopia
3164,Matthew Lewis,alan66@example.org,2023-05-02,Gambia
3165,Benjamin Nelson,theresathomas@example.org,2023-07-15,South Africa
3166,Alicia Hahn,deborah80@example.com,2025-04-16,Malaysia
3167,John Ortiz,vrice@example.net,2024-10-01,Malta
3168,Dana Fowler,kirstenayala@example.com,2024-08-31,Uganda
3169,Destiny Kim,sfigueroa@example.net,2022-11-16,Vanuatu
3170,Eric King,karen97@example.net,2024-10-15,French Guiana
3171,Melissa White,ewhite@example.net,2024-10-04,Bhutan
3172,Sean Hickman,dsilva@example.org,2024-04-25,Cameroon
3173,Brandon Owens,tcole@example.org,2023-10-27,Pakistan
3174,Paula Patterson,oliviagarcia@example.com,2023-08-05,South Africa
3175,Victor Simmons,sanderson@example.net,2025-01-21,Netherlands Antilles
3176,Dennis Wyatt,jcarney@example.org,2023-11-13,Syrian Arab Republic
3177,Eric Garcia,emily61@example.com,2025-01-28,Saudi Arabia
3178,Amy Hall,mitchellbridges@example.com,2024-12-11,Christmas Island
3179,Yvette Meyers,michelle17@example.org,2023-01-13,Pitcairn Islands
3180,Kelly Delgado,butlerkevin@example.net,2024-09-21,South Georgia and the South Sandwich Islands
3181,Lisa Nichols,davispatrick@example.com,2023-04-06,Luxembourg
3182,Tiffany Walters,toddschmitt@example.org,2023-05-30,British Virgin Islands
3183,Amanda Harris,gsanders@example.com,2024-07-09,Guinea-Bissau
3184,Amanda Hale,tboone@example.org,2022-09-05,Kenya
3185,Julian Nelson,ubrown@example.net,2023-07-06,Georgia
3186,Jonathon Weaver,batesmichelle@example.com,2022-12-16,Iraq
3187,Christian Hampton,mikaylagarcia@example.net,2023-04-24,Mali
3188,Joseph Wolfe,justinreed@example.net,2024-10-20,Macao
3189,Michelle Bolton,matthewanderson@example.net,2024-01-12,French Southern Territories
3190,Benjamin Jennings,stacy16@example.net,2024-07-20,Thailand
3191,Steven Hernandez,kathrynpeterson@example.com,2023-01-05,Algeria
3192,Carol Strickland,arnoldjulie@example.net,2023-03-13,Kiribati
3193,Nicole Lang,adrianmoore@example.com,2024-09-17,Kiribati
3194,Sarah Smith,rhonda41@example.com,2024-09-24,Guam
3195,Audrey Rodriguez,brownmichael@example.com,2024-06-16,Mauritania
3196,Christine Wise,christine70@example.com,2024-03-04,Slovenia
3197,Karen Bartlett MD,goodwinmatthew@example.net,2024-03-01,Armenia
3198,Brian Thompson,tiffanyrodriguez@example.com,2023-10-24,France
3199,Charles Rice,myersmichelle@example.net,2025-08-03,Iceland
3200,Madeline Mcdaniel,ofernandez@example.com,2023-08-14,Argentina
3201,Carlos Gonzalez,vargastravis@example.org,2023-05-14,Uganda
3202,Abigail Garcia,beth24@example.com,2024-10-17,Cyprus
3203,Jennifer Graham,alyssawilliams@example.com,2025-05-25,Algeria
3204,Allison West,mary23@example.net,2023-11-06,Zambia
3205,Stephanie Hernandez,christinewong@example.com,2023-01-17,Andorra
3206,April Garcia,russostephanie@example.com,2022-11-14,Myanmar
3207,Diana Moore,taylorhenry@example.org,2024-05-22,North Macedonia
3208,Makayla Allen,blaketimothy@example.net,2025-07-03,Bulgaria
3209,Patricia Howard,mcdonaldbrittany@example.org,2024-02-23,Netherlands Antilles
3210,John Cox,lori65@example.com,2025-01-24,Azerbaijan
3211,Shawn Johnson,courtneysantiago@example.net,2023-04-16,Portugal
3212,Misty Boyd,nicholasmorgan@example.net,2022-11-19,Spain
3213,Thomas Gonzales,lthompson@example.net,2023-10-23,Dominica
3214,Zachary Orr,jeanette61@example.net,2025-04-10,Tunisia
3215,Jennifer Taylor,benderjasmine@example.com,2024-12-23,Norway
3216,Angela Garcia,rbrown@example.com,2024-12-25,Wallis and Futuna
3217,Taylor Wong,danielkelley@example.net,2025-01-27,Australia
3218,Michael Richard,garciacaroline@example.org,2022-12-27,Korea
3219,Jennifer Vasquez,robert60@example.com,2022-10-20,French Guiana
3220,Gerald Butler,johnscathy@example.com,2024-10-04,Iceland
3221,Donna Young,ojohnson@example.net,2023-01-10,Chad
3222,Diana Bauer,thomas06@example.org,2024-09-10,Azerbaijan
3223,Mr. Cory Wyatt,phillipferguson@example.com,2022-12-29,Korea
3224,Amber Garcia,carrie09@example.com,2025-05-19,India
3225,Stephen Wilson,fanthony@example.org,2025-05-29,Bosnia and Herzegovina
3226,Sierra Thompson,qboyd@example.com,2022-12-10,Malaysia
3227,Kim Christensen,michael95@example.net,2025-04-06,Congo
3228,Robert Reyes,angelajennings@example.com,2023-12-19,Anguilla
3229,Bonnie Frazier,solomonjennifer@example.org,2023-10-30,Algeria
3230,Jeffrey Cardenas,gary84@example.org,2024-07-26,Slovakia (Slovak Republic)
3231,Frederick Mendoza,amyruiz@example.com,2022-11-24,Brazil
3232,Sharon Turner,rellis@example.com,2023-06-26,Afghanistan
3233,Carol Robinson,howelldebra@example.com,2024-11-06,Central African Republic
3234,Sharon Smith,reynoldskimberly@example.net,2024-11-25,Northern Mariana Islands
3235,Sheila Green,davidwise@example.net,2024-09-14,Zimbabwe
3236,Tiffany Brown,valerie27@example.com,2024-01-07,Ecuador
3237,Taylor Green,rebeccamorgan@example.net,2024-02-27,Cote d'Ivoire
3238,Jennifer Patterson,wwiley@example.com,2023-11-19,Cook Islands
3239,Michael Jones,htaylor@example.net,2024-11-16,Cayman Islands
3240,Kristina Vasquez,ashleyschwartz@example.org,2024-01-11,Tanzania
3241,Shane Davis,shenry@example.com,2023-02-13,Australia
3242,Nicole Sandoval,jose21@example.com,2024-06-21,Antigua and Barbuda
3243,Carrie Henderson,pjacobson@example.net,2023-06-25,Northern Mariana Islands
3244,Deborah Hernandez,msims@example.net,2023-03-23,Tokelau
3245,Cynthia Brewer,wsmith@example.com,2024-02-04,Guyana
3246,Dylan Barber,oherrera@example.net,2023-05-07,Lao People's Democratic Republic
3247,David Perez,morandavid@example.org,2023-11-23,Somalia
3248,Billy Proctor PhD,kaitlin07@example.com,2024-12-17,India
3249,Brandi Murray,gregory53@example.com,2024-02-24,Yemen
3250,Donna Morrison,ahernandez@example.com,2024-04-04,Ecuador
3251,Bryan Kerr,reidpeter@example.net,2025-07-29,Isle of Man
3252,Ashlee King,pbaker@example.net,2023-03-31,Faroe Islands
3253,Robert Carlson,richardsondana@example.net,2024-12-23,Vietnam
3254,Evan Horton,dalezuniga@example.org,2024-12-03,Colombia
3255,Robert Haas,tamaragoodwin@example.com,2025-04-03,New Caledonia
3256,Antonio Adams,matthewkelly@example.org,2025-05-26,Montserrat
3257,Diana Simmons,xluna@example.org,2023-04-29,Wallis and Futuna
3258,Eric Clark,dflynn@example.org,2024-03-30,Albania
3259,Daniel King,junderwood@example.com,2025-05-08,Netherlands
3260,Gary Craig,terrymelissa@example.net,2025-04-13,British Virgin Islands
3261,Tyler Robinson,stephanieortega@example.com,2025-05-13,Colombia
3262,Jacob Mayer,susannorman@example.net,2025-02-24,Antarctica (the territory South of 60 deg S)
3263,Amy Morris MD,melissa73@example.com,2025-08-05,French Southern Territories
3264,Johnathan Mann,goodwinsusan@example.com,2024-04-30,Pakistan
3265,Stephen Martin,ifletcher@example.com,2023-07-14,Anguilla
3266,Matthew Gutierrez,courtneytaylor@example.net,2022-11-07,Croatia
3267,Mary Sanchez,lthompson@example.com,2023-04-12,Lao People's Democratic Republic
3268,Kenneth Rivas,riveralaurie@example.com,2023-08-23,Uruguay
3269,Timothy White,umatthews@example.net,2025-06-25,Antarctica (the territory South of 60 deg S)
3270,Tanner Wright,cynthiadavies@example.org,2023-06-15,Netherlands Antilles
3271,Dawn Gonzales,antoniojones@example.com,2024-09-25,Azerbaijan
3272,Anthony Reid,sextonkelly@example.net,2023-12-26,Netherlands Antilles
3273,Laura Moore,natashabaker@example.com,2025-02-26,Afghanistan
3274,Daniel Richmond,smithaustin@example.org,2025-01-18,Japan
3275,Anthony Obrien,uporter@example.org,2023-02-20,Venezuela
3276,Rhonda Harris,amandafoster@example.org,2023-12-17,French Polynesia
3277,David Stout,daviddavis@example.org,2024-12-13,Korea
3278,April Willis,kmoore@example.net,2025-02-09,Norway
3279,Sara Lee,gmontgomery@example.org,2025-08-12,Macao
3280,Michael Williamson,joshuasweeney@example.org,2024-12-12,Afghanistan
3281,Joshua Acosta,linda68@example.net,2022-11-27,Cape Verde
3282,Vanessa Simmons,mariohunter@example.org,2022-12-09,Armenia
3283,Danny Garcia,esmith@example.org,2022-11-12,Kyrgyz Republic
3284,Sean Carter,dave66@example.org,2022-11-13,French Polynesia
3285,Andrew Phelps,rfisher@example.com,2024-12-27,Austria
3286,Jeffrey Meyer,xbradley@example.org,2025-07-05,Solomon Islands
3287,Donald Sawyer,pgreer@example.com,2024-11-13,Senegal
3288,Steve Espinoza,thompsondeborah@example.com,2025-02-22,Samoa
3289,Edward Graves,jasonrowe@example.net,2023-10-22,Bosnia and Herzegovina
3290,Jennifer Terry,amorgan@example.org,2024-12-22,North Macedonia
3291,Jeff Smith,haley07@example.com,2025-05-22,Austria
3292,Christopher Floyd,kendramcguire@example.com,2025-01-15,Micronesia
3293,Jeremy Payne,farmercynthia@example.com,2023-01-09,Wallis and Futuna
3294,Stephanie Johnson,lorisalazar@example.org,2022-11-09,Gibraltar
3295,Samuel Thomas,mistyowens@example.com,2024-07-27,Cocos (Keeling) Islands
3296,Sara Ellis,whitejohn@example.net,2025-06-22,Mayotte
3297,James Watson,iparker@example.com,2025-06-20,Guinea
3298,Roger Henson,bnguyen@example.com,2023-02-04,Mozambique
3299,Jordan Clements,carlsondaniel@example.net,2022-11-30,Thailand
3300,Carolyn Johnson,jenniferparrish@example.net,2024-01-11,Maldives
3301,Tyler Osborne,emiller@example.net,2024-11-08,Uganda
3302,Theodore Johnson,david25@example.com,2023-08-25,Korea
3303,Amy Roberts,kbaker@example.org,2024-02-22,Oman
3304,Brenda Rodriguez,brianknapp@example.net,2025-04-23,Japan
3305,Mary Hill,brooke30@example.com,2025-02-19,American Samoa
3306,Erica Carter,hobbsanthony@example.org,2023-07-31,Mexico
3307,Samuel Roy,tayloramy@example.com,2025-04-08,Timor-Leste
3308,Mitchell Thomas,flynnalejandra@example.org,2024-01-22,Slovenia
3309,Mr. Blake Smith,gbrown@example.net,2023-09-22,El Salvador
3310,Richard Stewart,davisdiane@example.org,2025-04-13,Nigeria
3311,Melissa Mosley,qrobinson@example.com,2024-06-16,Morocco
3312,Scott Simpson,crawfordpeter@example.org,2023-11-17,Iran
3313,Parker Moore,robertsandrew@example.org,2023-10-31,Belize
3314,Ashley Ward,finleyrebecca@example.com,2023-11-21,Romania
3315,Michael Brown,markmiller@example.com,2025-06-11,Gabon
3316,Meghan Martin,charles24@example.org,2024-07-06,British Virgin Islands
3317,Michael Robinson,lisa15@example.org,2023-07-23,Saint Vincent and the Grenadines
3318,Jose Wells,shelleyelliott@example.com,2025-02-15,Japan
3319,Judy Coleman DVM,ashleymason@example.org,2024-12-30,Oman
3320,Heather Franco,qarnold@example.com,2025-07-11,Djibouti
3321,Dave Singleton,dtaylor@example.net,2024-02-17,Morocco
3322,Jessica Andrews,geraldbrown@example.org,2023-09-05,Uzbekistan
3323,Kathy Evans,barkerrobert@example.net,2023-11-16,Mongolia
3324,Renee Thomas,vrobertson@example.org,2023-01-31,Serbia
3325,Susan Michael,brownalyssa@example.org,2025-05-30,Slovenia
3326,Denise Jackson,alejandro57@example.org,2023-05-18,Vanuatu
3327,Robert Armstrong,heathgloria@example.org,2024-02-02,Niue
3328,Brittney Washington PhD,andrew45@example.net,2024-11-20,New Zealand
3329,Marcus Cooper,laura40@example.net,2023-07-05,Kenya
3330,Bradley Thompson,thomasjohnson@example.org,2025-03-12,Mauritius
3331,Michael Johnson,ashley44@example.net,2025-01-17,British Indian Ocean Territory (Chagos Archipelago)
3332,Douglas Taylor,taylorlouis@example.com,2022-09-19,Libyan Arab Jamahiriya
3333,Barbara Parker,urussell@example.org,2025-02-25,Sri Lanka
3334,Juan Cox,hhansen@example.org,2023-08-26,Guadeloupe
3335,John Evans,ruizsusan@example.net,2023-08-18,Armenia
3336,James Church,qjones@example.org,2025-02-08,Svalbard & Jan Mayen Islands
3337,Logan Garcia,vlarson@example.org,2025-04-16,Burundi
3338,Kathleen Martinez,jhoffman@example.org,2023-06-09,Saint Lucia
3339,Omar Mitchell,hendersonbarbara@example.com,2024-12-06,Egypt
3340,Lisa Osborne,zschmidt@example.org,2023-12-09,Singapore
3341,Brady Bryan,debbieschmidt@example.com,2024-09-28,Pitcairn Islands
3342,Dr. Matthew Fields DVM,bmendoza@example.net,2024-04-09,Austria
3343,Melanie Jones,erica18@example.com,2023-03-08,Malta
3344,Michael Wong,matthewkrueger@example.com,2024-02-14,El Salvador
3345,David Goodman,rdavis@example.com,2023-07-12,Jersey
3346,John Taylor,berrysuzanne@example.net,2022-09-08,Cape Verde
3347,Kimberly Anderson,nortonrachael@example.com,2023-06-14,Gibraltar
3348,Melissa Smith,brittanygarrett@example.com,2024-08-07,Grenada
3349,Justin Smith,sara97@example.net,2022-08-22,Mayotte
3350,Courtney Zimmerman,michelle13@example.com,2023-02-10,Barbados
3351,Denise Williams,ryanwarren@example.org,2023-01-09,Nicaragua
3352,Michael Johnson,anthony35@example.net,2022-09-20,Suriname
3353,Chad Harrison,knoxarthur@example.org,2024-10-04,Marshall Islands
3354,Lauren James,christophergutierrez@example.org,2023-02-21,Portugal
3355,Jordan Brown,poncejonathan@example.net,2022-10-23,Mayotte
3356,Valerie Bowman,mckeejulie@example.com,2022-10-16,Malaysia
3357,Jose Baker,beth65@example.net,2025-08-17,China
3358,Jessica Ellis,johnsmith@example.org,2025-01-08,Ukraine
3359,Donna Conner,johnathanleach@example.com,2024-03-20,Guyana
3360,Andrea Perez,imiller@example.com,2022-10-09,Nicaragua
3361,Javier Reed,rickmyers@example.org,2024-11-02,Taiwan
3362,Elizabeth Smith,smithsheila@example.org,2023-09-15,Portugal
3363,Destiny Cole,denise51@example.org,2024-04-12,Philippines
3364,Darren Adkins,timothy50@example.com,2024-11-19,Turkmenistan
3365,Samantha Williams,jamesortega@example.org,2024-08-06,Australia
3366,Heather Vargas,debbiemiller@example.org,2025-08-20,China
3367,Kimberly Hebert,lacey82@example.com,2022-09-09,China
3368,John Little,tammymayer@example.net,2025-08-01,Lao People's Democratic Republic
3369,Mrs. Julie Reyes,lmccullough@example.com,2023-12-04,Saint Martin
3370,Kayla Mitchell,clinephilip@example.org,2024-11-01,Qatar
3371,Christina Johnson,nwilliams@example.net,2023-08-07,British Indian Ocean Territory (Chagos Archipelago)
3372,Ashley Lindsey,melissa93@example.org,2023-03-09,American Samoa
3373,Robert Rogers,carol57@example.org,2024-02-13,Rwanda
3374,Andrew Gonzales,osmith@example.org,2022-10-05,North Macedonia
3375,Stephanie Tran,dkelly@example.net,2024-07-13,Lebanon
3376,Kenneth Wilson,usolomon@example.org,2022-11-04,Guinea-Bissau
3377,Lorraine Lester,fwashington@example.org,2024-11-15,Tanzania
3378,Ms. Tiffany Bernard,nlopez@example.net,2024-08-16,Cameroon
3379,Matthew Jenkins,ystafford@example.com,2024-04-15,Mauritania
3380,Scott Figueroa,allenjasmine@example.com,2022-09-24,Jamaica
3381,Daniel Carroll,joetucker@example.com,2025-03-31,Congo
3382,Alexandra Shaw,franklindeanna@example.org,2024-03-16,Colombia
3383,Mr. Jose Baldwin PhD,ubowen@example.net,2023-04-12,Qatar
3384,Martin Robinson,bushlaura@example.com,2023-05-04,Mozambique
3385,Katie Daniel,connor54@example.org,2023-09-02,North Macedonia
3386,Karina Schmidt,michelle74@example.com,2024-03-27,Nauru
3387,Christina Fuller,brownmarc@example.org,2024-10-25,United States of America
3388,Kristi Lin,baileynielsen@example.net,2025-04-18,Venezuela
3389,Tiffany Riley,nashtiffany@example.net,2023-04-19,Swaziland
3390,Kristen Gomez,katrina28@example.org,2023-01-17,Netherlands Antilles
3391,Mr. Robert Schultz,robert86@example.org,2023-12-21,Bolivia
3392,Mark Bailey,peggymanning@example.com,2023-07-19,Niue
3393,Stacy Burgess,hollandsara@example.org,2024-09-17,Trinidad and Tobago
3394,Tamara Glover,jjones@example.org,2024-02-12,Finland
3395,Kimberly Thompson,rbenton@example.com,2023-09-07,French Southern Territories
3396,Nicole Villegas,rebeccaadams@example.net,2023-12-27,Tanzania
3397,Adrian Perry,amymoody@example.net,2023-11-16,Thailand
3398,Jeremiah Smith,hopkinsshawn@example.net,2023-03-28,Norfolk Island
3399,Michael Kline,randolphelizabeth@example.net,2023-02-24,Cameroon
3400,Lisa Arnold,fergusonwendy@example.org,2025-02-10,Netherlands
3401,Alexandria Owens,kristen38@example.org,2022-08-24,Malta
3402,Alexis Ramos,melissarogers@example.org,2025-06-20,Bahamas
3403,Antonio Smith,mhampton@example.org,2023-01-10,Saint Kitts and Nevis
3404,John Lewis,stacey05@example.org,2024-01-02,Suriname
3405,Mary Logan,wchandler@example.com,2022-11-04,Saudi Arabia
3406,Brittany Koch,perezbridget@example.org,2022-09-13,Tunisia
3407,Ricky Swanson,sdavila@example.com,2025-03-03,Haiti
3408,Erin Perez,andersonjoseph@example.org,2023-08-25,Argentina
3409,Earl White,powellkatherine@example.org,2023-05-01,Macao
3410,Jared Burnett,oholt@example.net,2023-06-18,Antarctica (the territory South of 60 deg S)
3411,Jeffrey Wells,amandaparker@example.com,2024-01-11,Nicaragua
3412,Daniel Brown,tdiaz@example.com,2025-03-30,Dominican Republic
3413,Mrs. Kelly Jacobs,velezdan@example.com,2022-12-19,Sudan
3414,Adam Villarreal,floresseth@example.net,2023-10-24,Svalbard & Jan Mayen Islands
3415,Brittany Roberts,hsharp@example.net,2023-10-23,Venezuela
3416,Richard Lynch,brandongaines@example.com,2023-03-03,Benin
3417,Jennifer Turner,william23@example.com,2025-03-15,Cape Verde
3418,Danielle Rivera,blairtracey@example.com,2023-03-13,Brazil
3419,Erin Williams,corysmith@example.net,2025-07-25,Bhutan
3420,Zachary Mitchell,marcus34@example.com,2025-02-10,United Kingdom
3421,Kevin Harris,wparrish@example.net,2024-06-27,Mauritius
3422,Curtis Jenkins,amberho@example.org,2023-04-02,Sudan
3423,William Henry,samanthashort@example.com,2025-04-30,Kuwait
3424,Melissa Hawkins,jamessmith@example.net,2023-08-04,Barbados
3425,Jeffrey Martinez,vwoods@example.org,2022-08-21,Italy
3426,Kimberly Garrett,crichards@example.org,2023-04-18,Vietnam
3427,Dr. Michael Wade,floreszachary@example.net,2022-09-04,Brazil
3428,Jay Thompson,flowersamanda@example.net,2024-01-21,France
3429,Cynthia Pace,kara89@example.org,2024-11-27,Uzbekistan
3430,Theresa Porter,samuelhunter@example.net,2024-06-30,Korea
3431,Sheena Long,francisco67@example.com,2022-12-22,Andorra
3432,Kelly Hale,patriciaho@example.net,2022-09-09,Turkmenistan
3433,Linda Phillips,madisonbrennan@example.com,2023-04-17,Turkey
3434,Timothy Brown,sheri22@example.com,2023-07-16,Tanzania
3435,Debra Dean,nancystephenson@example.net,2024-05-23,Pakistan
3436,Colleen Mccormick,stephanie64@example.com,2024-02-04,United States of America
3437,Caleb Lopez,michaelwang@example.net,2023-11-21,Tokelau
3438,Matthew Rose,john84@example.org,2024-05-31,Wallis and Futuna
3439,Stacy Navarro,kaitlyn06@example.net,2025-04-29,Malaysia
3440,Christopher Barrett,lauramcclain@example.com,2023-07-12,Cook Islands
3441,Michelle Hernandez,xscott@example.org,2022-11-16,San Marino
3442,Heather Jones,prattmelanie@example.net,2024-01-23,Nigeria
3443,Brittany Smith,ohanson@example.com,2023-12-16,Burkina Faso
3444,Christine Montes,bryan60@example.net,2024-05-03,Greece
3445,William Golden,twilliams@example.com,2025-04-13,Netherlands
3446,Wendy Matthews,lewisaaron@example.net,2023-03-03,Liberia
3447,David Barker,dominic77@example.net,2023-06-18,Sierra Leone
3448,Ashley Mills,heather23@example.net,2023-01-15,Niue
3449,Charles Nichols,lowens@example.org,2023-01-18,Samoa
3450,Carolyn Nelson,bakerwilliam@example.net,2025-03-27,Costa Rica
3451,Jonathan Long,meganwillis@example.org,2025-05-10,Pitcairn Islands
3452,Mary Rodriguez,andrea03@example.org,2022-09-04,Afghanistan
3453,Amanda Osborne,hernandezgary@example.net,2022-09-22,Cape Verde
3454,James Anderson,kristy91@example.net,2023-04-20,Reunion
3455,Michael Villanueva,nchambers@example.net,2022-12-06,Oman
3456,Denise Black,jessicalewis@example.net,2024-01-21,Czech Republic
3457,Tiffany Cline,amandajackson@example.com,2024-05-03,Japan
3458,Hannah Fuller,amymccullough@example.org,2024-03-26,Lithuania
3459,Ana Wood,robertoturner@example.net,2023-06-28,Brazil
3460,Tiffany Maldonado,ortegatina@example.com,2024-03-01,Burkina Faso
3461,Chad Shaw,annakerr@example.net,2024-10-06,India
3462,Matthew Schmidt,xparker@example.com,2023-11-10,Yemen
3463,Michael Long,louis25@example.com,2022-10-29,Chad
3464,William Hudson,dorothyryan@example.com,2023-01-17,Uzbekistan
3465,Robert Harris,howardkimberly@example.net,2024-01-17,Luxembourg
3466,Kathy Johnson,baileypearson@example.org,2023-04-28,Azerbaijan
3467,Ashley Parsons,ugay@example.net,2023-06-06,Morocco
3468,Jeffery Carpenter,rallen@example.com,2024-01-04,Saint Martin
3469,Kelly Dougherty,ydyer@example.com,2024-07-01,Zimbabwe
3470,Matthew Steele,lance18@example.com,2024-09-11,Monaco
3471,Ariel Evans,jessica99@example.org,2025-01-20,Reunion
3472,Juan Cortez,katherine66@example.org,2023-08-15,Burkina Faso
3473,Kevin Mathews,stephanie39@example.org,2024-06-17,Vietnam
3474,Joseph Park,nsmith@example.com,2025-05-12,Libyan Arab Jamahiriya
3475,Sean Flowers,ashleywilliams@example.net,2024-05-07,Kyrgyz Republic
3476,Kimberly Campbell,rodriguezcarrie@example.com,2025-06-15,Iraq
3477,Amber Harrison,markbutler@example.net,2023-04-09,Slovenia
3478,Alexandria Lawson,michael35@example.net,2025-04-10,Micronesia
3479,Pamela Coleman,christine63@example.com,2024-06-25,Mexico
3480,Brittney Torres,christinawise@example.org,2024-08-08,Mexico
3481,Shannon Walsh,rjones@example.org,2024-03-23,Korea
3482,Johnathan Cooper,andrew54@example.com,2023-10-18,Benin
3483,Amanda Caldwell,dunnmichael@example.com,2025-06-03,Montenegro
3484,Matthew Fleming,rebecca10@example.net,2024-05-17,Mongolia
3485,Emily Sharp,angelica99@example.org,2024-10-15,Netherlands Antilles
3486,Kelly Miller,ronald17@example.org,2024-02-20,Portugal
3487,Sean Owen,dylansweeney@example.net,2024-04-27,Antigua and Barbuda
3488,David Miller,brooksdonna@example.org,2023-05-18,Lebanon
3489,Jason Cruz,imcdonald@example.net,2025-02-16,Heard Island and McDonald Islands
3490,Justin Salazar,gwhite@example.com,2022-11-09,Serbia
3491,Molly Carey,smyers@example.com,2025-03-24,Congo
3492,Kim Ross,landrypamela@example.net,2024-10-20,South Georgia and the South Sandwich Islands
3493,Pamela Bradford,dwilliams@example.org,2022-09-01,Maldives
3494,John Guerra,tinadavis@example.com,2023-08-12,Israel
3495,Bobby Marquez,roseramirez@example.net,2025-03-16,Ghana
3496,Michael Smith,ajarvis@example.com,2022-11-14,New Zealand
3497,Kyle Griffith,jessicarusso@example.com,2024-01-11,Cayman Islands
3498,Sarah Greene,mmorgan@example.org,2023-10-29,Chad
3499,Brittany Scott,zmarquez@example.org,2024-05-11,New Caledonia
3500,Dominique Solomon,smithtonya@example.com,2023-05-31,Puerto Rico
3501,Darryl Owens,meghan76@example.net,2023-10-01,Macao
3502,Erika Jones,sclark@example.org,2024-04-15,Ethiopia
3503,Dr. Alexandria Clark DDS,wmccarthy@example.org,2023-08-10,British Indian Ocean Territory (Chagos Archipelago)
3504,Robert Hogan,jonathan43@example.com,2022-08-28,Heard Island and McDonald Islands
3505,Christopher Bailey,ginaphillips@example.net,2023-07-19,Dominican Republic
3506,Daniel Reid,kelly40@example.com,2022-09-02,Cameroon
3507,Daniel Bowman,rita47@example.org,2024-05-07,Bouvet Island (Bouvetoya)
3508,Joseph Anderson,richard46@example.com,2022-11-17,Central African Republic
3509,Kristin Garza,vincent63@example.com,2023-05-09,Portugal
3510,Richard Estes,kylealvarez@example.net,2022-09-04,South Africa
3511,William Richardson,nandrews@example.com,2024-06-11,New Caledonia
3512,Deborah Pacheco,mrich@example.org,2025-04-23,Tajikistan
3513,Paul Lee,nicholasramirez@example.org,2025-05-31,France
3514,Erin Maldonado,richard53@example.org,2023-10-18,British Virgin Islands
3515,Miranda Mayo,joseph46@example.org,2023-07-29,Bosnia and Herzegovina
3516,Herbert Carr,kimberly22@example.com,2024-01-23,Norway
3517,Bradley Fuentes,ebradley@example.org,2025-02-04,Anguilla
3518,Seth Bright,odixon@example.org,2025-05-30,Lao People's Democratic Republic
3519,George Burns,gilbertmatthew@example.org,2023-08-31,Barbados
3520,Catherine Vaughn,wardtyler@example.net,2024-05-18,Uruguay
3521,Daniel Lane MD,weaton@example.net,2022-10-12,India
3522,Seth King,thomassandra@example.net,2025-01-18,Norfolk Island
3523,Taylor Evans,parsonslisa@example.org,2022-11-21,Germany
3524,Richard Crawford,shortvictoria@example.com,2023-07-24,Qatar
3525,Ann Spencer,shelia38@example.com,2025-07-12,Turks and Caicos Islands
3526,Denise Mora,brian03@example.net,2023-03-29,Belgium
3527,Isaiah Fischer,ashleyelizabeth@example.org,2023-11-17,Czech Republic
3528,Bobby Martinez,michellesmith@example.net,2022-11-24,Mauritius
3529,Aaron Butler,donnasmith@example.org,2024-11-16,Kiribati
3530,Todd Martin,elijahrodgers@example.net,2023-12-31,El Salvador
3531,Bernard Pratt,dmartinez@example.com,2024-08-02,Falkland Islands (Malvinas)
3532,William Sims,alyons@example.net,2024-02-05,Montenegro
3533,Lucas Green,qmcmillan@example.com,2022-09-27,Italy
3534,Margaret Jones,ronald81@example.com,2023-10-06,Congo
3535,Tammy Ellis,phillip96@example.net,2023-12-22,Madagascar
3536,Victor Sharp,gomeznicholas@example.com,2024-07-21,Vietnam
3537,Jamie Franklin,nicholasbrown@example.org,2024-12-04,Antigua and Barbuda
3538,Judy Meyer,valerie91@example.net,2024-11-23,Faroe Islands
3539,Melissa Leblanc,nelsonnorman@example.com,2023-07-13,Greece
3540,Victor Gibbs,llopez@example.org,2023-05-12,Saint Pierre and Miquelon
3541,Kathleen Peterson,natasha64@example.com,2023-03-17,Brunei Darussalam
3542,Lorraine Banks,matthewwilson@example.net,2023-08-30,Liechtenstein
3543,Deanna Carson,andrea17@example.com,2022-11-01,Zambia
3544,Julie Dickerson,fletcherbrian@example.org,2025-02-09,Turkey
3545,John Moore,annapruitt@example.net,2024-03-20,Vietnam
3546,Victoria Jones,xlong@example.com,2023-05-25,Croatia
3547,Kylie Sanchez,jaimewalker@example.org,2024-05-03,Iraq
3548,Taylor Zimmerman,richardjoseph@example.com,2024-02-17,Portugal
3549,John Perez,patriciabrock@example.com,2025-01-05,Albania
3550,Steven Moran,fbrewer@example.net,2025-06-05,Bahamas
3551,Julie Wallace,herreramaria@example.com,2023-05-13,Singapore
3552,Frank Maldonado,qmitchell@example.net,2023-11-20,Christmas Island
3553,Ms. Amanda Brewer,rebecca29@example.com,2024-09-15,Puerto Rico
3554,Holly Chambers,nathan26@example.com,2022-09-11,Sao Tome and Principe
3555,Charles Woods,gstout@example.net,2025-03-08,Saint Kitts and Nevis
3556,Anthony Gomez,huynhphilip@example.net,2025-08-16,Costa Rica
3557,Phillip Ramirez,jacquelinechristian@example.com,2025-05-31,Nigeria
3558,Timothy Allen,sarah79@example.org,2024-02-20,Kazakhstan
3559,Jamie Fowler,heathertaylor@example.com,2024-12-27,South Georgia and the South Sandwich Islands
3560,Steven Murray,paul89@example.org,2025-02-23,Cook Islands
3561,Grant Mcintosh,david29@example.org,2025-05-17,Cape Verde
3562,William Mendoza,martinezkaren@example.net,2023-08-30,Sri Lanka
3563,Sarah Bryan,david35@example.com,2025-01-14,Hungary
3564,Alicia Lewis,danielle81@example.com,2024-11-18,Micronesia
3565,Matthew Edwards,ccalhoun@example.net,2025-08-11,Russian Federation
3566,Daniel Knight,xadams@example.org,2025-06-15,Uruguay
3567,Deborah Price,charlesclark@example.net,2023-03-04,Sri Lanka
3568,Lindsay Davis,ugreen@example.org,2024-06-23,Tanzania
3569,Melissa Pope,zferguson@example.org,2023-08-23,Equatorial Guinea
3570,Shawna Bush,sharibaker@example.com,2025-04-23,Christmas Island
3571,Kenneth Thompson,lawsondanielle@example.net,2024-09-29,Jamaica
3572,Richard Wells,mendeztanner@example.org,2024-10-06,Martinique
3573,Ashley Rivera,soniawade@example.org,2024-05-04,Costa Rica
3574,Glenda Young,jeffrey46@example.net,2025-08-08,Denmark
3575,Terry Flynn,klewis@example.org,2023-03-22,Congo
3576,Ryan Taylor,jerry32@example.net,2025-08-19,United States Virgin Islands
3577,Lance Reeves,forbesanne@example.net,2025-07-22,Sri Lanka
3578,Samantha Pacheco,rodneyrivera@example.com,2022-10-06,Montenegro
3579,Sean Werner,cynthia87@example.org,2025-07-28,Bangladesh
3580,Marc Moore,ehoward@example.com,2023-10-15,Belarus
3581,Selena Young,tjohnson@example.net,2023-12-17,Somalia
3582,Marilyn Cox,ronaldmedina@example.net,2024-01-12,Tonga
3583,Paula Moreno,garrett95@example.com,2022-11-15,Guatemala
3584,Kristen Franco,christopheryoung@example.com,2024-01-13,Lithuania
3585,Daniel Hubbard,adamsthomas@example.org,2025-06-12,Slovakia (Slovak Republic)
3586,Maureen Roman,heidinelson@example.com,2025-02-08,Holy See (Vatican City State)
3587,Larry Olson,dianeshelton@example.net,2022-09-29,Greece
3588,Arthur Bradley,kjordan@example.org,2024-05-06,Brunei Darussalam
3589,Valerie Byrd,smccarthy@example.net,2023-11-01,Jordan
3590,Mario Scott,carmen38@example.org,2024-11-08,Sudan
3591,Amanda Mccormick,fhouston@example.com,2023-09-06,Mauritius
3592,Shelly Lawrence,mcdanieldawn@example.org,2025-07-22,Belarus
3593,Derek Williams,allison11@example.net,2024-05-28,Andorra
3594,Thomas Cantrell,robertfloyd@example.org,2024-12-28,Ireland
3595,Ashley Walker,jwilliams@example.net,2025-05-31,Germany
3596,Mary Mcgrath,hernandezlori@example.org,2022-10-08,Montenegro
3597,Dwayne Burgess,tgeorge@example.org,2022-10-31,United States of America
3598,Christopher Bryan,qjuarez@example.org,2023-05-01,Togo
3599,Shawn Davila,mgonzalez@example.org,2024-01-21,Tonga
3600,Bailey Collins,davidjackson@example.com,2022-12-18,Cuba
3601,Emily Nguyen,john67@example.org,2023-02-02,Mali
3602,Anthony Velez,awells@example.net,2023-06-17,Greenland
3603,Robert Phillips,apineda@example.com,2024-07-13,Czech Republic
3604,Brianna Simpson,amathews@example.net,2025-01-16,Angola
3605,Daniel Larson,vbrown@example.org,2024-10-29,Ireland
3606,George Wilson,jsmith@example.com,2024-11-03,Kazakhstan
3607,Rhonda Torres,gonzalezkelly@example.com,2025-02-23,Maldives
3608,Jennifer Reyes,kimberlywilliamson@example.org,2022-10-22,Vanuatu
3609,Brandon Sanchez,williamsjonathan@example.net,2024-11-27,Eritrea
3610,Megan Aguilar,clarkechad@example.org,2025-05-27,Guyana
3611,Patricia Thomas,richmatthew@example.com,2025-07-23,Uruguay
3612,Emily Shepard,reevespatricia@example.net,2023-01-15,Grenada
3613,Susan Peck,clinetodd@example.net,2023-02-13,Cyprus
3614,Laura Roberts,dunnsharon@example.org,2025-08-18,Saudi Arabia
3615,Vickie Davis,daltoneric@example.com,2022-09-26,Belize
3616,Matthew Chandler,linda79@example.org,2023-02-26,Suriname
3617,David Reyes,jperez@example.com,2023-11-29,Georgia
3618,Christopher Figueroa,joneal@example.org,2025-07-22,Tanzania
3619,Alexandra Willis,erica94@example.org,2024-07-18,New Caledonia
3620,Melinda Grant,wendy09@example.org,2024-01-13,Switzerland
3621,Jade Sparks,westrachel@example.net,2024-04-13,French Polynesia
3622,Joshua Ayers,randymiller@example.com,2024-05-18,Dominica
3623,Mary Moore,emily18@example.org,2024-07-10,Chad
3624,Edgar Copeland,caldwellbrittany@example.com,2022-10-18,Lebanon
3625,Andrea Miller,barrettlydia@example.org,2025-05-03,Senegal
3626,Jacob Bradford,tvaldez@example.net,2024-12-30,Bolivia
3627,Emily Miller,breyes@example.net,2025-02-16,Portugal
3628,Christian Lawson,hclark@example.org,2025-04-30,Northern Mariana Islands
3629,Tina Jacobs,elizabeth18@example.com,2024-05-17,Paraguay
3630,Tina Juarez,markcarpenter@example.com,2025-08-06,Dominica
3631,Justin Edwards,lovebenjamin@example.org,2024-02-28,Germany
3632,Kelly Mcgee,sydneystone@example.net,2024-05-03,Montserrat
3633,Jeremy Jones,rachael96@example.org,2024-06-30,French Polynesia
3634,Jason Watson,greenshane@example.org,2024-01-30,Ethiopia
3635,Thomas Berry,osmith@example.net,2024-03-21,Guinea
3636,Jennifer Jenkins,johnathan54@example.org,2024-06-29,Morocco
3637,Steven Brown,wcharles@example.org,2023-04-10,Kyrgyz Republic
3638,Karla Carson,alicia08@example.net,2023-11-01,Rwanda
3639,Mallory Green,maryrodriguez@example.com,2023-08-29,Bahrain
3640,Miguel Reyes,chavezaaron@example.com,2024-08-16,Japan
3641,Sharon Rogers,sandovalsamantha@example.com,2023-12-05,French Guiana
3642,Jessica Wilson,kylie25@example.net,2024-07-17,Japan
3643,Matthew Wilson,edwardcardenas@example.com,2025-07-24,Sudan
3644,Alexis Ayers,jellis@example.com,2024-01-23,South Georgia and the South Sandwich Islands
3645,Michael Gordon,tuckerchristina@example.org,2024-03-21,Bouvet Island (Bouvetoya)
3646,Jason Moore,lstephens@example.org,2023-05-20,Ukraine
3647,Melissa Atkins,reginajennings@example.net,2024-01-19,Burundi
3648,Tiffany Watts,audreywolf@example.net,2024-08-08,Slovakia (Slovak Republic)
3649,Diane Howard,lawsontricia@example.net,2023-08-08,Aruba
3650,William Rodriguez,howelltammy@example.org,2025-01-02,Estonia
3651,Kristy Duffy,curtismoore@example.com,2023-06-12,Morocco
3652,Jessica Acosta,melissa16@example.com,2024-09-18,Mozambique
3653,Matthew Reyes,jeff35@example.com,2024-02-06,Hungary
3654,Alexander Myers,lewismichael@example.net,2024-09-06,Haiti
3655,Jennifer Dixon MD,charlene01@example.org,2025-02-08,Bermuda
3656,Linda Rowe,sthompson@example.net,2022-08-24,Portugal
3657,Rebecca Schroeder,hermanjustin@example.org,2024-01-02,Andorra
3658,Anthony Wilson,oneillbrandon@example.com,2023-03-24,Spain
3659,Catherine Ortiz,pchandler@example.com,2025-06-06,Austria
3660,Paula Curtis,rebecca77@example.org,2024-02-03,Korea
3661,Tabitha Washington,sherry78@example.org,2024-09-10,New Caledonia
3662,Dana Patel,wduncan@example.net,2024-10-09,Italy
3663,Ashley Moore,roger96@example.net,2022-11-06,Jordan
3664,Denise Buchanan,larry12@example.com,2022-10-29,Taiwan
3665,Judy Hernandez,snowandrew@example.com,2025-01-15,Dominica
3666,Margaret Kim,jacksonjennifer@example.org,2023-03-25,Gambia
3667,Mr. Thomas Jones,carrtina@example.net,2025-08-12,Libyan Arab Jamahiriya
3668,Dr. Michael Madden,pheath@example.com,2023-03-07,Luxembourg
3669,Jordan Hoffman,dmyers@example.net,2023-04-05,Lebanon
3670,Tom Brown,yangcaleb@example.org,2024-04-06,Netherlands
3671,Thomas Edwards,carolbrown@example.com,2023-01-07,New Zealand
3672,Peter Cain,jason75@example.net,2023-02-08,Comoros
3673,Travis Smith,jacquelinebenson@example.com,2024-07-26,Ukraine
3674,Melanie Harris,rangellydia@example.org,2023-11-29,Saudi Arabia
3675,Laura Evans,dowens@example.com,2024-07-24,Macao
3676,Rebecca Ferguson,englishluis@example.net,2024-02-02,Israel
3677,Jacqueline Yates,wendy25@example.com,2025-05-05,South Georgia and the South Sandwich Islands
3678,Michael Baker,crystalmarks@example.net,2024-05-29,Kyrgyz Republic
3679,Jeffrey Collins,andrew79@example.com,2023-11-04,Nepal
3680,William Bennett,rsaunders@example.com,2023-09-04,Madagascar
3681,Tammy Harrell,ffoster@example.org,2025-08-07,Sudan
3682,Anthony Thomas,adrienne50@example.org,2022-11-21,El Salvador
3683,Kathryn Adams,tracy98@example.net,2024-07-13,Mexico
3684,Dwayne Ray,oclark@example.org,2024-04-25,Denmark
3685,Christopher Avila,ekeith@example.net,2023-10-25,Liberia
3686,Sarah Smith,georgeashley@example.com,2024-09-24,Iran
3687,Carolyn Navarro,ashleygarcia@example.net,2023-06-27,United States of America
3688,Gerald Shields,mthompson@example.org,2022-12-29,French Polynesia
3689,Alexis Ingram,randolphtonya@example.net,2023-01-05,American Samoa
3690,Dr. Amy Atkinson,alexanderserrano@example.com,2023-10-09,France
3691,Sherri White,melinda55@example.com,2023-02-01,Chad
3692,Pam Cross,farleyderek@example.org,2023-01-14,Heard Island and McDonald Islands
3693,Rebecca Campos,dustinpeterson@example.com,2023-05-12,Samoa
3694,Robert Harris,parkerjeanne@example.net,2025-01-23,Serbia
3695,Natalie Evans,pnorris@example.org,2024-12-23,Haiti
3696,Brenda Miller MD,carriebradley@example.org,2023-11-24,Cyprus
3697,Kelly Evans,grodriguez@example.com,2023-08-08,Guam
3698,Sara Rice,dennismelissa@example.org,2024-07-03,Greece
3699,Barbara Allen,jacobnguyen@example.org,2024-05-31,Sierra Leone
3700,Andrew Davis,cassandrarivas@example.com,2025-02-23,Aruba
3701,Dr. Christopher Peters,calvinjohnson@example.org,2022-09-10,Japan
3702,David Hicks,fchen@example.org,2025-03-26,Brunei Darussalam
3703,Harold Morgan,nchandler@example.org,2022-11-10,Ethiopia
3704,Melanie Parker,brucecooper@example.org,2024-06-03,Iceland
3705,Rodney Griffith,hudsondeborah@example.net,2025-04-02,Saint Barthelemy
3706,Jessica Hicks,snydertravis@example.com,2025-01-16,Vietnam
3707,Rachel Prince,alan98@example.org,2022-12-01,Iran
3708,Jackie Garcia,michael52@example.com,2023-08-03,Guinea
3709,Carol Zamora,cwilliams@example.com,2025-07-03,Estonia
3710,Bonnie Roberts,uholmes@example.net,2024-09-28,Gabon
3711,Teresa Ponce,rachel29@example.net,2023-05-13,Gabon
3712,Mary Brennan,wmartin@example.com,2024-03-20,Haiti
3713,Brianna Thomas,karenwashington@example.org,2024-10-03,Kazakhstan
3714,Jason Warner,herreramatthew@example.net,2024-04-24,Qatar
3715,April Crawford,pottsamber@example.org,2022-10-23,Guernsey
3716,Tina Banks,garnermarc@example.org,2023-09-07,Spain
3717,Steven Gallegos,patrick97@example.net,2024-06-04,Uganda
3718,Jennifer Bradford,cody39@example.net,2025-06-30,Micronesia
3719,Eric Shepard,amber12@example.net,2025-02-14,Guam
3720,Cynthia Watkins,shawnshelton@example.com,2024-12-21,United Kingdom
3721,Krystal Garza,millermichelle@example.org,2023-05-11,Timor-Leste
3722,Samantha Scott,iduarte@example.net,2025-07-05,Seychelles
3723,Shannon Boyd,michelle90@example.org,2024-11-04,Philippines
3724,Sandra Wheeler,paula98@example.org,2024-10-16,Luxembourg
3725,Brandon Diaz,brittany87@example.net,2023-04-19,Sweden
3726,Kimberly Burton,fhensley@example.com,2025-07-04,Antarctica (the territory South of 60 deg S)
3727,Leonard Ferrell,whitejohn@example.net,2022-10-07,Uzbekistan
3728,Robert Harris,amberchapman@example.net,2024-02-13,Togo
3729,Larry Douglas,seanrhodes@example.net,2022-11-14,Korea
3730,Mark Wyatt,hgates@example.net,2023-06-13,Spain
3731,Daniel Barnes,lopezbrenda@example.net,2024-05-12,Uruguay
3732,Gail Roberts,thomas63@example.org,2023-07-30,Mayotte
3733,James Lawrence,sharonayala@example.org,2022-12-07,Bouvet Island (Bouvetoya)
3734,Barbara Fernandez,luis33@example.net,2022-09-04,Guernsey
3735,Terri Smith,kimberly85@example.net,2025-03-15,Fiji
3736,Michael Yang,christian77@example.net,2025-07-20,Chile
3737,Jeff Hamilton,randy18@example.org,2024-12-04,Saint Vincent and the Grenadines
3738,Bernard Martin,davidjohnson@example.org,2023-11-16,Chad
3739,Steven Ramirez,lgross@example.org,2023-10-15,Switzerland
3740,Peter Collins,rlong@example.com,2022-10-05,Japan
3741,John Hill,jerry13@example.net,2023-12-07,Ecuador
3742,Roger Butler,mackenziethornton@example.com,2025-02-04,Australia
3743,Courtney Mercado,nicole31@example.net,2024-08-25,Mauritania
3744,Wanda Miller,kyliebrown@example.net,2024-11-29,Togo
3745,Carmen Hall,derek90@example.org,2024-07-30,Nigeria
3746,Crystal Garcia,brandon73@example.org,2023-09-30,Chile
3747,Amanda Weaver,butlercaitlin@example.com,2023-01-14,Japan
3748,Samuel Harrell,xmerritt@example.net,2023-07-03,Nauru
3749,James Lawson,lisaharris@example.com,2022-08-28,British Indian Ocean Territory (Chagos Archipelago)
3750,Patricia Little,callahansarah@example.org,2024-10-01,Saint Pierre and Miquelon
3751,Ashley Hernandez,snyderalexandra@example.com,2024-06-08,Yemen
3752,Deborah Thompson,robinpotter@example.org,2023-02-22,Guatemala
3753,Phillip Smith,wroberts@example.org,2023-07-28,Haiti
3754,Michelle Miller,greerdavid@example.net,2025-07-07,Iraq
3755,Robert Payne,tbarron@example.net,2024-04-29,Uganda
3756,Faith Johnson,jamesschroeder@example.net,2023-09-18,Zambia
3757,John Goodman,meyerjulia@example.net,2025-07-13,Western Sahara
3758,Meghan Bryant,quinnlarry@example.net,2024-09-26,Liberia
3759,Rebecca Martin,blakefletcher@example.org,2025-07-12,Guinea-Bissau
3760,Heather Zuniga,debra20@example.net,2024-09-24,Palestinian Territory
3761,Tiffany Davidson,greggwebb@example.com,2023-11-15,Liberia
3762,Tracy Smith,phillipsalex@example.net,2025-05-01,Georgia
3763,Christine Holmes,jamesthomas@example.net,2022-10-27,Samoa
3764,Kelly Velez,stran@example.net,2025-01-09,Monaco
3765,Melissa Hopkins,eyoung@example.org,2022-09-03,Argentina
3766,Thomas Ellis,eallen@example.com,2025-03-13,Mexico
3767,April Crosby,zanderson@example.org,2022-09-13,Slovakia (Slovak Republic)
3768,Angela Little,ynolan@example.org,2025-03-28,Tanzania
3769,Emily Moreno,yolandaherrera@example.net,2022-09-04,Colombia
3770,Carla Dixon,cody83@example.com,2023-01-26,Kiribati
3771,Michelle Padilla,kathryn25@example.net,2024-01-03,Spain
3772,Joy Lewis,pmorales@example.org,2024-05-27,Papua New Guinea
3773,Derrick Hayes,jgarcia@example.com,2024-07-18,Gabon
3774,Jeffrey Chen,josejohnson@example.org,2023-11-10,Tuvalu
3775,Nathan Wright,tricia52@example.org,2024-03-20,Tokelau
3776,Tyler Taylor,jessicajoyce@example.org,2024-02-06,Chile
3777,Samuel Riley,melissaobrien@example.org,2024-03-06,Saint Helena
3778,Micheal West,drakemarcus@example.net,2024-04-02,Andorra
3779,Tracy Marshall,johnsonjill@example.org,2023-12-05,French Guiana
3780,Anthony Hall,vbrown@example.com,2023-04-23,Guadeloupe
3781,Deanna Bentley,mcoleman@example.org,2023-05-18,Romania
3782,Amber Williams,bolson@example.net,2023-08-09,Mauritius
3783,Nicole Curry,ryanlarry@example.org,2024-06-25,Saint Pierre and Miquelon
3784,Edward Glenn,khanjoe@example.net,2025-06-30,Jersey
3785,Dr. Robin Hicks DDS,ortizjoy@example.net,2024-10-12,Afghanistan
3786,Robert Dawson,michaelmiller@example.net,2024-11-23,Montenegro
3787,Tracy Washington,boltoncraig@example.net,2023-02-23,Guernsey
3788,Jennifer Hurst,vincentarnold@example.org,2025-02-19,Cyprus
3789,Christina Hill,nathanbarry@example.org,2023-12-11,North Macedonia
3790,Patrick Dorsey,fmorales@example.net,2022-12-26,New Zealand
3791,Charles Griffin PhD,michaelpark@example.net,2023-08-02,Georgia
3792,Randy Hill,jasminetran@example.org,2023-02-05,Ghana
3793,Jeffrey Griffin,jimenezshawn@example.com,2024-06-05,Mongolia
3794,Lorraine Guerrero,qcollins@example.org,2024-06-24,Switzerland
3795,Casey Lopez,igilbert@example.org,2022-12-13,Saint Barthelemy
3796,Jessica Kelley,rebeccalopez@example.net,2025-02-12,Armenia
3797,Deborah Young,hector30@example.org,2025-04-12,Denmark
3798,Jacob Baxter,mary56@example.com,2023-05-16,Equatorial Guinea
3799,Terry Duncan,kiara59@example.net,2023-12-09,Ireland
3800,Molly Grant,cburns@example.net,2025-07-09,Pitcairn Islands
3801,Taylor Estrada,njohnson@example.org,2025-05-29,Micronesia
3802,Jason Moreno,ymartinez@example.net,2025-07-07,Oman
3803,Monique Schultz,ryanshaw@example.org,2023-12-07,Holy See (Vatican City State)
3804,Audrey Allen,ijensen@example.com,2024-01-26,Guinea
3805,Christina Russell,mcculloughroberta@example.net,2024-06-29,Saint Kitts and Nevis
3806,Troy Cole,wwagner@example.com,2024-02-19,Aruba
3807,Christina Taylor,drhodes@example.org,2024-07-28,Burundi
3808,Eric Torres,brandon18@example.com,2025-01-03,Antarctica (the territory South of 60 deg S)
3809,Kristin Jacobs,justin85@example.org,2025-05-27,Switzerland
3810,Elizabeth Perkins,emily73@example.org,2024-03-17,Mongolia
3811,Samantha Powers,meghanrice@example.net,2024-10-18,Thailand
3812,Steven Campbell,robertbuckley@example.com,2024-06-01,Bolivia
3813,Victoria Turner,lindseydillon@example.net,2023-08-21,Latvia
3814,Patrick Ferguson,schneiderjustin@example.com,2023-01-02,Solomon Islands
3815,Sandra Jackson,lgonzales@example.com,2023-03-16,Grenada
3816,Victoria Martinez,james97@example.net,2023-09-22,Bahrain
3817,Gary Bennett,slee@example.net,2023-12-11,Mali
3818,Stephanie Nelson,xgreer@example.com,2025-06-13,Turkey
3819,Gregory Rosales,jessica82@example.net,2024-07-21,Cuba
3820,Vincent Scott,gutierrezchristopher@example.org,2024-05-13,Malawi
3821,Dr. Lindsey Brock MD,gloveranne@example.com,2025-01-18,Anguilla
3822,Brenda Ross,allen12@example.com,2023-01-21,Kazakhstan
3823,Edward Mcguire,amber36@example.com,2023-01-27,China
3824,Stephanie Medina,mosstiffany@example.net,2023-04-29,Guyana
3825,Brian Dean,martinezvictor@example.net,2024-03-06,Nigeria
3826,Tanya Shaw,ebony37@example.org,2024-11-03,Jordan
3827,Russell Davis,nrodriguez@example.net,2022-08-29,Bangladesh
3828,Clarence Parker,bestrada@example.com,2023-10-06,New Caledonia
3829,Edward Russell,andersonlisa@example.net,2025-03-16,Saint Vincent and the Grenadines
3830,Elizabeth Snow,ashley48@example.net,2025-05-04,Gabon
3831,Barbara Hunt,christianchristina@example.net,2023-11-05,Algeria
3832,Stacy Ayala,susan94@example.org,2025-07-20,Jordan
3833,Robert Elliott,susan76@example.org,2025-01-11,Bermuda
3834,Steve Hunt,smithjeffrey@example.org,2025-02-09,Isle of Man
3835,Joshua Meyer,ywright@example.org,2023-03-02,Nigeria
3836,Mr. Derek Branch,sanchezaaron@example.com,2024-07-13,Nicaragua
3837,Adam Cook,jessicajenkins@example.org,2022-10-03,Belarus
3838,Angela Garcia,johngonzalez@example.net,2022-09-20,Thailand
3839,Kevin Miller,oliviamurray@example.com,2024-01-17,Suriname
3840,Aaron Brown,norrisjoshua@example.com,2024-05-08,Northern Mariana Islands
3841,Edward Arnold,jamescharles@example.net,2024-05-20,Nauru
3842,Heather Miller,nicolemartin@example.com,2024-01-04,Spain
3843,Michelle Flores,gregory06@example.com,2023-07-08,Colombia
3844,Cynthia Flores,gabrielle55@example.org,2024-06-20,Gabon
3845,Lisa Lee,ybuckley@example.net,2022-11-20,Romania
3846,Jacqueline Gonzalez,ericsmith@example.net,2024-06-09,Nicaragua
3847,Juan Johnson,hardyedward@example.net,2024-01-06,Turkmenistan
3848,April Nolan,zbrandt@example.net,2024-08-24,Myanmar
3849,Roy Perkins,leerachel@example.com,2025-01-01,Angola
3850,Christopher Rodriguez,kennethwhite@example.org,2024-05-02,Sweden
3851,Joseph Soto,chloekrueger@example.com,2024-04-03,Guatemala
3852,Daniel Miller,joneshannah@example.net,2023-04-07,Myanmar
3853,Grace Torres,uhernandez@example.net,2023-03-29,Djibouti
3854,Gina Davis,flowersjohn@example.com,2025-07-26,British Virgin Islands
3855,Melissa Miller,breynolds@example.org,2024-04-13,Svalbard & Jan Mayen Islands
3856,Kaitlyn Rose,vanessawolf@example.com,2022-11-08,Malta
3857,Lauren Rivera,parkerdeanna@example.org,2024-04-19,British Virgin Islands
3858,Mrs. Christina Davis,fphelps@example.com,2025-01-10,Papua New Guinea
3859,Kristen Miller MD,knightamanda@example.com,2024-09-17,Saint Vincent and the Grenadines
3860,Samantha Ramirez,davisjoseph@example.org,2023-10-02,Dominican Republic
3861,Evan Christian,ryan60@example.org,2024-12-21,Congo
3862,Robert Middleton,gallagherkristina@example.net,2023-02-12,Zimbabwe
3863,Sabrina Morris,mirandaalicia@example.com,2023-11-26,Tuvalu
3864,Emma Barton,rgibbs@example.org,2023-09-04,Poland
3865,Annette Miller,yfrank@example.com,2024-07-28,Sudan
3866,Terry Hester,bbarrera@example.org,2023-07-07,Ghana
3867,Nicole Watson,pallen@example.net,2023-07-11,Benin
3868,Christine Sanchez,matthewsjason@example.com,2022-10-01,New Caledonia
3869,Roberto Moore,christopher31@example.com,2023-12-26,Cape Verde
3870,Derrick Moss,simpsonemily@example.com,2023-06-04,Faroe Islands
3871,Lawrence Fox,wardjohn@example.net,2024-08-01,Fiji
3872,Ashley Anderson,jhunt@example.org,2025-05-24,Saint Kitts and Nevis
3873,Kayla Baker,glassbrian@example.org,2024-04-06,Portugal
3874,Erica Marks,slawson@example.com,2023-06-20,Saint Lucia
3875,Christopher Jackson,jhernandez@example.org,2023-03-15,Gibraltar
3876,Scott Frazier,john62@example.net,2023-07-25,Slovakia (Slovak Republic)
3877,Jessica Jones,felicia52@example.com,2024-05-21,Bahrain
3878,Jessica Lee,whitemisty@example.org,2023-07-05,Latvia
3879,Michael Bryant,robert23@example.com,2025-08-04,Western Sahara
3880,Randy Kent,joneskrystal@example.org,2025-02-18,Hungary
3881,Brandon Gomez,jasonjackson@example.com,2023-04-14,Afghanistan
3882,Kristopher Trevino,davidmartin@example.com,2023-05-17,Kuwait
3883,Linda Wilson,qcardenas@example.com,2023-10-23,Oman
3884,Mr. Christopher Harrington,gblackwell@example.com,2022-09-04,Netherlands
3885,Jenna Mills,hughesricky@example.net,2023-02-10,Venezuela
3886,Perry Hernandez,lpatel@example.com,2024-03-06,Malaysia
3887,Alexandra Clark,michael43@example.org,2024-03-08,Guinea-Bissau
3888,Lee Sanchez,jasonhernandez@example.net,2023-10-11,Nauru
3889,Chelsea Reilly,robert84@example.com,2023-04-26,Norfolk Island
3890,Matthew Sanchez,rachaelbarr@example.net,2024-03-17,Spain
3891,Lydia Sanders,ryan67@example.org,2024-02-08,Tanzania
3892,Daniel Lopez,flowe@example.org,2023-02-25,Peru
3893,Willie Patel,richard20@example.net,2023-03-06,Cambodia
3894,Diane Norris,reevesashley@example.com,2023-06-29,Qatar
3895,Dean Phelps,john13@example.com,2024-07-19,Costa Rica
3896,Donna Martinez,juliajenkins@example.net,2023-03-05,Nauru
3897,Daniel Chang,nicoleschwartz@example.com,2024-01-21,Romania
3898,Amy Ford,xayala@example.org,2023-03-09,Peru
3899,Krista Richmond,tonyafox@example.net,2025-05-06,Lithuania
3900,Sarah Munoz,utaylor@example.org,2025-02-17,Tokelau
3901,John Taylor,catherine85@example.com,2025-06-08,Oman
3902,Christine Martinez,gdavis@example.net,2022-12-20,Liberia
3903,Kelly Davis,richard58@example.com,2024-05-27,Samoa
3904,Vanessa Parks,gardnerkimberly@example.com,2023-07-16,Colombia
3905,Austin Vaughan,colemanelizabeth@example.net,2025-01-15,Tonga
3906,Sherri Kerr,davidrichards@example.com,2024-04-16,Luxembourg
3907,Lance Lee,ravenbush@example.net,2025-03-24,Nigeria
3908,Roy Cruz,nicoleking@example.org,2024-04-13,Ethiopia
3909,Rhonda Nichols,william10@example.org,2023-05-19,Georgia
3910,Scott York,alexis15@example.com,2023-10-29,Algeria
3911,Audrey Murray,kyle63@example.org,2023-04-10,Timor-Leste
3912,Debbie Johnson,vwilliams@example.com,2024-02-13,Sweden
3913,Mary Newman,alexanderevans@example.org,2023-04-10,Cyprus
3914,Michael Buchanan,tshelton@example.com,2022-10-19,Latvia
3915,Robert Williams,jamesdaniels@example.net,2024-08-30,Venezuela
3916,Amanda Moore,camposangelica@example.net,2022-10-12,Argentina
3917,Alexander Goodwin,shawn77@example.com,2024-07-31,Venezuela
3918,Melissa Moore,april58@example.org,2023-11-17,Bahamas
3919,Jim Wilson,mjenkins@example.com,2023-05-27,Iraq
3920,Danielle Fritz,jacksonjon@example.org,2022-11-08,Montserrat
3921,Nicole Tucker,kbennett@example.com,2023-12-22,Guinea
3922,Kelsey Wells,fgonzalez@example.net,2024-09-16,Fiji
3923,Victor Shaw,troy53@example.net,2023-02-18,Hungary
3924,Brian Johnson,katherine51@example.net,2024-02-03,Canada
3925,Renee Robertson,johnjones@example.org,2024-11-30,Saint Helena
3926,Elizabeth Deleon,qvillarreal@example.org,2023-04-28,Congo
3927,Steven Cline,clarencephillips@example.net,2024-03-23,Djibouti
3928,Jeremiah Peterson,kennethmarquez@example.org,2024-10-06,Congo
3929,Christy Thomas,bfoster@example.com,2023-04-15,Pitcairn Islands
3930,Mark Weaver,jasminewade@example.org,2022-10-12,Denmark
3931,Desiree Reese,jallen@example.com,2024-05-01,Saint Pierre and Miquelon
3932,Kayla Wilkins,penamark@example.com,2023-06-02,Belgium
3933,Nicole Yang,ywilliams@example.org,2024-07-11,Tokelau
3934,Robert English,robinsonaaron@example.org,2022-10-31,China
3935,Jeffery Collier,kwallace@example.net,2024-03-30,Belize
3936,Miss Emily Walker MD,jessicabailey@example.net,2025-05-03,Morocco
3937,Jordan Holder,jennifer28@example.org,2024-09-26,Yemen
3938,Katrina Kennedy,rebeccayoung@example.net,2022-09-29,Kyrgyz Republic
3939,Taylor Peterson,danielleperez@example.org,2025-03-01,Madagascar
3940,Barry Johnson,maddoxjoseph@example.net,2022-09-26,Cook Islands
3941,Joshua Hernandez,amanda54@example.com,2024-12-30,Nicaragua
3942,Leslie Wood,robert33@example.com,2024-06-23,Benin
3943,Lee Peterson,elizabeth47@example.net,2024-12-07,Nepal
3944,Yvonne Anderson,prodriguez@example.com,2024-03-24,Central African Republic
3945,Melissa Martinez,tandersen@example.org,2023-03-31,Belize
3946,Amy Garza,bmcintyre@example.org,2022-11-05,Panama
3947,Laura Richardson,wgonzalez@example.net,2024-04-27,Australia
3948,Adrian Skinner,acostajames@example.org,2022-10-19,Western Sahara
3949,Eugene Brown,tmaldonado@example.org,2025-04-03,Dominican Republic
3950,Dawn Collins,mark04@example.com,2022-08-30,Bahrain
3951,Victoria Schroeder,ucoleman@example.com,2025-02-01,Croatia
3952,Kimberly Woodard,jameshamilton@example.org,2023-05-16,Greece
3953,Katherine Hernandez,jacob39@example.org,2025-02-09,Brunei Darussalam
3954,Natasha Mcdonald DDS,richardmitchell@example.org,2022-11-24,Indonesia
3955,Nancy Orr,zrojas@example.net,2025-07-15,Congo
3956,Jeffrey Williamson,darrenthomas@example.com,2023-10-28,Qatar
3957,Mr. Gregory Smith,brandimooney@example.com,2024-04-09,Pakistan
3958,George Oconnor III,jonwilliams@example.com,2025-02-05,Djibouti
3959,Danielle Rivera,amberterry@example.org,2025-01-15,Panama
3960,Christopher Parrish,littlesharon@example.com,2024-09-25,Tuvalu
3961,Jessica Steele,karagutierrez@example.org,2025-07-25,South Africa
3962,Matthew Daugherty,markhernandez@example.org,2023-01-14,Tanzania
3963,Donna Perez,johnbell@example.org,2022-12-28,Madagascar
3964,Paige White,wwalker@example.net,2024-01-12,Switzerland
3965,Jennifer Murphy,shepherdbrian@example.net,2024-11-07,Pitcairn Islands
3966,Alison Johnson,tvillegas@example.com,2024-09-07,Palestinian Territory
3967,Erik Reeves,kathleen15@example.net,2024-07-08,Fiji
3968,Hannah Rivers,amy04@example.org,2024-03-13,Iraq
3969,Troy Gonzales,joshua18@example.net,2024-07-28,Equatorial Guinea
3970,Kimberly Doyle,julie73@example.net,2024-12-28,Cuba
3971,Nicholas Chen,jillrollins@example.net,2024-05-04,Turkey
3972,Tyler James,michael46@example.org,2024-09-04,Nauru
3973,Katherine Huff,cassidymoses@example.org,2025-08-12,Dominica
3974,George Stewart,karenroy@example.com,2024-11-20,Comoros
3975,Denise James,kelly81@example.net,2024-01-16,Niger
3976,Misty Richardson,kjacobson@example.org,2023-09-16,China
3977,Carolyn Cruz,barberjose@example.com,2022-11-23,Botswana
3978,Sean Best,keithcrawford@example.com,2022-10-15,Cuba
3979,Joshua Murillo,smithalyssa@example.com,2023-05-27,Guyana
3980,Ronald Johnson,haydengonzalez@example.net,2022-11-28,Armenia
3981,Kristin Wright,teresaklein@example.com,2023-12-16,Israel
3982,Sarah Decker,tclark@example.net,2024-11-06,Germany
3983,Matthew Weiss,pjensen@example.org,2023-05-02,Mexico
3984,Connie Fuller,moniquehall@example.net,2025-05-13,Martinique
3985,Edward Grant,clarkmegan@example.org,2023-04-03,Ukraine
3986,Marvin Rodriguez,kingcory@example.com,2022-08-25,Greenland
3987,Samantha Griffin,alejandra04@example.net,2024-12-12,Rwanda
3988,Caitlin Wolf,sherri28@example.net,2025-02-13,Mayotte
3989,Richard Walker,ecastillo@example.org,2024-08-23,Libyan Arab Jamahiriya
3990,Rebekah Owens,holly24@example.com,2023-08-28,Montenegro
3991,Karen Johnson,thomasporter@example.com,2023-03-05,Cyprus
3992,Samuel Mcdonald,julie78@example.com,2024-01-09,China
3993,Kyle Spencer,qarroyo@example.net,2024-03-02,Cambodia
3994,Brittany Burton,vsmith@example.net,2022-08-30,Oman
3995,Johnathan Hull,rhall@example.org,2025-07-18,Guadeloupe
3996,Gabrielle Watkins,calebrojas@example.net,2025-03-06,Nicaragua
3997,Paul Jones,alecreynolds@example.com,2025-05-22,Swaziland
3998,Kyle Conner,hchurch@example.org,2024-11-11,South Georgia and the South Sandwich Islands
3999,Stacey Reyes,davishannah@example.org,2025-03-23,Swaziland
4000,Julie Fisher,melissalee@example.net,2023-05-01,Guinea
4001,Katrina Frank,kathy78@example.net,2025-05-13,Saint Lucia
4002,Laura Rodriguez,angela05@example.org,2024-04-10,Montserrat
4003,Brittany Gamble,chays@example.net,2025-04-25,Libyan Arab Jamahiriya
4004,Timothy Collins,jamesgoodman@example.net,2024-06-02,Vanuatu
4005,Michael Fisher,maryscott@example.com,2023-12-07,Yemen
4006,Jeremiah Moore,jjackson@example.com,2025-07-14,Cook Islands
4007,Erica Cruz,mathistyler@example.org,2025-05-31,Angola
4008,Brandon Taylor,jenniferbarton@example.com,2025-04-21,Mali
4009,Lisa Morgan,jennifertaylor@example.com,2024-01-07,Tonga
4010,Andrea Brown,qhatfield@example.com,2025-01-29,Heard Island and McDonald Islands
4011,Margaret Maddox,elizabethandrews@example.org,2022-12-05,Christmas Island
4012,Cody Rose,bondamanda@example.net,2024-12-14,Guinea
4013,Timothy Gay,fli@example.net,2024-11-21,Slovakia (Slovak Republic)
4014,Destiny Washington,blanchardanna@example.net,2024-08-04,United Arab Emirates
4015,Jessica Anderson,ijohnson@example.com,2025-07-01,Guinea-Bissau
4016,Katrina Stewart,joelpena@example.org,2025-07-22,Malaysia
4017,April Friedman,baxterjessica@example.com,2024-05-23,Mauritania
4018,Danielle Gomez,hannahbyrd@example.com,2023-05-04,Qatar
4019,Mary Weber,okelly@example.com,2023-05-15,Guam
4020,Jennifer Chandler,holtmelissa@example.org,2025-08-01,Saint Pierre and Miquelon
4021,Margaret Allison,jjenkins@example.com,2022-08-21,Cayman Islands
4022,Loretta Mccoy,benjaminsmith@example.com,2023-06-01,Iran
4023,Christopher Miranda,marywilliams@example.com,2022-11-10,Lebanon
4024,Paige Garcia,christopher32@example.org,2025-08-12,Namibia
4025,Charles Maldonado,sonia64@example.net,2024-04-25,Iceland
4026,Tom Villarreal,andrewsmith@example.com,2023-04-07,Norway
4027,Joseph Ball,alexandrawiggins@example.org,2024-10-28,Lithuania
4028,Kara Martin,deborahsmith@example.com,2024-12-28,Senegal
4029,Caitlin Oliver,jordan73@example.com,2024-04-24,Philippines
4030,Jenna Mcconnell DDS,pgarcia@example.com,2024-05-21,Kenya
4031,Penny Hayes,everettjody@example.org,2024-04-16,Tokelau
4032,Kimberly Allen,chrisbest@example.com,2025-07-25,Zimbabwe
4033,Donald Hanson,lgeorge@example.com,2023-02-26,Maldives
4034,Rachel Walker,allenbrittany@example.net,2022-09-25,Guyana
4035,Kerri Sanchez,lreeves@example.net,2022-10-05,Honduras
4036,Nicholas Bennett,dharmon@example.org,2024-05-27,Dominican Republic
4037,Michael Lopez,fosteralexandra@example.net,2023-06-24,Fiji
4038,Christopher Cortez,kshah@example.org,2023-11-17,Congo
4039,Steven Mckinney,parkererin@example.com,2024-08-31,Libyan Arab Jamahiriya
4040,Kristen Jackson,dporter@example.com,2023-09-15,Greece
4041,Autumn Marsh,michaelbarber@example.com,2024-12-05,Comoros
4042,Scott Kerr,pricechelsea@example.net,2023-12-13,Lesotho
4043,Thomas Henderson,tonya08@example.org,2024-02-25,Switzerland
4044,Leslie Keller,ybrown@example.com,2024-11-21,Ireland
4045,Marcus Bennett,awilliams@example.net,2024-09-04,Brazil
4046,Christina Ward,znguyen@example.org,2023-04-27,Christmas Island
4047,Emily Velez,swansonjustin@example.com,2024-09-05,Korea
4048,Mr. David Diaz,deborah07@example.org,2024-01-15,Ghana
4049,Michael Norris,krivera@example.org,2024-12-21,Malta
4050,Travis Dean,tammy84@example.net,2023-05-20,Haiti
4051,David Simpson,bwalker@example.net,2022-11-07,Tuvalu
4052,Sandra Martinez,ytran@example.net,2024-08-31,Moldova
4053,Jessica Brooks,jonathanskinner@example.org,2023-08-29,Antigua and Barbuda
4054,David Evans,floresamber@example.com,2023-06-23,Saint Helena
4055,Nicole Davis,nicolebrooks@example.org,2023-05-31,Palau
4056,Michael Barry,dana89@example.com,2024-05-13,Nicaragua
4057,Kent Lee,charlescarroll@example.net,2023-04-24,Ghana
4058,Julie Roach,christopherjackson@example.net,2023-12-13,Switzerland
4059,Stephen Smith,lisajones@example.org,2023-07-12,Grenada
4060,Joshua Lee,kheath@example.net,2024-06-04,British Indian Ocean Territory (Chagos Archipelago)
4061,Antonio Stanley MD,susan93@example.net,2024-04-03,Palestinian Territory
4062,Joseph Guerrero,athomas@example.org,2022-10-18,Dominican Republic
4063,Nancy Peterson,jessica05@example.org,2024-12-17,Honduras
4064,Jeffrey Myers,fowlerjoseph@example.org,2024-08-02,Saint Kitts and Nevis
4065,Robert Mcguire,osalinas@example.org,2023-09-22,Martinique
4066,James Reyes,swood@example.net,2024-01-09,Belgium
4067,Christopher Williams,sarah60@example.org,2025-03-10,New Zealand
4068,Phillip Alvarez,karllane@example.net,2024-01-26,Montserrat
4069,Michelle Gonzalez,jessicaschneider@example.org,2025-07-21,Moldova
4070,Sandra Brady,timothystone@example.com,2023-02-28,Ireland
4071,Melissa Wright DDS,jesusrivera@example.org,2023-02-28,Colombia
4072,Rhonda Rose,alvarezcaitlin@example.com,2024-08-09,British Virgin Islands
4073,Brenda Jones,marc30@example.com,2022-11-26,Svalbard & Jan Mayen Islands
4074,Rose French,ilozano@example.org,2023-08-25,United States Virgin Islands
4075,Michael Schmidt,charleswright@example.net,2024-09-11,Indonesia
4076,Erica Chen,mcneilsandra@example.org,2024-09-16,Japan
4077,Casey Sherman,uacevedo@example.net,2023-01-14,Niue
4078,Amber Horton,jonesbreanna@example.net,2025-08-05,Jamaica
4079,Scott Clark,ojohnson@example.net,2023-12-17,Djibouti
4080,Mr. Connor Ochoa MD,steven32@example.net,2023-10-22,Madagascar
4081,Ana Andrews,brendajohnson@example.net,2023-06-05,Tuvalu
4082,Yolanda Lee,evaughn@example.com,2023-06-16,Mauritius
4083,Sean Edwards,shermankyle@example.com,2025-08-15,Vietnam
4084,Barbara Smith,kaylaeaton@example.com,2023-05-16,Bhutan
4085,Crystal Ward,kmartinez@example.net,2022-12-12,Azerbaijan
4086,Megan Bean,djohns@example.net,2023-02-06,Philippines
4087,Amy Walker,ncannon@example.com,2022-10-17,Sierra Leone
4088,Nicholas Huffman,colton89@example.org,2023-02-17,Trinidad and Tobago
4089,Sara Novak,juliebrennan@example.net,2025-07-25,Malaysia
4090,Andrew White,nharper@example.net,2025-05-15,United States Minor Outlying Islands
4091,Amanda Gutierrez,tracynelson@example.org,2025-01-27,Iceland
4092,Brandon Hall,garyjones@example.com,2022-10-22,Paraguay
4093,Sherri Clayton,xlambert@example.com,2025-03-31,Andorra
4094,Louis Campbell,lewiscrystal@example.org,2023-02-12,United Arab Emirates
4095,Amanda Cruz,novakalyssa@example.org,2024-04-18,Macao
4096,Megan Diaz,smithjean@example.net,2024-02-26,South Africa
4097,Miss Christine Wright,owilkinson@example.org,2022-08-28,Mauritania
4098,Samantha Rodriguez,johnsoncarlos@example.com,2023-06-25,Tajikistan
4099,Donna Knight,lori36@example.com,2023-04-20,Bouvet Island (Bouvetoya)
4100,Sean Wilson,lewisjessica@example.com,2024-05-26,Djibouti
4101,Jonathan Armstrong,zamoradavid@example.org,2025-06-17,Armenia
4102,Christopher Thomas,patricia12@example.com,2024-09-10,Grenada
4103,Richard Hicks,brian40@example.org,2023-02-07,Uruguay
4104,Angela Wilkins,zzhang@example.com,2023-06-13,Niger
4105,Todd Leon,russellbetty@example.net,2025-06-14,Korea
4106,Teresa Walters,ricedylan@example.com,2024-05-16,Turkey
4107,Michael Adams Jr.,kelliestes@example.net,2024-09-24,French Polynesia
4108,Raymond Rivera,anamartin@example.net,2024-01-18,Puerto Rico
4109,Kevin Davis,lisacarroll@example.com,2023-10-30,Croatia
4110,Kristy Anderson,uwheeler@example.net,2023-12-26,Nepal
4111,Whitney Green,paula59@example.org,2023-05-07,Cameroon
4112,Roberta Leon,jeffreyklein@example.org,2024-06-04,Micronesia
4113,Eric Page,martinerin@example.com,2025-05-19,Canada
4114,Yolanda Coleman,wendygarcia@example.org,2023-05-27,Georgia
4115,Bryan Smith,yritter@example.net,2025-08-09,United States of America
4116,Carolyn Ellis,langkrista@example.org,2023-03-14,Slovenia
4117,Robert Evans,alexandria39@example.net,2024-08-02,Saint Barthelemy
4118,Garrett Carter,fowlerdavid@example.org,2024-08-28,Lao People's Democratic Republic
4119,Sonya Holland,thomastiffany@example.net,2025-01-19,Denmark
4120,Isabella Navarro,riverajulie@example.org,2024-02-12,Togo
4121,Christopher Lowe,obennett@example.org,2025-05-21,Russian Federation
4122,Robert Alexander,amyharrington@example.org,2023-06-01,Lesotho
4123,Stephanie Klein,jenna47@example.net,2022-09-13,Thailand
4124,Christopher Jackson,zward@example.net,2024-11-07,Afghanistan
4125,Alexander Phelps,joewarren@example.org,2023-01-17,Svalbard & Jan Mayen Islands
4126,Evan Moore,jeannechen@example.net,2023-01-28,Haiti
4127,Katelyn Harrison,eric53@example.org,2024-03-31,Timor-Leste
4128,Kathryn Griffith,cpitts@example.org,2024-08-19,Cote d'Ivoire
4129,Phyllis Drake,sierra67@example.net,2023-04-11,Guatemala
4130,Kevin Patel,kevinwilliams@example.org,2025-05-05,Bolivia
4131,Colin Stevenson,qolson@example.net,2023-11-12,Svalbard & Jan Mayen Islands
4132,Gloria Dalton,welchmarie@example.net,2024-08-28,Suriname
4133,Alexander Wu,derekross@example.org,2024-04-02,Andorra
4134,Benjamin Peterson,justin99@example.net,2025-05-24,Liechtenstein
4135,Traci Krueger,phillip06@example.net,2023-07-01,Taiwan
4136,Brandon Fowler,whill@example.com,2025-03-01,United Kingdom
4137,Eric Gonzalez,dennismartinez@example.org,2023-01-10,Azerbaijan
4138,Cody Baird,rwaters@example.net,2024-01-04,Jamaica
4139,Gregory Patel,fwilson@example.org,2023-12-26,Belarus
4140,Carrie Rowe,timothy21@example.com,2023-10-19,Uganda
4141,Christopher Harris,juandavis@example.org,2022-12-25,Togo
4142,Shawn Michael MD,floresthomas@example.com,2024-01-11,Panama
4143,Samantha Moses,elizabeth70@example.org,2023-05-09,Korea
4144,Debra Maxwell,sanchezalyssa@example.net,2024-02-21,Guernsey
4145,Deborah Glass,brent02@example.com,2025-07-25,Tuvalu
4146,Richard Ramirez,meyermatthew@example.com,2023-10-14,Saint Martin
4147,Nicole Duncan,zmiller@example.org,2023-07-08,Belgium
4148,Karen Cox,nicoleluna@example.net,2025-07-30,Ethiopia
4149,Joe Juarez,james03@example.org,2023-11-01,Singapore
4150,Craig Poole,valdezbobby@example.net,2025-04-15,China
4151,Kristie Fields,michaelgreen@example.org,2023-02-08,Cocos (Keeling) Islands
4152,Henry Tate,olsonrichard@example.com,2022-11-05,Colombia
4153,Felicia Jones,milleramy@example.net,2024-03-22,Nicaragua
4154,Debbie Kennedy,dawnnash@example.com,2023-07-11,Philippines
4155,Charles Wright,smurray@example.org,2023-02-04,Saint Vincent and the Grenadines
4156,Richard Weaver,lsullivan@example.org,2023-01-02,Kiribati
4157,Maria Clark,cvelazquez@example.com,2023-02-06,Benin
4158,Joshua Haynes,robertbauer@example.com,2025-04-25,Netherlands Antilles
4159,Teresa Lamb,mramos@example.org,2022-09-18,Argentina
4160,Richard Cooper,adrianbarnes@example.net,2025-01-12,Israel
4161,Jodi Meyer,elizabeth16@example.net,2025-05-07,Saint Pierre and Miquelon
4162,Cody Flores,tracywilliams@example.net,2022-11-04,Samoa
4163,Jared Knight,reyesbryan@example.net,2025-05-30,Rwanda
4164,Matthew Sosa,bradley71@example.org,2023-05-08,Nigeria
4165,Michael Simpson,bwalter@example.org,2022-11-03,Tunisia
4166,David Hammond,matthew35@example.org,2024-05-07,United States of America
4167,Jody Marshall,hendersoncameron@example.net,2023-11-28,Netherlands
4168,Donald Thomas,hollyrobbins@example.net,2025-04-21,Georgia
4169,Jessica Brown,belljoshua@example.org,2025-01-06,Colombia
4170,Brooke Brooks,melliott@example.org,2023-08-27,Korea
4171,Gina Hunt,dburke@example.org,2024-10-07,North Macedonia
4172,Michael Johnson,hgonzalez@example.net,2024-09-16,Slovenia
4173,Donna Coleman,wwalker@example.com,2023-07-23,Timor-Leste
4174,Jonathan Huber,zfoster@example.com,2024-09-17,Norfolk Island
4175,Robert Brown,dannylee@example.net,2023-01-15,Nicaragua
4176,Kristin Bowen,moorerobert@example.com,2024-06-07,Gibraltar
4177,Mr. Joseph Wong,dprice@example.org,2023-10-22,Palestinian Territory
4178,Matthew Johnson,rosesean@example.net,2023-08-01,Turks and Caicos Islands
4179,Charles Sullivan,alexander83@example.net,2025-01-14,Afghanistan
4180,James Johnson,cookesarah@example.com,2025-01-25,Libyan Arab Jamahiriya
4181,Julie Davis,ejames@example.net,2024-01-16,Indonesia
4182,Jessica Jones,krystalstokes@example.net,2024-11-23,Belarus
4183,Crystal Ruiz,kimmedina@example.com,2024-07-10,Ecuador
4184,Sara Douglas,rnelson@example.com,2024-05-31,Thailand
4185,Richard Martin,kevinfields@example.org,2023-04-08,Sierra Leone
4186,Anthony Jackson,haynesmatthew@example.com,2025-07-22,Belarus
4187,Anthony Everett,scameron@example.com,2025-06-13,Mauritania
4188,Lisa Velasquez,espinozapatricia@example.net,2023-11-21,Slovakia (Slovak Republic)
4189,John Jones,fordsamantha@example.net,2025-04-11,Bahrain
4190,Karen James,johnsonwilliam@example.net,2025-07-26,Italy
4191,Summer Holloway,leetyler@example.net,2022-08-25,Maldives
4192,Roger Boyd,hernandezvincent@example.net,2024-07-16,Papua New Guinea
4193,Christina Tucker,scott95@example.com,2024-12-23,India
4194,Samuel Reed,tina05@example.org,2022-11-25,Mauritius
4195,Brian Ramos,wilsoneric@example.net,2023-10-25,Dominica
4196,Erika Diaz,robinschneider@example.net,2024-04-16,Estonia
4197,Mark Palmer,ytaylor@example.org,2022-11-13,Panama
4198,Matthew Fritz,stevensonsarah@example.org,2024-12-10,Comoros
4199,Michelle Anderson,ashleyclark@example.org,2025-07-27,Cocos (Keeling) Islands
4200,Michael Johnson,richard75@example.org,2025-07-30,Nigeria
4201,Sheila Wyatt,mitchellbates@example.org,2022-12-13,Monaco
4202,Jeffrey Phillips,lstevenson@example.net,2024-12-12,Belarus
4203,Michael Mack,markanderson@example.com,2022-10-04,Tokelau
4204,Laura Henry,lisa15@example.net,2025-03-23,Palestinian Territory
4205,Andrew Cook,iwilliamson@example.com,2024-12-26,Honduras
4206,Anne Trujillo,mackenzie69@example.com,2025-03-18,Malta
4207,Eric Lewis,haley60@example.org,2025-05-23,Myanmar
4208,Mr. Paul Brown,deanjose@example.net,2024-03-02,Venezuela
4209,Arthur Jacobs,danielsdominic@example.com,2024-03-25,Jamaica
4210,Travis Rodriguez,tammy44@example.com,2023-09-02,Poland
4211,Anthony Campbell,melissadunn@example.org,2022-12-08,Pitcairn Islands
4212,Joann Rocha,gregory19@example.org,2023-04-02,Korea
4213,Jose Swanson,uhoward@example.com,2024-02-06,Grenada
4214,Jessica Jones,raymonddavis@example.com,2024-06-22,United Kingdom
4215,Mark Knox,joy13@example.org,2024-02-15,Saint Kitts and Nevis
4216,Michelle Hutchinson,ashleylamb@example.net,2025-04-17,Latvia
4217,Mitchell Fowler,melissa94@example.net,2023-02-20,Antarctica (the territory South of 60 deg S)
4218,Jennifer Rodriguez,dvilla@example.com,2024-01-09,South Africa
4219,Amber David,zcallahan@example.com,2024-10-24,Bulgaria
4220,Jonathan Poole,jonathan21@example.net,2025-07-30,Luxembourg
4221,Julia Pittman,michellemorse@example.net,2023-10-10,Angola
4222,Rebecca Collins,robert55@example.com,2023-07-11,Mozambique
4223,Douglas Hendricks,terrellbrittney@example.com,2023-08-25,Togo
4224,Tonya Benton,johnkhan@example.net,2024-10-03,Belize
4225,Darlene Warren,james13@example.net,2024-04-13,Kiribati
4226,Ricky Fisher,davisbeverly@example.org,2024-08-18,French Southern Territories
4227,Danielle Mathis,mark85@example.com,2023-04-03,Tokelau
4228,Sarah Phillips,othomas@example.com,2024-02-23,Congo
4229,Jacob Kelley,ronald07@example.net,2024-03-02,Tunisia
4230,Hannah Molina,ahernandez@example.net,2025-03-26,Belarus
4231,Melvin Rodriguez,conleybrandi@example.net,2024-05-12,Yemen
4232,Jonathan Chambers,jennifer54@example.com,2022-09-05,French Southern Territories
4233,Alison Hall,christinathomas@example.net,2024-09-01,Vietnam
4234,Daniel Johnson,carol22@example.com,2025-04-29,Cocos (Keeling) Islands
4235,Shannon Alexander,megan87@example.org,2024-11-15,Bolivia
4236,Luke Lopez,russellgarcia@example.com,2022-09-29,Ethiopia
4237,Nathan Brooks,simmonsryan@example.com,2024-04-04,Micronesia
4238,Julie Contreras,gomezpatrick@example.org,2024-11-24,Azerbaijan
4239,Kevin Wilson,thomassmith@example.net,2024-09-11,Guinea
4240,Mark Hawkins,contreraschad@example.org,2023-09-22,Slovenia
4241,Matthew Sweeney,sloaneric@example.net,2023-09-16,Fiji
4242,Heather Carter,carsonthomas@example.org,2024-10-16,Uganda
4243,Kevin Jordan,cynthia23@example.org,2024-08-31,Kazakhstan
4244,Christina Hernandez,coreyjohnston@example.net,2025-07-09,Tanzania
4245,Michael Arnold,ericksonaaron@example.org,2023-03-20,Sao Tome and Principe
4246,Frank Ruiz,sean69@example.com,2024-03-29,Serbia
4247,Dalton Evans,fburch@example.org,2023-08-09,Jersey
4248,Alyssa Wright,steven46@example.org,2023-09-20,Fiji
4249,Matthew Jimenez,cartersamantha@example.org,2022-09-21,Svalbard & Jan Mayen Islands
4250,Michele Kirby,dingram@example.org,2025-08-07,Hungary
4251,Joseph Barrett,mullinsheather@example.net,2024-06-25,Saint Kitts and Nevis
4252,Brian Jones,isabella13@example.net,2025-02-07,Tonga
4253,David Shaw,johnsonjoshua@example.org,2023-02-12,Solomon Islands
4254,Charles Taylor,robertsondavid@example.net,2024-11-23,Cayman Islands
4255,Dale Li,jeremywilliams@example.org,2022-08-23,Reunion
4256,Brandon Clark,jackson35@example.net,2024-10-27,Azerbaijan
4257,Ryan Hughes,qmercado@example.org,2022-12-01,Kyrgyz Republic
4258,Gary Bradford,rodriguezdana@example.org,2024-02-18,Belize
4259,Antonio Murphy,christianscott@example.net,2023-12-20,Pakistan
4260,Michael Leonard,godonnell@example.net,2024-05-01,Luxembourg
4261,Brian Gilbert,nathanmarks@example.org,2023-01-13,Netherlands
4262,Juan Mccoy,tammygood@example.net,2024-04-10,Tunisia
4263,Lynn Ray,jonesjonathan@example.com,2022-11-12,Reunion
4264,Donald Garner,sandrapatterson@example.net,2023-12-19,Liechtenstein
4265,Nathan Chambers,khensley@example.com,2025-02-05,Cambodia
4266,Stephanie Hunt,nicole27@example.net,2025-04-28,Nauru
4267,Philip Erickson,yweaver@example.com,2024-11-20,Canada
4268,Michael Torres,josephmorrison@example.com,2024-04-12,Ghana
4269,Kenneth Knight,cindysmall@example.org,2024-05-09,Jersey
4270,Dr. Mark Dennis,amysmith@example.org,2025-07-19,Bangladesh
4271,Bradley Bird,nanderson@example.org,2023-07-03,Bosnia and Herzegovina
4272,Christopher Sanders,lmorgan@example.net,2024-08-08,Reunion
4273,Sandra Davis,renee54@example.net,2023-04-13,Niue
4274,Michelle Williams,fjones@example.org,2023-11-08,Switzerland
4275,Linda Griffin,simpsonkerry@example.com,2023-08-10,Kiribati
4276,Debra Johnson,kimberlybutler@example.net,2025-01-31,Burundi
4277,Crystal Saunders,hshaw@example.org,2024-07-21,Reunion
4278,Daisy Jones,marcus23@example.org,2024-10-07,British Virgin Islands
4279,Jessica Johns,travismathis@example.org,2024-08-30,Malta
4280,Jeffery Bartlett,thomasbrian@example.net,2024-07-11,Sao Tome and Principe
4281,Mark Ward,josephpennington@example.com,2024-10-12,United Kingdom
4282,Francisco Williams,brittany95@example.org,2023-09-09,Vanuatu
4283,Jennifer Peters,piercegerald@example.com,2025-06-28,Croatia
4284,Bobby Franklin,greenamanda@example.net,2024-02-16,American Samoa
4285,Ms. Kayla Ford,michellefowler@example.com,2023-09-29,South Africa
4286,Allison Williams,stevendavis@example.com,2022-12-16,Cayman Islands
4287,Aaron Paul,michelle89@example.net,2023-05-30,Finland
4288,Daniel Lawrence,grantmatthew@example.com,2024-06-01,Switzerland
4289,Denise Anderson,pmalone@example.net,2023-01-05,Kiribati
4290,Linda Mitchell,lsanchez@example.org,2025-06-15,Jamaica
4291,Jason Mckay,jessica60@example.com,2024-04-27,Nauru
4292,Carlos Walker,estradajames@example.com,2022-08-29,Benin
4293,Jared Garcia,timothy65@example.org,2023-11-04,Colombia
4294,Jill Martin,andrewcastillo@example.com,2024-12-08,Serbia
4295,Joel Norman,anthonylucas@example.net,2024-01-25,Kiribati
4296,Brittany Kelley,scervantes@example.net,2024-01-10,Denmark
4297,Suzanne Hanson MD,mschneider@example.net,2024-04-05,Anguilla
4298,Travis Lopez,annethornton@example.org,2024-11-16,Cayman Islands
4299,Rachel Fowler,cwest@example.com,2024-12-21,Liechtenstein
4300,Angela Brown,kaylamooney@example.net,2024-07-24,Panama
4301,Heather Thomas,qmorris@example.com,2025-06-16,Romania
4302,Sierra Park,ytaylor@example.net,2025-02-18,Greece
4303,Janet Robinson,smithdonna@example.net,2022-09-15,Lithuania
4304,Patricia Olson,andrew66@example.net,2024-12-09,Albania
4305,Ruth Gibson,gjackson@example.org,2024-02-05,Iran
4306,Brittany Lynch,hrobertson@example.org,2022-11-27,Saint Lucia
4307,James Harmon,krista07@example.org,2022-09-11,Hong Kong
4308,Teresa Adams,alee@example.net,2023-01-16,Christmas Island
4309,Marcia Huynh,toniwilson@example.org,2025-01-10,China
4310,Sabrina Carter,golson@example.org,2025-05-09,United States Virgin Islands
4311,Gregory Henry,kaitlyn75@example.com,2023-06-09,Finland
4312,Terry Murphy,clowery@example.com,2023-06-09,Algeria
4313,Marie Webster,julianelson@example.com,2023-12-23,Portugal
4314,Edward Simon,lindadaniel@example.net,2024-02-19,Botswana
4315,Matthew Howe,nsilva@example.com,2024-02-07,Faroe Islands
4316,Lynn Andrews,mark80@example.com,2025-04-16,Lao People's Democratic Republic
4317,Vernon Baker,santanarichard@example.com,2025-05-24,Peru
4318,Robert Martinez,amyowen@example.com,2022-10-19,Palau
4319,Paula Garcia,qspencer@example.com,2024-07-20,Guyana
4320,Karen Hernandez,mhall@example.com,2024-05-26,Suriname
4321,Brittney Buck,john39@example.com,2025-04-13,Reunion
4322,Shelley Cole,zcamacho@example.com,2024-12-17,Albania
4323,Ricky Heath,laurenmendez@example.net,2024-12-22,Cuba
4324,Kara Nelson,ucolon@example.net,2024-12-09,Lao People's Democratic Republic
4325,Patrick Wilson,brenda90@example.net,2024-06-23,Iceland
4326,Alyssa Kerr,mariasuarez@example.org,2024-12-25,Haiti
4327,Daniel Perez,bestkara@example.net,2025-07-27,Switzerland
4328,Virginia Lee,zmiller@example.org,2023-08-07,British Virgin Islands
4329,Leslie Thompson,charlesolson@example.net,2023-01-27,French Guiana
4330,Michelle Franklin,jessicamelendez@example.org,2025-01-05,Chile
4331,Adam Butler,jason60@example.org,2023-11-30,Trinidad and Tobago
4332,Manuel Smith,natasha48@example.org,2023-09-14,Japan
4333,Richard Chapman,taylorkristine@example.net,2024-07-17,Peru
4334,Dwayne Davis,evanshector@example.com,2024-12-23,Australia
4335,Jamie Williamson,samuelmelton@example.net,2024-06-24,Luxembourg
4336,Chad Morse,krodriguez@example.net,2024-09-29,Cook Islands
4337,Brittany Hernandez,destiny85@example.org,2025-07-22,Bosnia and Herzegovina
4338,John Jones,melanieedwards@example.net,2025-08-13,Anguilla
4339,Xavier Scott,kristen69@example.net,2022-10-23,French Southern Territories
4340,David Chapman,natalie72@example.org,2024-04-27,Rwanda
4341,Michael Garcia,schmidtwayne@example.com,2024-06-02,Pitcairn Islands
4342,Amanda Rogers,karinamcdaniel@example.org,2022-11-04,Dominica
4343,Nicholas Scott,walkeremily@example.net,2025-01-11,Micronesia
4344,Jacob Harvey,rwallace@example.org,2023-08-02,Mozambique
4345,Jennifer Hodges,uevans@example.org,2023-09-12,Central African Republic
4346,Alison Myers,aliciaadkins@example.com,2023-05-14,Albania
4347,Jacob Mitchell,davisjason@example.net,2024-04-17,Tokelau
4348,Kendra Mcmahon,colleenlopez@example.com,2022-12-06,Guyana
4349,Anthony Mason,vmacdonald@example.org,2024-10-03,Mauritania
4350,Isabella Jones,lopeznatasha@example.org,2025-07-17,Malaysia
4351,Tracey Velez,froberts@example.com,2025-03-13,El Salvador
4352,Kristy Cobb,martinezlauren@example.org,2024-06-23,Jordan
4353,Brandon Reyes,thomassampson@example.net,2024-07-05,Thailand
4354,Bianca Chandler,williamsjeffrey@example.com,2024-07-03,Serbia
4355,Alicia Parks,westangela@example.net,2023-07-05,Mauritius
4356,Kara Cobb,whiteholly@example.org,2023-09-06,Singapore
4357,Christopher Bishop,rhondabean@example.com,2022-09-24,Antigua and Barbuda
4358,Joseph Compton,jonathanlevine@example.net,2023-02-25,Norfolk Island
4359,Diane Wong,michaeltodd@example.org,2023-09-15,Turks and Caicos Islands
4360,Daniel Fitzgerald,alison30@example.net,2025-06-25,Grenada
4361,Christopher Bailey,tlee@example.org,2023-12-07,Cayman Islands
4362,Pamela Taylor,aguirrezachary@example.net,2025-06-28,Mozambique
4363,Valerie Jones,ramirezkatrina@example.com,2023-05-28,Iceland
4364,Joshua Rich DDS,hreyes@example.com,2025-02-21,Bosnia and Herzegovina
4365,Chad Houston,johnsongregory@example.net,2023-02-02,Belgium
4366,Ashley Gomez,igilbert@example.org,2024-12-03,Bangladesh
4367,Terri Hutchinson,michaelgarza@example.com,2022-10-02,Japan
4368,John Proctor,santiagorobert@example.com,2024-10-17,Saint Lucia
4369,Patricia Hall,cabreraedwin@example.com,2023-11-14,Paraguay
4370,Morgan Soto,xadams@example.com,2023-09-25,Northern Mariana Islands
4371,Andrea Rowland,stefaniemason@example.com,2025-02-28,Uruguay
4372,Jennifer Galloway,lindseykrista@example.org,2025-05-31,Montenegro
4373,Kathryn Walker,conniemiller@example.com,2024-08-17,Papua New Guinea
4374,Margaret Hansen,lauraclarke@example.net,2022-12-04,Australia
4375,Amy Bush,flynngerald@example.net,2025-05-17,Bolivia
4376,Christopher Martinez,pjensen@example.org,2025-04-26,Solomon Islands
4377,Vanessa Lutz,rmcbride@example.net,2023-09-04,Czech Republic
4378,Kyle Johnson,kelly77@example.net,2024-07-15,Switzerland
4379,Kevin Owens,thomasveronica@example.com,2023-12-03,Georgia
4380,Daniel Stephenson,john67@example.net,2023-01-22,Niue
4381,Donna Wagner,linda23@example.com,2024-09-26,Bhutan
4382,Craig Nguyen,brittanyevans@example.org,2025-08-03,Congo
4383,Dale Shields,dmullins@example.org,2024-08-15,Liberia
4384,Ryan Adams,victoriahardy@example.com,2024-04-30,Saint Kitts and Nevis
4385,John Barrett,omorris@example.org,2022-09-16,Romania
4386,Jesus Larson,drew43@example.com,2024-07-12,Chad
4387,Zachary Torres,hubbardrandall@example.com,2023-08-04,Antigua and Barbuda
4388,Sharon Schneider,jimenezmarissa@example.com,2023-07-07,Papua New Guinea
4389,Angela Lewis,colinjackson@example.org,2023-09-06,British Virgin Islands
4390,Marie Lopez,smarshall@example.com,2024-11-12,Mauritania
4391,Daniel Noble,breyes@example.net,2025-02-05,Spain
4392,Nathan Brooks,michael17@example.org,2024-03-14,Senegal
4393,Steven Perez,melissatucker@example.com,2024-08-11,Congo
4394,David Martinez,allison75@example.net,2025-01-11,Cape Verde
4395,Mark Martin,brownashley@example.net,2022-09-09,Venezuela
4396,Laura Mccormick,lisa05@example.net,2024-07-08,Mayotte
4397,Betty Black,marksmith@example.net,2024-05-29,Ghana
4398,William Murillo,rodriguezgary@example.com,2025-02-28,Nicaragua
4399,Carol Hutchinson,stewartpaul@example.com,2023-12-31,Guam
4400,Tiffany Bishop,equinn@example.com,2023-12-31,Cameroon
4401,Robert Martin,martinezmichelle@example.net,2023-04-20,Korea
4402,Candice Mendoza MD,ycook@example.com,2023-04-01,Heard Island and McDonald Islands
4403,Shawn Reed,jason39@example.org,2022-10-11,Guyana
4404,Jessica Robinson,stevenanderson@example.net,2023-04-29,Uruguay
4405,Katie Tucker,monicabrown@example.com,2024-09-24,Jamaica
4406,Michelle Perez,jeremy07@example.org,2023-01-23,Marshall Islands
4407,Tara King,patrickmccarty@example.net,2025-07-19,Mexico
4408,Justin Rivera,donald06@example.com,2022-09-27,South Africa
4409,Jeffrey Stanton,palmerchloe@example.net,2023-06-24,Slovakia (Slovak Republic)
4410,Mrs. Nicole Banks,owashington@example.com,2025-05-09,Anguilla
4411,Robert Watkins,darin90@example.net,2023-07-30,Lebanon
4412,Dr. Brandon Johnson,cookthomas@example.com,2024-12-04,South Georgia and the South Sandwich Islands
4413,Michael Drake,antoniowillis@example.com,2023-11-21,Congo
4414,Matthew Lopez,jacqueline16@example.com,2022-12-07,Turks and Caicos Islands
4415,John Wilkinson,mhunter@example.com,2024-09-09,Haiti
4416,Jamie Schwartz,robertohart@example.net,2024-05-25,Sierra Leone
4417,Darryl Christensen,shane35@example.org,2025-04-09,Namibia
4418,Julian Harris,michelleparker@example.com,2022-11-20,Chile
4419,Wendy Smith,nathanlindsey@example.com,2024-06-27,Germany
4420,Jerry Mclaughlin,woodsedgar@example.org,2023-03-26,Netherlands
4421,Donna Black,hgraves@example.net,2024-04-16,Korea
4422,Matthew Garrett,wheelerandrea@example.com,2025-08-08,Liechtenstein
4423,Gary Jones,smithjacob@example.com,2023-07-18,South Africa
4424,Wendy Lynch,vicki69@example.net,2025-03-30,Mauritius
4425,Taylor Weber,gomezkristin@example.net,2025-02-12,Sao Tome and Principe
4426,Ryan Kennedy,michelle21@example.org,2024-11-30,Moldova
4427,Craig Nelson,fwright@example.net,2022-10-12,Samoa
4428,Rachel James MD,longnathan@example.net,2024-01-02,Poland
4429,Sharon Cox,mallen@example.net,2024-03-17,Belarus
4430,Harold Moss,christine64@example.net,2022-11-07,Belize
4431,John Nelson,david59@example.net,2024-06-22,Venezuela
4432,Ashley Boone,lisa90@example.net,2024-11-07,Slovakia (Slovak Republic)
4433,William Wade,calvinshields@example.org,2025-05-08,China
4434,John Hancock,uross@example.org,2024-06-04,Lithuania
4435,Kayla Miller,jay96@example.net,2023-06-05,Qatar
4436,Brandon Peterson,wlopez@example.net,2024-04-17,Czech Republic
4437,Tanya Green,mccormickneil@example.org,2025-05-13,Botswana
4438,Terry Knox,timothybates@example.net,2025-07-01,Greenland
4439,Michelle Fisher,charlesharris@example.org,2023-07-10,Andorra
4440,Jeffrey Bautista,robertallen@example.net,2024-12-25,Tanzania
4441,Michelle Steele,robert33@example.net,2023-11-01,Martinique
4442,Christy Perkins,sandy09@example.org,2023-12-30,Venezuela
4443,Rebecca Harper,john12@example.net,2024-07-21,Central African Republic
4444,Matthew Becker,wisestacy@example.org,2023-09-19,Paraguay
4445,Francisco Park,morgan38@example.net,2024-06-22,Guadeloupe
4446,Todd Spencer,wmaldonado@example.org,2022-10-10,Morocco
4447,Laura Padilla,josephbowman@example.net,2024-11-11,Angola
4448,Sherri Gomez,brittany11@example.com,2024-05-05,Korea
4449,Robert Pierce,vargaselizabeth@example.net,2024-05-01,Italy
4450,Dennis Kennedy,gcarter@example.com,2023-02-10,Netherlands Antilles
4451,Richard Clark,castillojason@example.com,2023-05-03,Belgium
4452,Victoria Bruce,peterperez@example.org,2024-08-05,Estonia
4453,Mark Butler,ronaldsandoval@example.net,2024-05-30,Russian Federation
4454,Barbara Cox,gsteele@example.net,2024-07-14,Ireland
4455,Robert Dean,davisjessica@example.net,2023-03-10,Jersey
4456,Danny Rodgers,keycharles@example.com,2023-05-18,Dominica
4457,Jack Lopez,kelly64@example.net,2023-08-03,American Samoa
4458,Brandon Gomez,jwhite@example.net,2023-12-15,Jersey
4459,Christopher Smith,kimberly13@example.com,2023-08-25,Taiwan
4460,Mark Brown,martinezjeremiah@example.org,2024-01-15,Iraq
4461,Ashley Brown,walkertiffany@example.net,2022-10-19,Luxembourg
4462,Edward Harris,robert91@example.com,2023-01-03,Guyana
4463,Alexis Fuller,oliverbrian@example.org,2023-12-03,Seychelles
4464,Peggy Nicholson,jasonhenderson@example.com,2025-01-09,Finland
4465,Michael Rogers,icarr@example.org,2022-10-24,Poland
4466,David Wilkins,yolanda64@example.com,2025-02-22,Barbados
4467,Jon Pugh,jacobsthomas@example.com,2024-01-10,Guinea-Bissau
4468,Steven Chan,nreyes@example.com,2024-12-02,Georgia
4469,Cameron Hicks,kevin89@example.net,2023-01-13,Bouvet Island (Bouvetoya)
4470,Eric Phillips,michelle07@example.net,2025-06-22,Venezuela
4471,Jim Fleming,christy70@example.net,2023-04-29,American Samoa
4472,Ruben Perez,dawnnguyen@example.org,2023-02-22,Malta
4473,Jordan Nunez,harveychristina@example.net,2025-08-02,Swaziland
4474,Steven Tanner,stanleycox@example.com,2022-09-16,Slovakia (Slovak Republic)
4475,Michael Thompson,duanejones@example.net,2023-03-03,Wallis and Futuna
4476,Michael Collier,stephanie51@example.net,2025-03-24,Korea
4477,Brittany Robinson,tsmith@example.org,2023-02-14,Tonga
4478,Dr. Maria Garcia,brendasanders@example.org,2024-04-15,Puerto Rico
4479,Amanda Martin,victoriahayes@example.org,2022-12-19,Timor-Leste
4480,Jessica Palmer,pwilkins@example.com,2025-03-30,Senegal
4481,Bridget Davis,jenniferromero@example.org,2024-07-10,Saint Pierre and Miquelon
4482,Joe Cherry,paulmathis@example.org,2024-08-11,Afghanistan
4483,Anthony Reed,mbolton@example.org,2025-08-04,Lao People's Democratic Republic
4484,Kimberly Herrera,johnglenn@example.com,2023-03-10,Zimbabwe
4485,Joseph Yates,jesse29@example.org,2022-09-30,Comoros
4486,Aaron Jacobs,conniecollins@example.com,2023-06-15,Niger
4487,Kendra Blevins,angelaschmidt@example.org,2025-08-06,Germany
4488,Kevin Johnson,valeriemitchell@example.net,2024-01-09,Liberia
4489,Amanda Lopez,jennasmith@example.com,2024-01-08,Cayman Islands
4490,Tanner Evans,davisjulie@example.org,2023-12-28,Uzbekistan
4491,Alexis Chandler,herrerachristina@example.com,2024-03-26,Northern Mariana Islands
4492,Amy Mason,kimberly56@example.com,2023-11-02,Ukraine
4493,Monica Adams,lori45@example.org,2025-01-10,Mauritania
4494,Robert Ferguson,deckerkyle@example.com,2025-04-21,Aruba
4495,Justin Mann,vjohnson@example.net,2025-01-02,Iraq
4496,Terry Gallegos,david20@example.com,2024-12-21,Chile
4497,Kevin Davis,jennalucas@example.org,2023-08-29,Taiwan
4498,Michael Anderson,ywashington@example.org,2023-08-15,Cocos (Keeling) Islands
4499,Shane Simpson,bradleymoore@example.org,2024-05-18,Ghana
4500,Dakota Fox,andreajames@example.org,2024-08-13,Uruguay
4501,Christopher Pace,bcummings@example.org,2024-06-23,Korea
4502,Curtis Fox,adavis@example.net,2024-09-11,Lebanon
4503,David Jacobs,brettharding@example.org,2025-05-17,Belarus
4504,Lori Mathis,romeroaaron@example.org,2023-11-25,Saint Vincent and the Grenadines
4505,Amber Walsh,pennyjohnson@example.net,2025-07-16,Netherlands Antilles
4506,Carolyn Taylor,brandonfuentes@example.org,2024-05-28,Cook Islands
4507,Adrian Rice,amendez@example.net,2023-04-12,Palestinian Territory
4508,Lori Cook,dcarrillo@example.org,2022-12-12,Bosnia and Herzegovina
4509,Christopher Hebert,gfoley@example.com,2025-07-05,Australia
4510,Nicole Alexander,jonathan38@example.net,2025-02-10,Sri Lanka
4511,Danielle Brown,josephyang@example.com,2023-10-21,Bermuda
4512,Jennifer Bass,gobrien@example.org,2023-10-22,Honduras
4513,Sarah Ritter,scott27@example.net,2025-03-29,Montenegro
4514,Mason Gutierrez,robinsonashley@example.org,2024-09-30,Haiti
4515,Melissa Morrison,jonesdaniel@example.com,2022-09-24,Svalbard & Jan Mayen Islands
4516,Hannah Little,jonesjoseph@example.com,2024-11-02,Cuba
4517,Wanda Gonzalez,andrew56@example.org,2025-03-12,Armenia
4518,Gina Carpenter,ibates@example.net,2023-02-06,Maldives
4519,Tim Anderson,robertsanders@example.net,2024-12-11,New Zealand
4520,Margaret Jackson,kevin23@example.net,2023-08-31,Gambia
4521,Elizabeth Alvarez,jamescameron@example.org,2024-07-05,Equatorial Guinea
4522,Taylor Martinez,jonesashlee@example.com,2022-12-17,Cook Islands
4523,Pamela Barnes,martindavid@example.com,2023-08-18,Chile
4524,Tina Hooper,perrycrystal@example.net,2024-09-28,Zimbabwe
4525,Austin Dixon,sotodaisy@example.net,2024-12-21,Poland
4526,Dana Thompson,brian77@example.net,2023-06-10,Turkmenistan
4527,Joseph Clark,crystal00@example.net,2024-12-25,Tunisia
4528,Joshua Vincent,dixonbarbara@example.net,2024-12-12,Hungary
4529,Michelle Pearson,jessica95@example.com,2025-05-30,Faroe Islands
4530,Jesse Austin,rhodesphillip@example.com,2024-11-28,Ethiopia
4531,Mrs. Kelly Gray,francisjonathan@example.net,2023-06-03,Saint Barthelemy
4532,Robert Young,isimmons@example.net,2024-01-01,Martinique
4533,Ariana Sherman,jennifer68@example.org,2024-07-15,Faroe Islands
4534,David Wilson,prestonshelton@example.com,2024-10-28,Russian Federation
4535,Pamela Simon,rfinley@example.net,2023-10-11,Jamaica
4536,Sonya Baker,nelsonkurt@example.com,2025-05-23,Botswana
4537,Dawn Jones,eatonstephanie@example.com,2023-04-06,Saint Vincent and the Grenadines
4538,William Pittman,lambbrandon@example.net,2023-11-16,Venezuela
4539,Jorge Tapia,davischristopher@example.net,2023-11-30,Macao
4540,Laura Walters,lauren43@example.org,2024-08-13,Switzerland
4541,Henry Daniels,andrewsaunders@example.com,2023-07-24,Latvia
4542,Eric Day,donroy@example.org,2023-07-24,Nepal
4543,Robert Lopez,torresbrooke@example.com,2024-07-27,Azerbaijan
4544,Virginia Harrison,ksmith@example.com,2024-08-06,Jamaica
4545,John Parks,shane01@example.net,2023-09-30,Honduras
4546,Terry Rogers,sherry39@example.com,2024-10-04,Sri Lanka
4547,Monica Wyatt,nhall@example.com,2025-02-09,Fiji
4548,Michael Mccarthy,gregory97@example.net,2022-12-03,Portugal
4549,Tammy Gordon,cfisher@example.org,2023-11-09,China
4550,David Aguilar,lambertjoyce@example.com,2025-01-28,Bahamas
4551,Teresa Norris,vblack@example.net,2024-08-31,El Salvador
4552,Anthony Kelley DDS,crystal28@example.net,2023-04-14,New Zealand
4553,Jeffrey Herrera Jr.,ashley27@example.net,2023-11-11,British Indian Ocean Territory (Chagos Archipelago)
4554,Gregory Bailey,dennisveronica@example.net,2023-05-15,Jordan
4555,Douglas Martinez,efernandez@example.net,2023-02-17,Gambia
4556,Tyler Wyatt,dthompson@example.org,2024-06-01,Bouvet Island (Bouvetoya)
4557,Adam Underwood,zsmith@example.org,2025-08-20,Spain
4558,Lisa Banks,amanda13@example.net,2024-04-05,Seychelles
4559,Michaela Mccarthy,jason16@example.com,2025-05-08,Svalbard & Jan Mayen Islands
4560,Jeffrey Rosales,vsmith@example.org,2025-04-02,Northern Mariana Islands
4561,Alexander Webb,arhodes@example.com,2024-01-23,Marshall Islands
4562,Patrick George,gyoung@example.net,2024-02-05,Christmas Island
4563,Joshua Carlson,denise62@example.com,2025-06-22,Uruguay
4564,Walter May,wdavis@example.com,2022-09-11,Pitcairn Islands
4565,Christopher Ward,gcalhoun@example.net,2025-06-09,Oman
4566,Alexandra Lopez,lhamilton@example.net,2024-08-10,Monaco
4567,Tracy Preston,cameronwarner@example.org,2023-01-08,Israel
4568,Roger Chapman,chad12@example.com,2023-04-13,Saint Pierre and Miquelon
4569,Maria Schwartz,nprice@example.com,2024-10-30,Madagascar
4570,Ruth Hobbs,barbara92@example.net,2022-10-01,Kyrgyz Republic
4571,Anna Holland,bmorris@example.org,2025-05-02,Bosnia and Herzegovina
4572,Bradley Kelley,joshuawatson@example.net,2024-03-29,Honduras
4573,Kristin Washington,adamturner@example.org,2024-12-10,Croatia
4574,Mark Moore,stephaniemosley@example.com,2022-10-08,Congo
4575,Kathleen Davis,danielanderson@example.net,2023-07-03,Puerto Rico
4576,Stephanie Ford,tlewis@example.net,2022-09-26,Christmas Island
4577,Alejandro Rasmussen,mkelly@example.org,2022-11-06,Fiji
4578,Jill Perry,hughesdonna@example.org,2023-07-07,Indonesia
4579,Caleb Torres,jasoncurry@example.net,2025-05-07,Turks and Caicos Islands
4580,William Clark,nrocha@example.org,2023-03-11,Croatia
4581,Joseph Wheeler,joneschristopher@example.com,2022-12-12,Norway
4582,Brent Mcgee,hernandezelizabeth@example.com,2024-08-03,Ghana
4583,Susan Mckinney,edward79@example.org,2025-04-23,United States of America
4584,Melvin Jones,ahamilton@example.org,2022-12-14,Greece
4585,Travis Anderson,heather00@example.net,2024-09-25,Guam
4586,Ryan Parker,davidwolfe@example.net,2022-10-10,Georgia
4587,Daniel Cline,davidryan@example.com,2025-08-05,Maldives
4588,James Cannon,aburns@example.net,2023-04-16,Niue
4589,Jose Smith,mblack@example.org,2024-12-12,Hong Kong
4590,Mr. Jorge Baldwin,joshua18@example.net,2023-01-28,Iran
4591,Catherine Wood,huynhmatthew@example.com,2024-05-06,Lithuania
4592,Steven Ward,donald19@example.org,2023-01-25,French Polynesia
4593,Linda Weber,clarkkenneth@example.com,2023-01-11,Costa Rica
4594,Michelle Wagner,jimmyfranco@example.net,2024-08-27,Nigeria
4595,Jacqueline Porter,johnnymyers@example.org,2024-08-15,Falkland Islands (Malvinas)
4596,Kaylee Chan,hillnatasha@example.org,2025-02-10,Bulgaria
4597,Cynthia Cole,mreed@example.com,2024-10-16,Luxembourg
4598,Patricia Leonard,cameronnatasha@example.net,2024-03-03,Cuba
4599,Jeffery Ryan,perezsarah@example.com,2024-12-05,Martinique
4600,Jasmine Sanchez,olivia15@example.net,2023-02-13,Norway
4601,Allison Robinson,jerry21@example.net,2024-08-12,Iraq
4602,Pamela Burton,kellysmith@example.net,2024-09-30,Kyrgyz Republic
4603,Sheila Hernandez,victoria66@example.com,2024-02-27,Philippines
4604,Elizabeth Garza,megan92@example.net,2023-01-26,Marshall Islands
4605,Matthew Nelson,yandrews@example.org,2023-01-08,Christmas Island
4606,Michael Jimenez,kellycory@example.net,2023-10-28,Myanmar
4607,Christina Smith,jonesmartha@example.org,2022-09-05,Costa Rica
4608,Samuel Smith,derekbaker@example.com,2024-11-23,Netherlands Antilles
4609,Natalie Stewart DDS,kpennington@example.com,2022-08-26,Reunion
4610,Jessica Aguilar,schneiderlaura@example.net,2023-04-28,Cambodia
4611,Christina Ray,cmoreno@example.com,2023-04-12,New Caledonia
4612,Matthew Evans,bkline@example.net,2023-11-15,Tonga
4613,Katie Calhoun,morrisronald@example.com,2025-08-14,Malawi
4614,Dr. April Griffith,april44@example.net,2023-12-10,United States Virgin Islands
4615,Matthew Morris DVM,iphillips@example.net,2025-03-11,Ecuador
4616,Donald Holder,woodrebecca@example.net,2024-08-27,Iran
4617,Julie Howard,garylee@example.com,2022-11-11,Belize
4618,Denise Craig,evaldez@example.com,2023-01-19,Afghanistan
4619,Jeffrey Cooper,chasesmith@example.org,2024-02-05,San Marino
4620,Justin Aguirre,frankthompson@example.com,2023-11-17,Mozambique
4621,Alicia Zuniga,andersoncarrie@example.net,2024-03-26,Aruba
4622,Michael Rios,dphillips@example.net,2023-06-08,Belgium
4623,Rebecca Richard,lori46@example.net,2023-03-01,South Georgia and the South Sandwich Islands
4624,Lauren Harrington,knguyen@example.com,2025-05-20,Ghana
4625,Adam Mcknight,danascott@example.org,2022-09-06,Malaysia
4626,Steven Riggs MD,gallen@example.org,2024-04-29,Italy
4627,Sandra Howell,lisacardenas@example.com,2024-06-18,British Indian Ocean Territory (Chagos Archipelago)
4628,Jason Brown Jr.,micheleaguilar@example.org,2023-04-26,Malawi
4629,Jason Beck,williamsonhailey@example.com,2025-05-08,Jamaica
4630,Christine Anderson,rsellers@example.org,2025-05-03,Turkmenistan
4631,Elizabeth Levy,nicolemullins@example.com,2025-04-09,Greenland
4632,Christine Taylor,katherine17@example.org,2023-12-25,Chile
4633,Robin Fernandez,dtaylor@example.com,2023-10-03,Colombia
4634,Darryl Sloan,charles27@example.com,2023-01-04,Russian Federation
4635,Shannon Robinson,mmueller@example.com,2024-11-06,Guernsey
4636,Scott Roach,nancy85@example.org,2023-12-23,Togo
4637,Heather Goodman,phillipfuller@example.org,2022-10-04,Iraq
4638,Tammy Morrison,foxricardo@example.net,2024-02-28,Luxembourg
4639,Bruce Holt,zlandry@example.org,2022-09-27,Bahrain
4640,Christopher Morrow,iwilson@example.com,2022-12-18,Rwanda
4641,Mitchell Thornton,rhoffman@example.org,2024-09-19,Somalia
4642,Chad Gomez,ericahenry@example.com,2025-03-27,Ireland
4643,Teresa Holmes,joshua32@example.com,2023-07-23,Iceland
4644,William Jordan,arnoldnatasha@example.com,2024-10-17,Georgia
4645,Robert Rogers,yvonnecarson@example.net,2025-06-23,Tunisia
4646,Sharon Dominguez,castrozachary@example.org,2024-04-21,Somalia
4647,Noah Love,jasonwalker@example.net,2024-09-12,Northern Mariana Islands
4648,Anthony Bell,ksmith@example.com,2022-11-16,Gibraltar
4649,Alex Simpson,millershawna@example.net,2025-03-01,Sierra Leone
4650,Jamie Lee,joshua79@example.net,2023-01-27,Korea
4651,Jennifer Gray,nancy35@example.org,2025-02-04,Cuba
4652,Cristian Norman,robert12@example.org,2024-12-21,New Zealand
4653,Steve Davidson,ykelley@example.net,2022-12-04,Benin
4654,Brian Patel,garywilson@example.com,2023-08-21,Cyprus
4655,James Rice,icraig@example.org,2023-03-13,Cyprus
4656,Patricia Hansen,brian79@example.org,2023-10-16,Paraguay
4657,Bradley Contreras,andersonsuzanne@example.org,2022-10-16,Netherlands Antilles
4658,Danielle English,tracy16@example.net,2024-02-14,Ecuador
4659,Elizabeth Chan,theresa40@example.net,2024-05-25,Iran
4660,Alexandra Castillo,smithmark@example.net,2024-09-07,Liberia
4661,Leah Ramirez,whitney90@example.com,2025-04-07,Uruguay
4662,Kevin Buchanan,nmiller@example.net,2024-03-15,Venezuela
4663,Stacey Henderson,joseph94@example.org,2023-01-10,Mali
4664,Courtney Watkins,justin16@example.org,2024-07-19,Saint Lucia
4665,Tyler King,justinlee@example.net,2024-09-20,Bolivia
4666,Whitney Johnston,littlewilliam@example.org,2023-12-05,Indonesia
4667,Mike Taylor,wgarza@example.com,2024-01-05,Sudan
4668,Todd Wilson,nancysanders@example.com,2024-12-06,Argentina
4669,Shane Phillips,tgiles@example.com,2023-12-29,Yemen
4670,Amy Stone DVM,leebrown@example.net,2024-09-25,Togo
4671,Randall Humphrey Jr.,aarongomez@example.com,2022-10-16,Guernsey
4672,Charles Lawrence,mosesstephen@example.net,2023-04-05,Panama
4673,Alexandra Wilson,kristin47@example.org,2023-11-09,Sao Tome and Principe
4674,Brenda Ramirez,olynn@example.org,2025-05-20,Faroe Islands
4675,Martin Rodriguez,drios@example.org,2023-01-21,Guinea
4676,Andrea Henderson,lwilson@example.org,2024-06-30,Australia
4677,Brandon Powers,ylane@example.org,2024-01-06,Andorra
4678,Jennifer Sanchez,smithkayla@example.com,2024-12-11,Fiji
4679,Christina Miller,patrickcraig@example.org,2024-01-03,Mayotte
4680,Tina Russell,irobinson@example.org,2024-02-19,Kazakhstan
4681,Wendy Martin,tina66@example.org,2023-07-19,Hong Kong
4682,Alison Ramirez,fpatel@example.com,2025-06-09,Greenland
4683,Christopher Rhodes,carlasalazar@example.com,2024-12-30,Namibia
4684,Morgan Smith,aliciamendoza@example.net,2023-02-06,Argentina
4685,Tammy Glover,joshuapreston@example.org,2024-12-13,Panama
4686,Ryan Ali,mcintyretony@example.com,2025-04-05,Liberia
4687,Bradley Williams,shannoncooper@example.com,2024-08-07,Togo
4688,Gregory Martinez,uholt@example.net,2025-03-22,Germany
4689,Christopher Bailey,nmills@example.org,2024-10-22,Palestinian Territory
4690,Robert Hatfield,johnsonlaurie@example.org,2023-07-28,Bangladesh
4691,Joe Browning,orichards@example.com,2023-07-24,Saint Lucia
4692,Andrew Hatfield,danielobrien@example.net,2024-12-18,Seychelles
4693,Stephanie Strong,katie23@example.org,2025-05-15,Tajikistan
4694,Jennifer Medina,munozsharon@example.com,2025-02-25,India
4695,Dylan Dawson,cole62@example.org,2025-02-01,Zambia
4696,Sylvia Medina,ohood@example.net,2025-03-16,South Africa
4697,Victoria Gardner,glasssara@example.com,2023-09-17,Japan
4698,Linda Osborn,susan81@example.org,2025-03-03,Bahrain
4699,Sara White,tcruz@example.net,2022-11-14,Ghana
4700,Virginia Hatfield,klogan@example.org,2024-09-01,Guatemala
4701,Stephanie Berry,bsmith@example.net,2023-08-25,Falkland Islands (Malvinas)
4702,Katherine Jackson,ynorris@example.org,2025-08-07,Saint Kitts and Nevis
4703,Robin Smith,millerdenise@example.net,2025-05-11,Latvia
4704,Sharon Bruce,jessica16@example.net,2024-08-27,Australia
4705,Alison Wilson,wgreen@example.com,2025-07-05,Ireland
4706,Robert Watkins,michelle44@example.net,2022-12-20,Azerbaijan
4707,Chris Williams,georgemitchell@example.org,2023-03-20,Dominican Republic
4708,Mary Fields,alan15@example.net,2024-12-16,Hong Kong
4709,Sara Lopez DDS,jessicabray@example.net,2022-12-23,Sao Tome and Principe
4710,Lisa Jennings,fmiller@example.net,2024-07-12,Martinique
4711,John Miller,mperez@example.net,2022-09-30,Saudi Arabia
4712,Johnathan Vaughn,xjoseph@example.net,2024-05-12,Sri Lanka
4713,Timothy Clayton,dsmith@example.org,2025-03-13,North Macedonia
4714,Mandy Brown PhD,rhoffman@example.com,2023-03-23,Argentina
4715,Derrick Carter,campbellrobert@example.com,2022-10-28,Antarctica (the territory South of 60 deg S)
4716,Leslie Reed,jeffreycordova@example.org,2024-06-02,Kazakhstan
4717,David Fischer,jeffreydixon@example.org,2025-02-25,Gabon
4718,Eric Barnes,velazquezsusan@example.net,2025-05-14,United Arab Emirates
4719,Sandra Hughes,esnyder@example.org,2024-12-01,Northern Mariana Islands
4720,Sarah Vaughan,cpollard@example.com,2023-03-27,Vanuatu
4721,Lauren Williams,mary09@example.net,2023-04-13,Bosnia and Herzegovina
4722,Kimberly Guzman,qrose@example.net,2024-12-18,Mayotte
4723,Stacy Fisher,anthony73@example.com,2024-07-07,Sri Lanka
4724,Marcia Gibson,uellis@example.net,2022-11-06,Falkland Islands (Malvinas)
4725,Linda Eaton,edavis@example.com,2023-12-22,Wallis and Futuna
4726,Kenneth Smith,walkermichael@example.net,2024-09-29,Cameroon
4727,Bryan Woods,rodriguezgregory@example.org,2025-04-13,Cape Verde
4728,Kenneth Brown,nancyharmon@example.net,2024-02-19,Hong Kong
4729,James Cooper,megan27@example.org,2023-06-16,Qatar
4730,Crystal Ali,danielpope@example.org,2024-08-21,Burkina Faso
4731,Cory Powers DDS,emyers@example.org,2022-11-13,Guinea
4732,Lisa Raymond,jonesjohn@example.org,2025-02-01,Indonesia
4733,Sarah Schroeder,cmorgan@example.com,2024-03-01,Montserrat
4734,Denise Foley,fordcaroline@example.org,2023-03-04,Sao Tome and Principe
4735,Melissa Beasley,dennis40@example.com,2022-10-24,Austria
4736,Deborah Johnson,buckleytanner@example.net,2024-12-27,Togo
4737,Nicole White,amandarobinson@example.com,2023-06-28,Kuwait
4738,James Nguyen,uflynn@example.net,2025-07-24,Saint Helena
4739,Luis Downs,michelle23@example.net,2024-05-13,French Guiana
4740,Joseph Dominguez,aguirrerachael@example.net,2025-03-27,Samoa
4741,Christopher Noble,melissa27@example.com,2024-05-16,Haiti
4742,Dawn Ibarra,kristenunderwood@example.com,2025-01-01,Aruba
4743,Sydney Dominguez,joywhite@example.net,2024-01-24,Singapore
4744,Jessica Burgess,nlopez@example.org,2024-02-10,San Marino
4745,Joseph Smith,rbrown@example.com,2024-04-23,Suriname
4746,William Monroe,anthony29@example.com,2022-12-29,Hungary
4747,Barbara Gomez,mckinneybrandon@example.com,2025-05-09,Colombia
4748,Tiffany Smith,morrislinda@example.com,2024-12-24,Qatar
4749,Timothy Hall,brittney99@example.org,2025-08-12,Bermuda
4750,Yvonne Bailey,uwashington@example.com,2023-12-10,South Georgia and the South Sandwich Islands
4751,Erin West,virginia60@example.org,2023-02-15,Bahamas
4752,Audrey Hunter,lisahahn@example.org,2024-05-16,Guatemala
4753,Craig Wells,stacieconway@example.net,2023-01-30,Eritrea
4754,Alan Anderson,mary73@example.com,2023-10-28,Trinidad and Tobago
4755,Patrick Anderson,nancy22@example.net,2023-05-01,Luxembourg
4756,Victoria Walker,ashley65@example.com,2024-12-28,Faroe Islands
4757,Jaime Williams,dsmith@example.net,2025-08-16,Saint Pierre and Miquelon
4758,Dr. Deborah Ford MD,keith94@example.net,2024-10-12,Korea
4759,Yolanda Thompson,chapmanamanda@example.org,2024-12-05,Swaziland
4760,Patricia Hubbard,christopher85@example.com,2024-12-27,Seychelles
4761,Amber Thomas,rdalton@example.org,2024-01-26,Trinidad and Tobago
4762,William Hall,heather14@example.net,2023-07-28,Niue
4763,Andrea Greene,robinkelley@example.com,2024-02-08,Belarus
4764,Tina Martinez,uwebb@example.com,2024-12-26,Papua New Guinea
4765,Amanda Schwartz,mcguireshannon@example.com,2023-12-16,Namibia
4766,Jacob Dixon,psmith@example.org,2025-07-27,New Zealand
4767,Gina Allen,shawndaniels@example.net,2024-07-27,Panama
4768,Amy Myers,ypatel@example.org,2025-03-07,Haiti
4769,Sally Anthony,kyle93@example.net,2023-11-15,Bouvet Island (Bouvetoya)
4770,David Massey,carlwright@example.org,2024-10-13,Belarus
4771,Tina Sherman,phillippatterson@example.com,2022-12-24,French Guiana
4772,Daniel Park,frederick50@example.org,2023-08-29,Burundi
4773,Ethan Morgan,davidadkins@example.net,2025-01-27,Angola
4774,Donald Alvarez,amanda62@example.com,2023-07-26,Moldova
4775,Rebecca Randall MD,lhoward@example.org,2024-01-16,Chile
4776,Terry Andrade,emullen@example.com,2022-09-23,Kenya
4777,Olivia Mckinney,pgonzales@example.net,2024-03-29,Norfolk Island
4778,Nicole Shelton,rosejason@example.com,2024-07-21,Sao Tome and Principe
4779,Bradley Delacruz,michael06@example.net,2022-10-27,Cameroon
4780,Shelby Henry,cesarhill@example.org,2025-06-08,Brazil
4781,John Brown,carrdebbie@example.net,2024-05-21,Marshall Islands
4782,Corey Garrett,rachelortiz@example.com,2022-09-20,Trinidad and Tobago
4783,Daniel Hernandez,amberburton@example.net,2023-10-25,North Macedonia
4784,Deborah Hughes,xvaughan@example.net,2023-05-12,Afghanistan
4785,Dr. Nicole Olsen,traci12@example.org,2022-10-11,Argentina
4786,Ashley Williams,ydavis@example.com,2022-09-11,Antarctica (the territory South of 60 deg S)
4787,Dr. Ryan Mcdowell MD,karen74@example.org,2022-10-12,Finland
4788,Keith Brooks,zcontreras@example.com,2023-05-21,Somalia
4789,Mr. Jason Avila MD,cdavis@example.net,2024-12-15,Italy
4790,Abigail May,zmoss@example.org,2023-10-08,Barbados
4791,Sandra Walters,amy96@example.com,2025-02-14,Saudi Arabia
4792,Ashlee Garrett,steelemaurice@example.org,2024-09-06,Central African Republic
4793,Justin Walker,martinstephen@example.net,2023-08-16,Panama
4794,Shannon Burns,sara64@example.net,2022-12-05,Equatorial Guinea
4795,Michael Guerra,lewischad@example.net,2024-03-23,Portugal
4796,Aaron Dillon,jcarter@example.org,2022-10-02,Ecuador
4797,Christina Smith,briannarich@example.org,2025-01-15,Nauru
4798,Kimberly Robinson DDS,xkelly@example.org,2025-05-26,Kiribati
4799,Melissa Smith,wardstephanie@example.com,2023-02-22,Belize
4800,Jacob Mayer,sharondeleon@example.net,2025-05-26,Greenland
4801,Wendy Vargas,lisa69@example.com,2024-03-30,Bangladesh
4802,Brian Hendricks,salastami@example.net,2024-11-25,Greenland
4803,Tony Mcfarland,igordon@example.com,2022-10-09,United Arab Emirates
4804,Jared Wilson,rsmith@example.com,2024-03-10,Belize
4805,Sheila Byrd DVM,howardchristine@example.org,2024-01-04,Ukraine
4806,Todd Mendoza,jason25@example.net,2023-05-10,Grenada
4807,Gary Ball,juanyoung@example.com,2023-08-30,Antigua and Barbuda
4808,Miss Brooke Anderson,pamela64@example.net,2024-01-06,Zimbabwe
4809,Carol Miller,mendozarachel@example.com,2023-04-28,Saint Helena
4810,Katelyn Nguyen,alexander20@example.com,2023-07-14,Uruguay
4811,Haley Krause,kellydavis@example.com,2024-11-24,Gabon
4812,Nicole Miles,teresa54@example.net,2022-11-02,Philippines
4813,Stacey Rivera,scottgardner@example.net,2022-10-03,Ghana
4814,Russell Ray,markwong@example.org,2024-10-12,Greece
4815,Kent Wheeler,steven06@example.com,2024-12-01,Turkmenistan
4816,Mrs. Samantha Smith,hkhan@example.com,2023-08-30,Djibouti
4817,Stacey Terry,lisa14@example.com,2025-05-25,Honduras
4818,Renee Nicholson,lewisjoseph@example.org,2023-10-18,Germany
4819,David Shelton,fernando55@example.org,2022-09-08,Saint Martin
4820,Steven Escobar,stevensonmorgan@example.net,2025-06-09,Thailand
4821,Gary Miller,scottlopez@example.org,2023-10-29,Saudi Arabia
4822,Paul Williams,turnertimothy@example.com,2024-05-17,Ecuador
4823,Edward Mcfarland,kristen33@example.net,2022-09-09,Samoa
4824,Joe Hester,zperry@example.net,2025-06-16,Saint Helena
4825,Hannah Becker,jessica81@example.net,2025-06-22,Belgium
4826,Kimberly Padilla,whitesergio@example.net,2023-05-25,Guatemala
4827,Mark Lyons,samanthamontes@example.net,2025-01-07,Senegal
4828,Brenda Mccullough,jeremy59@example.net,2024-07-08,Gabon
4829,Emily Anderson,mcintoshjoshua@example.net,2023-01-04,Falkland Islands (Malvinas)
4830,Jimmy Thomas,ramosbrian@example.net,2024-05-07,Hong Kong
4831,Christopher Allen,andersonbrooke@example.com,2024-03-26,Peru
4832,Kathryn Butler,amanda69@example.com,2022-11-30,Albania
4833,Bryan Evans,fvilla@example.com,2022-09-11,Bolivia
4834,Mary Li,perkinssteven@example.com,2023-06-18,Nepal
4835,John Harmon,anthony49@example.com,2024-06-11,Falkland Islands (Malvinas)
4836,Julie Hawkins,littledenise@example.com,2024-07-12,French Polynesia
4837,Dennis Woods,david85@example.net,2025-03-19,Czech Republic
4838,Michael Garrett,marisalandry@example.org,2025-07-29,Saint Vincent and the Grenadines
4839,Laura Abbott,bryan21@example.com,2025-03-15,Antarctica (the territory South of 60 deg S)
4840,Valerie Montgomery,longangela@example.net,2025-07-07,Malawi
4841,Alexandria Carter,allison72@example.org,2024-11-05,Mayotte
4842,Aaron Higgins,jordandavid@example.org,2023-07-31,Montenegro
4843,Gary Russell,cohenmeghan@example.net,2023-05-28,Libyan Arab Jamahiriya
4844,Danielle Watson,tammyphillips@example.org,2025-03-29,Trinidad and Tobago
4845,Brian Clark,christiangarcia@example.net,2023-07-15,Uzbekistan
4846,Adrian Davis,lynchlisa@example.com,2024-10-05,Vietnam
4847,Patricia Terry,ross93@example.com,2023-05-20,Bahrain
4848,Joseph Vaughn,robert24@example.net,2023-12-20,Bangladesh
4849,Kayla Moore,stephen76@example.net,2023-01-14,Albania
4850,Michael Wolf,alexanderperry@example.org,2025-06-30,Japan
4851,Michael Parrish,tina95@example.org,2023-11-19,Tuvalu
4852,Roger Burgess,oavila@example.org,2022-10-29,Kuwait
4853,William Avila,michelle20@example.org,2023-04-18,Spain
4854,Veronica Stephens,cspencer@example.com,2023-12-23,Tajikistan
4855,Jennifer Jackson,james90@example.net,2024-01-31,Panama
4856,Erica Williams,wrightanthony@example.org,2024-02-21,Lebanon
4857,Lynn Gonzalez,xrios@example.net,2024-01-10,Denmark
4858,Jorge Ruiz,elizabethdavis@example.org,2025-01-04,Saint Lucia
4859,Antonio Myers,jake56@example.org,2023-03-01,Gabon
4860,Nicholas Andrews,xroth@example.com,2025-06-20,South Africa
4861,William Knight,jacqueline89@example.com,2025-01-19,Lebanon
4862,Timothy May,allisonanthony@example.net,2023-06-21,China
4863,Karen Ryan,woodsjoseph@example.com,2022-12-16,Monaco
4864,Beth Williams,andreabailey@example.org,2023-07-22,Brunei Darussalam
4865,Whitney Rose,lucas82@example.com,2025-04-01,Jordan
4866,Adam Stanley,fdavis@example.org,2025-01-25,Guyana
4867,Reginald Holt,cforbes@example.com,2024-06-18,Honduras
4868,Joann Gonzalez,mjohnson@example.org,2024-12-05,Holy See (Vatican City State)
4869,Steven Morgan,joseph59@example.net,2025-01-15,Bosnia and Herzegovina
4870,Travis Dunn,jacqueline89@example.org,2022-10-17,Vanuatu
4871,Andrea Johnson,joyceharris@example.org,2024-03-16,Seychelles
4872,Renee Chandler,john70@example.com,2024-09-20,North Macedonia
4873,Briana Baker,hartmanjames@example.org,2025-08-08,Falkland Islands (Malvinas)
4874,Karen Brown,manuel61@example.net,2025-01-13,Netherlands
4875,Angel Griffin,njones@example.org,2023-08-12,Mauritius
4876,Nicholas Smith,fwhite@example.com,2024-06-05,Panama
4877,Angela Wang,alexander00@example.net,2023-11-26,Kazakhstan
4878,Heather Lucas,tracy56@example.org,2025-07-26,Italy
4879,Curtis Dunlap Jr.,ahenderson@example.com,2023-09-21,Armenia
4880,Andrew Wolfe,shawnjohnson@example.org,2024-03-22,Czech Republic
4881,Stephen Stevens,cbarrett@example.com,2025-02-24,Costa Rica
4882,Dr. Christopher White,jgardner@example.org,2024-02-02,Tokelau
4883,Pam Murray,melissablack@example.net,2025-08-13,Argentina
4884,Katherine Harris,christine72@example.org,2024-03-16,United Arab Emirates
4885,Dalton Garcia,youngrichard@example.net,2023-12-26,Cote d'Ivoire
4886,Michael Mccarthy,ashleygarcia@example.com,2023-10-15,Iceland
4887,Alexis Morgan,rcoleman@example.com,2024-01-25,Angola
4888,Madison Jacobs,igibson@example.org,2024-08-17,Cote d'Ivoire
4889,Elizabeth Kelly,qsmith@example.com,2022-12-23,Norfolk Island
4890,Morgan Powell,suttondaniel@example.net,2024-02-21,Saint Pierre and Miquelon
4891,Destiny Foster,emily33@example.com,2025-03-02,Equatorial Guinea
4892,Tammy Martin,alvarezmelissa@example.com,2025-02-13,Burundi
4893,Sherri Baldwin,shawnsexton@example.com,2024-01-30,Burundi
4894,Steven Archer,kenneththomas@example.org,2023-04-04,Solomon Islands
4895,Teresa Carr,andreaperez@example.com,2023-12-17,Jamaica
4896,Cynthia Gates,veronicareed@example.net,2022-09-01,Tuvalu
4897,William Oconnor,rosetroy@example.net,2023-09-29,Finland
4898,Lisa Walters,mbest@example.org,2024-09-08,Cook Islands
4899,Abigail James,gbrown@example.com,2025-04-28,Aruba
4900,Stacey Cunningham,stephanie18@example.com,2024-07-19,Benin
4901,Katherine Miller,qelliott@example.org,2024-03-09,Palestinian Territory
4902,Daniel Mitchell,brownlinda@example.net,2025-08-19,Cayman Islands
4903,Margaret Washington,heididavis@example.com,2025-05-14,Palau
4904,Lauren Wilson,austin46@example.net,2022-11-14,Switzerland
4905,Jason Jones Jr.,rebeccadoyle@example.com,2022-12-16,Aruba
4906,Bradley Johnson,huntergonzalez@example.org,2024-05-05,Haiti
4907,Robert Campbell,ibenson@example.net,2022-09-23,Yemen
4908,Melissa Krause,kellie30@example.org,2022-10-15,Croatia
4909,Tara Morse,vboyd@example.net,2023-03-08,Armenia
4910,Holly Cohen,danielle43@example.org,2023-07-25,Wallis and Futuna
4911,Zoe Campbell,vallen@example.net,2023-11-13,Panama
4912,Laura Snyder,brian53@example.org,2025-03-08,Latvia
4913,Brandon Smith,dean31@example.com,2022-10-10,Croatia
4914,Deborah Kemp,sellersmichelle@example.net,2025-01-24,Bhutan
4915,Mr. Nicholas Robertson,gstevens@example.com,2023-02-11,Trinidad and Tobago
4916,Jessica Robinson,fmueller@example.com,2023-07-15,Georgia
4917,Max Hammond III,perrydavid@example.com,2023-07-14,Bangladesh
4918,Lindsay Hudson,stacy44@example.net,2024-10-25,Maldives
4919,Jonathon Walton,kevin78@example.net,2024-04-23,Dominica
4920,Zachary Steele,linda63@example.org,2023-09-29,Portugal
4921,Patricia Nichols,myersdaniel@example.net,2022-11-01,Indonesia
4922,Matthew Jones,xwilliams@example.net,2023-09-25,United States Minor Outlying Islands
4923,Dustin Norris,ortizbenjamin@example.org,2023-04-17,Mali
4924,Robert Johnston,joshua43@example.net,2024-06-14,Nepal
4925,Brittany Hill,bettychambers@example.org,2024-05-05,Puerto Rico
4926,Renee Humphrey,laurenjohnson@example.org,2023-05-05,United States of America
4927,Scott Smith,zberry@example.org,2025-08-06,Cote d'Ivoire
4928,Alexander Ayers,billyphillips@example.net,2025-02-21,Togo
4929,Stephanie Johnson,john58@example.org,2025-07-21,Croatia
4930,Dana Tyler,emack@example.com,2024-12-23,Kiribati
4931,Brian Ramirez,ykrueger@example.org,2024-01-13,Tajikistan
4932,Charles Short,jamesmathis@example.com,2024-12-06,Haiti
4933,Gregory Graham,jrice@example.com,2025-05-31,Chile
4934,Robert Neal,jacksonpatrick@example.org,2023-12-15,Denmark
4935,Christina Gomez,jaimelopez@example.net,2025-04-24,Belgium
4936,Todd Shepherd,phillipsaudrey@example.org,2023-09-30,Kazakhstan
4937,Ethan Goodman,griffinjoseph@example.net,2023-07-26,Turks and Caicos Islands
4938,Scott Evans,odomelijah@example.org,2023-12-19,Bahrain
4939,Eric Clark,donnaacosta@example.net,2025-07-28,Tonga
4940,Anthony Wood,zjackson@example.net,2023-04-01,Guam
4941,Alicia Gordon,psuarez@example.org,2022-10-11,Angola
4942,Michele Miller,brownzachary@example.com,2023-04-28,Guatemala
4943,Allen Morris,martinkristen@example.org,2025-05-13,Anguilla
4944,Nicole Davis,gwilson@example.net,2024-07-13,Equatorial Guinea
4945,Brett Drake,micheletodd@example.org,2025-08-02,French Southern Territories
4946,Valerie Hines,gainestonya@example.org,2022-11-12,Bhutan
4947,Jacob Rogers,ellisonrandall@example.net,2024-01-16,Bhutan
4948,Lance Guzman,hallchris@example.org,2025-02-04,Korea
4949,Robert Thompson,garymccall@example.net,2023-02-27,Slovenia
4950,Stacy Morgan,nicholsjohn@example.com,2023-10-26,Spain
4951,Michael Cook,csmith@example.com,2024-06-19,Belarus
4952,Lauren Hernandez,dorseymichelle@example.org,2024-10-11,Spain
4953,Samuel Hubbard,knichols@example.com,2025-04-08,British Indian Ocean Territory (Chagos Archipelago)
4954,Mrs. Kristen Curtis,onielsen@example.net,2025-07-01,Reunion
4955,Jaime Rhodes,onielsen@example.com,2024-05-05,Seychelles
4956,Michael Hall,ssmith@example.net,2025-05-15,Vanuatu
4957,Jasmine Williams,russell88@example.com,2025-06-13,Venezuela
4958,Andrea Duffy,reginald34@example.com,2024-03-18,Indonesia
4959,Cassandra Morrison,powellzachary@example.org,2025-05-17,Belarus
4960,Bridget Smith,sean96@example.net,2024-05-14,Costa Rica
4961,Ricardo Bass,santosthomas@example.com,2025-06-21,Uruguay
4962,Tara Fields,sullivanjoyce@example.net,2024-05-31,Bangladesh
4963,Tammy Wilson,jessica19@example.com,2023-04-10,Russian Federation
4964,Joseph Marquez,pedrojohnson@example.net,2024-01-06,Cook Islands
4965,Sheila Sanchez,ballamber@example.com,2025-07-10,Poland
4966,James Foster,halljennifer@example.org,2024-09-19,Guinea-Bissau
4967,Jacob Ponce,chaneyedward@example.org,2025-03-28,Maldives
4968,Jacob Lambert,scottwilliams@example.com,2023-04-12,Slovakia (Slovak Republic)
4969,Wyatt Martinez,pamelasimmons@example.net,2024-06-29,Kiribati
4970,Cristina Rogers,robert78@example.net,2023-07-15,Uruguay
4971,Brenda Rogers DDS,shepherddonald@example.net,2022-11-07,Guatemala
4972,Gregory Taylor,tonymclaughlin@example.net,2024-01-31,Guam
4973,Thomas Matthews,wallerpeter@example.net,2023-03-26,South Africa
4974,Chelsey Cole,ccastillo@example.org,2024-09-02,Cape Verde
4975,Michael Taylor,ugoodman@example.org,2023-06-21,Norfolk Island
4976,Scott Norris,kingcourtney@example.org,2022-12-20,Somalia
4977,Abigail Gibson,christophernelson@example.org,2022-09-18,Swaziland
4978,John Hart,ericgomez@example.net,2025-06-28,Jordan
4979,Yvonne Pineda,ubailey@example.org,2023-03-31,Russian Federation
4980,Kim Armstrong,gregoryjames@example.org,2022-10-01,Palau
4981,Connie Martin,christopher28@example.net,2024-04-05,Burkina Faso
4982,Dr. Jeffrey Potts,michael89@example.org,2023-05-06,Lebanon
4983,Christine Williams,eric17@example.org,2022-11-14,Guernsey
4984,Debra Nguyen,markgreene@example.org,2024-03-04,New Zealand
4985,Kenneth Lucas,nathan10@example.com,2023-12-03,Netherlands Antilles
4986,Dawn Henderson,vincent70@example.com,2024-05-26,Sao Tome and Principe
4987,Paul Lee,christianjonathan@example.org,2024-04-18,Guam
4988,Tina Lindsey,jason41@example.net,2022-08-21,Sweden
4989,Martha Eaton,taylor68@example.com,2023-01-16,Argentina
4990,Jason Gaines,cindy29@example.net,2022-10-26,French Polynesia
4991,Brendan Underwood,susan44@example.com,2024-03-25,Kiribati
4992,Bryan Fox,angelataylor@example.com,2022-11-18,Congo
4993,Samuel Robinson,hilledward@example.com,2022-10-06,Tajikistan
4994,Lisa Barker,michele88@example.org,2023-07-29,Bolivia
4995,Christopher Scott,timothy78@example.net,2024-02-02,Taiwan
4996,Patrick Watson,kevinscott@example.org,2024-12-01,Suriname
4997,Donna Juarez,alewis@example.org,2025-02-08,Congo
4998,Timothy Hicks,edwin84@example.com,2024-02-20,Estonia
4999,Christopher Keith,bdalton@example.net,2024-10-30,Netherlands
5000,Michael Green,kchase@example.com,2024-01-31,Spain
5001,William Horton,amyrodriguez@example.net,2023-12-25,Tajikistan
5002,Toni Perez,hoffmanpatrick@example.com,2025-04-15,Botswana
5003,Tara Hill,hebertnancy@example.com,2025-04-12,Bulgaria
5004,Nicholas Solis,thomassusan@example.net,2023-03-07,Guatemala
5005,Michelle Morrison,robertsullivan@example.net,2025-02-16,Antigua and Barbuda
5006,April Cooper,shelby21@example.com,2025-02-28,Burundi
5007,Jamie Moore,harristimothy@example.com,2025-04-28,Norfolk Island
5008,Lindsay Kim,maureen96@example.net,2024-03-20,Spain
5009,Danielle Harrell,adamsmary@example.net,2022-12-07,Botswana
5010,Nicholas Curtis,fbrown@example.com,2024-05-21,Burkina Faso
5011,Justin Woods,xchavez@example.com,2024-01-09,Eritrea
5012,Cindy Oliver,perrytimothy@example.net,2023-11-21,Isle of Man
5013,Michael Clark,gschaefer@example.net,2024-01-03,Belize
5014,David Ball,erica81@example.net,2024-11-03,Guadeloupe
5015,Scott Gardner,opetersen@example.com,2023-12-10,Equatorial Guinea
5016,Deborah Bean,corey10@example.com,2025-08-05,Haiti
5017,Roger Hayes,johnarmstrong@example.org,2024-02-09,American Samoa
5018,Russell Orr,alyssa73@example.org,2024-02-14,Turkey
5019,Ana Thomas DDS,jamesmaxwell@example.net,2024-12-07,Montenegro
5020,Robert Paul,wayne34@example.org,2023-02-02,Cook Islands
5021,Taylor Shaw,josephthornton@example.org,2024-07-18,Slovakia (Slovak Republic)
5022,David Stevens,charris@example.org,2025-06-16,United States Virgin Islands
5023,Mindy Cortez,barnettthomas@example.com,2025-05-03,Bosnia and Herzegovina
5024,Stephen Howard,donaldevans@example.net,2024-02-02,Saint Lucia
5025,Michael Pham,jillgrant@example.net,2024-02-22,Myanmar
5026,David Leonard,barbaraherrera@example.com,2024-08-03,Russian Federation
5027,Stephanie Phillips,raykaren@example.com,2025-02-02,Antigua and Barbuda
5028,Ann Landry,bnguyen@example.org,2022-12-08,Azerbaijan
5029,Dylan Schaefer,joshua72@example.com,2025-02-16,Japan
5030,Melissa Smith,awhitehead@example.com,2024-02-20,Lao People's Democratic Republic
5031,John Russo,david16@example.com,2023-04-15,Malta
5032,Juan Smith,calderoncassandra@example.com,2023-11-23,Eritrea
5033,Jennifer Buck,williamspence@example.com,2023-05-10,Maldives
5034,Jordan Kirk,rachel52@example.org,2023-11-14,Malawi
5035,Danielle Jimenez,shawmartha@example.net,2023-08-10,Uzbekistan
5036,John Robinson,chapmanparker@example.com,2022-12-13,Belarus
5037,Kelly Myers,usnyder@example.org,2022-11-26,French Guiana
5038,Valerie Perkins,david30@example.net,2022-12-26,Antarctica (the territory South of 60 deg S)
5039,Christina Austin,jennifer21@example.net,2025-05-15,Belarus
5040,Amber Mann,danielle47@example.com,2024-12-27,Syrian Arab Republic
5041,Amy Anderson,margaretgraves@example.net,2023-12-25,Algeria
5042,Wayne Jackson,ebailey@example.net,2025-05-21,Antarctica (the territory South of 60 deg S)
5043,Ruben Abbott,fcampbell@example.org,2025-06-08,Mongolia
5044,Kenneth Wilson,caleb87@example.org,2022-09-11,Tajikistan
5045,Jesse Bartlett,juan99@example.net,2025-01-02,New Zealand
5046,Douglas Harrison,timothybarker@example.com,2023-03-01,Kyrgyz Republic
5047,Peter Hart,tylerpatrick@example.net,2023-06-09,Gibraltar
5048,Karen Richard,amyvance@example.com,2024-05-17,Congo
5049,Joe Leach,amandanguyen@example.org,2022-09-21,Denmark
5050,Andrew Williams,davidgarcia@example.org,2024-06-10,Gambia
5051,Lawrence Ramos,omiranda@example.net,2023-08-24,Mexico
5052,Derek Davila,montgomerycolleen@example.org,2024-05-21,Somalia
5053,Valerie Allison,yterry@example.org,2024-05-17,Serbia
5054,Dustin Hill,kjones@example.com,2023-09-12,Palau
5055,Mr. Samuel Smith DVM,dennismoody@example.com,2025-03-24,Bosnia and Herzegovina
5056,Darren Watson,nicholas68@example.com,2024-04-19,Marshall Islands
5057,Todd Decker,shannonjackson@example.com,2025-01-13,Malta
5058,Karen Khan,cheryl75@example.net,2023-11-08,Eritrea
5059,Linda Walker,lwong@example.com,2024-12-02,Timor-Leste
5060,Samuel Ramirez,jamesbarton@example.com,2025-02-09,Dominica
5061,Tara Gordon,ianwong@example.com,2025-04-17,Vanuatu
5062,John Mora,brooksnicholas@example.org,2022-11-24,Bermuda
5063,Marcus Morris,williambarnes@example.net,2023-01-07,Burundi
5064,Jessica Brown,mshort@example.org,2023-11-14,Bulgaria
5065,Tony Clark,edward22@example.org,2025-08-15,Kyrgyz Republic
5066,Craig Villa,tylersmith@example.org,2025-04-16,Guinea
5067,Christina Beck,jessica16@example.net,2023-04-30,Rwanda
5068,Sara Atkinson,jacksonlucas@example.com,2025-01-09,British Virgin Islands
5069,Jason Reyes,wolfejohn@example.com,2024-11-01,Uzbekistan
5070,Brady Williams,bruce96@example.org,2023-12-26,Croatia
5071,Matthew Kirby,williamssandra@example.com,2023-06-29,Israel
5072,Timothy Allen DDS,courtney71@example.org,2022-11-06,Argentina
5073,Victoria Ross,molly42@example.net,2024-08-29,Belize
5074,Benjamin Hill,danarogers@example.org,2024-04-10,Monaco
5075,Samuel Levy,nwalker@example.net,2025-03-08,Colombia
5076,Sean Powell,bmartinez@example.com,2024-04-23,Albania
5077,Janet Fox,kprice@example.net,2024-11-23,China
5078,Justin Johnson,nhess@example.com,2024-11-11,Antarctica (the territory South of 60 deg S)
5079,Drew Velasquez,alexisclark@example.org,2025-06-25,Uganda
5080,Christopher Hall,franklinstephen@example.com,2025-06-05,Mozambique
5081,Scott Price,william42@example.com,2023-03-24,Philippines
5082,Rachel Bradshaw,gomezcatherine@example.net,2023-04-08,Liberia
5083,Melissa Reed,tgraham@example.org,2023-03-19,Montenegro
5084,Paul Henry,billyjones@example.org,2024-09-16,Norfolk Island
5085,Paula Thomas,xpotter@example.org,2024-07-19,Monaco
5086,Joel Rios,youngdaniel@example.com,2022-10-16,Bahamas
5087,Keith Moore,michaellowery@example.net,2024-08-14,Uzbekistan
5088,Brian White MD,joshua71@example.net,2024-01-10,Cuba
5089,Stephanie Bailey,brendajensen@example.org,2024-01-06,Cook Islands
5090,William Lee,jjacobs@example.net,2024-05-05,Bahrain
5091,Melissa Castaneda DDS,mercedes21@example.net,2024-03-21,Dominican Republic
5092,Margaret Garcia,dprice@example.net,2023-04-22,Germany
5093,Lance Berry,santanadaniel@example.net,2024-03-28,Ecuador
5094,Isaiah Dennis,lalvarez@example.org,2022-10-14,Djibouti
5095,Kevin Levy,olivia12@example.org,2023-08-18,Sierra Leone
5096,Linda Greene,nbond@example.net,2024-07-24,Lithuania
5097,Charles Smith,lwoodard@example.org,2023-03-09,Portugal
5098,Michael Madden,jasonmitchell@example.org,2025-05-25,Marshall Islands
5099,Nicole Gray,vhendrix@example.org,2023-06-07,Liechtenstein
5100,Tiffany Coffey,jacquelinemartin@example.org,2023-10-20,Saint Barthelemy
5101,Adrian Alvarado,gabrielbradley@example.org,2025-01-28,Papua New Guinea
5102,Samuel Miles,xmiller@example.org,2023-12-17,Seychelles
5103,Brian Smith,vincentherring@example.com,2022-08-31,Egypt
5104,Aaron Ramos,paul63@example.net,2023-03-01,Haiti
5105,Louis Ruiz,melissarichardson@example.com,2024-08-05,Monaco
5106,James Hall,garcialuis@example.com,2024-10-05,Turkey
5107,April Cunningham,bwilliams@example.org,2023-09-30,Brunei Darussalam
5108,Carmen Stephens,angelawright@example.org,2025-04-03,Greenland
5109,Emily Maldonado,audrey78@example.net,2025-07-03,Gabon
5110,Nicholas Pineda,mavila@example.net,2025-03-15,Western Sahara
5111,Joshua Robinson,david07@example.com,2023-06-05,Turkey
5112,Brian Williamson,garciaandrew@example.net,2022-09-02,Jordan
5113,Rachel Carpenter,johnwatson@example.com,2022-09-27,Gibraltar
5114,Charles Hernandez,kennedycharles@example.net,2024-03-27,Liechtenstein
5115,Teresa Hanna,clintonpadilla@example.org,2023-09-20,United Kingdom
5116,Randy Clark,nicholasstone@example.net,2025-06-24,Guatemala
5117,Joshua Benson,zbrown@example.net,2023-09-24,Nigeria
5118,Nicole Jones,hicksbilly@example.org,2024-05-26,Libyan Arab Jamahiriya
5119,Timothy Washington,kirkbrian@example.org,2025-01-11,Tunisia
5120,Darren Carter,bradyvernon@example.net,2024-08-18,Cape Verde
5121,David Short,laurahall@example.net,2023-12-02,Korea
5122,Sean Davis,eric12@example.org,2024-02-19,Svalbard & Jan Mayen Islands
5123,Kelsey Patterson,daniel38@example.net,2024-01-28,Macao
5124,Andrew White,thompsonkathleen@example.com,2025-07-12,Sudan
5125,Latoya Robertson,bedwards@example.com,2022-10-06,Dominican Republic
5126,Carmen Butler,starksarah@example.com,2022-12-29,Svalbard & Jan Mayen Islands
5127,Ashley Hurley,jacksonpatricia@example.com,2024-11-15,Netherlands Antilles
5128,John King,allen06@example.net,2025-03-22,Togo
5129,Harry Jones,eatonjonathan@example.com,2024-01-19,Panama
5130,Gary Acosta Jr.,campbellanne@example.org,2023-01-26,Norway
5131,Angela Mosley,manuel87@example.org,2023-09-18,Austria
5132,Sarah Hardy,idiaz@example.org,2023-06-15,Croatia
5133,Clayton Miller,joycebaker@example.com,2023-12-18,Egypt
5134,Jonathan Williams,angela43@example.net,2024-12-25,Greenland
5135,Chase Herrera,wheelernicole@example.net,2025-05-13,Nepal
5136,Michael Deleon,nina30@example.org,2025-01-07,Singapore
5137,Melissa Robinson,lukerice@example.org,2024-11-25,Sierra Leone
5138,Kiara Stephens,christophergreen@example.net,2023-05-07,Chad
5139,Andre Hernandez,cunninghamtravis@example.org,2025-07-29,Dominican Republic
5140,Jade Thompson,collinsluke@example.net,2025-04-08,Tajikistan
5141,Mr. Joshua Krueger,meyersmackenzie@example.org,2025-03-06,Oman
5142,Mary Huang,cmurphy@example.org,2024-07-10,Solomon Islands
5143,Renee Cobb,rtrujillo@example.org,2024-01-14,Belarus
5144,Teresa Morrow,rachel79@example.net,2024-11-25,Martinique
5145,Ann Nelson,dawn68@example.com,2025-04-22,Bouvet Island (Bouvetoya)
5146,Olivia Hays,brandon63@example.net,2023-05-23,Saint Kitts and Nevis
5147,Tracy Rosales,kanesarah@example.net,2023-12-07,Christmas Island
5148,Katie Rogers,joseph45@example.com,2023-08-20,Nauru
5149,Donald Walker,heatherdavis@example.com,2025-02-13,Gabon
5150,Wanda Bradley,evansbrittany@example.org,2023-09-29,American Samoa
5151,Susan Nelson,john91@example.net,2024-11-06,Trinidad and Tobago
5152,Michelle Mcdonald,gardnermarvin@example.net,2023-04-13,Syrian Arab Republic
5153,Casey Acosta,caldwelljacqueline@example.org,2024-12-06,Lithuania
5154,Brett Brennan,lsanchez@example.com,2023-07-27,Aruba
5155,Lisa Ortiz,whuang@example.org,2022-12-30,Antarctica (the territory South of 60 deg S)
5156,Jeffrey Higgins,stephanietorres@example.org,2023-10-16,Lao People's Democratic Republic
5157,Tommy Cruz PhD,pricemandy@example.org,2023-04-06,Taiwan
5158,Jenna Sexton,nicholas31@example.com,2025-04-22,Denmark
5159,Donna Holloway,jonrice@example.com,2024-06-20,Faroe Islands
5160,Laurie Ingram,brandonnicholson@example.net,2023-04-19,Congo
5161,Nicholas Gomez,scottjacobs@example.org,2023-05-27,Slovenia
5162,Jose King,courtneynorris@example.com,2024-02-16,Japan
5163,Sarah Sandoval,robert49@example.net,2024-03-26,Norway
5164,Barbara Ruiz,smithmarie@example.com,2023-10-28,Sao Tome and Principe
5165,Angelica Choi,curtiscindy@example.org,2024-09-07,Anguilla
5166,Ryan Patterson,rebekah00@example.org,2025-06-25,British Indian Ocean Territory (Chagos Archipelago)
5167,Zachary Buchanan,nmiller@example.org,2023-09-13,Algeria
5168,Veronica Burgess,lisa78@example.net,2023-09-22,Colombia
5169,Michael Davis,lori96@example.com,2025-03-01,Guadeloupe
5170,Jennifer Duncan,dixonderrick@example.net,2024-12-18,Guam
5171,Curtis Turner,sharon83@example.net,2025-02-17,Svalbard & Jan Mayen Islands
5172,Tim Miller,caitlin19@example.com,2025-02-18,Central African Republic
5173,Julie Combs,marthawilliams@example.org,2023-02-16,Canada
5174,Melissa Mcdonald,christopherkerr@example.net,2023-12-07,Korea
5175,Paige Hernandez,ricky34@example.com,2024-10-25,Equatorial Guinea
5176,Veronica Wilson,jay40@example.org,2024-05-03,Brunei Darussalam
5177,Cynthia Caldwell,lopeznicole@example.com,2023-10-12,Algeria
5178,Nicole Fisher,qblake@example.com,2023-04-13,Djibouti
5179,Stephanie Jones,jimenezrobin@example.com,2023-03-09,Zambia
5180,Emma Graham,kingjason@example.com,2025-02-21,British Virgin Islands
5181,Casey Bender,ortegapriscilla@example.com,2023-10-14,Reunion
5182,Breanna Smith,melindajohnson@example.com,2022-12-18,Lebanon
5183,Charles Roberts,christopher94@example.org,2023-07-03,New Caledonia
5184,Heidi Peters,colleennavarro@example.org,2023-04-16,South Africa
5185,Tyler Benjamin,jramos@example.org,2023-11-21,Tajikistan
5186,Donald Howell,trobinson@example.org,2023-09-06,Saudi Arabia
5187,Jeremy Navarro,wrighthenry@example.org,2024-08-15,United States Virgin Islands
5188,Mrs. Vanessa Barrera,mckeemelissa@example.net,2025-07-22,Andorra
5189,Angela Mcgee,lisa71@example.com,2023-07-26,Malawi
5190,Alexa Jones,kyle99@example.net,2025-02-23,Indonesia
5191,Mary Fuller,kathleen75@example.org,2023-06-23,Myanmar
5192,Mark Hicks,richardcrane@example.com,2024-04-05,Hungary
5193,William Cunningham,qdavis@example.com,2023-01-09,Singapore
5194,David Russell,xrodriguez@example.com,2023-09-08,French Polynesia
5195,Daniel King,carl82@example.net,2024-10-15,Japan
5196,Heather Mcclure,ibarrachristian@example.org,2023-03-31,Maldives
5197,Amy Williams,toni35@example.org,2025-04-22,Guyana
5198,David Porter,adamsemily@example.org,2023-11-18,British Virgin Islands
5199,Caroline Jones,lawrencewilliams@example.com,2024-04-30,Timor-Leste
5200,Nichole Carey,powelljennifer@example.net,2024-05-25,Martinique
5201,Miranda Burgess,christopherlawrence@example.org,2023-12-06,Oman
5202,Matthew Hendrix,royamanda@example.com,2023-08-03,Svalbard & Jan Mayen Islands
5203,Tyler Lyons,lgibson@example.org,2024-03-07,Saint Barthelemy
5204,Christie Alexander,jeremiahjones@example.org,2023-05-05,Northern Mariana Islands
5205,Nicole Marshall,flynnaaron@example.org,2024-11-27,India
5206,Kristin Brown,jacquelinemyers@example.com,2023-04-18,Japan
5207,Mark Price,jenglish@example.com,2025-06-14,Korea
5208,Kimberly Daniels,lauren96@example.com,2023-12-29,Kazakhstan
5209,Michelle Lindsey,tylerwright@example.net,2023-02-22,Gambia
5210,Dawn Lane,stephanie38@example.org,2023-02-26,Martinique
5211,Deborah Lopez,diane28@example.net,2023-06-11,Heard Island and McDonald Islands
5212,Kathleen Brown,srodriguez@example.com,2025-06-11,Nauru
5213,Michelle Lambert,dcarter@example.com,2022-09-01,Serbia
5214,James Thompson,xortega@example.net,2025-07-01,United Kingdom
5215,Kevin Avery,michael38@example.com,2023-10-19,Chad
5216,Ricky Jimenez,jerry63@example.com,2025-02-21,Ireland
5217,Nicole White,paulmarshall@example.org,2022-09-06,Niger
5218,Danielle Tran,olambert@example.com,2024-03-20,Mauritius
5219,John Sampson,vmurphy@example.com,2025-07-15,Lithuania
5220,Ashley Bruce,sherrythompson@example.com,2023-08-23,Cocos (Keeling) Islands
5221,Alexandria Branch,wwilson@example.net,2024-03-31,Panama
5222,Monica Lee,russell71@example.net,2023-05-16,Germany
5223,Katrina Martinez,emily22@example.net,2024-02-24,Portugal
5224,Jason Shepherd,hoffmanjesse@example.org,2023-01-20,United Arab Emirates
5225,Michael Mills,walkerpatricia@example.org,2024-02-02,Malta
5226,Jonathan Taylor,shortkayla@example.net,2025-04-23,Venezuela
5227,David Simmons,keith73@example.org,2023-06-15,Papua New Guinea
5228,Christina Greer,mdouglas@example.com,2023-01-19,Turkey
5229,Blake Green,gstewart@example.org,2024-08-10,Jamaica
5230,Nicholas Hayes,john05@example.net,2022-10-29,Slovakia (Slovak Republic)
5231,Chad Ward,cookemelissa@example.org,2025-04-17,New Zealand
5232,Alan Colon,gallowayjasmine@example.com,2025-05-12,Estonia
5233,Brent Cox,wagnerveronica@example.com,2023-01-25,Vietnam
5234,Monica Wang,xhill@example.org,2024-11-19,Montserrat
5235,Jeffery Boyer,mallory96@example.com,2023-09-20,Egypt
5236,Kimberly Thomas,cathymartin@example.org,2023-06-25,Palau
5237,Veronica Scott,mccormickcody@example.org,2025-07-16,Turkmenistan
5238,Todd Lucas,hendrickscarrie@example.com,2024-07-25,United States Virgin Islands
5239,Brett Cannon,danielhayes@example.net,2023-06-02,Senegal
5240,Jake Mullins,chall@example.net,2025-03-02,Tajikistan
5241,David Thompson,johnfernandez@example.net,2024-08-20,Turkmenistan
5242,Brian Baxter,gmitchell@example.org,2025-01-16,Cocos (Keeling) Islands
5243,Julie Gaines,maureen78@example.org,2023-09-17,Bangladesh
5244,Linda Welch,tiffanybryant@example.com,2024-02-26,Germany
5245,Mr. David Horn,stephanie94@example.net,2025-03-13,Belarus
5246,Claudia Gonzalez,crystalfreeman@example.org,2023-12-13,Lao People's Democratic Republic
5247,Michael Castillo,deborah26@example.com,2024-12-05,Dominica
5248,Ashley York,lhickman@example.net,2022-09-06,Sao Tome and Principe
5249,Steven Hughes,bryan81@example.net,2024-05-18,Denmark
5250,Krista Anderson,royamanda@example.net,2022-10-12,Sudan
5251,Stephanie Gilmore,nielsenpatricia@example.net,2025-06-14,Togo
5252,John Garza,brenda70@example.org,2025-04-20,Greenland
5253,David Stafford,vpham@example.com,2024-03-06,Congo
5254,Benjamin Cook,ysherman@example.net,2024-08-12,Turks and Caicos Islands
5255,Allison Rogers,michelle34@example.com,2024-04-11,Belgium
5256,Caroline Hill,hburke@example.com,2023-03-02,Ghana
5257,Jonathan Rich,isabelwright@example.com,2022-09-01,Bermuda
5258,Evan Wagner,jacobsonanna@example.net,2024-06-04,Greece
5259,Ronald Green,jessehatfield@example.org,2023-03-09,Belarus
5260,Aaron Bailey,mathew29@example.org,2023-09-02,Libyan Arab Jamahiriya
5261,Mr. Hunter Hunter DDS,rwarren@example.net,2023-11-30,Turks and Caicos Islands
5262,Jonathan Hill,richard60@example.org,2023-01-30,Bulgaria
5263,Patrick Walter,julielopez@example.com,2024-02-29,Fiji
5264,Dustin Andrews,ytucker@example.net,2023-01-09,Japan
5265,Grant Mcintyre,davidjackson@example.com,2025-01-26,Jamaica
5266,Justin Khan,jason38@example.org,2023-05-11,Japan
5267,Richard Pearson,stephanienichols@example.org,2023-07-27,South Africa
5268,William Lopez,martinrebecca@example.org,2024-01-30,Tunisia
5269,Andrew Jenkins,hvargas@example.com,2025-05-21,United Arab Emirates
5270,Derrick Thomas,imalone@example.com,2023-07-07,Australia
5271,Anthony Alexander,beverlycole@example.net,2023-04-01,Syrian Arab Republic
5272,Ralph Wu,jeffrey30@example.org,2024-07-04,Bouvet Island (Bouvetoya)
5273,Jill Flowers,sara57@example.com,2025-08-19,Cayman Islands
5274,Michelle Long,melvin45@example.com,2024-09-22,Gabon
5275,Erica Williams,christopherlarson@example.net,2024-05-27,Mozambique
5276,Vicki Hale,steven47@example.com,2024-01-26,Bulgaria
5277,Christine Barber,rcastaneda@example.org,2025-05-20,San Marino
5278,Michelle Ramos,wolfmisty@example.com,2024-07-18,Tajikistan
5279,Russell Cochran,cruzanne@example.org,2023-04-23,Falkland Islands (Malvinas)
5280,Ryan Johnson,brandydaniel@example.net,2023-02-01,French Polynesia
5281,Brian Baldwin,mckenziematthew@example.org,2024-01-06,United Arab Emirates
5282,Jacqueline Andrews,williamcontreras@example.org,2024-05-14,Western Sahara
5283,Martin Dunn,mackenziemartinez@example.net,2024-05-09,Gabon
5284,Nathan Johnson,robertrogers@example.org,2024-06-16,Guyana
5285,Rachael Roach,greg55@example.com,2025-07-04,Lithuania
5286,Henry Schmidt,grantsarah@example.net,2024-02-19,Seychelles
5287,Richard Gonzales,bryanjohnson@example.net,2023-06-07,Suriname
5288,Grant Hernandez,sylvia33@example.net,2024-12-10,Saint Lucia
5289,Johnny Franklin,coliver@example.com,2023-03-27,Cook Islands
5290,Chad Johnson,youngsamantha@example.org,2024-12-27,Montserrat
5291,Peter Cox,matthewyoung@example.net,2022-08-26,United Arab Emirates
5292,Tonya Andrews,danielle71@example.net,2023-11-08,Vietnam
5293,Sean Anderson,christinereed@example.net,2023-06-17,Anguilla
5294,Judy Davis,christopher57@example.net,2025-02-03,Korea
5295,Frederick Powers,katherinepatel@example.org,2024-07-09,Saint Barthelemy
5296,Amy Black,floresshelia@example.net,2023-09-11,Qatar
5297,Alexandra Webster,misty92@example.org,2024-08-29,Tajikistan
5298,Danielle Daniel,amberanderson@example.com,2023-10-09,Vanuatu
5299,Jackson Hudson,rmcdowell@example.org,2024-01-25,Zambia
5300,Kathryn Martin,aguirrewilliam@example.org,2023-01-20,United States Virgin Islands
5301,Marvin Freeman,jessica48@example.net,2023-09-11,Chad
5302,Stephen White,cburgess@example.com,2024-12-24,Barbados
5303,Timothy Greene,hhardy@example.com,2023-10-01,United States of America
5304,Samuel Perkins,princefrank@example.org,2023-09-13,Cocos (Keeling) Islands
5305,Rose Foster,javier68@example.com,2024-11-21,Saudi Arabia
5306,Megan Williams,sreese@example.com,2024-01-28,Lithuania
5307,Monica Navarro,tbecker@example.org,2025-02-21,Dominica
5308,Phillip Chavez,rjackson@example.org,2024-10-18,Finland
5309,Susan Williams,stephenstevenson@example.org,2024-08-08,South Georgia and the South Sandwich Islands
5310,John Meadows,darryl48@example.org,2024-03-03,British Virgin Islands
5311,Maureen Rowe,ewilkinson@example.net,2024-02-07,Djibouti
5312,Heather Maynard,martinezbridget@example.com,2024-04-27,Libyan Arab Jamahiriya
5313,David Salinas,gmerritt@example.net,2023-09-05,Vanuatu
5314,Jacob Howard,jonesdouglas@example.com,2023-09-12,Benin
5315,Paula Watts,christinalee@example.org,2024-01-21,Israel
5316,Kevin Le,gavinweaver@example.org,2024-11-15,Svalbard & Jan Mayen Islands
5317,Benjamin Watts,michael33@example.com,2023-05-29,Iceland
5318,Emily Flores,debragreen@example.org,2023-03-05,Saint Vincent and the Grenadines
5319,Justin Carlson,dlee@example.org,2024-11-15,Syrian Arab Republic
5320,Colleen Sheppard,codonnell@example.org,2024-07-18,South Georgia and the South Sandwich Islands
5321,Debra Dixon,dmartinez@example.net,2022-09-14,Papua New Guinea
5322,Shannon Tran,chad33@example.net,2025-05-23,British Indian Ocean Territory (Chagos Archipelago)
5323,Denise Rich,andersonjamie@example.com,2023-03-14,Mali
5324,Alexis Johns,danagonzalez@example.net,2023-12-01,Tonga
5325,Tiffany Wright,littletracy@example.net,2024-06-30,Malawi
5326,Craig Adams,jessicamiller@example.com,2024-08-26,Iraq
5327,Andre Johnson,matthewmeyer@example.net,2023-06-08,Luxembourg
5328,Mark Williams,gutierreznicholas@example.net,2024-11-04,Malaysia
5329,Andrew Gibson,veronicabyrd@example.com,2023-06-12,India
5330,William Silva,sarah21@example.net,2023-05-11,Cote d'Ivoire
5331,Austin Cisneros,allentracey@example.net,2025-07-28,Seychelles
5332,Abigail Mejia,shunt@example.com,2023-02-02,Oman
5333,Laura Kelly,norozco@example.net,2023-02-19,Isle of Man
5334,George Alvarado,dstanley@example.net,2022-10-03,Bulgaria
5335,Joseph Potter,robertbyrd@example.com,2025-01-22,Norfolk Island
5336,Stephen Fisher,jo34@example.net,2023-09-08,Guernsey
5337,Elizabeth Moran,romeroclaudia@example.net,2025-04-21,Falkland Islands (Malvinas)
5338,Mrs. Kimberly Young,ryan77@example.net,2023-04-12,Kiribati
5339,Kim Green,jimmy58@example.com,2022-10-07,Tuvalu
5340,Chelsea Miller,richard74@example.com,2024-04-26,Tonga
5341,Rebecca Edwards PhD,jose69@example.net,2024-10-27,Brunei Darussalam
5342,Nathan Brown,oromero@example.net,2025-03-31,Lao People's Democratic Republic
5343,Mrs. Diane Mendoza,douglas49@example.com,2025-06-04,Mongolia
5344,Makayla Beck DVM,lisaallen@example.org,2025-07-30,British Virgin Islands
5345,Valerie Thomas,wilsonerin@example.com,2024-08-22,Montserrat
5346,Michael Wheeler,brittanyfrazier@example.org,2025-07-22,Mozambique
5347,Mallory Bell,allisonhernandez@example.com,2023-09-25,Greece
5348,Kerry Campbell,allenandrea@example.org,2025-02-11,Israel
5349,Tyler House,petersoneric@example.net,2025-06-12,Cape Verde
5350,Bruce Miller,millerray@example.com,2025-08-11,Liechtenstein
5351,Lydia Schultz,debrabrock@example.net,2022-12-20,Bulgaria
5352,Melissa Warner,smithhector@example.com,2022-11-15,Puerto Rico
5353,Rebecca Wallace,vsmith@example.com,2025-05-04,Senegal
5354,Angela Garcia,stephanie49@example.com,2023-07-05,Ukraine
5355,Sean Dyer,ypaul@example.com,2025-07-18,Albania
5356,Alejandro Howard,michael78@example.org,2024-01-13,Seychelles
5357,Brendan Wallace,emily07@example.net,2024-03-14,Tonga
5358,Gavin Tran,edwardsangela@example.com,2025-03-01,Saint Barthelemy
5359,Chelsea Griffith,pdavis@example.org,2025-04-19,Central African Republic
5360,Sarah Knight,joshua27@example.net,2023-01-09,Greenland
5361,Kenneth Watson,vickiechambers@example.org,2022-10-03,Ecuador
5362,Rebecca Clements,imassey@example.net,2022-09-17,Saint Lucia
5363,Amy Kelly,zclark@example.com,2023-02-13,Bermuda
5364,Tammy Robles,morenohannah@example.com,2024-03-07,Ukraine
5365,James Riley,chasepadilla@example.net,2025-07-22,Vanuatu
5366,David Church,gbrooks@example.com,2024-10-04,British Virgin Islands
5367,Ellen Page,jacksongregory@example.org,2022-11-23,South Georgia and the South Sandwich Islands
5368,Timothy Christensen,warrenshane@example.org,2024-02-18,Isle of Man
5369,Francisco Cole,sbishop@example.net,2024-08-13,Paraguay
5370,Brett Ray,adamshaw@example.net,2023-08-15,Cambodia
5371,Sara Williams,boyerjohn@example.org,2022-09-13,Italy
5372,Ana Green,rubiobrandon@example.org,2024-09-10,Korea
5373,Debra Barrett,brittanywolfe@example.com,2023-08-05,Jersey
5374,Stephen Rose,matthew33@example.com,2025-03-18,Pakistan
5375,Benjamin Barrett,obarnes@example.org,2024-02-11,India
5376,Michael Carr,katiecastillo@example.net,2024-05-02,French Polynesia
5377,Rebecca Owens,ebarnett@example.com,2023-01-20,Comoros
5378,Monica Davis,amurray@example.net,2022-10-04,Netherlands Antilles
5379,Kayla Fisher,emalone@example.net,2024-06-21,Kenya
5380,Darren Skinner,rharrison@example.org,2024-11-11,Kyrgyz Republic
5381,Adam Stewart,woodashlee@example.net,2023-11-10,Greenland
5382,Carlos Hart,kristina97@example.org,2025-07-26,Yemen
5383,Cynthia Gonzalez,daniel45@example.com,2023-09-13,Portugal
5384,Jennifer Roman,nmullins@example.net,2024-11-13,Iceland
5385,Timothy Watson,codystevenson@example.com,2023-03-20,Cook Islands
5386,Andrew Price,frenchgregory@example.com,2022-10-07,Turkey
5387,Debra Young,tiffany00@example.org,2024-09-21,Barbados
5388,Donald Johnston,jeffrey48@example.org,2023-02-06,Seychelles
5389,Amanda Greene,heather37@example.com,2024-02-10,Russian Federation
5390,Robert Palmer,kthomas@example.net,2023-03-03,Cook Islands
5391,Sheila Jones,smithangela@example.net,2025-02-27,Togo
5392,Samantha Cruz,barrondavid@example.org,2024-06-16,Benin
5393,Sandra Ramos,bushsarah@example.net,2025-07-29,United States Virgin Islands
5394,Christian Dickerson,willisjimmy@example.org,2024-06-30,Morocco
5395,Samantha Chase,sherry27@example.net,2025-02-25,Russian Federation
5396,Sally Hernandez,imurray@example.com,2024-02-05,Costa Rica
5397,Beth Ramirez,ibrown@example.org,2024-09-19,Moldova
5398,William Murphy,heather39@example.net,2023-07-04,Liberia
5399,Frederick Rhodes,jhuffman@example.com,2022-09-11,Turkmenistan
5400,Donna Gilmore,jamesvasquez@example.org,2024-08-16,Svalbard & Jan Mayen Islands
5401,Carolyn Booker,frostmegan@example.org,2024-12-05,Svalbard & Jan Mayen Islands
5402,Tamara Bray,robinsonkimberly@example.org,2025-01-14,Korea
5403,Joshua Johnson,tanyamitchell@example.com,2023-12-11,Cote d'Ivoire
5404,Chelsea Wolf,aaronlewis@example.com,2023-04-16,Belarus
5405,Jenny Jones,moralesjoshua@example.org,2023-06-18,Jersey
5406,Alexander Edwards,andrew49@example.org,2025-08-16,Chile
5407,Sarah Frazier,nhanson@example.org,2025-01-19,Ghana
5408,Stephanie Gomez,hallapril@example.net,2024-07-08,Tuvalu
5409,Danny Lyons,ibailey@example.net,2024-03-29,North Macedonia
5410,Maria Williams,shane55@example.org,2023-08-06,Ecuador
5411,Brittany Hill,heidipowell@example.org,2025-05-24,Jamaica
5412,Joseph Davis,elliottlaurie@example.net,2024-01-22,Philippines
5413,Micheal Torres,triciajones@example.com,2024-03-07,Samoa
5414,Shari Gay,yherman@example.org,2023-02-25,Zimbabwe
5415,David Brown,gramsey@example.com,2025-06-20,Palau
5416,Stephen Bell,nboyd@example.org,2023-10-07,Montserrat
5417,Justin Sanders,erikanorman@example.org,2025-01-16,Comoros
5418,Robert Mays,sonia82@example.net,2025-06-04,Central African Republic
5419,Daniel Long,danielwinters@example.net,2025-05-10,United States Minor Outlying Islands
5420,Jessica Stewart,arianabauer@example.com,2023-07-05,Tonga
5421,William Rollins,kelsey45@example.net,2025-05-08,Angola
5422,Susan Jackson,joyanderson@example.org,2022-11-10,Vietnam
5423,Charles Henson,frank72@example.com,2025-02-03,Micronesia
5424,Kari Dunn,xmason@example.net,2023-01-23,French Polynesia
5425,Brenda Johnson,reynoldsjennifer@example.com,2024-11-02,Nauru
5426,Ryan Cunningham PhD,campbelljessica@example.org,2024-10-25,Lao People's Democratic Republic
5427,Laura Erickson,genglish@example.net,2025-02-23,Paraguay
5428,Shaun Dixon,knoxpamela@example.org,2025-06-06,Saint Lucia
5429,Kathleen Walker,smoore@example.com,2025-06-04,Taiwan
5430,Stephanie Yang,rogerbauer@example.org,2022-10-14,American Samoa
5431,Timothy Davenport,paul38@example.net,2025-06-28,El Salvador
5432,Samuel Thornton,fhill@example.net,2023-11-07,Mauritius
5433,Samantha Martin,zachary38@example.org,2024-06-13,China
5434,Sandra Graham,robert65@example.com,2025-08-12,Indonesia
5435,Cheryl Cordova,perezalejandro@example.net,2025-08-15,Pitcairn Islands
5436,Michelle Stafford,crystal93@example.org,2024-05-01,Greece
5437,Amanda Fisher,wflores@example.com,2024-12-29,Vanuatu
5438,Lori Foley,raymond00@example.net,2023-07-01,Nauru
5439,Lori Klein,thomasamanda@example.net,2022-09-01,Greece
5440,Jennifer White,ewright@example.com,2025-05-04,Germany
5441,Courtney Stanton,padillaheather@example.net,2022-10-14,Burkina Faso
5442,Jessica Rodriguez,justinarellano@example.net,2024-07-29,Albania
5443,Matthew Wilson,stephaniekennedy@example.net,2025-06-06,Tonga
5444,Scott Gordon,joseph64@example.com,2024-02-23,Swaziland
5445,Thomas Garcia,kirkamber@example.com,2023-11-21,Kiribati
5446,Cassandra Nelson,daniel11@example.net,2024-10-20,Cyprus
5447,Ashley Graham,derrick39@example.com,2023-05-06,Lebanon
5448,Audrey Poole,tmcdowell@example.org,2023-11-09,Dominica
5449,Shari Alvarado,lhobbs@example.org,2025-02-08,Panama
5450,Joanne Franklin,john13@example.org,2025-01-23,Nauru
5451,Christopher Rogers,bennettbrandon@example.org,2024-04-01,Montenegro
5452,Jonathan Franklin,longtim@example.net,2024-07-30,Mauritania
5453,Mrs. Cynthia Hawkins,kevin85@example.org,2023-11-16,Niue
5454,David Carter,paulwilliams@example.com,2024-03-11,Monaco
5455,Benjamin Parks,patricia16@example.net,2022-10-30,Italy
5456,Amanda Hawkins,lesliecox@example.net,2024-02-27,Australia
5457,Kathryn Bruce,katherine87@example.net,2024-09-23,Poland
5458,Carl Kennedy,mnguyen@example.net,2024-04-06,Liechtenstein
5459,Tyler Smith,amorris@example.com,2025-05-25,Cameroon
5460,Lauren Daugherty,mvance@example.net,2023-11-05,Brazil
5461,Kevin Martinez,jennifer30@example.com,2024-09-20,Finland
5462,Kimberly Hawkins,johnsonbenjamin@example.com,2024-01-31,Congo
5463,Sean Abbott,dianaacevedo@example.net,2022-09-30,Palau
5464,Richard Rollins,jennifer85@example.com,2024-05-28,Uzbekistan
5465,Travis Herring,oschmidt@example.org,2023-03-13,Martinique
5466,Edward Mathis,johnsonvictoria@example.net,2023-04-22,Norfolk Island
5467,Erika Brock,barbara54@example.net,2022-12-23,Angola
5468,Melissa Franco,msmith@example.net,2023-09-28,South Africa
5469,Veronica George,mendozabilly@example.org,2025-01-27,Thailand
5470,Elizabeth Haas,megan06@example.org,2023-08-22,Cote d'Ivoire
5471,Joseph Thomas,bridgesconnor@example.net,2023-10-14,Gambia
5472,Crystal Bowman,aimeehernandez@example.org,2022-12-03,United Arab Emirates
5473,Mikayla Phillips,anna70@example.com,2024-04-07,Saint Vincent and the Grenadines
5474,Frank Williams,anne04@example.com,2023-05-24,Botswana
5475,Antonio Sullivan,qperez@example.com,2022-10-18,Bermuda
5476,Cassie Hernandez,ryanberg@example.com,2023-04-21,Barbados
5477,Leslie Miles,thomas68@example.org,2024-03-17,Poland
5478,Jennifer Gordon,anthony10@example.com,2024-12-06,China
5479,William Campbell,heather83@example.net,2023-03-01,Cocos (Keeling) Islands
5480,Donald Russo,georgehiggins@example.org,2023-02-20,Saint Kitts and Nevis
5481,Melissa Davidson,heather73@example.net,2024-08-25,Cape Verde
5482,Denise Scott,steven66@example.org,2022-12-06,Guam
5483,Douglas Gibson,leesonya@example.com,2025-03-02,French Southern Territories
5484,Patricia Ponce,angelarobbins@example.net,2022-09-12,Antarctica (the territory South of 60 deg S)
5485,David Castillo,tina42@example.com,2023-12-25,New Zealand
5486,Rhonda Williams,mccoybrian@example.com,2024-05-05,Falkland Islands (Malvinas)
5487,Steven Waters,jmontgomery@example.net,2025-05-27,Mayotte
5488,Keith Morrison,abarr@example.org,2025-04-14,Dominica
5489,Dr. Ashley Hunt,sheltonbarbara@example.com,2023-06-23,Belgium
5490,Melissa Thompson,ithornton@example.net,2025-07-15,Zambia
5491,Alan Aguirre,kcooper@example.net,2023-01-28,Denmark
5492,Wyatt Moore,robert65@example.net,2022-08-25,Gabon
5493,James Burke,angela28@example.com,2024-02-17,Croatia
5494,Emily Thomas,adamsvirginia@example.com,2023-05-20,Mali
5495,Antonio Smith,johnsonjon@example.org,2023-10-14,Greenland
5496,Caleb Nguyen,frankbennett@example.com,2023-06-02,Russian Federation
5497,Robin Roberts,margaretsmith@example.org,2022-11-03,India
5498,Jenna Sparks,donna61@example.net,2024-12-20,Indonesia
5499,Michael Caldwell,garnerwhitney@example.net,2022-10-04,Azerbaijan
5500,Teresa Hicks,russellmarissa@example.org,2024-01-15,Senegal
5501,Ellen Mcmillan,justinbest@example.org,2024-06-05,Cayman Islands
5502,Christine Wright,elliottvanessa@example.net,2024-03-19,French Polynesia
5503,Aaron Blackburn,conwayderrick@example.org,2024-07-09,Nauru
5504,Melissa Arias,aaronsantiago@example.com,2023-12-06,Iran
5505,Jason Wise,lisa97@example.org,2025-05-31,Eritrea
5506,Selena Richardson,anthony03@example.net,2023-09-13,Peru
5507,Amy Richard,gmorgan@example.org,2024-06-20,Bangladesh
5508,Anita Rodriguez,carrie01@example.net,2024-09-09,Greece
5509,Louis Robinson,ianderson@example.com,2025-07-19,Saint Vincent and the Grenadines
5510,Adam Salazar,charles59@example.com,2023-02-24,Vietnam
5511,Chris Smith,jaredfarrell@example.com,2022-09-19,Wallis and Futuna
5512,Jennifer Tanner,john41@example.com,2024-11-12,San Marino
5513,Gary Deleon,kristen88@example.com,2025-04-09,Tonga
5514,Timothy Graham,stephanieparrish@example.net,2022-12-29,Grenada
5515,Cameron Martinez,goodwinwilliam@example.org,2023-10-31,Cuba
5516,Elizabeth Steele,dreyes@example.org,2022-12-05,Iraq
5517,Jorge Sanchez,samuelrobinson@example.org,2025-03-29,Samoa
5518,Kevin Hernandez,smithlinda@example.org,2024-10-19,Libyan Arab Jamahiriya
5519,Kimberly Anderson,hhill@example.com,2024-11-20,Dominica
5520,Allison Hunt,paul01@example.net,2023-08-08,South Africa
5521,Melissa Roberts,kmeyers@example.com,2024-03-04,Yemen
5522,Ryan King,kevingrimes@example.net,2024-04-09,Bangladesh
5523,Dana Smith,george80@example.net,2025-06-26,Saint Helena
5524,Laura Petersen,william42@example.net,2023-06-28,Benin
5525,Tonya Rivera,lewisnicole@example.net,2023-02-18,Anguilla
5526,Meghan Park,stephenwilliams@example.com,2025-06-16,Malawi
5527,Calvin Woods,hardybrandon@example.com,2022-09-30,Montserrat
5528,Eric Davis,emily69@example.net,2024-01-04,Montenegro
5529,Heather Lowe,marymay@example.com,2024-09-10,Oman
5530,Erin Jones,thomas57@example.org,2025-04-18,Ukraine
5531,Charles Collins,stephanieleblanc@example.net,2024-02-13,Guinea-Bissau
5532,Jessica Miller,johnsonelizabeth@example.com,2023-06-01,Cocos (Keeling) Islands
5533,Anthony Hall,pjones@example.net,2024-12-24,Sri Lanka
5534,Craig Perez,riceroberto@example.com,2024-07-15,Chile
5535,Suzanne Norman,perrysergio@example.com,2025-07-25,Bermuda
5536,Caleb Elliott DDS,michaelwhite@example.net,2025-04-11,Poland
5537,Paul Owen,mary51@example.com,2025-02-24,Paraguay
5538,David Bell,franklinleslie@example.net,2023-09-21,Australia
5539,Sarah Nichols,craig18@example.org,2023-06-19,Benin
5540,David Rangel,michaeltaylor@example.com,2022-09-18,Uzbekistan
5541,Michelle Adams,uchung@example.org,2024-12-23,Lao People's Democratic Republic
5542,Frederick Smith,keithhunter@example.net,2023-02-12,Benin
5543,John Williams,mariah32@example.net,2022-11-16,Albania
5544,Jacqueline Delgado,jeffrey30@example.net,2023-08-04,Cameroon
5545,Joseph Bradley,oburns@example.net,2024-05-26,Cuba
5546,Taylor Carr,olivertravis@example.com,2022-09-01,Finland
5547,Anthony Haney,cassieperez@example.com,2023-07-03,North Macedonia
5548,Emily Orozco,markscatherine@example.net,2023-08-08,Marshall Islands
5549,Heather Green,whitenicholas@example.org,2024-07-08,Congo
5550,Joshua Mclean,dgreen@example.com,2022-09-14,Malawi
5551,Jacob Wilson,hamiltonalyssa@example.org,2022-12-07,Sudan
5552,Jason Stewart,lynnjason@example.net,2022-11-22,Belgium
5553,Michael Patel,samanthavalencia@example.org,2023-11-13,Zimbabwe
5554,Steven Ho,hobbsalicia@example.com,2023-01-03,Sao Tome and Principe
5555,Tanya Jones,alexiscampbell@example.com,2024-09-21,Belarus
5556,Edward Martinez,robert21@example.com,2023-01-12,Senegal
5557,Scott Rose,jacobpace@example.net,2024-11-25,Guyana
5558,Kristy Smith,brandonlozano@example.org,2023-07-15,Western Sahara
5559,Phillip Contreras,hparker@example.com,2025-01-15,Tokelau
5560,Mark Curry,schwartzjacob@example.com,2022-12-23,Trinidad and Tobago
5561,James Waters,thomasbrooks@example.com,2024-01-19,Northern Mariana Islands
5562,Austin Hughes,charlesbrendan@example.net,2023-11-26,Australia
5563,Andrea Medina,vcraig@example.net,2025-06-25,Portugal
5564,Latasha Grant,wlambert@example.com,2024-06-03,Ethiopia
5565,Katelyn Perez,wbright@example.net,2025-06-07,Venezuela
5566,Gregg Nichols,peverett@example.org,2024-01-04,Lao People's Democratic Republic
5567,Jason Camacho,dgreen@example.com,2023-08-16,Bouvet Island (Bouvetoya)
5568,Veronica Cook,kathryn05@example.com,2024-06-01,Aruba
5569,Steven Thompson,theresa06@example.com,2023-02-11,Saint Pierre and Miquelon
5570,Timothy Smith,meyersummer@example.org,2023-11-05,Luxembourg
5571,Gregory Nelson,iluna@example.com,2023-05-25,Turkey
5572,John Johnson,jeremyanderson@example.org,2024-08-13,Paraguay
5573,Elaine Nguyen,angelacoleman@example.com,2024-10-08,Germany
5574,Brittney Sanders,angela82@example.com,2024-05-20,Saint Kitts and Nevis
5575,Lisa Lopez,jennifer94@example.net,2022-12-16,Sri Lanka
5576,Mrs. Rachel Hudson,jasonbenson@example.org,2024-11-05,Fiji
5577,Joe Martin,amy29@example.net,2024-07-07,Reunion
5578,Jerome Black,phillip14@example.org,2023-10-16,Bulgaria
5579,Michael Smith,markfigueroa@example.net,2025-04-12,Morocco
5580,John Cox,foleyconnie@example.com,2024-10-08,Holy See (Vatican City State)
5581,James Harding,martinezjonathan@example.net,2025-05-12,Mozambique
5582,Victor Lewis,rallen@example.com,2025-06-11,Russian Federation
5583,Elizabeth Johnson,james42@example.net,2025-05-18,Aruba
5584,Melanie Carrillo,melissa54@example.com,2024-06-27,Angola
5585,Christopher Oconnor,melissahall@example.com,2025-08-03,Belarus
5586,Richard Austin,thompsonthomas@example.org,2022-12-07,Chile
5587,Kelly Fischer,athomas@example.net,2024-08-21,North Macedonia
5588,Diane Robinson,crystal58@example.com,2025-02-16,Malawi
5589,Christian Morris,bmartin@example.org,2023-03-23,Panama
5590,James Cook,justinmorales@example.com,2024-07-04,Belarus
5591,Jacob Harper,zhays@example.org,2023-10-30,Micronesia
5592,Jason Mack,hickskimberly@example.com,2024-02-10,Croatia
5593,Casey Anderson,lperez@example.net,2022-10-01,Mauritania
5594,Christian Bruce,katherinejordan@example.com,2025-02-19,Belarus
5595,Jasmine Freeman,uvillarreal@example.org,2025-02-23,Niue
5596,Jason Rivera,bfisher@example.net,2024-01-01,Thailand
5597,Eric Carson,emilygarcia@example.net,2023-08-20,Indonesia
5598,Gerald Brown,michaelalvarez@example.org,2024-09-24,Malawi
5599,Susan Johnson,danielle94@example.com,2025-01-20,Western Sahara
5600,Jamie Perry,cbaker@example.org,2024-08-13,Vanuatu
5601,Joshua Stanley,zvalentine@example.com,2023-08-06,Poland
5602,Douglas Mccoy,haydengarrison@example.net,2024-04-03,Malta
5603,Amanda Henson,davismelissa@example.org,2022-09-05,Burkina Faso
5604,Rebecca Gibbs,briannatorres@example.com,2023-05-17,Belize
5605,Jennifer Webster,jon65@example.org,2024-02-11,Saint Lucia
5606,Theresa Neal,lturner@example.com,2022-09-10,Isle of Man
5607,Stacy Estes,julie28@example.net,2024-06-29,Dominica
5608,Derrick Grant,madison32@example.net,2024-08-26,United Arab Emirates
5609,Robert Rogers,ryanlee@example.net,2024-09-20,Trinidad and Tobago
5610,Jacob Massey DDS,jkelly@example.com,2024-05-15,United States of America
5611,Amanda Harrington,kwilliams@example.com,2024-11-24,Italy
5612,Ana Pugh,mahoneycarl@example.org,2024-05-28,Ethiopia
5613,Renee Black,snguyen@example.org,2023-07-24,Montenegro
5614,Jean Powell,lori44@example.org,2023-04-04,Andorra
5615,Michael Smith,brookscasey@example.org,2023-12-24,Mali
5616,Joseph Brown,liukurt@example.com,2024-06-25,Peru
5617,April Esparza,tmorris@example.com,2025-01-02,Moldova
5618,Amanda Watson,simpsongregory@example.com,2022-11-09,Liechtenstein
5619,Christopher Fitzgerald,stevenmullins@example.org,2022-09-28,Moldova
5620,Manuel Barrett,judyguzman@example.org,2023-04-30,Thailand
5621,Jeremy Ferrell,christy03@example.org,2023-08-11,Bhutan
5622,James Rose,veronicaburnett@example.net,2024-08-01,Portugal
5623,Phillip Simmons,taylormartin@example.net,2023-08-28,Portugal
5624,John Hernandez,jreynolds@example.com,2023-10-04,Rwanda
5625,Timothy Martin,peter69@example.net,2023-12-30,Bosnia and Herzegovina
5626,Christopher Baker,amymcdowell@example.org,2025-01-21,Guyana
5627,Jennifer Fleming,careydonald@example.com,2023-10-24,Saint Kitts and Nevis
5628,Michael Decker,annette61@example.net,2025-07-16,Guam
5629,Robyn Vaughn,samuelramos@example.org,2023-02-13,Bahamas
5630,John Peterson,jaime99@example.org,2025-03-01,Senegal
5631,Michael Acevedo,sullivandebra@example.org,2023-03-05,Micronesia
5632,Jessica Potter,suttonlindsey@example.net,2025-07-01,Italy
5633,Jenna Macdonald,josephhernandez@example.com,2024-10-03,Greece
5634,Danielle King,kevin71@example.org,2023-07-03,Chile
5635,Katherine Lopez,bakeranthony@example.com,2023-02-22,Italy
5636,Mary Terry,ashleylopez@example.org,2024-02-03,Mongolia
5637,Anthony Kim,stephensonkimberly@example.net,2024-12-02,Cyprus
5638,Darius Hayden,amyporter@example.com,2022-11-21,Chile
5639,Dr. Ashley Rose,freemantina@example.org,2024-06-13,Anguilla
5640,Chelsea Morrison,andrew75@example.net,2023-01-15,Japan
5641,Deborah Sanford,dominguezryan@example.net,2025-05-05,Costa Rica
5642,Alexander Brooks,stephanie28@example.com,2024-04-21,Tanzania
5643,Stephanie Roth,karen24@example.org,2023-04-18,Estonia
5644,Sarah Johnson,amy04@example.net,2024-09-14,Western Sahara
5645,Matthew Ware,valeriepierce@example.com,2024-01-04,Micronesia
5646,Douglas Hammond,mckinneyhelen@example.org,2022-09-25,Namibia
5647,Mr. Joshua Hill,jonathan43@example.org,2024-02-27,Cambodia
5648,Joseph Duncan,underwoodmariah@example.org,2024-11-28,Panama
5649,Laura Hernandez,glong@example.net,2025-04-13,Costa Rica
5650,Jerry Mckinney,paulbishop@example.org,2023-10-16,Isle of Man
5651,Walter Myers,pclark@example.org,2024-11-05,Ethiopia
5652,Christopher Alvarez,howardjason@example.org,2024-01-23,Christmas Island
5653,Robin Livingston,deborahjackson@example.net,2024-07-16,Gibraltar
5654,Douglas Vargas,susan25@example.org,2024-11-24,French Southern Territories
5655,Christopher Hughes,kristina87@example.net,2024-12-14,Saint Barthelemy
5656,Jennifer Hodges,daviddavis@example.org,2024-05-24,Cameroon
5657,Heather Willis,arthurdavidson@example.com,2022-10-29,Heard Island and McDonald Islands
5658,Jennifer Graham DVM,khughes@example.net,2023-09-25,Bulgaria
5659,Cindy Allen,tpalmer@example.org,2024-02-19,Morocco
5660,Susan Brown MD,mhenderson@example.com,2025-07-15,Anguilla
5661,Ryan Rosario,edean@example.net,2023-10-20,Palestinian Territory
5662,Ryan Gross,lisa07@example.org,2024-12-24,Tanzania
5663,Joshua Obrien,dylanerickson@example.com,2023-04-02,Yemen
5664,Anthony Roach,gloria54@example.org,2025-01-07,Burundi
5665,Caroline Cox,kiddstacey@example.org,2025-08-19,Sweden
5666,Christopher Bell,allenkevin@example.com,2022-08-23,Belarus
5667,Theresa Moreno,hilljohn@example.org,2025-05-10,Sierra Leone
5668,Briana Nguyen,bwallace@example.com,2022-09-23,Congo
5669,Andrea Smith,christopher17@example.net,2024-07-27,Myanmar
5670,Laura Herrera,troy74@example.com,2022-11-02,Cyprus
5671,John Alexander,lvelazquez@example.org,2022-10-02,Christmas Island
5672,Blake Wilson,jtaylor@example.com,2025-03-27,Australia
5673,William Davis Jr.,proberts@example.com,2024-04-07,Zambia
5674,Mark Flores,riveraholly@example.com,2024-05-30,Morocco
5675,Sarah Gonzales,josephrussell@example.net,2024-08-24,Belize
5676,Ernest Patterson,sbrooks@example.net,2022-08-30,Israel
5677,Amanda Harris,ymiller@example.com,2023-12-18,Cameroon
5678,Alan Mcdonald,william62@example.org,2024-11-29,Cook Islands
5679,Carlos Wallace,tyrone22@example.com,2024-03-10,Saint Pierre and Miquelon
5680,Caitlin Keller,pturner@example.com,2025-02-24,Slovenia
5681,Alyssa Oneal,graymelissa@example.net,2024-03-04,Bouvet Island (Bouvetoya)
5682,Cheryl Jones,maureen38@example.net,2025-04-07,Guadeloupe
5683,Kevin Bright,samuel81@example.com,2022-11-25,Slovenia
5684,Scott Smith,lindsaysuarez@example.com,2022-08-22,Marshall Islands
5685,Jacob Lee,jeremy57@example.com,2022-11-22,Nauru
5686,Gina Robinson,bridget47@example.net,2023-04-16,Samoa
5687,Juan Torres,perezelizabeth@example.com,2022-11-19,Micronesia
5688,Elizabeth Long,fvazquez@example.com,2024-07-01,Tuvalu
5689,Gail Sandoval,sarahjackson@example.com,2025-06-12,Tokelau
5690,Krista Norman,mary68@example.org,2024-05-14,Greenland
5691,Seth Conrad,kimberly21@example.net,2024-03-01,Faroe Islands
5692,Raymond Miller,robinsonduane@example.org,2022-08-31,Tokelau
5693,Peter Thompson,romeroaaron@example.com,2022-12-09,Swaziland
5694,David Montgomery,sphillips@example.org,2024-12-16,Saudi Arabia
5695,Cody Jackson,adam76@example.org,2023-04-08,Sudan
5696,Amanda Leblanc,jlevy@example.org,2025-06-12,Swaziland
5697,Elizabeth Warner,yolandalowe@example.com,2023-02-06,Jersey
5698,Brian Hendrix,rachel91@example.org,2024-02-25,Guinea
5699,Debbie Harris,oconnorrenee@example.org,2024-06-26,Czech Republic
5700,Lindsey Porter,christinamorgan@example.com,2023-01-15,Cyprus
5701,Kimberly Harrington,woodsrobert@example.org,2024-03-27,Oman
5702,Sarah Serrano,brookswilliam@example.org,2025-05-30,Luxembourg
5703,Nicole Dean,xstevens@example.com,2024-07-31,Ecuador
5704,Brittany Horton,james60@example.net,2023-04-14,Macao
5705,Kevin Howell,jjacobs@example.net,2024-10-06,Reunion
5706,Ryan Miles,michaela66@example.com,2023-04-08,Zimbabwe
5707,Michael Harrison,lsweeney@example.com,2024-02-20,Grenada
5708,Lori Martin,christophersmith@example.net,2023-03-30,Iceland
5709,Taylor Gomez,david19@example.net,2024-07-17,Greece
5710,Teresa Bullock,bcoleman@example.com,2025-05-07,Ireland
5711,Daniel Bell,craigcoffey@example.org,2023-02-01,Pakistan
5712,Robert Espinoza,brandi10@example.com,2022-12-31,Croatia
5713,Dr. Christopher Miller,dmassey@example.org,2023-02-24,Sudan
5714,Jackie Cherry,holmesdanielle@example.com,2025-07-23,Norfolk Island
5715,Sara Jordan,aguirrelaura@example.org,2022-11-20,Venezuela
5716,Breanna Beck,clarknicholas@example.net,2024-04-19,Solomon Islands
5717,Sean Watkins,anthonyhenderson@example.net,2023-07-12,Serbia
5718,Juan Knight,stephenmaynard@example.net,2025-01-27,Falkland Islands (Malvinas)
5719,Jean Hall,brian72@example.com,2024-05-24,Latvia
5720,Ashley Martinez,michelle97@example.org,2022-10-29,Guinea-Bissau
5721,Michelle Perez,dianeramos@example.com,2024-12-30,United States Virgin Islands
5722,Parker Barron,garyjohnson@example.org,2023-08-22,Latvia
5723,Jessica Williams,davidrodriguez@example.com,2023-04-07,Jamaica
5724,Scott Moore,vnorman@example.org,2023-03-13,British Virgin Islands
5725,Ryan Warner,brianscott@example.net,2023-05-23,Mozambique
5726,Edwin Howard,collinwilliams@example.org,2023-09-21,American Samoa
5727,Reginald Casey PhD,flee@example.org,2024-09-30,Puerto Rico
5728,Julie Gibbs,mary87@example.net,2025-04-04,Djibouti
5729,Brandon Reese,johnsonlisa@example.com,2023-02-12,Turkmenistan
5730,Colin Wright,dcarr@example.net,2024-02-15,Samoa
5731,Heather West,david50@example.com,2024-07-24,Bolivia
5732,Julia Harris,fbrown@example.net,2023-08-28,Guatemala
5733,Antonio Phelps,chungamber@example.net,2023-11-13,Ecuador
5734,Theresa Jimenez,wrodriguez@example.net,2024-01-26,Niue
5735,Xavier Glenn,jessica65@example.org,2023-04-25,Serbia
5736,Brian Nelson,tsmall@example.com,2024-12-22,Bermuda
5737,Tyler Smith,sarah79@example.com,2024-04-07,Greenland
5738,Kristina Castro,anitasullivan@example.org,2023-09-01,Jamaica
5739,Mark Tyler,bakerlauren@example.net,2024-12-14,Liechtenstein
5740,Mary Salazar,baileyamber@example.net,2022-10-07,French Southern Territories
5741,Suzanne Garcia,cameronconrad@example.org,2022-10-28,Australia
5742,Shawn Beltran,yatesashley@example.com,2022-10-28,Panama
5743,Nicole Hobbs,melissacollier@example.org,2024-10-27,Lesotho
5744,Christine Ford,pfoster@example.net,2024-03-25,Sudan
5745,Kristin Morales,johnsolivia@example.org,2022-12-20,Morocco
5746,Peter Adams,michelle39@example.org,2024-09-12,Central African Republic
5747,Mallory Meyers,xjohnson@example.com,2023-11-08,Iran
5748,Kevin Byrd,piercedenise@example.com,2023-03-06,Barbados
5749,Stacy Morris,johnsondustin@example.com,2024-10-09,Libyan Arab Jamahiriya
5750,Richard Mckee,lindagarcia@example.org,2024-04-02,Indonesia
5751,Steven Barker,lisanelson@example.com,2025-06-30,Malta
5752,Kimberly Guzman,louis96@example.com,2022-10-26,France
5753,Abigail Baker,tyler92@example.com,2023-05-07,Jersey
5754,Andres Harris,lli@example.org,2024-11-12,Singapore
5755,Carol Hanna,lawrence11@example.net,2025-06-10,Falkland Islands (Malvinas)
5756,Angela Cervantes,vcampbell@example.net,2022-10-06,Italy
5757,Bryce Ramirez,deborahross@example.com,2023-09-24,Libyan Arab Jamahiriya
5758,Jonathan Murray,johnsoncasey@example.net,2025-07-01,Pakistan
5759,Patricia Cummings,stephaniestark@example.org,2023-09-01,Armenia
5760,Heather Morgan,christophersmith@example.net,2022-09-15,Vietnam
5761,Ronald Harvey,susan55@example.net,2024-09-02,Lithuania
5762,Priscilla Richardson,barryrogers@example.com,2022-10-08,Bahrain
5763,Kelly Wolfe,rachelle@example.net,2023-03-01,Turks and Caicos Islands
5764,Patricia Barnes,crystalramirez@example.com,2022-12-31,Cayman Islands
5765,Katherine Kane,frankmadison@example.com,2023-06-15,United States of America
5766,John Barajas,vincentclaire@example.com,2024-01-11,Saint Pierre and Miquelon
5767,Rhonda King,igraham@example.com,2024-03-19,Sudan
5768,John Holmes,smithsusan@example.com,2023-03-15,Nepal
5769,Joseph Guerrero,sharon22@example.net,2024-07-24,United States of America
5770,Jason Schmidt,aguilarjennifer@example.org,2024-11-07,Pitcairn Islands
5771,Ashley Adams,johnhines@example.org,2023-12-31,Romania
5772,Katherine Macdonald,sean41@example.net,2024-05-03,Vietnam
5773,Stephanie Vasquez,ralphbradshaw@example.org,2025-05-31,Rwanda
5774,Danielle Rodriguez,vcrawford@example.org,2023-04-10,Cape Verde
5775,Joel Beasley,watsonsteven@example.com,2022-09-17,Estonia
5776,Jeffery Hurley,jennifermartinez@example.com,2022-10-30,Montenegro
5777,Sheri Roberts,wlee@example.net,2024-07-16,Vietnam
5778,Elizabeth Smith,fanderson@example.org,2023-09-25,El Salvador
5779,Kayla Davis,bjohnson@example.org,2024-08-12,Tokelau
5780,Daniel Simpson,lisagarcia@example.net,2022-11-13,Japan
5781,Lauren Conley,amelendez@example.com,2024-04-03,United States Virgin Islands
5782,Emily Mckee,danielsims@example.com,2024-09-13,Moldova
5783,Jeffrey Golden,sharon35@example.net,2024-01-23,Benin
5784,Michael Banks,shaneowens@example.org,2025-04-26,Monaco
5785,Sandra Smith,jessica89@example.com,2024-01-30,Saint Helena
5786,Jesse Lee,amypotter@example.org,2023-10-26,Ethiopia
5787,Denise Mcdaniel,mitchellgeoffrey@example.org,2025-07-30,Eritrea
5788,Andrew Yates,jefffisher@example.net,2024-02-18,Cameroon
5789,Alison Tran,christinapeters@example.com,2025-01-06,Slovenia
5790,Bobby Roth,oklein@example.com,2025-06-30,American Samoa
5791,Richard Edwards,timothygraham@example.com,2024-08-09,Timor-Leste
5792,Michele Vasquez,castrodonald@example.net,2024-03-04,Svalbard & Jan Mayen Islands
5793,John Martin,joanna08@example.net,2024-06-22,China
5794,Joe Page,ghunter@example.net,2023-11-13,Croatia
5795,Tiffany Boone,pattersonjoann@example.com,2023-02-03,Gibraltar
5796,Valerie Kaufman,dalton75@example.com,2024-08-20,Antarctica (the territory South of 60 deg S)
5797,Aaron Webb,huntmark@example.com,2025-08-06,Bhutan
5798,Tina Butler,michael92@example.org,2024-06-25,Burundi
5799,Daniel Davidson,weekscarlos@example.net,2023-07-09,Sao Tome and Principe
5800,Jason Mcclure,xlawrence@example.org,2024-06-02,Peru
5801,Aaron Smith,anthonykennedy@example.com,2025-01-21,Saint Helena
5802,Michael Shaffer,margaret12@example.net,2023-04-28,Martinique
5803,Peter Sullivan,joshuahernandez@example.org,2023-10-14,Senegal
5804,Charles Henderson,jeffrey67@example.com,2024-04-07,Barbados
5805,John Holloway,joelowens@example.com,2022-10-01,Niger
5806,Nancy Lopez,glennevans@example.org,2023-07-21,Rwanda
5807,Paul Thomas,moonjeanne@example.net,2025-05-01,Indonesia
5808,David Khan,wardtheresa@example.net,2024-05-25,Singapore
5809,Joseph Stewart,robertschneider@example.org,2024-09-11,Macao
5810,Christina Smith,xpeters@example.com,2025-08-17,Montenegro
5811,Nathan Shaw,frankeddie@example.com,2025-03-29,British Virgin Islands
5812,Michael Fleming,hardyjudith@example.org,2022-10-26,Burundi
5813,Edward Boone,cpowell@example.net,2023-04-24,Tuvalu
5814,William Coleman,colin42@example.com,2022-10-23,Antigua and Barbuda
5815,Mary Wong,andrewsvalerie@example.net,2022-08-26,Lesotho
5816,Kristin Smith,jasonwilliams@example.net,2024-05-12,Libyan Arab Jamahiriya
5817,Sabrina Mosley,sroman@example.net,2025-07-03,Austria
5818,Kimberly Gutierrez,jonesemily@example.org,2023-07-28,Anguilla
5819,Angela Franklin,youngjoshua@example.com,2024-02-10,Benin
5820,Sara Jackson,fhodges@example.org,2024-10-11,Bhutan
5821,Loretta Cobb,juliecurry@example.org,2023-03-04,Slovenia
5822,Dr. Christopher Humphrey,dawndowns@example.com,2024-09-13,Haiti
5823,Nathaniel Thomas,april82@example.org,2023-05-01,Indonesia
5824,Richard Gonzalez,josebennett@example.org,2023-06-18,American Samoa
5825,Jeffrey Harrison,reneehampton@example.com,2024-11-02,Egypt
5826,Toni Fernandez,vdavis@example.com,2022-10-13,Russian Federation
5827,Amber Schneider,alyssa27@example.net,2024-01-08,Niger
5828,Jay Vasquez,kevinparker@example.com,2024-10-04,Italy
5829,Jessica Rogers,greenestephanie@example.com,2024-08-12,Colombia
5830,Samantha Simmons,jennifer10@example.com,2023-03-31,Dominica
5831,Leslie Thomas,wileydavid@example.org,2023-03-17,Trinidad and Tobago
5832,Benjamin Williams,ruthstewart@example.org,2023-03-13,Afghanistan
5833,Clarence Jacobs,eric92@example.com,2024-12-10,Cape Verde
5834,Deborah Robinson,cbradley@example.net,2025-05-20,India
5835,Jessica Hardy,scottbooker@example.net,2023-04-09,Uganda
5836,Brandi Bell,brian92@example.org,2022-12-09,Saint Vincent and the Grenadines
5837,Linda Torres,elliottcarrie@example.net,2024-07-23,Saint Lucia
5838,Christine Johnson,jamespena@example.org,2023-04-24,Liberia
5839,Sharon Sanchez,tammy74@example.org,2023-09-24,Oman
5840,Shirley Holloway,xnelson@example.org,2023-06-25,Lithuania
5841,Deborah Mercado,bowmanstephanie@example.net,2024-08-05,Finland
5842,Melissa Ware,barrychristopher@example.net,2025-05-23,Guinea
5843,Amanda Hoffman,christinaballard@example.net,2023-11-19,Ethiopia
5844,Dennis Rice,dennisjohn@example.org,2025-06-13,China
5845,Mrs. Regina Harrell MD,sosamark@example.org,2024-03-02,Palau
5846,Christopher Ford,qdavis@example.com,2024-09-07,Libyan Arab Jamahiriya
5847,Jennifer Nolan,sabrina76@example.org,2024-01-18,Heard Island and McDonald Islands
5848,Shelley Mcdaniel,jenniferharrison@example.com,2024-02-28,Czech Republic
5849,Gina Smith,qdeleon@example.net,2023-01-02,Poland
5850,Frederick Fisher,edaniel@example.org,2024-02-17,Bouvet Island (Bouvetoya)
5851,James Gay,leahjones@example.org,2023-05-13,Portugal
5852,Michele Brown,tpierce@example.com,2023-09-24,Heard Island and McDonald Islands
5853,Victor Hall,michael20@example.net,2025-02-14,New Zealand
5854,Renee Shields,nalvarez@example.net,2023-10-16,Italy
5855,Kelly Reed,oglass@example.org,2025-01-19,Sao Tome and Principe
5856,Tara Rubio,susanbennett@example.com,2024-07-05,Azerbaijan
5857,Todd Chase,hmartin@example.com,2023-02-12,Israel
5858,Darren Martinez,whiteedward@example.net,2024-03-29,Lebanon
5859,Gary Francis,jacquelinecurtis@example.org,2024-06-24,Bermuda
5860,Mitchell Shaw,fisherjohn@example.org,2022-10-15,Montserrat
5861,Richard Ross,ealexander@example.com,2023-03-20,Central African Republic
5862,Michelle Jones,heathergallagher@example.org,2024-11-11,Eritrea
5863,Patrick Caldwell,tgreen@example.com,2024-01-15,Micronesia
5864,Michael Gentry,richardsonemily@example.com,2024-06-17,Macao
5865,Debra Martinez,hclark@example.com,2023-01-15,Tokelau
5866,Kimberly Anderson,sschmidt@example.net,2024-02-15,Tajikistan
5867,Sandy Perez,marksmarcus@example.com,2022-12-04,Turkey
5868,Lori Smith,alyssa90@example.com,2022-09-08,Svalbard & Jan Mayen Islands
5869,Rita Welch,julia55@example.com,2022-09-14,British Virgin Islands
5870,Joseph Brown,billy35@example.com,2024-10-03,Korea
5871,Michelle Wilson,traceydaniels@example.com,2024-08-03,Malta
5872,Kenneth Maldonado,audreypitts@example.com,2023-01-28,Faroe Islands
5873,Norman Wood,driddle@example.net,2024-12-30,Dominica
5874,Joseph Torres,jwilliams@example.net,2025-06-17,Grenada
5875,Dr. Danielle Clark MD,mcrawford@example.com,2023-07-01,Guinea
5876,Mark Ramos,loganhughes@example.org,2024-08-29,Eritrea
5877,Ashley Diaz,mary85@example.org,2025-08-09,Gambia
5878,Thomas Richards,joseph76@example.net,2024-08-15,Samoa
5879,Jonathon Thompson,gomezgina@example.org,2023-11-25,Bolivia
5880,Shane Shah,dhoward@example.net,2024-05-24,Montserrat
5881,Sharon Calderon,paulmathews@example.net,2024-11-11,Liberia
5882,Jennifer Nelson,daltonjames@example.org,2023-07-25,Tajikistan
5883,Katherine Sanders,randerson@example.net,2023-07-29,Moldova
5884,Jeffery Kennedy,dwhite@example.net,2024-04-10,Micronesia
5885,Barbara Stevenson,mariahamilton@example.com,2023-02-09,Macao
5886,Dana Taylor,ghall@example.org,2024-01-01,Montenegro
5887,Mary Stewart,zbell@example.com,2025-08-03,Dominican Republic
5888,Grace Ashley,ronald66@example.com,2023-07-13,Luxembourg
5889,Mr. Earl Hoffman,qallen@example.net,2022-11-15,Saint Helena
5890,Jonathan Moore,hamiltonwilliam@example.net,2025-02-06,Fiji
5891,Jeffrey Stanley,sanchezrandy@example.net,2023-07-12,Congo
5892,Luke Colon,richard84@example.net,2022-12-18,Armenia
5893,Karen Moran,tracey59@example.com,2024-06-18,Faroe Islands
5894,Larry Rivera,carpentersarah@example.org,2025-08-03,Zambia
5895,Edward Wilson,kkelly@example.com,2024-03-06,Pakistan
5896,Steven Drake,tgriffin@example.com,2024-08-01,New Zealand
5897,Sandra Rios,ambergraham@example.com,2024-02-18,Central African Republic
5898,Craig Murphy,michael63@example.org,2024-10-17,Eritrea
5899,Cole Cortez,srandall@example.com,2024-06-11,Paraguay
5900,Wanda Wilson,christinagreen@example.com,2023-11-07,Germany
5901,Natasha Jones,lrichards@example.org,2025-05-06,Zambia
5902,Monica Reyes,sandra45@example.com,2023-02-26,Pitcairn Islands
5903,Benjamin Hall,triciabryant@example.net,2023-08-27,Botswana
5904,Eric Oconnell,wallaceshirley@example.net,2024-10-30,Congo
5905,Kimberly Hale,kennedygeorge@example.net,2023-09-04,Central African Republic
5906,Melissa Bolton,seanmiles@example.com,2024-10-25,Equatorial Guinea
5907,Carol Marquez,edwardspatricia@example.com,2022-11-25,Togo
5908,Timothy Brown,westbenjamin@example.org,2024-01-06,Vanuatu
5909,Dr. Felicia Nelson,blong@example.net,2024-02-03,Nauru
5910,Melissa Riley,nstephens@example.com,2023-04-17,Bouvet Island (Bouvetoya)
5911,Deanna Newman,kristinlopez@example.com,2024-11-07,Hungary
5912,Mary Johnson,jennifer81@example.org,2023-04-20,Hong Kong
5913,Nicholas Phelps,michelle13@example.net,2025-08-11,Seychelles
5914,Jessica Lucas,melissawalker@example.org,2025-05-29,Czech Republic
5915,Wanda Stafford,brandonscott@example.net,2024-04-19,Czech Republic
5916,Justin Ritter,crawfordkeith@example.net,2022-10-09,Palau
5917,Robert Terrell,kristenhale@example.org,2025-01-10,Guam
5918,Douglas Luna,qrose@example.net,2025-04-21,Brunei Darussalam
5919,Carl Rodriguez,amanda11@example.com,2023-03-04,Marshall Islands
5920,Pamela Garcia,erodriguez@example.com,2023-10-10,Kazakhstan
5921,Lindsey Houston,sfuller@example.org,2023-01-20,Guinea-Bissau
5922,Janice Barber,matthew86@example.org,2025-02-16,Austria
5923,Isabel Berry,brucerobin@example.com,2024-10-15,Finland
5924,Tina Hoover,ibarrarenee@example.net,2023-11-04,Cook Islands
5925,Tammy Webb,whitneyhernandez@example.org,2023-05-09,Peru
5926,Dennis Rocha,lawrencejeanne@example.net,2025-02-08,Mozambique
5927,Yolanda Rogers,ysantos@example.com,2023-02-22,Christmas Island
5928,Jerry Rivera,jonathanruiz@example.net,2024-02-13,Argentina
5929,Darryl White,gina09@example.com,2024-02-11,Anguilla
5930,Richard Wilkerson,wserrano@example.com,2023-04-27,Libyan Arab Jamahiriya
5931,Beth Jenkins,afrank@example.org,2023-06-05,Albania
5932,Toni Ryan,ngraham@example.org,2024-05-23,Martinique
5933,Ricardo Freeman,joshuawilliams@example.org,2025-03-18,Palau
5934,Christian Parks,griffinrose@example.org,2023-11-19,Senegal
5935,Anna Johnson,emilyhernandez@example.com,2023-10-09,Kuwait
5936,Nicole Goodwin,james26@example.com,2022-11-07,Uzbekistan
5937,Jennifer Campbell,ywilliams@example.net,2025-03-02,Egypt
5938,Jennifer Davis,fowlerkristin@example.org,2023-12-06,Saint Pierre and Miquelon
5939,Isaiah Clark,hailey09@example.net,2023-12-26,Aruba
5940,Lisa Evans,scottsean@example.net,2025-06-27,Greenland
5941,Cynthia Taylor,wilcoxmonique@example.com,2023-03-11,Hungary
5942,Mitchell Schaefer,aaron81@example.org,2022-12-21,British Indian Ocean Territory (Chagos Archipelago)
5943,Ryan Mcdonald,zhughes@example.com,2024-08-01,Lao People's Democratic Republic
5944,Caitlin Shields DDS,aaron13@example.com,2024-12-13,Wallis and Futuna
5945,Rebecca Mcconnell,figueroaangela@example.com,2023-10-15,Somalia
5946,Alan Robles,kellermary@example.net,2024-06-10,Saint Pierre and Miquelon
5947,Robert Castro,livingstonsydney@example.net,2022-11-28,American Samoa
5948,Alison Houston,williamsrobert@example.org,2025-02-21,Tanzania
5949,Scott Franco,mark37@example.net,2024-10-09,Somalia
5950,William Hill,kathryn74@example.com,2025-02-15,Liechtenstein
5951,Amanda Singleton,kramercandace@example.com,2025-03-07,Zambia
5952,Charles Norris,stevenhall@example.org,2025-01-12,Germany
5953,Ronald Munoz,coxtracy@example.net,2023-08-09,Oman
5954,Jason Barrera,kirkheather@example.com,2024-02-20,Tunisia
5955,Sarah Thomas,mercedes77@example.com,2025-06-13,Aruba
5956,Jennifer Crawford,murillokrystal@example.org,2022-11-08,Burundi
5957,Jeremy Mack,abass@example.org,2023-09-20,Tajikistan
5958,Tim Castillo,jeffreymcdonald@example.net,2025-02-21,Guinea-Bissau
5959,Colton Mitchell,palmerbrett@example.org,2025-07-06,Botswana
5960,Todd Brooks,dmoore@example.org,2025-02-06,Andorra
5961,Christopher Sanders,johnsonedgar@example.org,2023-07-28,Saudi Arabia
5962,Spencer Melton,zimmermancynthia@example.net,2025-06-24,Vanuatu
5963,Anna Marshall,alisongrant@example.net,2022-12-30,Niue
5964,Dr. Austin Ramsey DVM,whitejacqueline@example.net,2025-06-29,United States of America
5965,Jennifer Woodward MD,zmoss@example.com,2024-06-07,Maldives
5966,Julie Cole,acox@example.org,2024-06-03,Poland
5967,Jack Weber,robertsphilip@example.com,2024-01-24,Korea
5968,James Carr,rpatton@example.net,2024-12-01,Faroe Islands
5969,Robert Clark,janetwilliams@example.net,2022-11-28,Fiji
5970,Michael Williams,peterskristen@example.org,2024-05-28,Swaziland
5971,Bradley Young,ntucker@example.net,2025-03-13,Portugal
5972,Cindy Spencer,woodchristine@example.org,2023-07-23,Cote d'Ivoire
5973,Vanessa Dennis,normansharon@example.net,2025-01-20,Samoa
5974,Natalie Garcia,jason25@example.com,2022-11-11,Trinidad and Tobago
5975,Bobby Stewart,washingtonamy@example.net,2023-11-28,Singapore
5976,Rebecca Harrison,taylor71@example.com,2025-07-15,Cayman Islands
5977,Kevin Prince,kbutler@example.org,2022-09-16,Singapore
5978,Robin Robertson,lstanton@example.org,2022-12-30,Jordan
5979,Courtney Hughes,ojennings@example.net,2023-12-27,Yemen
5980,Natasha Bryant,tammy33@example.net,2025-01-01,Azerbaijan
5981,Cindy Ross,jasmintorres@example.net,2024-01-30,Vietnam
5982,Jeffrey Woodward,sullivanwilliam@example.org,2023-09-17,Libyan Arab Jamahiriya
5983,Dennis Manning,kaustin@example.org,2024-09-13,Korea
5984,William Cole,ryan73@example.com,2025-06-19,Cayman Islands
5985,Jennifer Robbins,nathandiaz@example.org,2024-08-08,Cambodia
5986,Andrew Owens,monicaroman@example.com,2023-08-25,Namibia
5987,Jose Castro,timothy80@example.com,2024-01-29,Antarctica (the territory South of 60 deg S)
5988,Lucas Olson,guerrajoann@example.org,2025-03-30,Western Sahara
5989,Brenda White,john37@example.com,2023-05-26,Jamaica
5990,Robin Suarez,lori24@example.com,2023-01-21,New Caledonia
5991,Haley Frost,richard62@example.org,2023-06-08,Equatorial Guinea
5992,Marisa Richards,rose79@example.org,2025-02-11,Belgium
5993,Judy Vaughn,jeffreycoleman@example.org,2024-01-07,Angola
5994,David Campos,barbara04@example.com,2025-02-06,Ecuador
5995,Cynthia Romero,carolyn22@example.com,2023-03-22,French Polynesia
5996,Timothy House,umccormick@example.org,2025-06-21,Libyan Arab Jamahiriya
5997,Stacey Robertson,mmooney@example.net,2025-02-20,Uruguay
5998,Michael Welch,jimdaniels@example.org,2023-05-13,Comoros
5999,Kimberly West,monicaellis@example.net,2023-03-17,Niger
6000,Janice Davis,bakerkaren@example.org,2024-04-23,Iceland
6001,Andrew Perez,thomasangela@example.com,2023-09-22,Belarus
6002,Megan Walls,samueldouglas@example.com,2022-09-12,Mali
6003,Jeffrey Cantu,larsenmichael@example.com,2025-02-21,Turks and Caicos Islands
6004,Thomas Murphy,timothy29@example.com,2023-02-05,Lao People's Democratic Republic
6005,Francisco Mckenzie II,heatherblack@example.org,2025-06-25,Saint Helena
6006,Melinda Webster,craig73@example.com,2023-12-21,Ethiopia
6007,Jared Allen,jamesrichards@example.com,2024-07-18,Saint Helena
6008,Christopher Bell,victoria68@example.net,2024-01-06,American Samoa
6009,Adriana Diaz,anthonygraves@example.org,2025-02-20,Australia
6010,Stephanie Dunn,sherrysharp@example.com,2025-05-26,Niue
6011,Brittany Gregory,jamesmcdaniel@example.org,2024-12-10,Guinea-Bissau
6012,Gary Peterson,rollinspeter@example.net,2023-09-15,Jamaica
6013,Shawn Clay,bperez@example.com,2025-08-13,Hungary
6014,Laura Chan,xtorres@example.org,2022-09-09,Papua New Guinea
6015,James Petty,lauramelendez@example.org,2023-09-20,South Africa
6016,Chelsea Mckinney,james88@example.com,2023-10-07,Tanzania
6017,Anthony Johnson,stephanielarsen@example.org,2024-06-26,Ukraine
6018,Kevin Schultz,ymcintyre@example.com,2022-10-08,French Guiana
6019,Amanda Anderson,reedjennifer@example.net,2023-07-16,Nigeria
6020,Don White,donnarivera@example.org,2024-07-10,Montenegro
6021,Jennifer Thomas,wilkinsangela@example.org,2023-01-30,Wallis and Futuna
6022,Linda Patton,sarahjacobs@example.org,2023-11-29,Gibraltar
6023,Michael Greene,zjohnson@example.org,2024-09-17,Brazil
6024,Sonia Barnett,maciasrichard@example.com,2022-10-26,Montserrat
6025,Amy Jones,tmoore@example.com,2022-09-04,Suriname
6026,Randy Jones,masonsharon@example.com,2025-02-07,Brunei Darussalam
6027,Alexander Lambert II,zalexander@example.net,2024-04-04,Djibouti
6028,Sarah Delacruz,patelapril@example.org,2023-05-07,Monaco
6029,Andrea Young,cathy50@example.org,2025-03-07,Burundi
6030,Parker Schwartz,jasonguzman@example.net,2024-12-02,Chile
6031,Theresa Adams,logan15@example.net,2025-05-09,United States Virgin Islands
6032,Luis Ramos,carlosmarks@example.org,2025-08-01,Sweden
6033,Justin Nolan,westdylan@example.org,2025-05-02,Norway
6034,Jill Mosley,taylorrenee@example.net,2024-08-10,Mozambique
6035,Robert Scott,kevincain@example.net,2024-05-14,Saint Kitts and Nevis
6036,Christopher Bennett,imcgee@example.org,2022-10-29,South Africa
6037,Timothy Johnson,rosemichelle@example.net,2025-07-28,Barbados
6038,Courtney Hood,gschneider@example.com,2025-05-06,New Zealand
6039,Jennifer Ruiz,jennifer63@example.net,2022-11-12,Lithuania
6040,Peter Ferguson,karenyork@example.net,2022-11-16,Eritrea
6041,Jennifer Watkins,michaelvaldez@example.org,2025-05-05,Portugal
6042,Cynthia Roberson,ngonzalez@example.com,2023-03-11,Cayman Islands
6043,Jacob Taylor,cferguson@example.org,2024-02-20,Romania
6044,Tyler Bautista,amandathornton@example.net,2023-08-20,Pitcairn Islands
6045,Gary Welch,amyburns@example.net,2025-06-30,Guinea
6046,William Davis,justinhernandez@example.org,2023-12-21,Fiji
6047,Rebecca Phillips,kgonzales@example.net,2023-08-15,Sweden
6048,Joshua Christian,william09@example.org,2023-01-31,Morocco
6049,Paige Romero,devin28@example.net,2024-09-21,Nauru
6050,Brian Jones,timothy25@example.org,2025-03-18,Qatar
6051,Jennifer Cohen,moralesjacqueline@example.com,2023-07-21,Cape Verde
6052,Corey Marshall,markcox@example.net,2023-11-08,Australia
6053,Michael Clark,brittany95@example.net,2024-01-30,Eritrea
6054,Dustin Perry,jessicazuniga@example.net,2023-11-20,Cape Verde
6055,Brian Parker,moorenathaniel@example.org,2025-02-12,Mauritius
6056,Sean Conway,tannervickie@example.com,2024-10-13,French Polynesia
6057,Jason Johnson,paul94@example.org,2023-08-26,Wallis and Futuna
6058,Jonathan Foster,harrisjason@example.org,2022-12-13,Botswana
6059,Amanda Hamilton,emilywilliams@example.org,2024-08-31,Cape Verde
6060,Kelly Park,floydbobby@example.net,2024-04-14,Marshall Islands
6061,Jeremiah Diaz DVM,pbryant@example.org,2022-10-23,United Kingdom
6062,Jacqueline Gallegos,aguilarjessica@example.net,2024-04-22,Belarus
6063,Emily Woods,efreeman@example.net,2023-03-02,Reunion
6064,Anthony Peters,vwalker@example.net,2025-02-19,Malawi
6065,Amber Hill,christinelee@example.com,2025-04-30,Panama
6066,Judith Mejia,margaret28@example.net,2023-11-26,Monaco
6067,Raven Johnston,robin71@example.net,2025-06-10,South Georgia and the South Sandwich Islands
6068,William Barker,uhess@example.com,2024-05-26,Barbados
6069,Diane Nichols,tammy53@example.com,2022-09-10,Korea
6070,Colin Simmons,ugraham@example.net,2024-08-25,Mexico
6071,Bethany Nelson,danielmartinez@example.net,2024-11-23,Libyan Arab Jamahiriya
6072,Andrea Williams,cdavis@example.org,2024-11-01,Taiwan
6073,Brandon Henderson,amarsh@example.net,2025-06-01,Niue
6074,Kimberly Dixon,dmays@example.com,2023-11-13,Tunisia
6075,Kenneth Gibson,michellerodriguez@example.net,2023-09-19,Sweden
6076,Anthony Flores,lowejames@example.org,2025-06-07,Panama
6077,Walter Nguyen,angelaobrien@example.org,2025-06-23,Niue
6078,Amy Ryan,hugheslisa@example.net,2025-05-04,Qatar
6079,Rebecca White DDS,ericjordan@example.org,2025-07-07,Mauritius
6080,Pamela Thomas,omarjefferson@example.org,2023-03-06,San Marino
6081,Mark White,lmills@example.net,2023-01-22,Ukraine
6082,Brenda Pacheco,ehill@example.org,2023-07-20,United Kingdom
6083,Chase Chandler,cchurch@example.net,2023-08-14,United States Virgin Islands
6084,Jo Nguyen,william30@example.net,2023-09-26,Jamaica
6085,Zachary Gomez,lorilove@example.net,2025-01-27,Argentina
6086,Curtis Hughes,amberyates@example.net,2022-11-07,Haiti
6087,Rodney Doyle,lesterchristian@example.com,2024-09-05,Guadeloupe
6088,Rachel Newton,rmays@example.net,2024-12-30,Libyan Arab Jamahiriya
6089,Christopher Simmons,rmarquez@example.com,2025-07-29,Samoa
6090,Samuel Cline,lisamaddox@example.com,2023-10-22,Indonesia
6091,Ryan Ross,jshelton@example.com,2025-05-16,Antigua and Barbuda
6092,Victor Romero,josephsilva@example.org,2022-12-21,Luxembourg
6093,Joseph Hall,kevintorres@example.net,2025-06-25,Pitcairn Islands
6094,Deborah Trevino,georgemartinez@example.org,2023-03-10,Kyrgyz Republic
6095,Jonathan Carter,gardnermichael@example.com,2025-03-25,Myanmar
6096,Denise Clark,alejandrobailey@example.com,2022-09-26,Gambia
6097,Tiffany Fernandez,schwartzleonard@example.com,2024-01-07,Croatia
6098,Edwin Rogers,michelle04@example.net,2023-01-01,Cyprus
6099,Stephen Miranda,staffordwesley@example.org,2023-12-05,Panama
6100,Cory Williams,orhodes@example.com,2022-09-23,Monaco
6101,Doris Miles,mcdowellmichael@example.net,2025-02-02,Latvia
6102,Rick Adkins,benjamin58@example.org,2023-02-09,Somalia
6103,Jason Powell,sloanlaura@example.org,2024-11-22,Slovakia (Slovak Republic)
6104,Emily Hayes,erikasmith@example.org,2022-09-26,Guernsey
6105,John Blake,ddavis@example.com,2024-07-11,Iraq
6106,Shelley Mcguire,brittanymorton@example.com,2022-09-29,Saint Barthelemy
6107,April Henry,nancy00@example.net,2025-02-14,Mayotte
6108,Kelsey Lane,robertsjoel@example.net,2023-07-25,Ethiopia
6109,Meredith Ford,richardreyes@example.com,2023-01-18,Saint Lucia
6110,Karen Hamilton,aprilpope@example.com,2025-05-02,Wallis and Futuna
6111,Katie Love,istanley@example.com,2023-07-27,Pitcairn Islands
6112,Theresa Hernandez,rmitchell@example.org,2024-08-07,Martinique
6113,Lisa Mclean,tanya14@example.net,2023-06-03,Panama
6114,Susan Ball,nreynolds@example.org,2024-02-21,Micronesia
6115,Michele Cook,mbrown@example.com,2022-10-07,Aruba
6116,Wesley Terry,susanweaver@example.com,2023-11-21,Papua New Guinea
6117,Angela Tate,lbates@example.org,2025-04-18,Tajikistan
6118,Robert Browning,shannonjohn@example.com,2024-01-18,Mali
6119,Preston Hernandez,pchavez@example.com,2025-08-08,Peru
6120,Rebecca Bell,vrobinson@example.org,2023-10-29,Zambia
6121,Megan Le,martinezsean@example.org,2024-04-10,Honduras
6122,Kyle Gordon,smoody@example.com,2022-11-05,Latvia
6123,Robert Miller,jacksonjeffrey@example.org,2023-09-22,Qatar
6124,Jamie Clayton,lgarrison@example.org,2023-12-27,United Kingdom
6125,Michael Lucero,rchristian@example.com,2025-04-03,Canada
6126,Elizabeth Rodriguez,pattersonbeth@example.net,2023-12-28,Swaziland
6127,Sarah Crosby,eyang@example.net,2025-04-08,Burundi
6128,Diana Kim,micheal77@example.net,2024-11-10,Belarus
6129,Todd Peters,vray@example.com,2023-05-20,Timor-Leste
6130,John Garcia,molly20@example.com,2025-07-24,Liechtenstein
6131,Gerald Nunez,joseph05@example.org,2024-05-02,Switzerland
6132,Michael Brown,davidmoore@example.org,2022-11-04,Georgia
6133,Anthony Martinez,sherryjohnson@example.org,2023-02-23,Jamaica
6134,Jo Hamilton,chavezstephanie@example.com,2023-08-09,Reunion
6135,Monique Guerra,wlyons@example.org,2025-05-25,Peru
6136,William Cook,smithjason@example.org,2023-12-15,Costa Rica
6137,David Maxwell,melissamurphy@example.net,2024-02-18,France
6138,Dr. Kathleen Webster,wrightmelissa@example.org,2024-09-13,Armenia
6139,Grace Farrell,tammyboone@example.net,2024-05-19,Bangladesh
6140,Brent Medina,bookerjennifer@example.net,2023-05-21,Mali
6141,James Kent,underwoodlauren@example.net,2023-11-20,Switzerland
6142,Gabriela Ruiz,greerjoshua@example.com,2024-05-09,Kuwait
6143,Brittany Lawrence,chavezmatthew@example.net,2023-11-01,Ireland
6144,Douglas Mitchell,andrewarnold@example.net,2023-01-17,Comoros
6145,Aaron Powell,howelljon@example.net,2023-02-18,Jordan
6146,Mallory Mills,david07@example.org,2024-04-21,Peru
6147,Dustin Bennett,swansoncatherine@example.com,2024-03-04,Finland
6148,George Franklin,smartinez@example.net,2023-12-10,United States Virgin Islands
6149,Angela Humphrey,sbeck@example.org,2023-01-08,United States of America
6150,Lori Hernandez,james13@example.com,2024-05-16,New Caledonia
6151,Fred Mcconnell,kidddavid@example.org,2024-08-11,Trinidad and Tobago
6152,Valerie Dennis,patrickschroeder@example.net,2025-05-22,Wallis and Futuna
6153,Mario Sanchez,uarmstrong@example.org,2023-08-27,Bahrain
6154,Brooke Wilson,garrettjack@example.com,2022-12-11,Iceland
6155,Mike Morales,dpeterson@example.com,2023-12-10,Georgia
6156,Sara Gonzales,xdalton@example.net,2025-07-16,Cook Islands
6157,Robert Henderson,thompsonsara@example.net,2023-04-07,Cyprus
6158,Robert Reid,crystal49@example.net,2022-12-26,Bahamas
6159,Alexandra Rivera,pnorman@example.com,2025-02-17,United States of America
6160,Lacey Castillo,browningchristopher@example.org,2024-06-11,South Africa
6161,Anthony Owens,ywilson@example.com,2024-05-27,Iran
6162,Nicole Cummings,leeshaw@example.com,2024-12-05,Benin
6163,Christina Garcia,thomas01@example.com,2025-03-29,Afghanistan
6164,Robert Rich,josephgraham@example.net,2022-08-23,Ecuador
6165,Samuel Parrish,laurenburns@example.net,2024-02-07,Zambia
6166,Katherine Wilkinson,karen34@example.com,2024-06-02,Czech Republic
6167,Ryan Austin,pharris@example.com,2024-06-01,Romania
6168,Tamara King,tara21@example.com,2023-04-06,Burkina Faso
6169,Mercedes Mullins,melindawood@example.org,2023-06-12,Puerto Rico
6170,Stephen Ritter,eburns@example.net,2024-04-29,Palestinian Territory
6171,Theodore Orozco,ashley66@example.org,2024-08-10,Vietnam
6172,Katelyn Keith,brownerica@example.com,2023-04-02,Turkey
6173,Christine Graham,haley69@example.org,2023-06-19,Malta
6174,Erica Freeman,gabriel75@example.net,2022-08-27,Dominican Republic
6175,Cynthia Johnson,qmccarthy@example.net,2025-02-17,Cape Verde
6176,Jeffrey Miranda Jr.,laurawang@example.net,2023-02-12,Greece
6177,Bobby Smith,johnsonchristopher@example.org,2024-01-03,Papua New Guinea
6178,Chad Wilson,veronica44@example.org,2024-05-18,Solomon Islands
6179,Jessica Hodges,suttonlynn@example.org,2025-06-02,Brazil
6180,Lori Nelson,heidireed@example.org,2023-12-02,Bahamas
6181,Mario Sanchez,choward@example.com,2022-11-06,Christmas Island
6182,Marissa Sosa,johnosborne@example.net,2022-12-12,New Zealand
6183,Jason Andrade,reyesdavid@example.org,2023-06-05,Paraguay
6184,Linda Phillips,brittneyjohnson@example.com,2025-05-25,Greenland
6185,Brittany Thomas,garnermichelle@example.org,2024-10-22,Armenia
6186,Carl Brown,nicole86@example.com,2024-10-20,Panama
6187,Amy Peters,maldonadohunter@example.net,2022-09-29,Taiwan
6188,Marcus Davies,amywhite@example.org,2024-02-18,Belize
6189,Natasha Barker,christina70@example.org,2023-12-15,Pakistan
6190,Cheryl Keller,sgordon@example.com,2022-12-20,French Southern Territories
6191,Charles Walters,hillmichael@example.net,2023-09-12,Montenegro
6192,Linda Mendez,shelleynguyen@example.com,2025-04-11,French Southern Territories
6193,Michael Alexander,fwilson@example.net,2024-11-24,Senegal
6194,Shannon Price,raymond52@example.org,2024-12-03,French Polynesia
6195,Noah Sanders,micheal44@example.org,2025-06-30,Equatorial Guinea
6196,Jose Murphy,austinwilliams@example.com,2024-12-15,Sao Tome and Principe
6197,Rebecca Baker,ysharp@example.net,2024-06-15,Comoros
6198,Hailey Hernandez,uscott@example.com,2022-12-27,Isle of Man
6199,Tyler Harris,scottanne@example.com,2024-11-23,Niger
6200,Matthew Phelps,farmerkristy@example.com,2023-03-31,Saint Pierre and Miquelon
6201,Phyllis Clarke,vbanks@example.net,2024-03-25,Holy See (Vatican City State)
6202,Brittany Harris,chadgarrett@example.net,2024-03-18,Myanmar
6203,Shannon Smith,james87@example.net,2023-03-14,Chile
6204,Abigail Park,jonesdavid@example.com,2024-01-17,Oman
6205,James Foster,uhiggins@example.org,2024-05-08,Togo
6206,Summer Hunter,lyonsbrooke@example.net,2022-12-12,Pakistan
6207,Adam Evans,boonelynn@example.net,2022-12-05,Norfolk Island
6208,Daniel Barajas,holly37@example.org,2024-10-20,Solomon Islands
6209,Gary Reed,jenniferhensley@example.org,2023-06-27,Dominican Republic
6210,Lisa Hall,rebecca90@example.org,2024-06-02,Austria
6211,Jessica Brown,richardriley@example.net,2024-01-09,Cook Islands
6212,Sarah Fuller,bradley19@example.net,2025-04-25,France
6213,Sean Cameron,arroyokevin@example.org,2024-08-11,Madagascar
6214,Jennifer Rojas,wayne42@example.org,2024-04-25,Suriname
6215,Michelle White,scarter@example.net,2023-04-12,Reunion
6216,Sean Brown,sheila83@example.com,2024-07-13,Heard Island and McDonald Islands
6217,Monica Mullen,tina62@example.org,2025-06-05,El Salvador
6218,Austin Aguilar,vkeller@example.org,2025-05-24,Dominican Republic
6219,Brendan Smith,staffordbryce@example.org,2023-02-05,New Zealand
6220,Tyler Scott,andersonjim@example.com,2024-02-22,Azerbaijan
6221,Benjamin Jones,michael52@example.com,2025-07-23,Georgia
6222,Micheal Dickerson,johnsonjohn@example.net,2025-06-10,Taiwan
6223,Ryan Pearson,aguerra@example.net,2023-07-23,Nepal
6224,Amber Anderson,dking@example.net,2023-04-19,Vietnam
6225,Sherry Hudson,deborahmunoz@example.net,2023-11-21,New Caledonia
6226,Paul Moore,heather71@example.org,2023-02-03,Anguilla
6227,Ryan Sanders,karenpearson@example.org,2024-06-06,Rwanda
6228,Jo Campbell,christinacastro@example.org,2024-04-17,Monaco
6229,Michael Nelson,kenneth83@example.org,2023-10-21,Slovenia
6230,Mark Williams,rosszavala@example.com,2023-08-27,Bahamas
6231,Annette Chen,zsimpson@example.org,2023-09-07,Brazil
6232,Caitlyn Potter,john22@example.net,2024-01-02,New Caledonia
6233,Michael Shields,abbottjustin@example.net,2022-09-18,United States Minor Outlying Islands
6234,Brittany Osborn,jasonschneider@example.com,2025-03-08,Namibia
6235,Christine Avila,aliwayne@example.net,2025-02-04,Costa Rica
6236,Samuel Evans,jamesgutierrez@example.org,2023-08-26,Greece
6237,Jennifer Taylor,richard44@example.net,2025-04-13,Tajikistan
6238,Brandon Johnson,jeffreytorres@example.com,2023-11-20,Greenland
6239,Nicole West,krista49@example.org,2024-08-12,Saint Helena
6240,Tiffany Potter,srivera@example.net,2025-08-19,Canada
6241,Joshua Lopez,ylopez@example.com,2023-11-26,Seychelles
6242,Kyle Bradley,gutierrezbeth@example.com,2023-03-15,Lao People's Democratic Republic
6243,Alexis Gates,gallegosvincent@example.org,2025-06-21,Myanmar
6244,Steven Cooper,prattlauren@example.com,2024-04-08,Lesotho
6245,Olivia Brown,saunderslee@example.org,2024-06-12,Lao People's Democratic Republic
6246,Michael Brown,tina65@example.net,2025-06-16,Zambia
6247,Stephen Bernard,larsondustin@example.com,2023-06-16,Rwanda
6248,Joel Bryant,lmcintyre@example.org,2023-08-21,Dominican Republic
6249,Cheryl Sutton MD,liukathy@example.org,2025-03-14,Papua New Guinea
6250,David Roberts,natalie66@example.org,2024-07-17,China
6251,Anthony Hawkins,mcculloughtimothy@example.net,2025-06-15,Eritrea
6252,Penny Brown,riceanthony@example.net,2023-11-04,Jordan
6253,Lisa Montoya,lbraun@example.org,2023-06-27,American Samoa
6254,Allison Riley,austinmatthew@example.net,2023-10-25,Congo
6255,Dustin Chang,imayo@example.com,2024-04-24,Namibia
6256,Nicholas Vargas,steven74@example.org,2024-02-22,Anguilla
6257,Elizabeth Rosales,wvillarreal@example.org,2024-10-11,Monaco
6258,Paul Trevino,adkinstony@example.com,2024-07-21,French Southern Territories
6259,Gavin Jenkins,williamsbryan@example.com,2023-05-09,Algeria
6260,Melissa Taylor,rachel38@example.org,2024-05-05,Jamaica
6261,Justin Buck,pricemichael@example.net,2025-01-02,Brunei Darussalam
6262,Jennifer Ortiz,wolson@example.org,2025-08-18,France
6263,Brooke Ponce,kimberlysmith@example.org,2024-10-17,Czech Republic
6264,Donald Brooks,anthonyrobinson@example.net,2025-01-12,Mauritania
6265,William Morris,qsummers@example.com,2024-03-01,Honduras
6266,Pamela Ferrell,davidsanchez@example.com,2022-10-18,British Virgin Islands
6267,Michele Irwin,janet29@example.org,2024-03-24,Reunion
6268,William Griffin,yolanda88@example.com,2024-11-09,Ireland
6269,Michael Gonzales MD,larrygeorge@example.org,2025-03-09,Trinidad and Tobago
6270,Scott Hodges,wolfconnor@example.com,2023-08-29,United Arab Emirates
6271,Amy Hernandez,caroljohnson@example.org,2024-08-26,Papua New Guinea
6272,Karen Bailey,xbenitez@example.org,2024-02-15,Guinea-Bissau
6273,Jeffrey Campbell,markstina@example.org,2023-11-06,Botswana
6274,Jeffrey Navarro,millerbobby@example.org,2023-11-23,Kuwait
6275,Steven Bauer,angela34@example.com,2022-10-15,Brazil
6276,Katherine Johnson,mromero@example.net,2023-09-14,Switzerland
6277,Cristina Rivers,qkidd@example.org,2024-12-29,Antarctica (the territory South of 60 deg S)
6278,Rebecca Landry,hector16@example.com,2024-09-28,Taiwan
6279,Dustin Christensen,pamela40@example.org,2023-05-28,Senegal
6280,Robin Mcclure,krodriguez@example.com,2023-01-14,Turkey
6281,Samantha Anderson,zcunningham@example.net,2024-07-11,Niue
6282,Melissa Crawford,barneshailey@example.org,2024-01-28,Pakistan
6283,April Evans,ndavidson@example.net,2024-07-16,Antarctica (the territory South of 60 deg S)
6284,Richard Williams,dana21@example.net,2025-03-27,Philippines
6285,Donna Jackson,kevin23@example.net,2023-11-29,Sri Lanka
6286,Alan Cohen,maria43@example.com,2023-08-30,Antigua and Barbuda
6287,Timothy James,ymontgomery@example.net,2023-05-09,Antigua and Barbuda
6288,Shawn Wagner,travisburgess@example.net,2025-05-20,Sweden
6289,Patricia Lewis,kimberly50@example.net,2023-05-01,Azerbaijan
6290,Sara Wall,aliciapatterson@example.net,2023-04-17,Mozambique
6291,Brian Jackson,elizabethclark@example.org,2024-11-17,Nepal
6292,Alison Russell,jjohnston@example.com,2023-02-02,Sao Tome and Principe
6293,Cynthia Kelley,wpotts@example.net,2025-05-24,Indonesia
6294,Julie Kelly,walkercrystal@example.org,2022-12-10,Pitcairn Islands
6295,Christopher Scott,gmerritt@example.net,2023-05-27,Maldives
6296,Bradley Solis,nancydiaz@example.org,2023-11-25,Vanuatu
6297,Kathryn King,jason09@example.com,2023-03-06,Cambodia
6298,Kristen Young,hernandezjon@example.org,2024-10-24,Anguilla
6299,Austin Lowe,fgoodman@example.org,2023-08-25,Bermuda
6300,Lori Brown,jamiegreen@example.org,2023-07-21,Antarctica (the territory South of 60 deg S)
6301,Sydney Cook,santosdebra@example.org,2025-04-06,Moldova
6302,Christian Jacobson,kwells@example.org,2022-09-04,Macao
6303,Cassandra Jones,cjones@example.com,2025-02-06,Korea
6304,Timothy Webb,goodmichael@example.org,2023-04-15,Madagascar
6305,Ricky Brown,alisonrogers@example.net,2025-05-28,French Polynesia
6306,Daniel Jackson,amandamorgan@example.com,2024-07-17,Taiwan
6307,Daniel Flores,veronicawilson@example.net,2024-07-02,Mali
6308,Ryan Martinez,pollardrobert@example.com,2023-10-15,India
6309,Jessica Ward MD,timothy41@example.com,2024-02-21,Bouvet Island (Bouvetoya)
6310,Robin Jones,benjamin54@example.net,2023-08-15,Gibraltar
6311,Sandra Gray,efleming@example.net,2023-12-15,Montenegro
6312,Rachel Smith,rodriguezdavid@example.org,2025-05-06,Thailand
6313,Jacqueline Sutton,thompsonpamela@example.net,2025-08-05,Jersey
6314,Roberta Doyle,chelsea42@example.net,2025-08-09,New Caledonia
6315,Whitney Garcia,flynnjulia@example.net,2024-10-24,Puerto Rico
6316,Nicole Mills,chunt@example.org,2022-12-30,Lithuania
6317,Amy Erickson,robertdixon@example.com,2023-01-05,Antarctica (the territory South of 60 deg S)
6318,Paul Morris,kevin27@example.com,2023-09-08,Luxembourg
6319,Mitchell Bradford,ryan62@example.org,2023-09-24,Tuvalu
6320,Peter Martinez,ekim@example.com,2023-07-06,Saint Pierre and Miquelon
6321,Gary Williams,imurphy@example.org,2024-09-05,Paraguay
6322,Jamie Gomez,robertsonamy@example.org,2025-06-11,France
6323,Diana Edwards,watsonkim@example.org,2024-07-11,Ukraine
6324,Patrick Gallagher,vincent90@example.com,2022-10-07,Switzerland
6325,Adam Huffman,vickiethomas@example.org,2025-06-14,Gibraltar
6326,Sheila Welch,traceyswanson@example.net,2023-03-23,Palau
6327,Luke Collins,angela92@example.org,2024-06-05,Cambodia
6328,Michelle Valentine,drodgers@example.net,2025-03-31,Iraq
6329,Sandra Brown,bkoch@example.net,2025-02-12,Mauritania
6330,Carmen Robbins,casey20@example.com,2024-06-08,Georgia
6331,Debra Nelson,jamesvincent@example.org,2025-03-06,Kuwait
6332,Tracy Nash,kendra58@example.net,2025-04-05,Sao Tome and Principe
6333,Cynthia Davis,blackburnadrienne@example.com,2022-12-03,Anguilla
6334,Cristian Lopez,fostervincent@example.org,2024-05-29,Italy
6335,Ashley Schwartz,gprince@example.net,2023-01-05,Slovakia (Slovak Republic)
6336,Rebecca Owens,smithmelinda@example.net,2024-07-24,Reunion
6337,Francisco Russell,tiffanyhanna@example.com,2023-02-01,Niue
6338,Jeffrey Clay DDS,marksmichael@example.org,2023-06-27,Armenia
6339,Erik Johnson,spugh@example.com,2023-11-21,Tajikistan
6340,Timothy Spence,kellybailey@example.org,2025-03-08,Saint Lucia
6341,Patrick Park,arnoldbrian@example.com,2024-11-23,Cayman Islands
6342,Scott Buck,kristineturner@example.org,2025-04-28,Maldives
6343,Cynthia Reyes,drush@example.com,2025-07-18,Costa Rica
6344,Carl Miller,jwalls@example.org,2023-02-10,Bouvet Island (Bouvetoya)
6345,Brenda Bruce,patrick30@example.net,2024-03-13,Israel
6346,Sean Bonilla,campbelldebbie@example.net,2022-12-08,Canada
6347,Denise Pacheco,kristingonzalez@example.org,2024-09-10,Kyrgyz Republic
6348,Leslie Bishop,farrelljohn@example.com,2025-02-16,New Zealand
6349,Jill Hardin,holmesjames@example.net,2024-05-26,Georgia
6350,Richard Knight,danielstyler@example.com,2023-05-14,Eritrea
6351,Theresa Martin,tmartin@example.net,2024-07-30,Jamaica
6352,Tina Hammond,johnsongabriel@example.org,2024-02-08,Rwanda
6353,Jenna Moore,jrogers@example.org,2023-06-07,Andorra
6354,Mary Schmidt,wilsontom@example.org,2025-05-31,Sweden
6355,Dawn Wilson,courtneygonzales@example.net,2025-07-24,Tuvalu
6356,Linda White,xmoore@example.net,2024-03-28,Lithuania
6357,Craig Duncan,staceymathews@example.com,2025-07-29,Sudan
6358,Brenda Jones,adavis@example.com,2023-05-12,Hong Kong
6359,Laura Schwartz,williamrodriguez@example.org,2025-06-30,Mauritius
6360,Stephanie Norris,tamara93@example.org,2024-03-02,France
6361,Benjamin Dunn,kevin01@example.org,2023-12-01,New Zealand
6362,David Salazar,bowmanthomas@example.net,2023-12-13,Armenia
6363,Thomas Allison,thomasgarcia@example.net,2024-01-08,Heard Island and McDonald Islands
6364,Jose Hall,tsimpson@example.org,2023-06-25,Congo
6365,Ashley Beasley,christopherturner@example.net,2024-03-13,Turkey
6366,Caitlin Ramirez,james45@example.net,2024-09-07,Bhutan
6367,Adam Russell,jgraham@example.net,2022-11-07,Luxembourg
6368,Caleb Gregory,rebeccaporter@example.org,2023-08-21,Hong Kong
6369,Bryan Mitchell,iwilson@example.net,2024-12-13,Djibouti
6370,Michael Tyler,vglover@example.net,2024-05-13,Swaziland
6371,Matthew Hahn II,dominguezmaria@example.com,2023-10-23,Tunisia
6372,Kevin Washington,torresanne@example.net,2024-03-02,Mali
6373,Kevin Anderson,danielcrawford@example.org,2024-09-29,Cook Islands
6374,Peter Harper,samantha13@example.net,2022-11-01,Portugal
6375,Cynthia Harrington,janetjohnson@example.org,2023-10-06,Iraq
6376,John Rogers,cdouglas@example.org,2025-06-25,North Macedonia
6377,Robert Bryant,robinsonjohn@example.net,2024-06-22,South Africa
6378,Matthew Sharp,sandrahowell@example.com,2023-07-09,Guadeloupe
6379,Troy Martin,wsheppard@example.org,2022-12-02,Senegal
6380,Michael Williams,lbrown@example.net,2024-04-06,Mali
6381,Charles Nichols,ustewart@example.net,2023-05-03,Thailand
6382,Ashley Drake,richardsoneric@example.org,2023-05-24,Sri Lanka
6383,Steven Green,alicia73@example.com,2024-06-12,Nicaragua
6384,Heather Wilkerson,wfrancis@example.com,2025-04-05,Greenland
6385,Matthew Perkins,krivera@example.net,2022-09-15,Uzbekistan
6386,Christopher Norman,johnsonaaron@example.com,2024-06-30,Sierra Leone
6387,Jessica Spencer,austintorres@example.com,2023-09-05,Sweden
6388,Nicholas Taylor,alambert@example.net,2024-04-17,Guam
6389,Matthew Oconnor,torresdaniel@example.net,2024-09-21,Oman
6390,Martin Edwards,olamb@example.com,2025-07-17,Maldives
6391,Robert Gregory,jeffrey85@example.com,2024-07-23,Timor-Leste
6392,Stephanie Higgins,benjamin97@example.net,2022-10-25,Netherlands
6393,Chelsey Torres,lisaallen@example.com,2024-06-16,Barbados
6394,Jonathon Thomas,waynecollins@example.net,2023-04-18,Morocco
6395,Stephanie Gray,nwilkinson@example.com,2022-09-06,Sudan
6396,Mrs. Margaret Johnson,ericrogers@example.com,2024-08-03,Brunei Darussalam
6397,Robert Ray,davieslauren@example.org,2024-03-23,Thailand
6398,Ruth White,elizabeth21@example.net,2024-09-05,Uganda
6399,Anthony Lane,charles77@example.net,2025-06-03,Paraguay
6400,Kelly Cook,sullivanblake@example.org,2024-09-18,Syrian Arab Republic
6401,Christine Moreno,gparker@example.net,2022-12-11,Saudi Arabia
6402,James Knight,matthewdixon@example.org,2024-07-08,Barbados
6403,Christine Moore,sarahsimmons@example.org,2024-05-19,Georgia
6404,Jeremiah Sutton,amanda78@example.org,2022-09-20,Dominica
6405,Sarah Hernandez,jennifer77@example.net,2022-09-22,Malaysia
6406,Julia Valdez,simmonsbenjamin@example.net,2023-08-28,Oman
6407,Brooke Woodard,marissahooper@example.com,2025-06-29,Yemen
6408,Thomas Tran,kelsey06@example.org,2024-11-06,Slovakia (Slovak Republic)
6409,Jack Murphy,toddbrown@example.net,2025-07-14,Ethiopia
6410,Wendy Martin,manningjeffrey@example.net,2022-10-11,Nicaragua
6411,John Casey,josephlopez@example.org,2024-08-02,Mauritius
6412,Roger Russo,robert90@example.com,2023-05-24,Ireland
6413,Kevin Hayes DVM,davidkelly@example.com,2024-10-16,Denmark
6414,Rebecca Gardner,rowericky@example.com,2022-10-08,Sri Lanka
6415,Jennifer Caldwell,xfoley@example.net,2023-07-20,France
6416,Gina Gates,logan99@example.com,2025-01-06,Latvia
6417,Samuel Krause,pphillips@example.net,2024-10-12,Uzbekistan
6418,Jason Walter,justin06@example.org,2024-11-08,Somalia
6419,Karen Yu,sarah53@example.com,2024-07-21,Trinidad and Tobago
6420,Mr. Evan Middleton MD,zhoward@example.com,2023-08-10,El Salvador
6421,Rebecca Hunt,blakethompson@example.com,2023-01-17,Denmark
6422,Brian Nielsen,santosmary@example.net,2023-02-08,Togo
6423,Courtney Marks,whiteaustin@example.net,2023-08-05,Bermuda
6424,Christina Taylor,lwillis@example.org,2022-09-06,Austria
6425,Scott Deleon,gbarber@example.org,2022-10-28,Belarus
6426,Elizabeth Huff,bjohnson@example.net,2023-09-30,Saint Barthelemy
6427,Marvin Rodriguez,jeffreywebb@example.net,2024-07-28,Lithuania
6428,Bobby Pena,hardychristian@example.org,2023-09-01,Timor-Leste
6429,Heather Cox,brandon26@example.net,2024-01-27,Tonga
6430,Haley Watts,kevinconrad@example.net,2022-12-31,Saint Kitts and Nevis
6431,Arthur Page,richard02@example.com,2022-11-14,Myanmar
6432,Sandra Dunlap,michelle76@example.com,2024-04-12,Barbados
6433,Linda Booker,osmith@example.com,2023-04-06,Maldives
6434,Megan Chang,riveratyler@example.org,2024-03-31,Sierra Leone
6435,Robert Holmes,mitchelllauren@example.org,2024-04-16,Guinea-Bissau
6436,Mary Myers,dakotaking@example.org,2024-11-27,United Arab Emirates
6437,Ryan Pierce,johnsonlori@example.net,2024-08-29,Mayotte
6438,Amanda Bautista,fcraig@example.com,2024-10-28,Kenya
6439,Deborah Williams,nandrews@example.com,2024-03-16,Uganda
6440,Nicole Simmons,bsimmons@example.org,2023-06-20,Ethiopia
6441,Carrie White,rbrennan@example.com,2024-07-07,Holy See (Vatican City State)
6442,Jennifer Sandoval,erin06@example.com,2025-06-26,Israel
6443,Robert Jackson,lauren45@example.net,2022-09-24,Northern Mariana Islands
6444,Bryce Sanchez,colemanvickie@example.com,2023-09-04,El Salvador
6445,Linda Cooper,micheal29@example.org,2024-07-29,Andorra
6446,Charles Montes,lozanotammy@example.org,2023-09-10,Congo
6447,Ronald Guerra,bailey33@example.net,2022-12-04,Guinea
6448,Robert Bautista,carol61@example.com,2024-04-07,Vanuatu
6449,Pamela Riley,kennethjackson@example.org,2024-03-31,Estonia
6450,Jose Quinn,hobbssharon@example.org,2024-12-26,Madagascar
6451,Deborah Miller,juliabrooks@example.net,2025-04-14,Saint Barthelemy
6452,Ashley Bailey,nealrichard@example.net,2024-05-29,Saint Helena
6453,Brandon Johnson,bnguyen@example.org,2023-06-12,Greenland
6454,Eric Heath,patrickangela@example.org,2024-08-04,Hong Kong
6455,Leslie Vincent,kayla31@example.org,2022-10-22,Ghana
6456,Jeffrey Roberts,eflynn@example.com,2025-03-03,Vietnam
6457,Diana Hendrix,paulabenjamin@example.com,2025-07-01,Ireland
6458,Peggy Thomas,stephenrodriguez@example.com,2023-03-23,Botswana
6459,Courtney Shaw,yhernandez@example.org,2025-03-23,Saint Kitts and Nevis
6460,Candice Peterson,steelealexis@example.com,2023-07-16,Mozambique
6461,Samantha Nichols,gwhite@example.org,2023-09-23,South Africa
6462,Christopher Morrison,cmcdowell@example.net,2022-09-04,Malawi
6463,Karen Herrera,annetteguzman@example.net,2024-04-17,Angola
6464,Steven Jones,nelsonchristian@example.com,2025-02-18,British Indian Ocean Territory (Chagos Archipelago)
6465,April Simpson,pfox@example.org,2023-08-06,Hungary
6466,James Johnson,bushlauren@example.org,2023-05-17,Cameroon
6467,Edward Jones,ivan19@example.com,2025-07-01,Dominica
6468,Lawrence Barnes MD,campbelljimmy@example.com,2023-08-02,Djibouti
6469,Danielle Phillips,justindougherty@example.com,2024-07-17,Reunion
6470,Christopher Durham,hhuang@example.net,2025-03-30,Cameroon
6471,Samantha Christensen,shaunlittle@example.net,2025-04-05,Bangladesh
6472,Shari Rodriguez,darryl02@example.net,2025-06-26,Luxembourg
6473,Crystal Boyd,btaylor@example.net,2023-06-09,Niger
6474,Robert Martinez,coreymorales@example.com,2023-02-26,Cuba
6475,Angela Logan,briannarobinson@example.com,2025-01-24,Guinea-Bissau
6476,Michelle Perez,dylanjohnson@example.com,2025-08-16,American Samoa
6477,Stephen Wilkerson,normansusan@example.com,2023-11-19,Spain
6478,Brooke Gonzalez,milesanthony@example.net,2024-07-16,United Kingdom
6479,Lee Williams,cheryl45@example.org,2024-09-15,Fiji
6480,Sandra James,mowen@example.net,2025-07-28,Finland
6481,Robert Ward,patricia82@example.net,2025-01-13,Philippines
6482,Ashley Lowe,scottcunningham@example.org,2023-07-15,Chad
6483,Maria Morrison,michele37@example.org,2022-11-29,Kiribati
6484,Jodi Pope,debbiepatterson@example.org,2025-08-10,Netherlands
6485,Michael Fowler,susanoliver@example.com,2024-06-22,Italy
6486,Omar Hernandez,richrichard@example.org,2025-01-28,Bhutan
6487,Jennifer Smith,brandibrown@example.com,2025-01-01,Moldova
6488,Gregory Robinson,grantjulia@example.com,2024-09-29,Saint Vincent and the Grenadines
6489,William Evans,woodsjose@example.net,2025-07-14,Uruguay
6490,Mark Kidd,carol04@example.org,2023-05-18,Lithuania
6491,Christopher Garcia,rporter@example.com,2023-08-17,Canada
6492,Matthew Jimenez,ronaldjimenez@example.org,2023-05-02,Tanzania
6493,James Wheeler,alexander94@example.net,2023-11-12,Philippines
6494,Rebecca Myers,megan43@example.net,2024-04-15,Mexico
6495,Kendra Cuevas,mosssarah@example.net,2022-10-04,Marshall Islands
6496,Pamela Avila,owenhenry@example.com,2023-01-29,Luxembourg
6497,Kathleen Thomas,eric76@example.org,2024-11-08,Equatorial Guinea
6498,Deborah Fowler,yjones@example.org,2023-10-30,Tunisia
6499,Lisa Frank,shane31@example.net,2023-11-10,San Marino
6500,Valerie Webb,duranmichael@example.org,2024-07-11,Latvia
6501,Amy Price,tylerschroeder@example.net,2024-02-14,Japan
6502,Aaron Pena,loganherrera@example.com,2022-10-04,Brazil
6503,Joshua Thompson,madison37@example.com,2025-04-20,Guernsey
6504,Adam Gallagher,marksmary@example.org,2023-01-06,Benin
6505,Tracey Williams,davidjohnson@example.org,2023-04-21,Kyrgyz Republic
6506,David Williams,robertsrachel@example.org,2024-03-20,Monaco
6507,Cheryl Neal,kdixon@example.net,2025-08-11,Saudi Arabia
6508,Shannon Walters,james85@example.net,2024-12-15,India
6509,James Jennings,martinezscott@example.net,2024-05-20,Austria
6510,Brooke Taylor,znielsen@example.org,2024-02-14,American Samoa
6511,Paul Schmidt,heidihull@example.org,2024-04-15,Sri Lanka
6512,Tracy Vang,leachmarissa@example.org,2023-09-11,Kiribati
6513,Lindsay Sutton,silvakatrina@example.com,2024-10-31,United States Minor Outlying Islands
6514,Keith Montes,tarmstrong@example.com,2024-07-10,Guyana
6515,Tiffany Brown,qbender@example.net,2024-09-08,Palau
6516,Charles Williams,vmcneil@example.com,2025-02-09,Saudi Arabia
6517,David Mcdonald,bramsey@example.com,2024-03-31,Namibia
6518,Janice Underwood,careyfernando@example.net,2024-06-18,Thailand
6519,Stacey Dunlap,kimholloway@example.com,2022-10-05,Tunisia
6520,Daniel King,cheyennejackson@example.com,2022-09-12,Hong Kong
6521,Meagan Thompson,yodonnell@example.org,2025-04-29,Saint Lucia
6522,Bryan Silva,jasongoodman@example.com,2023-01-26,Kyrgyz Republic
6523,Jacob Zhang,emilyward@example.org,2022-10-21,Qatar
6524,Sharon Young,efitzpatrick@example.org,2024-08-08,Antigua and Barbuda
6525,Jeffery Williamson,kayla74@example.net,2024-07-15,Turkey
6526,Lonnie Miller,hshelton@example.org,2024-07-26,Jersey
6527,Donald Cortez,woodjames@example.net,2023-10-11,Saint Lucia
6528,Miss Brenda Wheeler,jade83@example.org,2023-12-21,Seychelles
6529,Kelly Key,michelle77@example.net,2025-01-28,Uruguay
6530,Robert Contreras,davidwarren@example.org,2023-01-10,Togo
6531,John Jones,mwhite@example.net,2023-05-12,Cook Islands
6532,John Taylor,simonrobert@example.net,2023-02-25,Greenland
6533,Juan Hines,joseph17@example.org,2023-05-16,Malta
6534,Tony Hawkins,kellymichelle@example.com,2024-10-03,Antigua and Barbuda
6535,Melissa Gonzalez,nicholas91@example.org,2023-01-04,Switzerland
6536,Andrew Hurst,codysexton@example.com,2023-10-04,Timor-Leste
6537,Matthew Arias,brett95@example.com,2023-03-25,Solomon Islands
6538,Casey Rose,xfrost@example.com,2024-09-08,Saint Kitts and Nevis
6539,Jennifer Olsen,kelly07@example.net,2024-01-29,Denmark
6540,Gerald Richardson,kavila@example.net,2023-04-26,Moldova
6541,Scott Weiss,andrewwright@example.com,2025-03-01,United Arab Emirates
6542,David King,kristen64@example.org,2023-02-18,Belarus
6543,Veronica Alexander,otyler@example.com,2025-08-10,Equatorial Guinea
6544,Julie Jenkins,nicholasknight@example.org,2024-11-17,Jamaica
6545,Joshua Hill,riostravis@example.net,2023-08-18,Vanuatu
6546,William Cole,carlosrivas@example.net,2024-12-09,Heard Island and McDonald Islands
6547,Lisa Patterson,brittany67@example.net,2022-08-22,Mongolia
6548,Christopher Hernandez,rcox@example.com,2022-11-13,Burundi
6549,Stephen Smith,jasonfrey@example.net,2023-08-15,Japan
6550,Melinda Brown,latoya52@example.com,2023-09-11,Hungary
6551,Kimberly Harding,tiffany16@example.org,2024-12-29,Congo
6552,Todd Berger,davidlopez@example.org,2024-07-21,Mozambique
6553,Victoria Mccullough,plin@example.net,2023-08-22,United States Virgin Islands
6554,Thomas Stephenson,griffinrachel@example.org,2022-10-23,United Kingdom
6555,Nicole Conley,dannysmith@example.org,2023-03-13,Hong Kong
6556,Lydia Fox,darrell23@example.com,2025-07-25,Dominica
6557,Amy Valdez,kathy78@example.org,2023-07-22,Brazil
6558,Randall Diaz,ufrench@example.com,2022-09-17,South Africa
6559,Sarah Harrison,steven92@example.org,2023-05-08,Germany
6560,Jason Mcdonald,john52@example.org,2024-01-13,Guyana
6561,Caleb Holt,bakersharon@example.org,2023-09-20,French Southern Territories
6562,Scott Mccarthy,jmartin@example.org,2024-01-20,Kenya
6563,Christina Klein,philip61@example.net,2022-10-10,Rwanda
6564,Jenna White,javiercoleman@example.org,2025-05-21,Bulgaria
6565,Jay Carson,sjones@example.org,2024-01-05,Somalia
6566,Laura Coffey,morenosteven@example.net,2024-01-22,Zimbabwe
6567,Ronald Perez,morrisana@example.com,2022-12-12,Puerto Rico
6568,Ronald Barber,raymondgreene@example.org,2023-01-25,Saint Helena
6569,Claudia Lloyd,tylerchristensen@example.com,2024-02-07,Sao Tome and Principe
6570,Levi Smith,annaspencer@example.org,2024-09-25,United Arab Emirates
6571,Julia Bailey,alexandria96@example.net,2024-02-23,American Samoa
6572,Andrea Sanders,halljessica@example.org,2024-11-14,Macao
6573,Tina Romero,josephwong@example.com,2023-12-31,French Southern Territories
6574,Tiffany Baldwin,bryan06@example.com,2025-01-25,Saint Kitts and Nevis
6575,Philip Stone,lgarcia@example.com,2025-03-29,Ireland
6576,Joshua Clark,elizabethmorrison@example.org,2024-02-09,Croatia
6577,Amy Ramos,costadonna@example.com,2023-07-21,Iceland
6578,James Smith,nhall@example.org,2023-12-24,Panama
6579,Maria Patterson,burnsronald@example.com,2024-05-12,India
6580,Jeffrey Wheeler,erica52@example.net,2023-06-22,Cote d'Ivoire
6581,Lindsay Randall,courtney68@example.net,2023-09-11,Solomon Islands
6582,Lisa Yang,stephensmelody@example.org,2024-12-07,Tajikistan
6583,Kathryn Luna,david52@example.com,2025-03-03,Andorra
6584,Rachel Dodson,william06@example.com,2024-11-26,Puerto Rico
6585,Kevin Williams,tchavez@example.org,2022-11-28,Tuvalu
6586,Cynthia Rivera,bharris@example.com,2023-07-25,Congo
6587,Sarah Jones,pattersonphyllis@example.com,2024-12-04,British Virgin Islands
6588,Emily Harris,markbruce@example.org,2024-10-15,Taiwan
6589,Mary Stewart,hogankatherine@example.net,2022-11-20,Oman
6590,Christie Stevenson,freemandustin@example.org,2022-11-10,Japan
6591,John Silva,ygibson@example.net,2023-12-07,El Salvador
6592,Cory Lewis,cunninghamalexis@example.org,2023-11-04,Peru
6593,Tara Floyd,walkerwilliam@example.net,2024-11-20,Hungary
6594,Kyle White,hpreston@example.com,2023-04-29,Latvia
6595,David Pratt,sloanbrenda@example.org,2023-08-21,Indonesia
6596,Joseph Rodriguez,lpeters@example.net,2023-05-07,Venezuela
6597,Kara Joseph,suzanne17@example.net,2023-09-16,Puerto Rico
6598,Isaiah Baker,powelldonald@example.org,2023-11-04,United States Virgin Islands
6599,Julian Hernandez,ulee@example.org,2024-09-29,Yemen
6600,Jacob Cardenas,wmiller@example.net,2025-07-18,Venezuela
6601,Sherry Castillo,patrick39@example.org,2023-09-25,Isle of Man
6602,Scott Abbott,kimberly32@example.com,2023-04-08,Heard Island and McDonald Islands
6603,Lauren Bowman,cristian04@example.org,2022-08-26,Gambia
6604,William Mccoy,sarahscott@example.com,2024-04-28,Namibia
6605,Shannon Woodard,esmith@example.org,2024-11-20,Peru
6606,Shane Williams,gryan@example.net,2023-05-29,Armenia
6607,Karina Beltran,lgonzalez@example.com,2023-07-09,India
6608,Mark Mcdaniel,ramirezrobert@example.com,2023-08-20,India
6609,Steven Allen,wilsoncharles@example.com,2024-02-24,French Polynesia
6610,Michael Flowers,kelsey14@example.com,2023-09-11,Papua New Guinea
6611,Tanya Kemp,allisonhenry@example.net,2025-02-25,United States Virgin Islands
6612,Tricia Robertson,nealdavid@example.net,2023-03-23,Saint Lucia
6613,William Elliott,helenmiddleton@example.org,2023-12-21,Hungary
6614,Victoria Hammond,fgarza@example.org,2023-08-22,Guam
6615,Joshua Phelps,etorres@example.com,2025-03-15,Sudan
6616,Keith Nguyen,christina58@example.net,2025-05-21,Cote d'Ivoire
6617,Omar Adams,kriley@example.com,2023-02-06,North Macedonia
6618,Charles Stafford,robin77@example.com,2023-11-29,Cape Verde
6619,Donald Grant,yvonnenolan@example.net,2025-02-25,Sudan
6620,Timothy Petersen,kimdonald@example.org,2024-12-01,French Polynesia
6621,Rodney Clark,adamerickson@example.org,2023-05-23,Palestinian Territory
6622,Amy Taylor,mmckee@example.net,2025-03-23,Macao
6623,William Weeks,boyerrodney@example.com,2024-04-09,Mali
6624,Mark Baker,heather89@example.org,2024-02-08,Cuba
6625,Kathy Williams,johnnelson@example.org,2023-09-21,Honduras
6626,Cassandra Gonzalez,nmyers@example.com,2022-09-10,Kiribati
6627,Steven Lawrence,martinezolivia@example.com,2022-12-19,French Polynesia
6628,Christopher Freeman,matthew75@example.com,2024-04-24,Comoros
6629,Sarah Morales,courtney05@example.org,2023-06-17,Zimbabwe
6630,Tiffany Scott,lhopkins@example.com,2024-07-10,Mongolia
6631,Joseph Walton,kristarice@example.com,2024-05-18,Cameroon
6632,Michelle Rodgers,dsimpson@example.org,2023-10-22,Saudi Arabia
6633,Johnny Lawson,madelinebest@example.org,2023-04-24,Marshall Islands
6634,Jose Esparza,xwilliams@example.org,2025-06-05,Netherlands Antilles
6635,Michael Dunlap,hestersheri@example.com,2023-08-19,Barbados
6636,Ethan Garcia,brenthull@example.com,2024-02-21,Croatia
6637,Theresa Johnson,odiaz@example.com,2025-07-22,Niger
6638,Kevin Johnson,tmartin@example.org,2022-12-05,Monaco
6639,Austin Wilson,mhernandez@example.com,2024-12-16,Serbia
6640,Geoffrey Hall,kelsey88@example.org,2024-09-22,Spain
6641,Joy Franco,lsullivan@example.org,2024-05-12,Tanzania
6642,Lisa Collins,xsmith@example.org,2023-01-08,Saint Martin
6643,Amber Castro,jonesgina@example.com,2022-11-24,Tokelau
6644,Dennis Meyer,jonathan34@example.net,2024-08-18,Pitcairn Islands
6645,Ashley Rosales,egonzalez@example.net,2023-12-17,Slovakia (Slovak Republic)
6646,Brian Gonzalez,tammyvargas@example.org,2023-11-07,Sweden
6647,Courtney Smith,gravesjeffrey@example.com,2025-05-29,Saudi Arabia
6648,Marie Burnett,fmartinez@example.org,2023-03-31,Macao
6649,Catherine Nguyen,zthomas@example.net,2023-08-30,Saint Martin
6650,Alex Hayes,armstrongcheryl@example.org,2024-12-19,Congo
6651,Michael Petty,zsmith@example.com,2023-01-27,Wallis and Futuna
6652,Ashley Guerrero,silvarobert@example.net,2023-06-11,Congo
6653,Jason Anderson,kristacox@example.com,2023-09-05,Guernsey
6654,Jesse Smith,obutler@example.com,2023-02-21,Reunion
6655,Jason Taylor,samuelrussell@example.org,2025-07-13,Namibia
6656,Caitlin Lawrence,tarawhite@example.org,2025-06-04,Cook Islands
6657,Kayla Hess,gallagherangela@example.org,2023-02-01,Madagascar
6658,Joshua Young,michaelmaria@example.net,2023-07-12,Bahrain
6659,Steven Zhang,michaelknapp@example.net,2025-05-17,Pitcairn Islands
6660,Abigail Walters,danielhuffman@example.com,2022-09-26,Anguilla
6661,Sara Becker,murphymartha@example.org,2024-06-18,Finland
6662,Kristin Johnson,qlewis@example.net,2025-04-14,Mexico
6663,Allison Strickland,gutierrezregina@example.com,2023-06-28,Norway
6664,Eileen Brown,grobinson@example.org,2025-04-07,Brunei Darussalam
6665,Adrian Weiss,collinmitchell@example.net,2023-09-03,Korea
6666,Robert Mullins,ryan45@example.com,2025-02-27,Isle of Man
6667,Kristen Ruiz,vbooth@example.net,2024-01-13,British Virgin Islands
6668,Jason Rogers,ambergomez@example.org,2024-04-30,Taiwan
6669,Andrea Lee,fmerritt@example.com,2025-06-02,Cambodia
6670,Sarah Garza,russelltucker@example.net,2022-12-13,Heard Island and McDonald Islands
6671,Susan King,megan17@example.net,2024-08-15,Malaysia
6672,Robert Romero,yflores@example.org,2025-02-06,Bulgaria
6673,Carol Bennett,petersenkevin@example.net,2025-06-19,Micronesia
6674,Kristen Gilbert,stephen62@example.net,2023-06-19,Kiribati
6675,Meredith Fuller,mitchellmark@example.net,2022-10-11,Angola
6676,Christina Ho,arthurwashington@example.net,2025-08-03,Costa Rica
6677,Lucas Sanchez,tunderwood@example.com,2024-12-16,Montenegro
6678,Wayne Moore,dmartin@example.com,2023-05-28,Guernsey
6679,Michele Rich,fhall@example.com,2023-06-25,South Africa
6680,Brian Davidson,melissakelly@example.com,2024-09-23,Sri Lanka
6681,Perry Hansen,michaelrussell@example.org,2024-11-28,Italy
6682,Charles Baker,browndawn@example.net,2024-09-09,Saint Helena
6683,Russell Franklin,edwinhall@example.org,2024-03-08,Botswana
6684,Deborah Johnson,normanjeff@example.net,2024-11-18,United States Virgin Islands
6685,Jacob Thomas,sheripeterson@example.net,2024-08-29,Ireland
6686,Samuel Clark,jefferygibson@example.org,2025-08-15,Palau
6687,Janet Hernandez,jroberts@example.com,2024-09-09,Saint Barthelemy
6688,Melissa Schroeder,sthomas@example.net,2024-06-26,Haiti
6689,Ana Pollard,iherrera@example.com,2023-10-06,Croatia
6690,Rachel Sandoval,jeffrey34@example.net,2022-12-13,Greece
6691,Shannon Perez,jackie76@example.net,2024-07-21,Niger
6692,Daniel Sutton,luke82@example.net,2023-08-22,Afghanistan
6693,Chris Bartlett,leonardmichael@example.org,2023-07-13,United States of America
6694,Jennifer Warner,johnsondonald@example.org,2023-08-05,Barbados
6695,Tiffany Pitts,jessicawalton@example.net,2025-06-17,Slovenia
6696,Kayla Fleming,fergusonkelly@example.org,2025-01-06,Norfolk Island
6697,Jessica Ruiz,andrewmayo@example.com,2022-10-06,Christmas Island
6698,Chloe Lewis,codygibson@example.org,2024-08-13,Uzbekistan
6699,Tony Hernandez,josephhayes@example.com,2023-10-29,Grenada
6700,Joshua Garcia,jacksonbrenda@example.com,2023-03-02,British Indian Ocean Territory (Chagos Archipelago)
6701,Mr. John Greer,tyler35@example.com,2024-12-06,Iraq
6702,Richard Johnson,vevans@example.com,2024-07-02,Spain
6703,Kelly Fuentes,larrymckenzie@example.com,2023-03-19,Qatar
6704,Walter Calderon,pbell@example.net,2023-11-21,Trinidad and Tobago
6705,Chad Mckinney,kelsey43@example.net,2023-10-04,Fiji
6706,Aaron Lopez,pwilson@example.net,2024-10-12,San Marino
6707,Craig Taylor,scottcynthia@example.net,2023-01-09,Timor-Leste
6708,Krystal Torres,chad03@example.net,2024-03-04,Dominica
6709,Nicholas Cole,cherylthomas@example.net,2024-08-02,Azerbaijan
6710,Sharon Rubio,melaniejacobs@example.com,2023-01-20,Norway
6711,Ms. Laura Conley,vanessabeasley@example.com,2023-04-16,Seychelles
6712,Jeffrey Perez,greenedward@example.org,2024-02-25,Norway
6713,Erica Adams,kellyferguson@example.net,2025-01-05,Netherlands Antilles
6714,Bryce Mcclain,kimberlyburgess@example.org,2024-04-09,India
6715,Randall Evans,misty70@example.com,2023-05-06,Korea
6716,Cheryl Stewart,wyattkenneth@example.net,2024-09-16,Saint Vincent and the Grenadines
6717,Amy Lopez,nvalentine@example.net,2025-04-22,Cuba
6718,Traci Hall,davidjohnson@example.net,2022-11-27,Mauritius
6719,Scott King,wlawson@example.net,2025-04-06,Central African Republic
6720,Herbert Phillips,gregory62@example.org,2024-02-01,Botswana
6721,Dylan Gibson,qbeck@example.com,2023-08-31,France
6722,Roy Patterson,david13@example.com,2025-03-05,Palau
6723,Renee Lopez,uthompson@example.org,2024-11-29,French Southern Territories
6724,Rose Gordon,preston10@example.net,2023-08-29,Kazakhstan
6725,Terry Morgan,peggydougherty@example.org,2022-12-25,Iran
6726,Anna Hanna,millerkristina@example.com,2025-08-04,Philippines
6727,Wendy Wiley,rubiochristopher@example.org,2024-06-27,Costa Rica
6728,Donna Rhodes,derrick17@example.org,2025-03-12,United States of America
6729,Christy Knight,skinnertara@example.com,2022-10-29,Dominica
6730,Tammy Joseph,anthony76@example.com,2022-12-25,Czech Republic
6731,Jenna Gordon,leslie20@example.net,2024-09-06,Bahrain
6732,Eugene Smith,joseph05@example.com,2024-03-05,Mali
6733,Shelly Reese,tonigarcia@example.net,2025-07-26,Sri Lanka
6734,Maria Turner,flemingcorey@example.com,2023-03-07,Romania
6735,Matthew Jones,davidmccormick@example.org,2022-09-13,Guyana
6736,Brooke Munoz,gcole@example.com,2024-07-24,Moldova
6737,Brenda Santiago,griffinronald@example.com,2023-10-13,Mexico
6738,Barry Gilbert,amanda03@example.com,2025-05-04,Luxembourg
6739,John Frazier,merrittlinda@example.com,2023-01-14,Cook Islands
6740,Tracey Guerrero,jessica42@example.com,2023-02-15,Azerbaijan
6741,Matthew Marsh,rushelizabeth@example.org,2024-11-12,Seychelles
6742,Melinda Brown,brittany73@example.com,2023-07-19,Kuwait
6743,Samantha Roth,annamercado@example.com,2022-08-25,Estonia
6744,Lisa Williamson,haneydustin@example.org,2024-08-10,Zambia
6745,Andres Young,qsmith@example.net,2022-09-01,Panama
6746,Kevin Davis,sanderspatricia@example.com,2023-06-06,Azerbaijan
6747,William Hill,clinebrandon@example.org,2023-11-19,Western Sahara
6748,Jason Miller,umarshall@example.net,2025-07-05,Congo
6749,Victoria Thompson,kristinamcbride@example.org,2022-11-28,Uzbekistan
6750,Mr. Scott Thomas,paulstanley@example.org,2024-03-24,Switzerland
6751,Kristi Beltran,xbarry@example.com,2023-03-10,Congo
6752,Dr. Phillip Holden,juliekaiser@example.com,2025-02-04,Malawi
6753,Alison Petersen,kimberlygregory@example.com,2023-02-08,Niue
6754,Dr. John David MD,moorerhonda@example.org,2023-06-18,Israel
6755,Jason Farrell,joseparker@example.com,2023-04-05,Uganda
6756,Courtney Todd,shannongarcia@example.com,2024-04-30,Russian Federation
6757,Mr. Justin Henderson,phillipsrandy@example.net,2023-04-12,Heard Island and McDonald Islands
6758,Connor Knight,matthewanderson@example.org,2022-09-21,Iran
6759,Lisa Woodard,josborne@example.com,2023-08-16,Isle of Man
6760,Philip Harmon,gferguson@example.net,2023-04-08,Denmark
6761,Melissa Lindsey,wlambert@example.org,2024-02-27,Zimbabwe
6762,Jason Wade,ashley43@example.net,2025-04-04,Rwanda
6763,Adam Berry,dylan69@example.org,2024-02-05,Canada
6764,Kristopher Johnson,williamstevens@example.net,2023-10-13,Cocos (Keeling) Islands
6765,Danielle Klein,matthew13@example.com,2024-04-11,Reunion
6766,Angela Gonzales,melody35@example.com,2023-03-27,Ghana
6767,Whitney Torres,apeterson@example.net,2023-08-01,Netherlands
6768,Randall Cook,zreilly@example.org,2022-12-27,Martinique
6769,Mandy Long,ldaugherty@example.net,2023-09-11,Palestinian Territory
6770,Thomas Phillips,kellyyang@example.net,2024-11-04,Jersey
6771,Edward Huffman,danielle39@example.net,2023-04-15,Equatorial Guinea
6772,Elizabeth James,josepowers@example.org,2024-05-04,French Southern Territories
6773,Bailey Taylor,john33@example.org,2025-05-20,Panama
6774,Thomas Davis,laura30@example.com,2025-07-04,China
6775,Gina Mclean,cody38@example.net,2023-09-24,Slovakia (Slovak Republic)
6776,Danielle Rogers,jennifer72@example.org,2023-10-11,Suriname
6777,Deborah Cameron,connie50@example.com,2023-03-30,Bhutan
6778,Aaron Davis,hernandezpaul@example.org,2023-01-13,Syrian Arab Republic
6779,Amy Massey,hardinrichard@example.com,2024-02-17,Lithuania
6780,David Perez,davidsonjeanette@example.net,2024-04-06,Cocos (Keeling) Islands
6781,Brent Whitehead,middletonmichael@example.net,2024-08-09,Zimbabwe
6782,Karen Wilson,diana93@example.net,2024-06-03,Rwanda
6783,Kimberly Gentry,hbennett@example.com,2023-03-09,France
6784,Peter Carrillo,xscott@example.org,2023-04-29,Turks and Caicos Islands
6785,Deborah Daniel,ashleysummers@example.net,2023-10-01,Central African Republic
6786,Matthew Thornton,laurajones@example.com,2024-07-05,India
6787,Mr. Zachary Bennett,xgomez@example.org,2025-05-20,Central African Republic
6788,Mark Campbell,joseph86@example.com,2024-07-15,Guyana
6789,Tina Jones,ibrown@example.net,2023-12-11,Micronesia
6790,Jose Wright,ramosrandy@example.com,2023-10-20,Singapore
6791,Sara Fisher,martinezkenneth@example.com,2024-10-12,British Virgin Islands
6792,Jessica Williams,jasonsaunders@example.com,2025-07-27,Spain
6793,Jose Parker,krista90@example.org,2024-06-06,Cook Islands
6794,Miranda Chapman,mirandahuynh@example.org,2023-05-12,Portugal
6795,Ricky Fisher,bryan81@example.org,2025-04-04,Madagascar
6796,Michael Flores,jeremy01@example.com,2025-01-28,Sao Tome and Principe
6797,Sandra Wallace,tiffany58@example.com,2023-10-10,United States Minor Outlying Islands
6798,Paul Sullivan,natalie67@example.com,2024-05-12,Martinique
6799,Justin Jenkins,dwilson@example.org,2023-04-12,United States of America
6800,Allison Sullivan,usolis@example.net,2023-08-07,Nigeria
6801,William Chandler,matthew40@example.org,2025-07-15,Belarus
6802,David Haas,anthony92@example.com,2022-10-25,Bosnia and Herzegovina
6803,Kyle Serrano,thorntondaniel@example.net,2025-04-06,Singapore
6804,Ashley Jones,srhodes@example.com,2022-08-23,Northern Mariana Islands
6805,Mark Cox,kelly49@example.org,2022-11-15,Bouvet Island (Bouvetoya)
6806,Lisa Gilbert,joy85@example.net,2024-08-15,Germany
6807,Anthony Rodriguez,carlos05@example.net,2024-10-17,United States Minor Outlying Islands
6808,David Mercado,hadams@example.com,2024-04-28,Colombia
6809,Paul Mcdonald,garciatamara@example.net,2024-09-27,Cuba
6810,Derek Hill,garywilliams@example.org,2023-08-04,Costa Rica
6811,Antonio Allen,vgomez@example.com,2022-09-06,Sweden
6812,Clifford Haley,mbernard@example.com,2025-04-21,Indonesia
6813,Michael Miller,hunter00@example.org,2025-05-25,Ecuador
6814,Brandon Brandt,fhopkins@example.net,2023-05-17,Iceland
6815,Noah Meyer,ifernandez@example.net,2022-10-14,New Caledonia
6816,Jenna Nguyen,bfisher@example.com,2024-02-28,Brazil
6817,Megan Merritt,sherri89@example.net,2024-03-11,Samoa
6818,Christina Munoz,hilljacob@example.net,2023-12-11,Zimbabwe
6819,Scott Wall,justinrichardson@example.com,2025-07-27,Kuwait
6820,Amanda Ryan,smithsheila@example.com,2023-12-12,Antarctica (the territory South of 60 deg S)
6821,Tommy Petty,npeters@example.org,2024-02-07,Angola
6822,Peter Brown,jcurry@example.org,2022-12-02,Slovakia (Slovak Republic)
6823,Dale Miller,jason61@example.net,2024-05-19,Kuwait
6824,Mrs. Kimberly Jones,ythomas@example.com,2023-08-30,Mongolia
6825,Daniel Wright,smallalexis@example.net,2024-11-15,Cyprus
6826,Curtis Mills,tammyfreeman@example.com,2024-03-22,Greenland
6827,Cody Franco,allisonwalker@example.net,2024-04-06,Sri Lanka
6828,Tyler Alvarez MD,philip86@example.net,2023-05-19,Serbia
6829,David Allen,batesamanda@example.org,2024-03-23,Uganda
6830,Sandra Barrera,sandersnathaniel@example.org,2025-05-26,Tonga
6831,Mariah Silva,dreynolds@example.com,2024-03-12,Isle of Man
6832,Robert Lloyd,fhernandez@example.org,2024-11-22,Afghanistan
6833,Darrell Payne,frodriguez@example.com,2022-10-20,Italy
6834,Tracey Thompson,thomasmartinez@example.com,2022-08-27,Mozambique
6835,Melanie Harrison,ghill@example.net,2024-03-26,Malta
6836,Heather Moore,jjohnson@example.com,2024-09-15,Luxembourg
6837,Steven Randolph,thomasjessica@example.org,2024-06-02,Congo
6838,Jill Smith,joannamartinez@example.org,2025-08-14,Cote d'Ivoire
6839,Linda Abbott,timothybarron@example.com,2023-06-09,Saint Lucia
6840,Mark Robbins,dannycruz@example.org,2024-10-29,Gambia
6841,Cheyenne Ross,kirklogan@example.net,2023-06-26,Madagascar
6842,James Miller,mthornton@example.com,2024-05-09,Bolivia
6843,Heather Bradford,igross@example.org,2023-02-23,Belarus
6844,Joy Lee,yvonne65@example.net,2022-10-01,Holy See (Vatican City State)
6845,Manuel Macdonald,susan41@example.net,2025-03-03,Reunion
6846,Regina Williams,michael87@example.org,2023-11-18,Cote d'Ivoire
6847,Joseph Moreno,simpsonamanda@example.com,2022-10-15,Oman
6848,Kaitlyn Hatfield,faithbradshaw@example.com,2022-12-14,Ireland
6849,Caroline Cole,allen25@example.net,2022-10-24,Tanzania
6850,Brian Wagner,jeffrey85@example.com,2023-05-05,Singapore
6851,Dylan Taylor,tammyschneider@example.net,2023-08-21,Tanzania
6852,Theresa Fuller,dillon33@example.org,2024-05-01,Zambia
6853,Mr. Anthony Vazquez DDS,nguyenbridget@example.com,2024-09-12,Benin
6854,Christina Smith,ofigueroa@example.com,2023-12-11,Cameroon
6855,Barry Morgan,timothyalvarez@example.net,2025-02-09,Argentina
6856,Gregory Jackson,frankmullins@example.com,2024-04-16,New Zealand
6857,Kristi Moore,tracythomas@example.com,2024-01-02,Swaziland
6858,Trevor Thompson PhD,shannon44@example.com,2025-06-04,Zambia
6859,Shelley Johnson,franklinmelissa@example.com,2024-01-18,Kyrgyz Republic
6860,Phillip Howell,cwagner@example.com,2022-12-07,Turks and Caicos Islands
6861,Timothy Green,perezkristina@example.net,2023-01-08,Iraq
6862,Philip Smith,patriciaruiz@example.org,2025-03-27,Uzbekistan
6863,Penny Sanchez,brookerodriguez@example.com,2025-02-25,Taiwan
6864,Christopher French,rodgersrebecca@example.org,2023-12-27,Kyrgyz Republic
6865,Melissa Brewer,david08@example.org,2023-02-23,Guyana
6866,Christopher Flynn II,lewisbridget@example.com,2024-10-24,Falkland Islands (Malvinas)
6867,Edwin Huerta,lowegregg@example.net,2024-07-18,Eritrea
6868,Kelly Bishop,tmorales@example.net,2025-04-02,Congo
6869,Eric Cox,shannon70@example.net,2024-12-18,French Polynesia
6870,Claudia Nicholson,martindaniel@example.org,2023-04-30,Estonia
6871,Julia Lee,lewisstephen@example.net,2024-06-03,El Salvador
6872,Thomas Forbes,smithmichelle@example.org,2022-12-11,Cape Verde
6873,Jenny Harris,kylecharles@example.org,2023-12-10,Puerto Rico
6874,Brad Phillips,scott12@example.net,2024-09-19,Afghanistan
6875,Jason Bennett,jason03@example.net,2024-04-12,Marshall Islands
6876,Jennifer Sparks,zvasquez@example.org,2023-06-15,Wallis and Futuna
6877,Jason Brown,dawnbarton@example.net,2024-01-05,Sao Tome and Principe
6878,Krista Alvarado,nicholas94@example.com,2024-07-16,Macao
6879,Jonathan Johnson,fvasquez@example.org,2023-12-08,Australia
6880,Brittany Cooper,sheri91@example.net,2024-05-07,Gambia
6881,Jack Kidd,nsuarez@example.org,2023-10-30,Saint Pierre and Miquelon
6882,Gary Robertson,jamie46@example.net,2025-02-07,Madagascar
6883,Sean Thomas,sthomas@example.net,2024-10-01,Tuvalu
6884,Cheryl Smith,sjones@example.com,2024-03-29,French Guiana
6885,Stephen Bryant,robbinsrachel@example.net,2022-10-21,South Africa
6886,Valerie Martin,madeline93@example.com,2023-09-07,Argentina
6887,James Snyder,james23@example.com,2024-03-15,Chile
6888,Ryan Wilson,avance@example.org,2024-07-30,Monaco
6889,Mary Todd,michele62@example.net,2023-06-13,Comoros
6890,Amy Waters,james56@example.org,2024-06-01,Martinique
6891,Alfred Herring,heather45@example.com,2023-05-26,Georgia
6892,Sarah Nelson,bhart@example.com,2022-11-08,El Salvador
6893,Tammy Curtis,ubailey@example.org,2023-03-29,Saint Helena
6894,Paul Christensen,kevinjacobson@example.com,2023-08-23,Indonesia
6895,Brandon Juarez,michaeljohnson@example.com,2022-10-31,Poland
6896,Caroline Bradley,carlsonkevin@example.org,2024-04-11,Azerbaijan
6897,Luis Bell,iramirez@example.org,2023-01-24,Spain
6898,Victor Spears,jonescrystal@example.com,2023-05-08,Sao Tome and Principe
6899,Mary Bowman,martindebbie@example.net,2023-04-14,Czech Republic
6900,Amanda Clark,phillipperez@example.org,2023-10-18,Iraq
6901,Alan Reynolds,wortega@example.net,2022-12-28,Qatar
6902,Mrs. Jennifer Bowman,sandra96@example.net,2022-12-06,Cayman Islands
6903,Kristin Wood,wesley55@example.com,2024-08-15,Equatorial Guinea
6904,Rachel Foley,cartermichael@example.org,2023-05-13,Saint Barthelemy
6905,Mrs. Laura Coleman MD,crystal91@example.com,2024-04-12,Benin
6906,Melinda Franklin,dturner@example.com,2025-08-07,Colombia
6907,Anthony Davis,david77@example.org,2023-07-17,Guam
6908,Kristen Peters,vanessa47@example.org,2024-01-04,Falkland Islands (Malvinas)
6909,Melissa Ford,cherrybrandon@example.org,2023-08-15,South Africa
6910,Tara Jennings,joel54@example.org,2025-02-08,Liechtenstein
6911,Jennifer Jordan,jacksonmonique@example.org,2024-12-04,Cambodia
6912,Tiffany Green,troysingh@example.org,2023-08-13,Indonesia
6913,Jessica Riley,kimberly59@example.org,2025-03-28,Papua New Guinea
6914,Rebecca Miller,hillamber@example.org,2023-09-16,Peru
6915,Joshua Fisher,mark18@example.com,2023-05-12,New Zealand
6916,Hannah Johnson,amanda20@example.org,2025-08-15,Libyan Arab Jamahiriya
6917,Jordan Rogers,pgarza@example.net,2022-11-06,United States of America
6918,Joseph Ponce,bgross@example.net,2024-02-27,Mexico
6919,John Nelson,bgomez@example.com,2025-06-14,Tajikistan
6920,Veronica Harvey,christopherortega@example.net,2023-07-14,Cambodia
6921,Daniel Cunningham,kruegerjared@example.com,2025-05-12,Western Sahara
6922,Emily Webb,williamsgabriela@example.net,2025-08-01,Tonga
6923,Tristan Graves,simonmark@example.net,2023-08-18,Gibraltar
6924,Angel Santiago,websterjames@example.com,2023-06-03,Cook Islands
6925,Lauren Holmes,uallen@example.net,2023-06-12,Romania
6926,Erica White,deborahknapp@example.com,2024-05-17,Cocos (Keeling) Islands
6927,Jeremiah Haley,donaldconley@example.net,2024-04-22,Puerto Rico
6928,Miss Cheyenne Zamora MD,chloe17@example.net,2022-09-01,Guernsey
6929,Brian Rivera,jacksonann@example.com,2023-06-25,Chile
6930,Christy Schmidt,bassjoshua@example.com,2022-11-10,Kuwait
6931,Amber Wu,christopherlyons@example.net,2024-08-15,Spain
6932,Chelsey Riggs,kimberlyclark@example.org,2023-04-24,Australia
6933,Victoria Wood,judithstevens@example.net,2023-02-15,Turks and Caicos Islands
6934,Olivia Walsh,smithjonathan@example.com,2025-04-12,Pakistan
6935,Michael Boyd,jimmy12@example.com,2023-07-17,Venezuela
6936,Sara Henderson,collinskelsey@example.com,2022-12-11,Georgia
6937,Chelsea Jackson,danacoleman@example.com,2022-11-28,Spain
6938,Katie Young,glambert@example.com,2023-09-13,Madagascar
6939,Latoya Cook,mooreheather@example.net,2023-12-11,Somalia
6940,Jeffrey Brown,crosssharon@example.org,2023-08-20,Turkmenistan
6941,John Smith,jgarcia@example.com,2024-10-18,Mali
6942,Angela Shaffer,gbrown@example.net,2024-02-28,Reunion
6943,Alexandra Thompson,thomas41@example.com,2025-06-01,Saint Vincent and the Grenadines
6944,Jim Smith,paul18@example.com,2024-11-14,Benin
6945,Debbie Winters,ocoleman@example.com,2024-01-04,Marshall Islands
6946,Aaron Thompson,melissacook@example.net,2023-03-01,Algeria
6947,Danny Smith,valerie98@example.org,2024-03-28,Swaziland
6948,Stefanie Hicks,xlivingston@example.net,2022-12-28,Australia
6949,Chris Schneider,lauramorales@example.net,2022-11-08,Western Sahara
6950,Andrew Larson,qmedina@example.org,2024-09-25,Antarctica (the territory South of 60 deg S)
6951,Scott Martinez,jarvismichael@example.org,2023-05-31,Mongolia
6952,Dylan Bell,sheppardjessica@example.org,2023-04-17,Lebanon
6953,Jeanette Gallagher,graykevin@example.net,2022-09-11,Niger
6954,Jacob Allen,omartinez@example.org,2025-04-13,Vietnam
6955,Robert White,nconley@example.org,2025-07-11,Mauritania
6956,Luke Black,newmansabrina@example.com,2023-01-03,Kyrgyz Republic
6957,Charles Curtis,jordan99@example.org,2023-09-08,Guyana
6958,Kimberly Rojas,michaelrodriguez@example.com,2023-06-15,Oman
6959,Julia Hall,jenniferwagner@example.com,2023-04-12,Hong Kong
6960,Samantha Johnson,pricejulie@example.net,2024-08-23,Namibia
6961,Matthew Webb,emilyadams@example.net,2023-07-31,Mali
6962,David Glover,david76@example.org,2023-11-28,Anguilla
6963,Natalie Medina,caguilar@example.net,2023-12-15,Namibia
6964,Kendra Reyes,djones@example.com,2024-12-06,Slovakia (Slovak Republic)
6965,Jamie Conley,robertayers@example.com,2022-11-10,Maldives
6966,Ashley Greene,hduncan@example.net,2024-07-25,North Macedonia
6967,Mark Vasquez Jr.,vhall@example.net,2023-08-02,Azerbaijan
6968,Lisa Smith,tjohnson@example.com,2025-02-11,Bulgaria
6969,Sheryl Lewis,wadevanessa@example.org,2023-07-22,French Guiana
6970,David Ruiz,joshuameza@example.org,2023-02-01,Vanuatu
6971,Tammy Leon,vyoung@example.org,2024-04-03,Kyrgyz Republic
6972,Karen Watson,johnbrown@example.net,2024-06-09,Guinea
6973,Tonya Kline,jacqueline97@example.com,2024-05-21,Solomon Islands
6974,Heidi Gomez,crosschristopher@example.org,2024-10-24,Hungary
6975,Bryan Tucker,john22@example.net,2025-02-06,Australia
6976,Benjamin Vargas,cmendoza@example.com,2024-08-30,Holy See (Vatican City State)
6977,Justin Torres,wilsonrobin@example.net,2023-11-01,Niue
6978,Christopher Jackson,jscott@example.com,2024-09-25,French Polynesia
6979,Marissa Robertson,bvilla@example.net,2022-11-10,Antigua and Barbuda
6980,Elizabeth Waters,bergerrenee@example.com,2024-02-10,Bhutan
6981,Deborah Rangel,cardenaskatie@example.org,2024-03-27,Pakistan
6982,Joseph Nelson,julie58@example.org,2024-06-27,Armenia
6983,Jennifer Robinson,jamestorres@example.org,2023-12-19,Sao Tome and Principe
6984,Jack Pittman MD,nicole30@example.org,2023-05-08,Senegal
6985,Troy Washington,rangelnicole@example.com,2025-04-18,Qatar
6986,Richard Todd,margaretmiller@example.org,2023-01-14,Rwanda
6987,Joshua Pham,qwaters@example.org,2024-04-08,Nigeria
6988,Michael Medina,gregoryhurley@example.org,2023-05-22,Nauru
6989,Heather Weaver,ballardcarlos@example.com,2024-05-23,Colombia
6990,Monica Richmond,john60@example.net,2023-11-02,Georgia
6991,Meredith Wells,grantsoto@example.com,2024-12-10,Bahrain
6992,Phillip Mendoza,whuff@example.org,2023-11-01,Egypt
6993,Victoria Peterson,elizabeththompson@example.org,2023-05-02,Western Sahara
6994,Patricia Khan,taylorpatrick@example.org,2023-01-22,Congo
6995,Melissa Mckenzie,douglassmith@example.com,2024-02-08,Slovenia
6996,Brittany Williams,john62@example.com,2024-09-07,Niue
6997,Crystal Smith,jblanchard@example.com,2023-01-15,Moldova
6998,Matthew Tyler,austinstephen@example.com,2022-10-12,South Africa
6999,Kelly Stone,justin19@example.net,2023-04-13,Western Sahara
7000,Christopher Johnson,vhudson@example.org,2023-10-14,Bhutan
7001,Tammy Gutierrez,vduarte@example.org,2025-03-08,Macao
7002,Kevin Green,tonyamann@example.org,2023-09-06,Svalbard & Jan Mayen Islands
7003,Lawrence Morales,andersonchristopher@example.com,2023-11-15,Tonga
7004,Nicole Bates,monica27@example.org,2024-05-21,Norfolk Island
7005,Shelby Bass,qcollins@example.com,2024-11-10,Palestinian Territory
7006,David Weaver,raymondisaac@example.com,2023-01-26,Slovakia (Slovak Republic)
7007,Tamara Avila,johnsonsharon@example.net,2024-03-16,Luxembourg
7008,Tammy Watts,mparsons@example.org,2023-02-18,United Kingdom
7009,Lisa Carter,uschmitt@example.net,2023-09-30,Saint Helena
7010,Mitchell Walter,foxjaime@example.net,2024-12-05,Montenegro
7011,Matthew Glass,lauraatkinson@example.com,2022-10-20,Serbia
7012,Joshua Roberts,ssparks@example.net,2025-01-20,Norfolk Island
7013,Ellen Yang,amyclark@example.com,2024-09-27,Hungary
7014,Alyssa Mullins,nancymacias@example.org,2024-07-25,Qatar
7015,Bryan Kline,nicole70@example.com,2024-07-18,Madagascar
7016,Christopher Vasquez,brendachandler@example.net,2025-07-20,Spain
7017,James Stephens,carlywilliams@example.org,2024-03-02,Israel
7018,Anthony Christensen,kennethjohnson@example.net,2022-12-12,Vietnam
7019,John Pierce,ortizanna@example.com,2023-11-04,Namibia
7020,Keith Stone,jennifer73@example.net,2023-11-30,Iran
7021,Elizabeth Carter,camachowilliam@example.net,2023-07-10,Anguilla
7022,Emily Thomas,stacyrichardson@example.com,2025-01-27,Turkey
7023,Lauren Wall,davisandrew@example.net,2025-03-25,Qatar
7024,Kenneth Hart,christina15@example.org,2025-05-20,Chile
7025,Ryan Stokes,benjamin85@example.com,2024-10-16,Zambia
7026,Bianca Jones,lauren98@example.net,2025-02-28,Cote d'Ivoire
7027,Andrea Robertson,oodonnell@example.org,2025-08-16,Saint Martin
7028,Maurice Williams,jon55@example.net,2024-03-18,Anguilla
7029,Diane Taylor,tonyaunderwood@example.net,2023-08-18,Saint Vincent and the Grenadines
7030,Dr. Jason Gilbert,garciajustin@example.net,2024-01-12,Mauritius
7031,Barbara Robinson,kevin48@example.net,2024-07-13,Mexico
7032,Kristina White,paulsanchez@example.com,2024-06-22,Dominica
7033,Mark Wu,zjohnson@example.net,2024-01-17,Montserrat
7034,Traci Rojas,haleyjulia@example.org,2024-04-27,Bulgaria
7035,Nathan Stewart,mollyleonard@example.com,2023-10-27,Mayotte
7036,Jordan Gould,timothy96@example.net,2023-08-18,Micronesia
7037,Richard Davis,hillchad@example.net,2023-10-20,Morocco
7038,Katherine Flynn,vgreen@example.net,2024-12-15,Sudan
7039,Mr. Ernest King,hrussell@example.net,2023-09-24,Gabon
7040,Justin Rodriguez,jessicaorr@example.org,2025-07-15,Uruguay
7041,Chad Rodriguez,dianadeleon@example.net,2023-12-21,Algeria
7042,Patricia Welch,landrysamantha@example.net,2023-11-18,Philippines
7043,Patrick Rodriguez,bedwards@example.org,2024-12-20,Malawi
7044,Laurie Boyle,pennywilcox@example.org,2023-01-31,Saint Pierre and Miquelon
7045,Valerie Harrington,charles94@example.com,2024-05-27,Brazil
7046,Frank Morse,mariahlowe@example.org,2022-12-12,Trinidad and Tobago
7047,James Salazar,nespinoza@example.org,2025-03-24,Botswana
7048,Samantha Parker,brian92@example.com,2024-10-23,Djibouti
7049,James Hartman,vross@example.org,2025-06-14,Kiribati
7050,Troy Peterson,ashley55@example.com,2022-11-15,Azerbaijan
7051,William Anderson,angelaroberts@example.com,2022-11-10,Sri Lanka
7052,Stacy Nelson,christinesantiago@example.net,2024-02-23,Guadeloupe
7053,Jonathan Brown,miketurner@example.net,2024-01-19,Grenada
7054,Wanda Moore,tiffanysmith@example.com,2022-11-03,Iraq
7055,Brandi Woods,stephensdenise@example.org,2023-07-09,Bangladesh
7056,Betty Sanders,gayala@example.com,2024-08-17,Armenia
7057,Jeffrey Wright,uyoung@example.org,2023-06-28,Belgium
7058,Richard Morris,adamschristina@example.com,2025-02-17,French Southern Territories
7059,Kyle Hill,justinfarrell@example.net,2025-04-29,Slovenia
7060,Michael Perez,tylerrobin@example.com,2024-05-21,Vanuatu
7061,Brian Johnson,qtran@example.com,2022-09-26,Luxembourg
7062,Benjamin Rangel,eric59@example.net,2025-03-25,Cambodia
7063,Jesse Frank,woodsbryan@example.net,2024-01-22,Bouvet Island (Bouvetoya)
7064,Timothy Wilcox DDS,btucker@example.org,2023-06-19,Vanuatu
7065,Joshua Ramirez,nleon@example.com,2023-02-21,Gambia
7066,Scott Logan,joanjones@example.net,2025-03-20,Saint Kitts and Nevis
7067,Crystal Torres,fischerdonald@example.org,2024-04-30,French Guiana
7068,Robert Morrison,hicksmichael@example.com,2024-09-30,Belgium
7069,Jessica Nixon,lalexander@example.org,2023-05-23,Venezuela
7070,Ricky Yang,chungnathaniel@example.org,2025-04-09,Malaysia
7071,Connor Fox,oadams@example.org,2025-03-03,Kazakhstan
7072,Stacie Cabrera,joshua01@example.net,2024-05-01,Denmark
7073,Michael White,hillhaley@example.org,2023-01-05,Syrian Arab Republic
7074,Michelle Miller,woodstiffany@example.org,2024-07-20,Faroe Islands
7075,Danielle Griffin,melindastevenson@example.org,2025-06-07,Belize
7076,Philip Berry III,victoriataylor@example.org,2024-10-19,Antarctica (the territory South of 60 deg S)
7077,James Miller,yshaffer@example.com,2023-05-14,Norway
7078,Sean Anthony,twhite@example.org,2024-07-08,Mozambique
7079,Kari Roach,imartinez@example.org,2024-09-01,Burundi
7080,Cheryl Hamilton,pinedajose@example.com,2024-07-15,Korea
7081,Tina Chambers,kimberly90@example.org,2025-04-15,Kenya
7082,Donna Howe,cooperrichard@example.org,2023-12-06,Taiwan
7083,Christopher Gonzalez,amyhickman@example.net,2024-01-20,Saint Kitts and Nevis
7084,Logan Hernandez,sarahpierce@example.com,2025-05-10,El Salvador
7085,Keith Clark,scott77@example.org,2024-04-28,Singapore
7086,Sandra Friedman,charles85@example.org,2024-02-08,North Macedonia
7087,Victor Shaw,dholmes@example.net,2022-11-12,Bhutan
7088,Seth Orozco,jamesmclean@example.org,2024-01-17,Australia
7089,Brandi Brown,destiny33@example.org,2022-12-21,Nauru
7090,Anthony Lee,beverlyramirez@example.net,2025-01-09,Slovenia
7091,Alex Hill,qmyers@example.com,2025-04-27,Ireland
7092,Sarah Sweeney,baldwinmarie@example.com,2023-02-15,Bangladesh
7093,Ms. Rebecca Glenn,gevans@example.com,2023-01-11,Albania
7094,Elizabeth Mckinney,jared31@example.org,2024-09-02,Myanmar
7095,Mathew Smith,sgolden@example.org,2023-07-24,Benin
7096,Emily Walker,richardsonveronica@example.org,2024-12-13,United Arab Emirates
7097,Dennis Lester,newmanmelissa@example.com,2025-08-20,Falkland Islands (Malvinas)
7098,Anna Ramirez,anthonymejia@example.com,2024-06-10,Fiji
7099,Matthew Chase,drosales@example.org,2024-03-17,Antarctica (the territory South of 60 deg S)
7100,Ethan Patel,kjones@example.com,2023-02-19,Palestinian Territory
7101,Carrie Stein,boyerjenna@example.org,2024-04-14,Western Sahara
7102,Phillip Simmons,christiansullivan@example.com,2023-06-02,Turks and Caicos Islands
7103,Ashley Allen,juan10@example.com,2025-07-25,Cuba
7104,Joshua White,navarroantonio@example.net,2023-04-26,Palestinian Territory
7105,Emily Montgomery,smithjenna@example.net,2024-04-03,Montenegro
7106,James Garcia,hayslisa@example.org,2024-02-12,Congo
7107,Deborah Martin,rachelhart@example.org,2022-10-14,Pitcairn Islands
7108,Alexis Fox,taylorsmith@example.org,2023-03-20,Poland
7109,Jack Perez,jeanneortiz@example.org,2022-11-29,Isle of Man
7110,Christopher Garrett,marie60@example.net,2024-12-07,Greece
7111,Kenneth Meyer,ehill@example.com,2024-08-29,Poland
7112,Natalie Keith,gjackson@example.org,2024-05-26,Samoa
7113,Samantha West,michaelnorris@example.org,2023-01-15,Tonga
7114,Belinda Cunningham,gravesjoshua@example.net,2025-04-25,Sweden
7115,Cynthia Barrett MD,onelson@example.net,2024-05-09,Tokelau
7116,Andrew Powers,ashleylambert@example.net,2023-03-29,Papua New Guinea
7117,Rick Young,perezanthony@example.net,2024-04-05,Tuvalu
7118,Matthew Beasley,tony11@example.org,2023-10-28,Jordan
7119,Michelle Griffith,padillamary@example.net,2023-05-24,Taiwan
7120,Joan Huffman,ystark@example.net,2024-12-24,Djibouti
7121,Maria Burns,ljackson@example.org,2025-08-09,Bhutan
7122,Julia Crawford,floresjonathan@example.com,2025-07-03,Burundi
7123,Kim Garcia,justin84@example.com,2023-02-27,Nigeria
7124,Joseph Holloway,crosschristina@example.com,2022-09-12,Colombia
7125,John Richardson,vlee@example.org,2024-11-13,Turkey
7126,Marissa Randolph,henrywilliams@example.com,2022-11-04,Kuwait
7127,Kristen Cruz,markmeyers@example.net,2024-07-25,Sao Tome and Principe
7128,David Washington,shawnwilliams@example.net,2024-11-29,Eritrea
7129,Holly Shea,millerdonna@example.net,2024-09-17,Serbia
7130,Richard Everett,clinesergio@example.net,2024-11-26,Norway
7131,Joseph Marshall,osmith@example.com,2023-06-07,Burkina Faso
7132,Kyle Anderson,laura98@example.net,2022-08-30,Micronesia
7133,Joseph Hall,dthompson@example.org,2024-07-11,Guyana
7134,Anthony Nelson,fschneider@example.net,2024-07-09,Wallis and Futuna
7135,Michelle Armstrong,michaelanderson@example.net,2022-10-21,Singapore
7136,Lisa Jones,timothy04@example.com,2023-10-17,Falkland Islands (Malvinas)
7137,Tonya Chen,riverastacey@example.org,2023-06-23,Martinique
7138,Anthony Jacobs,tyler31@example.com,2023-07-04,Djibouti
7139,Robert Perez,rachelleach@example.net,2023-05-20,Benin
7140,Noah Taylor,hallkimberly@example.org,2025-05-20,Montenegro
7141,David Alexander,sherrysosa@example.net,2022-12-18,Sao Tome and Principe
7142,Anthony Parker,pcherry@example.com,2024-09-16,Lesotho
7143,Jonathan Whitney,pittsbrian@example.org,2024-06-28,Cuba
7144,Elizabeth Anderson,hullronald@example.org,2024-09-07,Barbados
7145,Adam Peterson,mark44@example.org,2024-10-22,Barbados
7146,Michael Allen,jeffrey11@example.com,2024-10-16,Pakistan
7147,Ethan Glass,nwarner@example.net,2023-09-05,British Virgin Islands
7148,Anna Jackson,qmoreno@example.org,2022-12-22,New Zealand
7149,Travis Parker,stevenharris@example.com,2023-03-20,United States Virgin Islands
7150,Ricky Wilson,omathews@example.org,2023-11-10,French Polynesia
7151,Richard Williams,upaul@example.net,2023-07-22,Congo
7152,Laura Zuniga,sullivansamantha@example.org,2025-07-12,Saudi Arabia
7153,Emily Manning,audrey38@example.net,2025-05-09,Mali
7154,Timothy Moore,kylehowell@example.org,2024-11-14,Guam
7155,Curtis Roberts,conwayzachary@example.com,2025-06-04,Iraq
7156,Lauren Contreras,robinsonjohnny@example.com,2023-11-28,Anguilla
7157,Kara George,jordan74@example.net,2023-09-26,Hong Kong
7158,James Kent,maryrobertson@example.com,2022-11-20,Senegal
7159,Autumn Martinez,robert11@example.net,2024-12-19,Costa Rica
7160,Kelly Johnson,carla74@example.net,2024-12-18,Monaco
7161,Holly Patton,pateljoshua@example.org,2025-07-04,Iceland
7162,Elizabeth Carter,areynolds@example.com,2025-06-28,Croatia
7163,Julie Armstrong,markramirez@example.net,2024-04-26,Romania
7164,Raven Fowler,jessica56@example.org,2023-04-22,Ecuador
7165,Emily Stevens,woodsstephen@example.org,2024-06-14,Guatemala
7166,Karen Smith,nealholly@example.org,2023-11-28,Senegal
7167,Eric Singh,maria67@example.org,2022-11-05,Macao
7168,Julie Jordan,perezryan@example.com,2022-10-10,Iran
7169,Jaclyn Doyle,kaylawolfe@example.org,2023-07-16,Ireland
7170,Matthew Wilson PhD,briannamayer@example.net,2023-02-16,Somalia
7171,Brittney Greene,benjaminschneider@example.org,2023-04-05,Montenegro
7172,Kevin Harmon,larrykoch@example.org,2024-09-08,Serbia
7173,Blake Alexander,williammcguire@example.org,2023-03-20,Mali
7174,Christopher Aguilar,meganalvarez@example.com,2023-06-06,Uganda
7175,Mark Cannon,hayessydney@example.org,2023-05-09,Timor-Leste
7176,Dustin Richardson,aaronfoster@example.net,2023-07-14,Iraq
7177,Luis Compton,ahall@example.net,2024-02-20,Lao People's Democratic Republic
7178,Joseph Miller,wsmith@example.net,2024-07-05,Heard Island and McDonald Islands
7179,Jessica Watts,fieldsstacy@example.org,2024-09-06,Syrian Arab Republic
7180,Shelia Sanchez,butlerkeith@example.com,2025-04-07,Jamaica
7181,Rachel Barr,twade@example.org,2022-09-05,Niue
7182,Jennifer Chavez,perezbenjamin@example.net,2025-07-08,Solomon Islands
7183,Michael Lewis,jodi91@example.net,2025-01-24,United States Minor Outlying Islands
7184,Cynthia Frazier,courtneypollard@example.org,2025-02-03,Sudan
7185,Lauren Taylor,elizabeth28@example.com,2024-07-31,Marshall Islands
7186,Nathaniel Cole,bookertonya@example.net,2024-04-19,Namibia
7187,Daniel Baker,david47@example.org,2023-10-04,Croatia
7188,Sean Moreno,kathrynanderson@example.com,2023-07-13,Uganda
7189,Monique Fields,dustinmartinez@example.org,2022-09-08,Micronesia
7190,Dominique Zhang,richard96@example.net,2025-07-10,Qatar
7191,Michael White,victorpalmer@example.net,2022-09-29,Mongolia
7192,Kristen Roman,shawsarah@example.net,2023-10-18,Gibraltar
7193,Tiffany Wilson,warrenjoanne@example.org,2024-12-20,Reunion
7194,Andrew Ortiz,sara60@example.com,2022-09-15,Singapore
7195,Scott Vaughan,jeffreyhernandez@example.com,2025-02-10,Micronesia
7196,James Ellison,henrybutler@example.net,2023-11-03,Belize
7197,James Henry,natasha76@example.org,2025-01-21,Italy
7198,Anthony Gomez,justinmueller@example.com,2024-02-23,Antigua and Barbuda
7199,Patricia Carey,smithdebra@example.net,2024-01-19,Antarctica (the territory South of 60 deg S)
7200,Matthew Hubbard,farmerjames@example.org,2022-11-25,Micronesia
7201,Tiffany Porter,chelseajackson@example.net,2024-01-07,Korea
7202,Mrs. Brooke Stewart,barnesjoshua@example.net,2022-09-11,Myanmar
7203,Adam Horton,benjamin03@example.net,2024-04-06,Trinidad and Tobago
7204,Blake Thomas,bcarter@example.com,2023-07-12,French Polynesia
7205,Marc Lopez,denise41@example.net,2024-09-07,Western Sahara
7206,Jamie Foster,fcarpenter@example.com,2023-06-02,Bosnia and Herzegovina
7207,Michelle Carlson,dfox@example.com,2024-01-29,Cocos (Keeling) Islands
7208,Alexander Rodriguez,george39@example.net,2024-02-10,Grenada
7209,Wesley Olson,alfred10@example.com,2024-02-18,Bangladesh
7210,Victoria Oconnor,rebecca73@example.org,2023-08-14,Egypt
7211,Corey Nelson,chris27@example.com,2024-02-19,Iceland
7212,Justin Pitts,jodi25@example.com,2022-09-28,Falkland Islands (Malvinas)
7213,Virginia Roberts,summer51@example.net,2024-09-04,Algeria
7214,Maurice Tate,jdunlap@example.net,2023-03-02,Myanmar
7215,Michael Obrien,todd33@example.net,2024-01-25,Niger
7216,Ashley Krause,rstevens@example.org,2024-06-28,Palau
7217,Michael Walter,marywalker@example.org,2024-01-27,Sri Lanka
7218,Gabriela Morgan,thunter@example.com,2024-02-09,Somalia
7219,Kimberly Buck,wesley93@example.org,2023-02-27,Finland
7220,Julia Dickerson,waltonaaron@example.com,2024-02-25,Swaziland
7221,Michelle Mitchell,scottgonzalez@example.net,2025-02-18,Kuwait
7222,Nicole Carter,ugutierrez@example.org,2024-02-12,Switzerland
7223,George Romero,williamdominguez@example.net,2023-02-10,Netherlands
7224,Nancy Mcdonald,obradford@example.com,2024-11-03,Guam
7225,Isabella Camacho,victoria08@example.org,2022-10-16,Bosnia and Herzegovina
7226,Carla Martinez,ryan30@example.org,2024-06-20,Madagascar
7227,Maria Silva,barbaramartin@example.net,2024-10-01,Kazakhstan
7228,Timothy Rodriguez,brandonlloyd@example.com,2023-05-29,Lithuania
7229,Samuel Singleton,ufigueroa@example.com,2024-12-07,Bahrain
7230,Jackson Martinez,jamessalinas@example.net,2024-02-01,Panama
7231,Donald Hart,jgreen@example.org,2024-01-03,Korea
7232,Joshua Turner,daniel86@example.org,2025-03-17,Saint Helena
7233,Rachel Gonzalez,johnsonsusan@example.net,2024-01-16,Uzbekistan
7234,Jordan Bush,kimberly26@example.com,2024-06-29,Maldives
7235,Frank Hester,janderson@example.net,2025-05-24,Aruba
7236,Nathan Padilla,cruzkathy@example.org,2023-07-29,Mauritania
7237,Steven Baxter,hoffmankristy@example.org,2022-10-22,Azerbaijan
7238,Chloe Gonzales,emmarodriguez@example.org,2023-12-17,Swaziland
7239,Michael Lyons,wdunlap@example.net,2023-02-22,Barbados
7240,Joshua Quinn,johnsonmichael@example.org,2024-03-21,Georgia
7241,Amanda Bass,payala@example.net,2024-08-27,Vietnam
7242,Mario Oliver,ihernandez@example.com,2025-05-31,Belize
7243,Tina Mcbride,xgarrett@example.org,2022-11-23,Tunisia
7244,Dylan Andrews,sbutler@example.com,2024-07-31,Congo
7245,David Williams,frostashley@example.net,2024-11-24,Serbia
7246,Seth Brown,corywhitaker@example.com,2024-09-19,Uganda
7247,Vanessa Jackson,antonio71@example.com,2025-07-27,Belize
7248,Becky Smith,dlowe@example.com,2024-02-25,Ghana
7249,Lisa Moody,carolynsnyder@example.org,2022-09-26,Bangladesh
7250,Ryan Anderson,stephen75@example.org,2023-01-24,New Zealand
7251,Kimberly Stanton,mariachambers@example.net,2023-01-23,Somalia
7252,Laura Long,stacey95@example.com,2023-04-28,Monaco
7253,Gregory Cohen,kelly43@example.net,2024-10-23,Zimbabwe
7254,Roberto Arias,weaverbrian@example.com,2024-12-19,Iceland
7255,Julia Deleon,eric68@example.net,2023-03-27,Djibouti
7256,April Walker,leekevin@example.com,2024-04-03,Iceland
7257,Lisa Morales,lnelson@example.org,2022-11-11,Western Sahara
7258,James Perez,martinezadrienne@example.org,2022-10-31,United Kingdom
7259,Robin Thompson,peggy70@example.org,2023-06-07,Bangladesh
7260,Kimberly Alexander,angelfoster@example.com,2023-10-27,Marshall Islands
7261,Mary Rodriguez,jeremycollins@example.com,2024-07-23,Ecuador
7262,Erica Castro DDS,aboone@example.org,2024-09-03,Yemen
7263,Nancy Bridges,srichmond@example.com,2023-08-05,United Arab Emirates
7264,Scott Kelley,april31@example.org,2024-04-17,Mexico
7265,Jesse Espinoza,lesliebarry@example.org,2024-04-21,Burundi
7266,Raymond Berry,helenlee@example.com,2023-11-26,Libyan Arab Jamahiriya
7267,Deborah Rogers,francisco91@example.com,2025-04-28,French Guiana
7268,Chelsea Patel,riveradonald@example.com,2025-01-18,Norfolk Island
7269,Charles Bernard,ericdiaz@example.org,2024-12-30,Mayotte
7270,Jeremy Durham,steven16@example.net,2023-11-17,Tonga
7271,Gregory Marks,amclean@example.org,2025-01-30,Kyrgyz Republic
7272,Brittany Gay,andrew06@example.com,2024-12-25,France
7273,Rodney Young,matthewramirez@example.net,2025-06-09,Haiti
7274,Joshua Henry,vwilson@example.org,2024-12-29,Mayotte
7275,Lisa King,theresa53@example.net,2022-11-17,Spain
7276,Christopher Maldonado,watkinsjustin@example.net,2023-06-17,Romania
7277,Xavier Watson,fhill@example.net,2024-06-06,Cape Verde
7278,Joseph Brooks,josephjohnson@example.com,2023-08-24,Egypt
7279,Selena Williams,breyes@example.net,2023-10-24,Panama
7280,Chase Hernandez,bradleylisa@example.com,2025-06-25,Palau
7281,Zachary Drake,vgonzales@example.com,2025-02-14,China
7282,Corey Barnett,morrisdylan@example.net,2023-07-11,Turkmenistan
7283,Grace Khan,meyerchristina@example.org,2024-05-21,Spain
7284,Jennifer Hunter,wpatton@example.org,2025-06-03,Northern Mariana Islands
7285,Jesus Thompson,jenniferellis@example.net,2024-02-10,Turks and Caicos Islands
7286,Valerie Patel MD,brenda77@example.org,2024-08-10,Turkmenistan
7287,Heidi Diaz,daniellemartin@example.net,2024-01-20,Turkmenistan
7288,Angela Marshall PhD,richardcuevas@example.org,2023-03-09,Seychelles
7289,Rebecca Cole,bwagner@example.net,2025-04-06,Cook Islands
7290,Kristina Morton,mejiabridget@example.com,2023-11-04,United States Virgin Islands
7291,Paige Campbell,kimberlylewis@example.org,2022-10-15,Guadeloupe
7292,Dr. Diana Dunn,hesterrichard@example.com,2024-08-04,Romania
7293,Kelly Hart,xrichards@example.com,2024-07-02,Cambodia
7294,Richard Carrillo,hoconnor@example.org,2024-07-28,Venezuela
7295,Michael Garcia,mark20@example.net,2025-04-17,Lesotho
7296,Vanessa Smith,donnathomas@example.org,2024-05-30,Vanuatu
7297,Daniel Meyer,andrewperez@example.com,2025-05-29,Montserrat
7298,Hannah Jacobs,maria82@example.org,2023-12-17,Gibraltar
7299,James Copeland,gblack@example.net,2023-04-22,Thailand
7300,Calvin Wilson,antonio34@example.org,2022-09-23,China
7301,Joshua Jordan,javier99@example.net,2024-03-22,Tanzania
7302,Holly Williams,rstewart@example.net,2023-11-17,El Salvador
7303,James White,qchen@example.org,2022-08-23,Bouvet Island (Bouvetoya)
7304,Kathryn Bowman,rrobinson@example.org,2023-12-19,Faroe Islands
7305,Stephen Day,elizabethchase@example.com,2024-06-29,South Africa
7306,Samantha Hughes,beanchristopher@example.com,2023-05-05,Malta
7307,Steven Morris,donna82@example.com,2025-08-11,Turkmenistan
7308,Mary Carter,rileygraham@example.net,2025-02-23,Georgia
7309,Kelly Frey,david42@example.org,2025-04-12,Singapore
7310,Paula Rogers,teresagonzalez@example.org,2025-06-27,Nepal
7311,Phillip Kirby,sarahhill@example.com,2023-10-31,Vanuatu
7312,Patrick Burton,kbowers@example.com,2024-01-05,United States Virgin Islands
7313,Donald Kennedy,brittany37@example.com,2025-08-20,Botswana
7314,Suzanne Fields,ithomas@example.net,2022-09-20,Spain
7315,Teresa Crawford,teresakim@example.com,2024-04-09,Swaziland
7316,Raymond Gonzalez,iphillips@example.com,2022-11-09,Serbia
7317,Oscar Mcclure,matthew23@example.com,2022-09-14,Uruguay
7318,James Mitchell,annheath@example.com,2024-12-12,Uruguay
7319,Sandra Reeves,gibsonwilliam@example.com,2023-11-05,Gabon
7320,Suzanne Ross,carterjustin@example.org,2022-11-08,Morocco
7321,Charles Peterson,hlivingston@example.org,2023-10-26,Libyan Arab Jamahiriya
7322,Crystal Moore,kayla34@example.net,2025-07-06,Armenia
7323,Raymond Guerrero,rallen@example.org,2023-09-02,South Africa
7324,Brittany Holland,brittanywalters@example.com,2024-05-19,Honduras
7325,Rebecca Graham,williamdalton@example.com,2024-01-14,Antarctica (the territory South of 60 deg S)
7326,Alyssa Smith,misty42@example.org,2024-08-06,Israel
7327,Kenneth Ellis,ghodges@example.net,2023-03-31,Lebanon
7328,Joe Riggs,craigblack@example.com,2023-03-27,Azerbaijan
7329,Troy Baker,nicole50@example.org,2023-07-01,San Marino
7330,Melissa Gibson,ramoscody@example.org,2024-02-21,Jersey
7331,Marisa Bailey,victor42@example.org,2024-11-11,Montenegro
7332,Lance Cooper,byoung@example.com,2023-02-14,Saint Kitts and Nevis
7333,Joseph Smith,mbrennan@example.com,2022-10-11,Cook Islands
7334,Thomas Fernandez,steven11@example.org,2024-10-15,Armenia
7335,Miss Lori Martin,foxwendy@example.net,2023-10-30,Haiti
7336,Sarah Lewis,phamcarol@example.org,2023-10-01,Mayotte
7337,Daniel Robbins,fhodges@example.net,2024-01-23,Barbados
7338,Chris Fox,hawkinslisa@example.org,2023-02-28,Palestinian Territory
7339,Sheila Mayer,chad88@example.com,2023-12-05,Reunion
7340,Michael Bishop,david96@example.org,2023-08-01,Burundi
7341,Thomas Blevins,mgarcia@example.com,2025-07-03,Guyana
7342,Dennis Johnson,robert58@example.org,2022-12-14,Marshall Islands
7343,Alec Eaton,christopherstone@example.net,2025-06-01,French Guiana
7344,Kristin Hoffman,ryanowen@example.org,2023-05-02,Kazakhstan
7345,Tony Oliver,shawnpratt@example.com,2022-09-25,Montserrat
7346,Bryan Brown,tmeyer@example.com,2022-09-20,Holy See (Vatican City State)
7347,Mary Webster,wendyjones@example.net,2024-09-19,Guyana
7348,Michael Horn,pettychristopher@example.com,2024-06-21,Saint Vincent and the Grenadines
7349,Jacob Clark,jose36@example.net,2023-11-05,Sao Tome and Principe
7350,Christopher Waller,leejulie@example.org,2025-05-01,Egypt
7351,Jessica Acevedo,fking@example.org,2025-02-11,Syrian Arab Republic
7352,Mikayla Jordan,dortega@example.net,2024-06-19,North Macedonia
7353,Lisa Carson,marshallmartin@example.net,2025-01-10,Lebanon
7354,Mr. Louis Weiss,chungjeffrey@example.com,2024-02-02,Pakistan
7355,Jeanette Hernandez,kellyrobinson@example.org,2023-02-07,Norfolk Island
7356,Wanda Hamilton DDS,jonathan06@example.org,2023-05-15,Malaysia
7357,Amber Brown,richardcox@example.org,2024-01-18,Benin
7358,Susan Chen,heatherhunt@example.net,2023-07-10,Hong Kong
7359,Leah Tucker,epope@example.org,2025-02-24,Slovenia
7360,Jeffrey Simpson,erin05@example.org,2025-02-15,Zimbabwe
7361,Martin Allen,mary26@example.org,2024-05-30,Niue
7362,Richard Garza,traci92@example.com,2024-07-26,United States Minor Outlying Islands
7363,Marc White,krystalchristensen@example.com,2022-08-28,Saint Lucia
7364,Shannon Kane,porterangela@example.org,2025-06-16,Israel
7365,John Lamb,fletcherjared@example.org,2023-02-18,Iraq
7366,Chad Walters,catherineford@example.com,2024-01-01,Hong Kong
7367,Samuel Hunt,perezian@example.com,2025-05-10,Pitcairn Islands
7368,Brandy Robles,brownrobert@example.net,2024-06-03,Paraguay
7369,Cody Lopez,ericabutler@example.net,2024-09-18,Romania
7370,Sherry Wang,russellcordova@example.org,2023-07-27,Botswana
7371,John Cruz,wruiz@example.org,2024-12-02,Pitcairn Islands
7372,Ashley Brewer,hudsontiffany@example.com,2024-07-21,Belarus
7373,Michael Williams,turnerashley@example.net,2023-04-07,Palestinian Territory
7374,Jorge Rodriguez,vford@example.net,2023-01-04,Bolivia
7375,Jessica Lewis,tlopez@example.com,2023-06-29,Costa Rica
7376,Angela Long,robert43@example.org,2024-12-09,French Southern Territories
7377,Neil Bennett,delgadotimothy@example.net,2023-04-01,Marshall Islands
7378,Brandon Solis,lori08@example.org,2025-06-22,Palestinian Territory
7379,Tony Johnson,irowe@example.org,2025-05-17,Czech Republic
7380,Miss Stephanie Reyes,qhansen@example.com,2022-10-17,Iran
7381,Barbara Perez,allison75@example.org,2023-12-09,Andorra
7382,Dr. Karla Nunez,natalie25@example.net,2025-04-24,United States Minor Outlying Islands
7383,Cheryl Rhodes,dominique22@example.org,2024-03-22,United States of America
7384,Nancy Mccarthy,charles12@example.org,2022-11-06,Korea
7385,Scott Rodriguez,briangraham@example.org,2024-03-02,Turks and Caicos Islands
7386,Lisa Patton,valeriegrant@example.org,2023-02-20,Benin
7387,John Roberts,tsantiago@example.org,2025-06-28,United States Virgin Islands
7388,Christopher Diaz,erik21@example.org,2024-08-30,Yemen
7389,Melissa Lang,zjones@example.com,2024-08-07,Samoa
7390,Michael Olson,parkerxavier@example.org,2023-04-05,Malta
7391,John Campbell,pthomas@example.net,2023-04-18,Kuwait
7392,David Kelly,acastillo@example.com,2022-10-02,Cuba
7393,Anthony Burns,tamarawhite@example.org,2023-01-08,Uzbekistan
7394,Michelle Davis,michaelperez@example.com,2025-05-16,Iraq
7395,Yesenia Martinez,teresa91@example.com,2023-12-04,Poland
7396,Samantha Nguyen,thompsonernest@example.net,2024-12-19,Jamaica
7397,Dana Norris,martintammy@example.net,2023-10-03,Bangladesh
7398,Nancy Harvey,vincent24@example.com,2025-01-21,Italy
7399,Matthew Freeman,joshuamcconnell@example.com,2024-08-30,Namibia
7400,Jordan Brooks,dianajacobs@example.com,2024-11-02,Lesotho
7401,Matthew Cortez,ronaldwhite@example.org,2024-02-09,Saint Kitts and Nevis
7402,Sandra Hickman,ifernandez@example.org,2024-10-11,Comoros
7403,Jordan Vasquez,carrie98@example.net,2023-05-31,Turks and Caicos Islands
7404,Megan Combs,mason72@example.org,2024-07-18,Lao People's Democratic Republic
7405,Michael Cherry,wowen@example.net,2024-10-29,Denmark
7406,Ryan Johnson,caldwellbrian@example.com,2024-05-10,Cyprus
7407,Gregory Wright,oscar87@example.org,2022-08-27,Peru
7408,Melissa Reid,mcdonalddavid@example.net,2024-01-16,Gibraltar
7409,Patricia Fields,ghardy@example.com,2023-01-03,Guinea
7410,Shannon Proctor,zwood@example.net,2024-02-26,Niue
7411,Aaron Ruiz,garzamark@example.net,2022-09-22,Norfolk Island
7412,Joshua Ramos,judith60@example.com,2023-02-13,Iraq
7413,David Garza,chayes@example.org,2024-11-03,South Georgia and the South Sandwich Islands
7414,Roger Mendez,andrewharris@example.org,2024-07-18,Sudan
7415,Tracy Myers,perkinsdavid@example.net,2024-07-05,Cape Verde
7416,Sean Jones,amanda83@example.org,2024-12-20,Antarctica (the territory South of 60 deg S)
7417,Mark Robinson,brookslance@example.com,2023-12-28,Tokelau
7418,Michelle Jenkins,athomas@example.org,2025-02-18,Comoros
7419,Stacy Villa,laurie45@example.com,2023-12-03,Saint Pierre and Miquelon
7420,Michael Walker,nicholsonjason@example.org,2024-08-03,Sweden
7421,Jeff Bishop,sarah53@example.com,2025-05-19,India
7422,Ryan Davila,johnsonsandra@example.org,2025-05-02,Saint Vincent and the Grenadines
7423,Amy Alexander,hhernandez@example.com,2023-06-21,India
7424,Renee Torres,danieljohnson@example.net,2024-06-16,Angola
7425,Yvonne Roberson,michellekelly@example.org,2023-11-25,United States Minor Outlying Islands
7426,Angela Wilson,thomaskelly@example.org,2024-07-03,Angola
7427,James Vega,jimmy58@example.org,2025-01-26,Morocco
7428,Kyle Woods,clarkvictoria@example.com,2025-02-10,Comoros
7429,Charles Salinas,oramsey@example.com,2024-11-15,Nigeria
7430,Tyler Williamson,wlopez@example.org,2023-08-08,San Marino
7431,Anna Smith,turnerbrandon@example.net,2025-08-19,Bahrain
7432,Bruce Robinson,csanchez@example.com,2024-03-02,Timor-Leste
7433,Stephen Adams,longcynthia@example.com,2022-12-17,United States of America
7434,Debra Sandoval,valenciajon@example.org,2023-11-27,Micronesia
7435,Paul Osborn,tylervaughn@example.com,2023-07-08,Switzerland
7436,Stephanie Rojas,benjamin26@example.net,2022-12-05,Venezuela
7437,Michael Ewing,sarah19@example.com,2024-04-11,Antigua and Barbuda
7438,Christine Zamora,ofritz@example.com,2023-10-17,Pitcairn Islands
7439,Mackenzie Estrada,joseph71@example.org,2023-10-06,Bouvet Island (Bouvetoya)
7440,Austin Hayes,frederickchad@example.com,2024-01-16,Zimbabwe
7441,Michael Shelton,lori17@example.com,2023-02-21,Guinea
7442,Donald Bennett,sandradaniels@example.org,2024-05-26,Oman
7443,Cathy Walker,lhodge@example.net,2025-07-25,Malawi
7444,Kevin Dillon,jonathan57@example.net,2025-07-18,Greece
7445,Richard Gonzalez,donaldbaker@example.com,2024-01-26,Dominica
7446,Kellie Mckinney,wcarlson@example.net,2025-03-09,Monaco
7447,Courtney Espinoza,ashleyharmon@example.org,2024-03-01,Congo
7448,Rhonda Gibson,bruceelizabeth@example.net,2023-06-06,Austria
7449,Robin Clark,ucopeland@example.com,2023-07-23,Brazil
7450,Alyssa Holden,higginsstephanie@example.net,2023-03-15,British Indian Ocean Territory (Chagos Archipelago)
7451,Chris Garcia Jr.,hillalyssa@example.com,2024-04-14,Germany
7452,Jennifer Patterson,joycehester@example.com,2025-04-05,Samoa
7453,Kristen Gonzalez,hoffmantimothy@example.org,2024-01-12,Central African Republic
7454,Robin Carey,qterry@example.net,2023-08-04,Monaco
7455,Lori Herrera,harold90@example.net,2024-08-28,Central African Republic
7456,Tanya Madden,akelly@example.com,2022-11-28,Yemen
7457,Sarah Holmes,michellemiddleton@example.net,2024-09-18,Aruba
7458,Andrea Burton,mandy65@example.org,2024-07-08,Jersey
7459,Anna Cannon,jreid@example.org,2025-03-03,Togo
7460,Christopher Rodriguez,patrick31@example.net,2024-12-08,Philippines
7461,Sherry Smith,samuelbruce@example.com,2024-04-10,Andorra
7462,Debra Smith,harrisjeremy@example.com,2023-11-04,Burkina Faso
7463,Jessica Frazier,ashleydiaz@example.com,2023-11-30,Niue
7464,Donna Juarez,victoria49@example.com,2025-08-06,Cyprus
7465,Amber Hahn,rmccann@example.com,2023-11-25,Saint Martin
7466,Jennifer Kim,scottdarlene@example.net,2022-11-17,Samoa
7467,Jason Porter,danielsmall@example.net,2023-11-19,Bermuda
7468,Jennifer Baker,masonmary@example.com,2024-02-04,Chad
7469,Lisa Moreno,anthony87@example.net,2023-02-06,Singapore
7470,Cheyenne Williamson,kimpennington@example.org,2025-05-12,Saint Martin
7471,Elizabeth Taylor,denise96@example.com,2025-07-19,Saint Kitts and Nevis
7472,Melissa Norris,stevenspamela@example.net,2023-12-18,Turkmenistan
7473,James White,reneestrickland@example.com,2024-10-29,American Samoa
7474,Stacy Gross,vwells@example.net,2023-07-24,Heard Island and McDonald Islands
7475,Kimberly Adkins,donna49@example.com,2024-09-13,Bermuda
7476,Amy Trujillo,shannon72@example.net,2025-01-17,Costa Rica
7477,Nicole Lane,callahandavid@example.net,2023-08-07,Saint Helena
7478,John Miller,cgarrison@example.org,2023-05-22,Azerbaijan
7479,Rodney Williams,julianday@example.com,2025-03-22,Andorra
7480,Christopher Brown,waltersdavid@example.org,2025-02-08,Thailand
7481,Jorge Young,daniel40@example.com,2023-04-06,Angola
7482,Rachel Stout,kelseywalsh@example.net,2025-05-06,Saint Pierre and Miquelon
7483,Laura James,kerickson@example.com,2023-01-02,Togo
7484,Andrew Crawford,thompsonabigail@example.com,2025-03-27,Denmark
7485,Rebecca Smith,aaron48@example.com,2023-08-15,Lebanon
7486,Eric Walker,moorealyssa@example.net,2024-06-03,Suriname
7487,Bryan Chambers,milleremily@example.net,2024-04-29,Lithuania
7488,Shane Harris,gary82@example.org,2024-09-06,South Africa
7489,Robert Lutz,pattersontheresa@example.com,2024-02-21,Serbia
7490,Amanda Gonzalez,oayers@example.com,2023-12-03,Congo
7491,Jody Copeland,katie65@example.org,2023-05-02,United Arab Emirates
7492,Jennifer Jones,kaylarobertson@example.com,2024-06-06,Northern Mariana Islands
7493,Dana Torres,lmckinney@example.net,2022-12-22,Egypt
7494,Hector Dunn,kelly31@example.org,2025-04-08,Argentina
7495,Christina Carter,lorigonzales@example.net,2024-11-26,Iceland
7496,Kathryn Chung,odrake@example.org,2023-10-24,Monaco
7497,Linda Williams,petersonjudith@example.org,2022-11-30,Brunei Darussalam
7498,Raven Thomas,rwright@example.net,2022-11-26,Guatemala
7499,Michael Medina,robertbutler@example.com,2023-03-29,Liberia
7500,Mark Wright,erika88@example.com,2025-06-19,Pakistan
7501,Ryan Cline,juliejackson@example.net,2023-09-30,Netherlands
7502,Daniel Walker,heatherharris@example.org,2025-01-22,Uzbekistan
7503,Christopher Harper,jose23@example.com,2023-04-22,Andorra
7504,Tyler May,weissstephanie@example.org,2024-10-12,Korea
7505,Juan Martin,michael51@example.com,2022-12-04,Malawi
7506,Cheryl Brown,latoyavasquez@example.org,2022-12-02,Zimbabwe
7507,Audrey Green,tracywallace@example.net,2023-07-06,Congo
7508,Ronald Davis,uhoover@example.org,2023-04-30,Brunei Darussalam
7509,Jason Warren,stanleycharles@example.net,2023-07-26,Tuvalu
7510,Heather Gardner,valdezjuan@example.org,2024-02-06,Zimbabwe
7511,Rebecca Butler,omar75@example.org,2022-11-11,Svalbard & Jan Mayen Islands
7512,Danielle Wilson,christopher03@example.com,2024-12-01,Syrian Arab Republic
7513,Michelle Forbes,timothypatterson@example.com,2023-03-21,Jordan
7514,Robert Green,debrabrown@example.com,2023-09-25,Netherlands Antilles
7515,Brandy Harvey,mariaheath@example.org,2024-02-19,Liechtenstein
7516,Tina Ware,brian11@example.org,2023-04-26,United Kingdom
7517,Corey Oneal,klester@example.net,2023-09-10,Wallis and Futuna
7518,Calvin Hansen,meganlloyd@example.net,2023-01-16,Kyrgyz Republic
7519,Alexander Lin,tinawalters@example.org,2022-10-16,Madagascar
7520,Alyssa Crane,brownamy@example.net,2022-11-14,Greece
7521,Marissa Day,juan37@example.com,2023-07-20,Isle of Man
7522,Jack Miles,michael17@example.net,2023-06-25,Kazakhstan
7523,Claudia Wilkerson,warrenamanda@example.com,2025-04-03,Uzbekistan
7524,Elizabeth Todd,michaelphillips@example.com,2025-04-27,Ghana
7525,David Barber,xpoole@example.com,2023-02-03,Ecuador
7526,Daniel Knight,robertagalloway@example.org,2024-01-11,Tunisia
7527,Heather Patton,xwilkins@example.org,2023-12-15,Timor-Leste
7528,Amy Callahan,tammy49@example.net,2023-10-24,Singapore
7529,Sara Ayala,livingstonjoseph@example.org,2025-04-21,Gabon
7530,Joseph Evans,rothalicia@example.com,2022-12-17,Israel
7531,Robert Jones,gnixon@example.net,2023-04-15,Bulgaria
7532,David Hernandez,williamsheather@example.net,2025-01-31,Italy
7533,Isaiah Mcdonald,richardmcintosh@example.org,2025-01-14,Saint Barthelemy
7534,Wendy Lawrence,riverakatie@example.org,2023-03-26,San Marino
7535,Tara Gordon,kimbarnes@example.com,2025-02-05,Guyana
7536,Derrick Newman,henry30@example.org,2025-07-24,Namibia
7537,Robert Hawkins,angela74@example.org,2022-10-27,Afghanistan
7538,Andrew Colon,randy68@example.com,2025-03-20,Sweden
7539,Gary Ramirez,scottclark@example.com,2022-10-10,Puerto Rico
7540,Jennifer Frazier,salazarjames@example.net,2024-04-30,United Kingdom
7541,Jessica Campos,joshuahampton@example.org,2023-03-22,Yemen
7542,Devon Floyd,christopher43@example.org,2022-11-15,Guyana
7543,Stephanie Casey,ortizkaren@example.org,2023-09-24,Saint Kitts and Nevis
7544,Virginia George,justinjohnson@example.com,2024-12-13,Indonesia
7545,Megan Burch,jesse57@example.net,2024-08-22,Brunei Darussalam
7546,Johnathan Hall,nguyenalexander@example.net,2025-02-27,Saint Pierre and Miquelon
7547,Lisa Stephenson,wangamy@example.com,2023-06-14,Peru
7548,Amber Watson,darlenewelch@example.org,2023-05-26,Libyan Arab Jamahiriya
7549,Raven Lang,bsmith@example.com,2023-10-10,Mexico
7550,Darrell Herman Jr.,leemaria@example.net,2024-07-12,Spain
7551,Ricky Camacho,derrickshepard@example.org,2023-12-11,Armenia
7552,Crystal Munoz,mitchell51@example.org,2024-07-06,Martinique
7553,Brian Gutierrez,vgardner@example.com,2024-03-14,Australia
7554,Tiffany Roth,sanchezjacob@example.com,2025-05-18,American Samoa
7555,Jason Johnston,rodriguezjustin@example.org,2025-05-10,Hong Kong
7556,Robert Jackson,wrightjames@example.com,2023-10-06,Saint Vincent and the Grenadines
7557,Micheal Griffin,henry60@example.org,2023-12-23,Guinea
7558,Cassie Watson,allen16@example.net,2024-03-14,Ukraine
7559,Gwendolyn Davies,louis59@example.org,2024-07-03,Niue
7560,Lucas Snyder,michael28@example.org,2025-06-05,Lebanon
7561,Lisa Torres,phart@example.com,2023-07-19,Serbia
7562,Antonio Villarreal,tmartinez@example.net,2023-07-08,Isle of Man
7563,Jeffrey Heath,mcclureedward@example.org,2023-12-10,Australia
7564,Timothy Chavez,wigginsgregory@example.net,2024-12-15,Faroe Islands
7565,David Nelson,jasonsmith@example.net,2024-06-05,Taiwan
7566,Matthew Kennedy,obecker@example.org,2023-12-27,Faroe Islands
7567,Joseph Orozco,ashley82@example.net,2022-09-04,Trinidad and Tobago
7568,Ryan Baker,michaelbradley@example.com,2023-08-19,Estonia
7569,Nathan Foster,hawkinsalison@example.net,2024-09-19,Barbados
7570,Timothy Ford,ycarney@example.net,2022-12-25,Bulgaria
7571,Lisa Powell,javier67@example.com,2022-09-15,Puerto Rico
7572,Nicholas Holloway,zbrown@example.org,2024-05-02,Moldova
7573,Kim Hudson,rross@example.org,2024-10-30,Finland
7574,Margaret Sanford,selenawolfe@example.org,2023-04-14,Cuba
7575,Brittany Jenkins,phillipsmark@example.org,2024-10-16,Hungary
7576,Christopher Roberson,jennifercruz@example.com,2022-12-21,Bermuda
7577,Diana Murphy,wagnerjason@example.com,2023-11-07,Poland
7578,Kelly Smith,josephjohnson@example.org,2024-11-23,Croatia
7579,Destiny Cooper,hsanford@example.com,2025-07-02,Congo
7580,William Nichols,mariafisher@example.org,2025-02-08,British Indian Ocean Territory (Chagos Archipelago)
7581,Sarah Donaldson,tracyherrera@example.net,2024-09-11,Guyana
7582,Stephen Mason,esmith@example.org,2023-09-17,Jordan
7583,Theresa Solomon,aimeerichards@example.net,2023-03-10,Dominican Republic
7584,Michelle Knapp,sharonvega@example.org,2023-03-18,Dominica
7585,Dr. Theresa Haley MD,andersoncarrie@example.org,2024-07-20,Malaysia
7586,Amber Mooney,clayton30@example.org,2023-11-27,Angola
7587,Laura Schmidt,mmiranda@example.com,2024-10-16,Slovenia
7588,David Stone,tammymacdonald@example.com,2024-09-15,Mali
7589,Lorraine Baker,cherylramos@example.com,2024-12-12,Afghanistan
7590,James Gross,tsmith@example.org,2025-07-25,Israel
7591,Melissa Avery,lsmith@example.com,2025-05-05,Germany
7592,Gina Saunders,kylegreene@example.net,2025-03-11,Argentina
7593,Randall Strickland,nicholas83@example.org,2024-04-09,Antarctica (the territory South of 60 deg S)
7594,William Gonzalez,gwilson@example.net,2023-06-30,Guam
7595,Michael Diaz,sparker@example.net,2022-09-13,Kyrgyz Republic
7596,Tracy Lloyd,mcclaintammy@example.net,2024-11-03,Israel
7597,Jeremy Terrell MD,suzannejohnson@example.com,2024-11-03,Iran
7598,Melissa Mcdonald,glara@example.com,2024-11-12,Honduras
7599,Madison Morris,carlweaver@example.com,2023-08-02,Zambia
7600,Joel Richardson,sandrawood@example.com,2025-01-01,Ecuador
7601,Casey Sherman,kathleen57@example.net,2023-04-14,Comoros
7602,Susan Chang,mhenderson@example.com,2025-07-25,Korea
7603,Jordan Trujillo,carrillotara@example.org,2024-07-11,Venezuela
7604,Kelli Martinez,gibsonjonathan@example.com,2025-06-26,Saint Lucia
7605,Brandon Harding,ymartinez@example.org,2024-02-21,Norfolk Island
7606,Catherine Mack,collinhowell@example.net,2024-10-28,Uruguay
7607,Susan Turner,spencer78@example.net,2022-12-13,Paraguay
7608,John Stone,zbuckley@example.com,2023-04-15,Botswana
7609,Alan Brown,melindawilliams@example.org,2024-01-18,Finland
7610,Sarah Bell,danielwong@example.org,2024-03-08,Fiji
7611,Antonio Johnson,adriantravis@example.net,2024-05-25,Tokelau
7612,Jennifer Jimenez,garciacarol@example.net,2024-09-03,Uganda
7613,Kelly Stevens,hensleytracy@example.com,2023-09-15,Faroe Islands
7614,Linda Craig,walshsandra@example.com,2024-05-28,Saint Lucia
7615,Elizabeth Ray,flemingcynthia@example.com,2024-01-03,Jordan
7616,William Salas,barberjeffrey@example.org,2023-05-18,Madagascar
7617,Jennifer Payne,carol81@example.net,2024-05-08,Algeria
7618,Ann Thomas,shawn53@example.net,2024-11-24,Dominican Republic
7619,Jacqueline Hernandez,csanchez@example.com,2025-01-24,Denmark
7620,Jesse Bailey,kimberly90@example.com,2024-01-03,Antigua and Barbuda
7621,Sandra Ford,andrew13@example.com,2022-10-20,Peru
7622,Linda Austin,sarahlee@example.org,2023-06-24,Norway
7623,Amanda Lamb,emily29@example.net,2024-09-03,Swaziland
7624,Jonathan Gonzales,pereztheodore@example.org,2023-05-09,Algeria
7625,Andrew Solomon,ronaldpayne@example.com,2025-01-07,Japan
7626,Gary Suarez,jimmypeterson@example.org,2023-09-10,American Samoa
7627,Abigail Bryant,darinchavez@example.com,2025-01-31,Papua New Guinea
7628,James Yates,david29@example.org,2023-12-06,Guyana
7629,Calvin Park DDS,ingramstephanie@example.net,2024-08-19,Jordan
7630,Andrea Kelly,knoxlorraine@example.net,2025-06-11,North Macedonia
7631,William Lindsey,lstevens@example.net,2022-11-17,Mozambique
7632,Benjamin Nguyen,timothyroberts@example.org,2025-03-10,Guinea
7633,Mr. Erik Green,richardslawrence@example.org,2023-12-14,Trinidad and Tobago
7634,Jerry Raymond,michaellopez@example.com,2023-01-13,Martinique
7635,Anthony Patel,jonessamantha@example.net,2024-08-07,Cuba
7636,Cheryl Rogers,greencurtis@example.net,2024-06-03,Cuba
7637,Christopher Rivera,sharongoodman@example.com,2024-06-26,Montenegro
7638,Jonathan Briggs,qbradley@example.org,2024-02-16,Moldova
7639,Stacy Cantu,davidmiles@example.net,2023-11-20,Somalia
7640,Ricky Smith,lreyes@example.com,2024-11-09,Indonesia
7641,Samantha Thomas,bowmanlaura@example.org,2023-06-28,Paraguay
7642,Amanda Reed,billpearson@example.org,2023-11-21,Saint Vincent and the Grenadines
7643,April Hamilton,hugheskrystal@example.org,2024-08-24,Saint Helena
7644,Dale Allen,cheyennehall@example.org,2024-05-06,Holy See (Vatican City State)
7645,Eduardo Nelson,fadkins@example.org,2024-11-09,Pitcairn Islands
7646,Rebecca King,lutzpaul@example.com,2023-08-03,Saint Barthelemy
7647,Jeanette Arnold,david23@example.org,2023-07-11,Niue
7648,Joseph Allen,hamiltonleslie@example.net,2022-12-16,Cook Islands
7649,Gilbert Anderson,zdiaz@example.com,2024-07-25,Heard Island and McDonald Islands
7650,Jennifer Montgomery,danieltran@example.com,2022-09-20,Papua New Guinea
7651,Martin Miller,smithshaun@example.com,2022-12-03,Afghanistan
7652,Thomas Chapman,erinvaughn@example.com,2024-11-25,United States of America
7653,Maria Baker,ctorres@example.com,2025-01-17,American Samoa
7654,Dean Mora,michael01@example.com,2025-07-19,Liechtenstein
7655,Mrs. Jennifer Simon,matthew29@example.com,2023-07-15,Guam
7656,Shannon Morris,mcosta@example.org,2024-04-24,Norway
7657,Brianna Kim,epadilla@example.net,2025-02-21,United Arab Emirates
7658,Rebecca Harris,buckleyapril@example.org,2024-07-13,Paraguay
7659,Janice Roberts,qtaylor@example.com,2025-05-07,Ireland
7660,Carl Torres,ryanmorgan@example.net,2023-01-24,Palau
7661,Ian Wilson,jamie47@example.org,2022-10-31,Monaco
7662,Charles Russo,sherry60@example.org,2024-10-09,Norway
7663,Amanda Phillips,pmiller@example.org,2022-09-26,Northern Mariana Islands
7664,Ricky Sullivan,roy37@example.com,2025-07-24,Albania
7665,Amy Brown,pthompson@example.org,2022-11-18,Angola
7666,Christine Lowery,cheryl71@example.net,2024-05-29,Swaziland
7667,Scott Robinson,dennis32@example.net,2023-12-02,Tajikistan
7668,Jeremy Moreno,davidhebert@example.org,2023-12-16,Monaco
7669,Dr. Megan Lin DVM,claudia95@example.com,2023-11-14,Saint Pierre and Miquelon
7670,Suzanne Carroll,yramirez@example.com,2025-06-14,Liechtenstein
7671,Patricia Mcconnell,richardarnold@example.net,2025-06-14,Morocco
7672,Alicia Parker,johncollins@example.org,2025-06-08,Peru
7673,Julie Oconnor,samantha49@example.com,2024-12-15,Uganda
7674,Terry Cowan,michaelgalvan@example.org,2024-11-24,Korea
7675,Ryan Chavez,christina90@example.net,2023-08-31,Guam
7676,Rebecca Hall,benjaminharris@example.com,2023-08-20,Ukraine
7677,Derek Brooks,velazquezgloria@example.com,2024-12-15,Dominica
7678,Tiffany Brooks,stevencook@example.org,2023-01-01,Australia
7679,James Baker,dianalambert@example.com,2023-11-16,Venezuela
7680,Dr. Makayla Owens,stephanie43@example.org,2025-04-06,Madagascar
7681,Erica Gonzalez,lauren02@example.org,2024-03-16,Albania
7682,Suzanne Stevens,crawfordchad@example.com,2024-09-21,Kiribati
7683,Kyle Lawson,hendrixamanda@example.com,2025-04-15,Jordan
7684,Paul Love,susanellis@example.net,2023-02-23,Poland
7685,Anna Nicholson,sspencer@example.net,2022-12-26,Slovenia
7686,Jeremy Rogers,richard49@example.org,2025-08-19,Malta
7687,Ashley Owens,johnsondaniel@example.com,2023-06-07,Northern Mariana Islands
7688,George Gibbs,dorothy40@example.com,2023-03-03,Nigeria
7689,John Nguyen,lisavargas@example.com,2025-07-11,Dominica
7690,Mr. James Burgess,thawkins@example.org,2024-02-28,Ukraine
7691,Nathan Hardy,ashleyhorton@example.net,2023-05-20,Falkland Islands (Malvinas)
7692,Hannah Benton,pshort@example.net,2022-10-28,Ecuador
7693,Jennifer Sexton,fwilliams@example.org,2025-01-12,Cambodia
7694,David Wagner,lauren96@example.com,2025-07-09,Senegal
7695,Carrie Jones,toddwashington@example.org,2023-02-14,Guadeloupe
7696,Bonnie Leonard,nguyenmary@example.com,2025-05-28,Saint Pierre and Miquelon
7697,Ashley Henderson,hillkaren@example.org,2022-11-25,Anguilla
7698,Vanessa Pacheco,hlopez@example.org,2023-08-11,Russian Federation
7699,William Case,josephhuang@example.org,2025-03-13,Belize
7700,Timothy Savage,curtiskathryn@example.com,2024-02-10,Kazakhstan
7701,Natalie Webb,clewis@example.org,2024-04-16,Bosnia and Herzegovina
7702,Jessica Stone,mercerchristina@example.org,2024-09-28,Timor-Leste
7703,Laura Castillo,reginaphillips@example.net,2023-07-27,Argentina
7704,Jonathan Hartman,michaelhuff@example.com,2024-08-14,Paraguay
7705,Joshua Vargas,joshua27@example.org,2024-04-17,Cameroon
7706,Joseph Chase,andradetammy@example.org,2023-04-17,United States Minor Outlying Islands
7707,Melanie Owen,ashleycarr@example.com,2022-10-22,Costa Rica
7708,Nicole Livingston,bgraves@example.org,2024-04-02,Liberia
7709,Kimberly Wilson,whiterandy@example.org,2023-06-14,Norway
7710,Jonathan Anderson,roger37@example.org,2024-03-12,Nauru
7711,Eric Wise,gary46@example.net,2024-08-13,United States of America
7712,Sheena Hopkins,theresa22@example.com,2022-09-26,Brunei Darussalam
7713,Andrew Dunn,lauramiller@example.net,2024-07-31,Greenland
7714,Anthony Gonzalez,steve40@example.net,2024-01-26,Kuwait
7715,Ashley Ayala,kcollins@example.org,2024-05-24,Guadeloupe
7716,Kevin Clark,durangabriela@example.net,2023-09-11,Bosnia and Herzegovina
7717,Cheryl Jackson,tracy05@example.org,2023-01-16,Swaziland
7718,Kerry Wilson,sandramorris@example.net,2022-10-25,Paraguay
7719,Albert Benitez,qmartin@example.net,2023-09-08,Vietnam
7720,Jordan Rodriguez,qbarnes@example.org,2023-03-30,Malaysia
7721,Justin Gonzalez,brianlarsen@example.net,2024-03-15,Oman
7722,Shawn Holmes,sandra65@example.com,2023-01-12,Japan
7723,Tiffany Carney,dhall@example.net,2025-06-04,Sierra Leone
7724,Jennifer Rangel,jasonfigueroa@example.com,2025-03-12,Korea
7725,Amanda Cruz,jcampbell@example.net,2022-11-03,Bosnia and Herzegovina
7726,Miranda Dixon,whall@example.com,2022-09-15,Comoros
7727,Anthony Taylor,andrewwest@example.com,2022-12-31,Liechtenstein
7728,Patricia Howell,markwhite@example.net,2022-09-13,Kiribati
7729,Kristin Reynolds,victorhamilton@example.com,2023-12-09,Solomon Islands
7730,Katie Howe,nicholas98@example.com,2025-07-09,American Samoa
7731,Melissa Mendoza,geraldrodgers@example.net,2022-09-07,Bahrain
7732,Brian Payne,williamsdaniel@example.net,2024-06-23,French Guiana
7733,Alyssa Cruz,heather87@example.com,2025-03-11,Hong Kong
7734,Ricky Wright,andersonvirginia@example.org,2025-05-17,Slovenia
7735,Donald Chavez,michele52@example.com,2024-07-27,Monaco
7736,Wanda Lewis,jacquelinegriffin@example.net,2025-06-20,Cook Islands
7737,Darren Mendez,justincunningham@example.com,2022-12-09,Kiribati
7738,Glenn Moore,laura84@example.com,2023-05-06,Congo
7739,Heidi Preston,collinsmitchell@example.org,2024-07-18,South Africa
7740,Mr. Jerry Rosales,xfisher@example.org,2025-04-19,Saint Martin
7741,Thomas Armstrong,lwebb@example.com,2024-04-29,Turkmenistan
7742,Desiree Estrada,travisbaxter@example.net,2022-12-15,Palau
7743,Tiffany Fisher,ruth00@example.com,2024-07-26,Singapore
7744,Chris Jones,ldavis@example.net,2023-08-08,Saint Martin
7745,Jim Morgan,bartonkimberly@example.com,2024-11-27,Iran
7746,Jennifer Hess,thomasdiaz@example.org,2023-03-03,Australia
7747,Jordan Arellano,christopher32@example.org,2024-04-25,Bahrain
7748,David Snyder,joshua33@example.com,2025-05-10,Libyan Arab Jamahiriya
7749,Erin Ward,ievans@example.org,2024-12-25,Papua New Guinea
7750,Scott Lambert,wyattann@example.net,2023-11-25,Grenada
7751,Jennifer Bennett,brittany14@example.org,2022-11-05,Estonia
7752,Michael Nguyen MD,cwilson@example.org,2023-03-06,Martinique
7753,Sandra Graham,ywinters@example.net,2023-10-31,Svalbard & Jan Mayen Islands
7754,Melinda Kelly,anthonyberry@example.net,2025-08-10,Japan
7755,Christopher Bryant,efriedman@example.net,2023-03-02,Mexico
7756,Julie Wilson,richard31@example.net,2023-03-21,Netherlands
7757,Jason Mcdonald,jodi91@example.org,2023-03-26,Guinea
7758,Adam Solis,washingtonmichael@example.net,2024-09-14,Madagascar
7759,Andrew Nguyen,glenn81@example.net,2022-09-17,Burundi
7760,Kenneth Ramos,riverajoseph@example.com,2024-07-25,Papua New Guinea
7761,Brent Price,susan82@example.net,2024-08-05,Albania
7762,Thomas Norton,ntaylor@example.net,2024-12-19,Timor-Leste
7763,Richard Warren,sandovalpatricia@example.org,2025-04-24,New Zealand
7764,Ross Smith,peter10@example.com,2024-03-17,Netherlands
7765,Charles Rodriguez,jenkinschad@example.org,2022-09-09,Mauritania
7766,Robert Brown,normanfox@example.net,2025-02-19,Qatar
7767,Regina Wells,richardrhodes@example.com,2023-11-07,Ecuador
7768,Vanessa Cole,wadescott@example.org,2025-07-22,Djibouti
7769,James Hobbs,nicholascarr@example.net,2023-08-19,Liberia
7770,Nicholas Middleton,courtneydavis@example.org,2025-03-12,Tonga
7771,Thomas Santana,yrivera@example.com,2024-06-15,Nauru
7772,Joseph Pearson,ygonzalez@example.org,2025-02-17,Aruba
7773,Miguel Mccullough,tommy43@example.org,2025-03-02,Cote d'Ivoire
7774,Andrea Wilson,rodneybell@example.org,2024-05-12,Serbia
7775,Mrs. Laura Carroll,grichards@example.net,2024-09-03,Slovakia (Slovak Republic)
7776,Gary Shelton,brittney59@example.org,2023-03-14,Norfolk Island
7777,Richard Wise,andrewadams@example.net,2023-08-27,Djibouti
7778,Zachary Ferguson,harrisangela@example.net,2024-08-27,Holy See (Vatican City State)
7779,Mrs. Jillian Weiss,christopherstephens@example.org,2025-06-10,Bosnia and Herzegovina
7780,Cathy Mcdaniel,gblake@example.com,2023-02-13,Sweden
7781,Debra Jones,matthewsmith@example.net,2024-08-09,Czech Republic
7782,Edwin Martinez,heather43@example.org,2024-04-15,Israel
7783,Gary Phillips,grocha@example.org,2022-09-18,Hong Kong
7784,Melissa Roberson MD,victorwatson@example.com,2024-05-20,Northern Mariana Islands
7785,Bob Morgan,marygarcia@example.org,2022-11-05,Kyrgyz Republic
7786,Karen Mata,hendersongina@example.net,2024-08-26,Northern Mariana Islands
7787,Johnny White,charles02@example.net,2023-04-04,South Africa
7788,Angela Allen,danielpena@example.org,2024-05-08,French Guiana
7789,Michael Carpenter,sharon83@example.com,2025-05-29,Montenegro
7790,Kathy Bradley,julie62@example.org,2023-05-05,South Africa
7791,Ryan Moss,curtis02@example.net,2023-02-12,United States of America
7792,Mark Davenport,gary57@example.net,2025-02-13,Libyan Arab Jamahiriya
7793,Jessica Rangel,yvonne39@example.net,2024-03-28,Lao People's Democratic Republic
7794,Derek Horne,erodriguez@example.org,2025-06-08,Christmas Island
7795,Crystal King,rhondalucas@example.com,2024-05-23,Vanuatu
7796,Heidi Howard,udavidson@example.com,2024-04-07,Faroe Islands
7797,Donald Burke,mooreadam@example.com,2024-04-08,Guam
7798,Kimberly Lara,paulparker@example.com,2022-11-16,Micronesia
7799,James Carter,mbauer@example.org,2024-05-31,Japan
7800,Kimberly Martinez,colleen45@example.net,2023-04-24,Honduras
7801,Adam Mcmillan,rsantiago@example.net,2024-05-06,Tanzania
7802,Debra Mckee,michael93@example.net,2025-03-31,El Salvador
7803,Sarah Sanchez,zphillips@example.net,2025-07-21,Saint Martin
7804,Kayla Stewart,melissa69@example.net,2023-04-15,Sweden
7805,James Beard,brian92@example.org,2024-10-23,South Africa
7806,Jessica Ferguson,christyheath@example.org,2023-08-11,Kenya
7807,John Dennis,laurenkoch@example.com,2025-04-05,Venezuela
7808,Daniel Scott,phillip82@example.com,2025-04-09,Indonesia
7809,Kaylee Powell,ibush@example.net,2024-07-14,Austria
7810,Karen Patel,smurphy@example.org,2023-03-07,New Caledonia
7811,Kimberly Bishop,nancy66@example.com,2024-02-15,Guadeloupe
7812,Adam Medina,nelsonvalerie@example.net,2024-11-24,Niue
7813,Brandon Washington,bennettdaniel@example.net,2023-05-22,Guyana
7814,Andrea Medina,ekirk@example.org,2024-04-01,Mozambique
7815,Luis Perry,maria70@example.org,2024-10-03,United States of America
7816,Catherine Madden,avilajames@example.org,2024-09-29,Cape Verde
7817,Jerry Gutierrez,nrodriguez@example.net,2022-11-11,Yemen
7818,Mr. Jerry Bradley,gutierrezelizabeth@example.org,2023-03-24,Puerto Rico
7819,Aaron Smith,james33@example.org,2024-11-17,Nepal
7820,Bryan Alexander,whitakertiffany@example.org,2023-05-15,Costa Rica
7821,Julia Navarro,jack20@example.com,2022-08-23,Namibia
7822,Matthew Ferrell,vernon75@example.com,2023-06-10,Malawi
7823,Dustin Cook,lucasryan@example.com,2022-11-27,Sweden
7824,Alicia Hays,christopher70@example.com,2025-07-15,British Virgin Islands
7825,Tracie Bernard,ohoffman@example.com,2023-09-06,Moldova
7826,Timothy Sims MD,johnsondavid@example.net,2024-03-08,Cocos (Keeling) Islands
7827,Carl Small,randallroberts@example.net,2022-12-09,Cayman Islands
7828,Thomas Martinez,kbaldwin@example.net,2025-03-17,Eritrea
7829,Adam Aguilar,alecnielsen@example.net,2024-01-21,Reunion
7830,Anthony Myers,bettyrogers@example.net,2022-09-30,Poland
7831,Christina Smith,lsmith@example.com,2023-01-06,Syrian Arab Republic
7832,Karen Green,ramosthomas@example.net,2024-08-19,Mayotte
7833,Ana Parker,nelsonbrett@example.com,2023-03-05,Iran
7834,Nicholas Maxwell,jameswhite@example.net,2025-06-29,Malawi
7835,Ricardo Anderson,shortandrea@example.com,2023-01-31,New Zealand
7836,Kathleen Briggs,michael59@example.org,2024-02-18,Czech Republic
7837,Lori Hernandez,cmiranda@example.com,2025-03-17,Bahrain
7838,Rebekah Bryant,jennifersmith@example.net,2024-07-13,Bulgaria
7839,Paul Brooks,hgutierrez@example.org,2024-07-10,Jersey
7840,Patrick Hernandez,angeladean@example.com,2024-10-01,Central African Republic
7841,William Cain,morenojerry@example.org,2025-04-29,Luxembourg
7842,Ashley Fisher,brenda59@example.net,2024-06-11,Togo
7843,Jason Harris,williewallace@example.com,2023-07-14,Kazakhstan
7844,Jon Stark,cooperbenjamin@example.com,2024-08-19,Honduras
7845,Christopher Chen DDS,ericasimon@example.org,2023-08-06,Kyrgyz Republic
7846,Heather Bell DDS,cruzcatherine@example.com,2023-04-26,Thailand
7847,David Stout,levi66@example.net,2024-10-22,Jersey
7848,Jennifer Ray,tyler64@example.com,2022-08-21,Moldova
7849,Adam Marquez,kelsey82@example.com,2024-07-03,Algeria
7850,Matthew Carroll,mariehernandez@example.net,2024-12-01,United Kingdom
7851,Rebecca Davis,wduran@example.com,2023-07-29,Bolivia
7852,Stephen Singh,leebrian@example.org,2023-10-14,Maldives
7853,Mr. Jesse Horton,maxwell06@example.net,2025-07-29,El Salvador
7854,Susan Brown,mfry@example.com,2022-10-15,Turkmenistan
7855,Tiffany Washington,sheila39@example.net,2022-08-23,Congo
7856,Daniel Rodriguez,cody97@example.net,2023-12-14,Benin
7857,Matthew Diaz,njordan@example.com,2022-10-11,Central African Republic
7858,Lauren Dickson,andersonkenneth@example.com,2025-04-27,Brazil
7859,Dr. Ruth Dalton DDS,bthomas@example.com,2024-05-04,Christmas Island
7860,Abigail Ellis,jacqueline92@example.net,2023-04-07,Maldives
7861,Joshua Singh,carmenyork@example.com,2023-09-16,Afghanistan
7862,Randy Scott,rojaselizabeth@example.org,2023-10-23,Equatorial Guinea
7863,Robert Taylor,stephen10@example.net,2023-03-06,Eritrea
7864,Gabrielle Robinson,afigueroa@example.org,2023-09-21,Palau
7865,Gregory Atkinson,wchapman@example.org,2023-01-17,Antarctica (the territory South of 60 deg S)
7866,Jesus Jones,theresa49@example.net,2024-05-08,Montserrat
7867,Holly Werner,eric58@example.org,2025-03-01,Belgium
7868,Cynthia Mckinney,john40@example.org,2023-09-06,Egypt
7869,Danielle Li,moyertimothy@example.net,2024-09-02,Gibraltar
7870,Jonathan Walsh Jr.,david34@example.com,2024-09-14,Cayman Islands
7871,Heather Gregory,armstrongapril@example.com,2024-02-26,El Salvador
7872,Andrew Hayes,adamsmatthew@example.com,2025-08-16,Liechtenstein
7873,Rachael Mays,michael46@example.net,2023-04-30,Ukraine
7874,Alex Hayes,kimberly66@example.com,2022-12-10,Central African Republic
7875,Martha Lewis,clarkechristina@example.com,2023-06-23,Armenia
7876,Dennis Alvarez,chenmelissa@example.org,2025-01-09,Myanmar
7877,Ricardo Coleman Jr.,qgoodwin@example.org,2023-02-21,French Guiana
7878,Rebecca Fischer,brandon74@example.com,2024-08-30,Cote d'Ivoire
7879,Miranda Morton,zbrown@example.org,2023-08-09,Germany
7880,Debra Boyd,mitchellbanks@example.net,2024-03-08,Solomon Islands
7881,Beth Phillips,klam@example.net,2023-02-07,Botswana
7882,Carl Garza,noblebradley@example.net,2024-05-05,Dominica
7883,James Krueger,omelton@example.net,2024-03-31,Turkmenistan
7884,Andrea Dickerson,mooremakayla@example.net,2025-06-23,American Samoa
7885,Steven Durham,kimberlycampbell@example.net,2024-05-09,Syrian Arab Republic
7886,Eric Pruitt,scampbell@example.org,2024-05-05,Burkina Faso
7887,Jeffrey Green,collierrobert@example.com,2025-05-29,Cambodia
7888,Kerry Cardenas,bmorton@example.net,2023-06-11,Jordan
7889,George Navarro,margaretberry@example.net,2025-05-28,Comoros
7890,Diane Decker,robertsimpson@example.com,2024-10-04,Cote d'Ivoire
7891,Madison Simpson,nelsonmisty@example.net,2023-07-02,Mali
7892,Rebecca Stewart,bhinton@example.org,2023-10-25,Norfolk Island
7893,Matthew Thornton,camposstephanie@example.com,2024-07-23,Georgia
7894,Nathan French,daniel65@example.net,2024-07-18,Saint Helena
7895,David Griffin,wellsdaniel@example.com,2024-06-02,France
7896,Melissa Sparks,alexanderhenry@example.org,2025-02-23,Gabon
7897,Edward Gutierrez,hansonandre@example.com,2022-12-13,Martinique
7898,John Johnson,gdowns@example.net,2022-11-28,Andorra
7899,Brianna Huffman,thomasanthony@example.com,2024-12-17,Comoros
7900,Brittany Coleman,vincentharris@example.org,2025-05-13,Namibia
7901,Brandi Bond,angelabarker@example.com,2022-12-06,Saint Pierre and Miquelon
7902,Frank Avila,lopezthomas@example.com,2025-05-02,Portugal
7903,Mark Salazar,trhodes@example.net,2022-10-18,Andorra
7904,Michael Logan,pricejennifer@example.org,2023-11-11,Guinea-Bissau
7905,Kelly Willis,collinjohnson@example.com,2024-05-14,Kyrgyz Republic
7906,Marc Bradley,tomphillips@example.com,2022-10-22,Argentina
7907,Christy Zamora,amanda08@example.com,2023-01-22,South Africa
7908,Brittany Taylor,taylorwilliams@example.org,2023-11-18,Puerto Rico
7909,Brittany Mitchell,nguyencassie@example.com,2024-05-29,Madagascar
7910,Lisa Garcia,suttonjoshua@example.net,2023-04-30,Greenland
7911,Ryan Carpenter,dcrosby@example.net,2024-06-15,Kiribati
7912,Debbie Moss,dawn55@example.org,2024-01-04,Palau
7913,Kelly Fox,wrobertson@example.net,2025-03-01,Papua New Guinea
7914,Shawn Clark,santanajohn@example.org,2024-07-23,China
7915,Eric Rogers,abrock@example.org,2023-07-27,Sweden
7916,William Bowman,parksevan@example.org,2022-09-25,Germany
7917,Danielle Dixon,jacobscody@example.net,2023-02-07,Cayman Islands
7918,Maria Fitzgerald,mary31@example.org,2024-01-24,Guam
7919,Ronald Lewis,shawtheresa@example.org,2024-04-21,Venezuela
7920,Karen Adams,iballard@example.com,2025-03-31,Croatia
7921,Michele Stewart,bwatson@example.net,2023-03-09,Botswana
7922,Rachel Williams,brendarowland@example.net,2024-08-24,Mexico
7923,Monica Anderson,reyeschristopher@example.org,2025-05-27,Malaysia
7924,Kenneth Matthews,brooksdavid@example.net,2025-02-25,Turkmenistan
7925,Sherry Jennings,lisawaters@example.org,2025-05-14,Saint Helena
7926,Samantha Day,torresbrian@example.net,2024-09-19,Guinea-Bissau
7927,Linda Allen,josephdaniels@example.net,2022-10-08,Luxembourg
7928,John Pearson,tim19@example.net,2022-10-19,Seychelles
7929,Monica Smith,keithrenee@example.org,2022-10-18,Senegal
7930,Mrs. Amanda Hicks,michaelcooper@example.org,2023-12-24,Slovenia
7931,Bradley Ross,christinerivas@example.net,2023-03-13,Malawi
7932,Wendy Gates,lukebennett@example.net,2024-02-16,Ghana
7933,Sean Hernandez,nicholasedwards@example.org,2023-10-09,Guam
7934,Joseph Harris,ilynch@example.com,2022-12-16,United Arab Emirates
7935,Kelly Le,scott56@example.org,2023-02-17,Serbia
7936,Elizabeth Palmer,becky12@example.com,2023-11-02,Korea
7937,Patrick Stanley,amyadams@example.org,2025-08-13,Belize
7938,Elizabeth Goodman,bsanchez@example.org,2024-04-08,Gabon
7939,Michele Hunter,katherine30@example.com,2023-03-05,Burkina Faso
7940,Nicholas Smith,wstout@example.com,2023-01-16,Kuwait
7941,John Gillespie,pthompson@example.net,2023-08-27,El Salvador
7942,April Mccarty,joshua88@example.net,2024-01-20,French Polynesia
7943,Jose Nguyen,katie02@example.net,2024-03-24,Saint Barthelemy
7944,Scott Barnett,qcook@example.net,2024-12-19,New Caledonia
7945,Ricardo Shaffer,christopheresparza@example.com,2023-03-29,Guinea
7946,Tammy Chandler,ljenkins@example.org,2025-03-13,Saint Barthelemy
7947,Debra Wright,edward66@example.com,2025-03-29,Guinea
7948,Ashley Sherman,rodriguezrichard@example.net,2025-06-17,Albania
7949,Donald Everett,charlene58@example.net,2025-07-21,Guam
7950,Michael Patterson,vanessamartinez@example.net,2024-09-28,Norway
7951,Kyle Rosario,candaceconway@example.org,2022-12-10,Liechtenstein
7952,Melinda Carroll,michellevelazquez@example.com,2023-11-16,Equatorial Guinea
7953,Rhonda Martin,vjohns@example.net,2025-06-29,Botswana
7954,Brian Young,kaufmanerika@example.org,2023-05-26,Tonga
7955,Marc Hammond,vaguirre@example.com,2023-11-24,Sri Lanka
7956,Janet Mills,wbender@example.net,2025-01-10,Spain
7957,Miguel Bird,wroth@example.com,2024-01-18,Maldives
7958,David Salazar,hrichardson@example.com,2025-04-18,Saint Vincent and the Grenadines
7959,Elizabeth Hawkins,james86@example.net,2024-08-03,Jordan
7960,Christian Odonnell,huntanna@example.net,2023-04-25,French Guiana
7961,Michael Cook,tadams@example.org,2023-04-21,Haiti
7962,Mrs. Desiree Reid,christinacannon@example.net,2024-12-12,Pakistan
7963,Rachel Jackson DVM,jonesdavid@example.com,2025-01-15,Slovenia
7964,Christopher Vasquez MD,yvonnefoster@example.com,2023-06-07,Korea
7965,William Holt,wattsbrooke@example.org,2024-06-05,South Georgia and the South Sandwich Islands
7966,Michael Stephens,ywilson@example.com,2025-05-03,Sweden
7967,Catherine Hall,misty03@example.com,2023-10-24,Sudan
7968,Bryan Yoder,perezdeanna@example.com,2024-12-06,United Kingdom
7969,Sandra Vargas,leah93@example.com,2024-01-19,United States of America
7970,Amy Johnson PhD,lewisveronica@example.org,2024-03-08,Turks and Caicos Islands
7971,Virginia Miller,gnguyen@example.org,2022-10-27,Pakistan
7972,Brian Anderson,donald90@example.net,2025-02-05,Croatia
7973,Gregory Lewis,bradfordjoseph@example.com,2025-04-16,Denmark
7974,Jeanette Garza,garzabobby@example.org,2024-06-10,Somalia
7975,Nicholas Ortiz,carrilloalexis@example.com,2024-01-13,Guam
7976,Andrew Neal,qswanson@example.com,2023-02-21,Korea
7977,Angel Brock,bradyandrea@example.com,2025-05-30,Barbados
7978,Dr. Sabrina Scott,rwest@example.net,2022-10-16,Sudan
7979,Kenneth Olson,bwright@example.net,2024-02-09,United Arab Emirates
7980,Lisa Glass,wheelerdeborah@example.com,2024-04-17,Cyprus
7981,Carla Thomas,diana73@example.net,2023-11-12,British Indian Ocean Territory (Chagos Archipelago)
7982,Brian Wilson,ashleyali@example.net,2022-11-22,Korea
7983,Julia Evans,georgereyes@example.org,2023-03-03,Moldova
7984,Robert Robinson,leah10@example.com,2023-11-14,Sudan
7985,Monica Brown,wdouglas@example.net,2024-02-08,United States Minor Outlying Islands
7986,Nathaniel Mann,wagnerwalter@example.com,2023-02-23,Djibouti
7987,Alyssa Hayden,jonathanromero@example.com,2024-07-21,Uzbekistan
7988,Timothy Wallace,owarner@example.org,2023-11-19,Sudan
7989,Danielle Jones,roger19@example.org,2024-07-20,Falkland Islands (Malvinas)
7990,Marie Mcdaniel,maxrussell@example.com,2024-11-01,Turks and Caicos Islands
7991,Donna Vega,timothymorgan@example.net,2023-04-21,Nauru
7992,Zachary Turner,quinnmary@example.org,2024-06-24,Austria
7993,Zachary Goodman,vanessamurray@example.org,2023-01-14,Guyana
7994,Jeffrey Hall,byrdpatricia@example.org,2023-12-07,Bulgaria
7995,Jeffrey Martinez,cassandramorris@example.net,2023-09-22,Serbia
7996,Patricia Perez MD,mikaylapugh@example.org,2023-03-04,Trinidad and Tobago
7997,Savannah Chambers,walterbrown@example.com,2023-01-18,Tokelau
7998,Michael Jones,aaron49@example.net,2025-06-09,Fiji
7999,Justin Mckee,sandragutierrez@example.org,2024-05-26,Bolivia
8000,Jason Smith,tmarshall@example.org,2024-04-12,Argentina
8001,Ryan Parsons,vcowan@example.org,2022-08-31,South Africa
8002,Mary Griffith,willisjoseph@example.org,2022-11-16,Lesotho
8003,Kimberly Galloway,gstafford@example.org,2025-04-07,Ethiopia
8004,Christina Sanders,hlambert@example.net,2023-07-02,Falkland Islands (Malvinas)
8005,Jasmine Howard,pamelahines@example.org,2022-10-23,Poland
8006,Edwin Ball,diana28@example.net,2023-03-19,Isle of Man
8007,Lauren Simmons,rerickson@example.net,2025-07-10,Falkland Islands (Malvinas)
8008,Miguel Robertson,livingstoneugene@example.net,2023-10-18,Guatemala
8009,Patrick Horn,thall@example.com,2025-01-30,San Marino
8010,Diana Sanchez,kelsey63@example.com,2024-05-11,Armenia
8011,Cindy Sanders,taylorchristopher@example.net,2023-05-02,Tokelau
8012,Michelle Gray,kelly81@example.org,2025-06-23,Lithuania
8013,Cory Rose,byrdkevin@example.net,2024-09-18,Guam
8014,Brenda Alvarado,yyu@example.net,2022-09-10,Nicaragua
8015,Nathaniel Green MD,brittany32@example.com,2023-08-13,Iceland
8016,Timothy Walker,pcook@example.com,2024-06-04,Bahamas
8017,Dustin Strickland,matthew72@example.org,2023-05-12,Namibia
8018,Justin Graham,jamieharrell@example.org,2024-09-02,Benin
8019,Matthew Nicholson,bautistalarry@example.com,2024-06-01,Sweden
8020,Julian Smith,porterstephen@example.net,2023-06-19,Chile
8021,Leroy Williamson,fromero@example.org,2024-01-22,Tuvalu
8022,Colin King,fowlersabrina@example.org,2022-09-30,Anguilla
8023,Laura Freeman,hernandezkaren@example.net,2023-05-04,Nepal
8024,Kurt Mclean,gparker@example.com,2023-07-21,United Arab Emirates
8025,Kelly Lee,cooperbrittany@example.com,2022-08-29,Mexico
8026,Jennifer Spencer,marcus26@example.org,2025-02-12,Turks and Caicos Islands
8027,Brandon Garcia,dwilliamson@example.com,2025-06-27,Ireland
8028,Matthew Davenport,gregory28@example.org,2023-09-28,Japan
8029,Marcus Davis DDS,ryanvaldez@example.com,2023-08-29,Malawi
8030,Adrienne Anderson,floreshannah@example.org,2022-12-27,Ukraine
8031,Nancy Taylor,johnsonstephen@example.org,2022-12-03,Norway
8032,Andrew Woods,hdickson@example.com,2025-06-18,Wallis and Futuna
8033,Kerry Robinson,kevinwillis@example.org,2025-06-24,Switzerland
8034,Phillip Martinez,swilcox@example.com,2023-11-20,Costa Rica
8035,Douglas Camacho,longbilly@example.com,2024-02-05,Kiribati
8036,Donald Wilson,gloria28@example.net,2023-01-09,United Kingdom
8037,Justin Watkins,davidbishop@example.com,2024-08-02,Cayman Islands
8038,Katherine Ortiz,stevenroberts@example.com,2025-03-04,Sri Lanka
8039,Craig Russell,lgomez@example.net,2024-10-03,Italy
8040,Christina Snyder,judy80@example.com,2024-12-30,Marshall Islands
8041,Christy Phelps,uharris@example.net,2023-01-24,North Macedonia
8042,Belinda Soto,seth64@example.com,2024-03-07,Bulgaria
8043,Brandon Lowe,fbrandt@example.com,2025-05-28,Georgia
8044,Danielle Dorsey,kelleymichele@example.net,2023-11-19,Uruguay
8045,Justin Jenkins,idixon@example.org,2023-01-19,Anguilla
8046,Larry Smith,wadealexandra@example.net,2022-12-21,United Kingdom
8047,Judy Frederick,csherman@example.com,2025-04-28,Benin
8048,Edward Price,fdiaz@example.com,2023-10-02,Malawi
8049,William Moore,hardingmackenzie@example.com,2023-02-22,Chile
8050,Vanessa Brown,perryerik@example.net,2023-04-13,Ukraine
8051,Katelyn Rodriguez,fosterjason@example.org,2025-06-02,Sri Lanka
8052,Robert Moran,martindavid@example.org,2023-06-04,Uzbekistan
8053,Sarah Gonzales,megan47@example.com,2023-07-01,Mali
8054,Laurie Berry,hallrodney@example.net,2024-02-05,Germany
8055,Janice Parker,stevenrice@example.net,2024-10-01,Brunei Darussalam
8056,Kaitlyn Galvan,asalazar@example.com,2025-02-10,Gabon
8057,Jose Davenport,pwilliams@example.com,2023-01-17,Algeria
8058,Eric Hodges,jessicabrown@example.com,2024-05-19,Portugal
8059,Joy Lang,shanebrown@example.net,2022-09-23,Sri Lanka
8060,Kyle Hopkins,paulagonzalez@example.net,2023-11-15,Togo
8061,Matthew Taylor,wilsonmichelle@example.net,2025-07-24,United States of America
8062,Thomas Peters,sriley@example.net,2022-10-06,American Samoa
8063,Jennifer Smith,tina45@example.org,2023-10-04,Kuwait
8064,Shawn Jackson,pjones@example.net,2025-07-18,Brazil
8065,Juan Bass,jeremyquinn@example.net,2024-08-26,Western Sahara
8066,Danielle Warner,joshuajohnson@example.com,2023-08-26,Colombia
8067,Randall Rivera,tcobb@example.org,2025-03-04,Saint Martin
8068,Devin Baker,rhughes@example.com,2024-09-21,Cocos (Keeling) Islands
8069,Danielle Salazar,kenneth70@example.net,2025-05-08,Austria
8070,Matthew Nguyen,novakhenry@example.com,2023-06-01,Bahamas
8071,Donna Johnston,shawnlittle@example.net,2022-12-06,Martinique
8072,James Meyer,eugenetucker@example.com,2025-07-30,Belgium
8073,Daniel Mclaughlin,john83@example.com,2024-12-01,Palau
8074,Mary Ashley,susanshaw@example.com,2022-12-27,Nauru
8075,Kimberly Mathews,tgates@example.net,2023-01-29,Colombia
8076,Lisa Rodriguez,nhamilton@example.com,2024-03-29,Libyan Arab Jamahiriya
8077,Shelby Sharp,brennanlisa@example.org,2025-01-29,Iran
8078,Mark Welch,karen64@example.org,2023-11-23,Turkmenistan
8079,Tammy Serrano,bryan63@example.net,2023-05-14,Western Sahara
8080,Jared Tapia,bairdrachel@example.com,2024-07-24,Myanmar
8081,Derek Carlson,meghancoleman@example.org,2023-08-27,Sierra Leone
8082,Leslie Miller,sellersrobert@example.net,2023-09-03,Heard Island and McDonald Islands
8083,Thomas Smith,robertjohnson@example.com,2023-01-30,Chad
8084,Pamela Robinson,angiereed@example.org,2023-05-01,Singapore
8085,Robin Sanchez,christopherlamb@example.org,2022-11-01,Guam
8086,Eric Curtis,brooke23@example.com,2024-11-02,Algeria
8087,Brenda Chase,nancy38@example.org,2024-11-11,Kazakhstan
8088,Michael Williams,michelle80@example.net,2024-04-25,New Caledonia
8089,Michelle Duke,myersstephen@example.com,2023-06-11,Brunei Darussalam
8090,Megan Powers,dunnnicole@example.net,2024-09-04,Algeria
8091,Suzanne Anderson,fosterrebecca@example.net,2023-03-22,Belgium
8092,Joseph Martinez,julie53@example.com,2022-09-02,Greece
8093,Kayla Huffman,vmckay@example.org,2022-12-23,Paraguay
8094,Amy Morgan,morristimothy@example.com,2025-08-09,Belize
8095,Richard Jones,christopherbrown@example.org,2023-03-18,Bermuda
8096,Sharon Paul,cynthia89@example.net,2025-07-27,Lebanon
8097,Claudia Greene,brandonacosta@example.com,2023-05-04,Marshall Islands
8098,Michelle Williams,manuelnunez@example.org,2023-10-04,Austria
8099,Heather Cabrera,ashleytaylor@example.net,2024-03-04,Swaziland
8100,Michelle Baker,joseph57@example.org,2023-08-09,Zimbabwe
8101,Christine Werner,christopher38@example.net,2022-08-28,Taiwan
8102,Katherine Huang,kimberly68@example.net,2025-01-25,Peru
8103,Andrew Miles,paula49@example.com,2023-04-13,Netherlands Antilles
8104,Terri Goodwin,jennathompson@example.net,2024-01-21,Mexico
8105,Keith Yang,tpetty@example.org,2024-11-16,Italy
8106,Candice Thomas,mathismelissa@example.net,2023-03-26,Reunion
8107,Jacob Matthews,simmonsmichael@example.com,2025-02-21,Norfolk Island
8108,Jesse Berry,watsondarren@example.net,2024-05-05,Guernsey
8109,Anna Krueger,creyes@example.net,2025-05-26,Tajikistan
8110,Wayne Murray,penningtonlisa@example.net,2022-10-22,Northern Mariana Islands
8111,Veronica Steele,andersonkaren@example.net,2024-10-01,Guyana
8112,Brett Richard,ucoleman@example.com,2023-07-04,Isle of Man
8113,Chase Wright,james97@example.net,2024-12-27,Macao
8114,Gina Clark,burchtina@example.net,2024-05-27,Colombia
8115,Leah Ray,wilsonamanda@example.com,2022-09-15,Singapore
8116,Emily Martinez,woodardmichelle@example.com,2022-11-02,Switzerland
8117,Blake Dodson,linda35@example.com,2024-05-28,Anguilla
8118,Pamela Jackson,monicaramirez@example.net,2024-09-26,Brazil
8119,Gary Choi,isabel53@example.com,2022-10-05,Hong Kong
8120,Jacob Fitzpatrick,anthony02@example.com,2024-09-04,Portugal
8121,Elizabeth Barber,christopher49@example.net,2024-09-28,Macao
8122,Mr. Michael Martinez,tayloramy@example.org,2023-04-27,Sudan
8123,Patricia Johnston,jocelynmaddox@example.net,2023-08-01,Dominican Republic
8124,Jason Frank,amberpitts@example.net,2025-03-24,United States of America
8125,Crystal Howell,cynthia91@example.org,2024-10-23,Norway
8126,Lisa Williams,erin55@example.org,2023-12-01,British Indian Ocean Territory (Chagos Archipelago)
8127,Dana Parker,warrenkevin@example.net,2025-05-06,Brazil
8128,Jessica Proctor,jasmine69@example.net,2024-05-25,New Caledonia
8129,Kevin Johnson MD,debrachase@example.net,2025-02-27,Martinique
8130,Katherine Clarke,christinethompson@example.net,2024-07-13,Bulgaria
8131,Lisa Rose,fhall@example.net,2025-07-26,Jamaica
8132,Amber Mayo,kellytammy@example.net,2025-06-22,Montenegro
8133,Michael Edwards,vsmith@example.com,2022-08-23,Dominican Republic
8134,David Burton,richardwright@example.org,2023-08-12,Saint Helena
8135,Nicholas Pearson,howellsharon@example.com,2024-04-08,Slovakia (Slovak Republic)
8136,Dawn Christensen,mark57@example.net,2024-12-02,Thailand
8137,Jeffrey Graves,smontes@example.net,2024-12-04,Liechtenstein
8138,Katelyn Williams DDS,douglasfranco@example.com,2025-03-22,Indonesia
8139,Pam Boyd,zachary98@example.com,2024-06-19,Vietnam
8140,Mrs. Lisa Ware,john69@example.com,2023-04-08,Saint Barthelemy
8141,Gavin Russell,howardnicholas@example.org,2024-11-27,Saint Pierre and Miquelon
8142,Ariel Jones,ubennett@example.net,2024-02-06,Ghana
8143,Aaron Jordan,fanderson@example.com,2023-02-08,Guernsey
8144,Diane Yoder,qpennington@example.com,2023-05-12,Togo
8145,Kimberly Davis,psmith@example.com,2023-06-29,French Guiana
8146,Abigail Gomez,angelamartin@example.net,2024-07-28,Armenia
8147,Jay Ross,gjackson@example.org,2023-07-26,Reunion
8148,Travis Conway,benjaminlozano@example.org,2022-12-06,Iraq
8149,Kimberly Edwards,katelyn65@example.com,2023-08-19,Ethiopia
8150,Emma Robinson,jose95@example.org,2023-04-02,Chad
8151,Maria Johnson,brittany44@example.net,2024-05-17,Georgia
8152,Matthew Wilson PhD,jonescraig@example.org,2024-05-24,Saint Vincent and the Grenadines
8153,Priscilla Mendez,alexiscopeland@example.com,2022-09-03,Papua New Guinea
8154,Jennifer Lane,ylucas@example.net,2023-02-17,Greenland
8155,Karen Mueller,antonio20@example.org,2023-11-15,United Arab Emirates
8156,Jamie Frazier,frederickmegan@example.org,2022-12-20,Germany
8157,Jessica Smith,ryan38@example.net,2022-09-25,Sao Tome and Principe
8158,Kara Lewis,simmonssabrina@example.net,2025-02-13,Luxembourg
8159,Dylan Lindsey,hmartinez@example.org,2024-09-30,Isle of Man
8160,Felicia Johnson,frederickbradley@example.net,2025-02-22,Portugal
8161,Penny Rojas,cadams@example.org,2024-12-09,French Polynesia
8162,Morgan Mcdowell,ashley23@example.org,2024-10-14,Lesotho
8163,Victoria Woods,ramirezbrandon@example.com,2023-08-03,Maldives
8164,Mark Jones,kathy51@example.net,2024-08-24,Zimbabwe
8165,Lisa Tanner,janetsteele@example.com,2023-09-03,Macao
8166,Russell Meyer,anthonysmith@example.com,2025-05-30,British Virgin Islands
8167,Leslie Obrien,smithjulie@example.com,2023-09-26,Benin
8168,Joseph Tate,othompson@example.com,2024-08-06,North Macedonia
8169,Wendy Hodge,penaelaine@example.net,2025-04-08,Mongolia
8170,Laura Williamson,jonesdylan@example.com,2025-08-13,Mongolia
8171,John Rodriguez,kelliott@example.com,2022-11-08,Mongolia
8172,Shane Houston,andrewschase@example.org,2025-01-27,Albania
8173,Glenn Heath,flemingtravis@example.net,2024-11-29,Vietnam
8174,Mark Weaver,sancheztammy@example.net,2024-09-27,Palestinian Territory
8175,Alan Chavez,xcox@example.com,2023-11-03,Lebanon
8176,Elizabeth Collins,michaelmiller@example.org,2024-12-02,Turkmenistan
8177,Danny Golden,craig05@example.com,2025-03-12,Latvia
8178,Jacob Spears,fmoore@example.org,2023-01-25,Lithuania
8179,Shelby Hardin,cochrancharles@example.net,2025-02-19,Lithuania
8180,Autumn Hall DDS,denise40@example.org,2024-08-30,Ukraine
8181,James Martinez,ronald40@example.net,2025-07-05,Armenia
8182,Kelly Klein,andrewskinner@example.org,2025-07-27,Afghanistan
8183,Heather Norris,christopher15@example.org,2025-02-08,Jordan
8184,Riley Duncan,lambertriley@example.org,2023-05-15,Afghanistan
8185,Beth Mcdaniel,coliver@example.com,2024-12-12,Paraguay
8186,Jeremy Wong,framsey@example.net,2024-11-23,Montserrat
8187,Autumn Suarez,grich@example.com,2022-08-27,Oman
8188,Katherine Foster,wellstimothy@example.org,2022-12-28,Dominica
8189,Tara Collier,beth25@example.net,2022-11-22,China
8190,Gary Oneal,christophermiller@example.com,2023-05-03,Norway
8191,Madison Wallace,adamsbryan@example.com,2025-03-14,Guatemala
8192,Melissa Maddox,jonathan09@example.net,2024-04-21,Croatia
8193,Christina Wallace,robertthompson@example.org,2022-09-14,Samoa
8194,Cindy Rogers,savannahsandoval@example.com,2023-07-07,Rwanda
8195,Regina Marsh,patelrobert@example.net,2023-10-01,Morocco
8196,Amber Saunders,carolmendez@example.com,2023-11-01,Dominica
8197,Sara Horton,bethmarshall@example.net,2023-08-02,Philippines
8198,Marcus Livingston,sgonzalez@example.net,2023-03-27,Cyprus
8199,Aaron Ramirez,joe16@example.org,2024-05-28,British Indian Ocean Territory (Chagos Archipelago)
8200,Cynthia Keller,amanda59@example.org,2024-12-28,Marshall Islands
8201,Denise Wyatt,dharvey@example.org,2025-02-22,Uzbekistan
8202,Kenneth Waller,willisjason@example.org,2025-05-27,Ecuador
8203,Robert Chapman,alison69@example.org,2024-05-12,New Zealand
8204,Mrs. Melinda Nelson DDS,debbie66@example.com,2025-07-25,Somalia
8205,Margaret Johnson,schristian@example.com,2023-01-31,Netherlands Antilles
8206,Peter Jackson,duncanmatthew@example.net,2024-09-19,Japan
8207,Timothy Patterson,tylerpeterson@example.com,2023-03-14,Dominican Republic
8208,Eric Young,michael55@example.org,2023-10-21,Poland
8209,Michele Evans,khernandez@example.org,2024-07-27,Guinea-Bissau
8210,Sandra Key,christophergreen@example.com,2025-04-02,Bouvet Island (Bouvetoya)
8211,Jeremy Long Jr.,hgomez@example.com,2023-07-14,Nauru
8212,Linda Cortez,benjamin98@example.net,2023-05-14,Chile
8213,Jessica Fox,john18@example.org,2023-10-23,Albania
8214,Dennis Grant,patriciaburton@example.org,2024-07-09,Philippines
8215,Christopher Miller,marilyn09@example.com,2023-02-25,China
8216,Crystal Miller,barnesebony@example.org,2025-04-22,South Georgia and the South Sandwich Islands
8217,Kari Bird,tmalone@example.net,2023-12-09,Saint Martin
8218,Colton Murphy,stephanie25@example.net,2023-11-15,Iraq
8219,Derek Mercado,vanessa88@example.com,2024-03-04,Saint Vincent and the Grenadines
8220,Steven Russo,silvamolly@example.com,2024-07-08,Mongolia
8221,Alexandria Hanna,qjames@example.org,2023-01-11,Pitcairn Islands
8222,Jared Escobar,gtaylor@example.net,2024-08-26,Antarctica (the territory South of 60 deg S)
8223,Adrienne Weaver,harrisjennifer@example.com,2025-01-21,Dominica
8224,Paul Gallagher,ehill@example.net,2025-06-04,Saint Helena
8225,Brittany Powell,richardtorres@example.org,2024-06-24,Sao Tome and Principe
8226,Regina Morrison,jennifer69@example.net,2024-11-22,Montenegro
8227,Lori Garcia,meganvargas@example.net,2022-11-29,Togo
8228,Ian Odom,brandon95@example.net,2023-04-11,Saint Helena
8229,Kevin Mercer,harry70@example.org,2024-01-30,Wallis and Futuna
8230,Julia Williams,johnmcgrath@example.com,2024-12-30,Syrian Arab Republic
8231,Toni Davis MD,walter37@example.org,2024-07-15,Spain
8232,Jose Moss,tiffanykelley@example.net,2025-05-31,Belize
8233,Angelica Bryant,ellishoward@example.net,2024-07-10,Nigeria
8234,Kristy Schmidt,rjohnson@example.net,2023-03-01,Hungary
8235,Peter Bass,patrick66@example.net,2022-11-12,Mexico
8236,Jeremy Pearson,markhess@example.com,2024-10-06,United Arab Emirates
8237,Patricia Gibson,theresajohnson@example.net,2023-07-29,Turkmenistan
8238,Erin Shaffer,jefferycook@example.org,2023-03-12,Benin
8239,Laura Jones,reidjulian@example.com,2023-12-25,Netherlands
8240,Madison Ross,mullinschristopher@example.net,2024-09-03,Kuwait
8241,Ashley Sullivan,hsmith@example.net,2023-06-06,Lebanon
8242,Jeffrey Lewis,nicole96@example.net,2023-03-27,Norway
8243,Christopher Ward,allentaylor@example.com,2022-12-18,Kuwait
8244,Jason Smith,philip96@example.com,2024-01-19,Monaco
8245,Lauren Zimmerman,tylerkenneth@example.org,2024-12-20,Uzbekistan
8246,Charles Flores,sarah02@example.net,2025-01-28,French Polynesia
8247,Brandy Mason,kyleburke@example.com,2024-03-08,Palestinian Territory
8248,Michael Mitchell,diaztiffany@example.com,2024-04-02,Zimbabwe
8249,Allison Mcpherson,gilledward@example.com,2025-04-29,Slovakia (Slovak Republic)
8250,Justin Garcia,diane56@example.org,2024-09-25,Slovenia
8251,Robert Price,lisawilliams@example.org,2024-09-13,Hungary
8252,Veronica Gonzales,carlosgoodman@example.net,2023-04-06,Nauru
8253,Cynthia Martinez,fchen@example.org,2023-11-12,Turkey
8254,Heather Copeland,monica82@example.org,2024-01-01,Malaysia
8255,Robert Ayala,uthompson@example.org,2025-06-12,Jordan
8256,Dana Mason,jacobgriffin@example.net,2024-12-20,Cuba
8257,Ana Powell,andrea90@example.com,2023-08-24,Gibraltar
8258,Joshua Brown,andrewbell@example.net,2023-01-13,Mexico
8259,Michelle Henderson,elijahmccoy@example.org,2023-04-20,Uruguay
8260,Jordan Saunders,zachary11@example.org,2023-02-01,Martinique
8261,Theresa Sutton,lruiz@example.org,2023-05-06,Falkland Islands (Malvinas)
8262,Adam Atkins,gregg22@example.org,2025-06-04,Vanuatu
8263,Derrick Bowen,jeffreybaker@example.com,2025-05-21,Portugal
8264,John Lopez,marissa16@example.net,2023-03-14,Guernsey
8265,Jacob Ware,hicksronald@example.net,2022-08-22,Uruguay
8266,Philip Gaines,mitchelltodd@example.net,2023-08-31,Romania
8267,Paul Valdez,robinsonapril@example.org,2024-12-24,Tokelau
8268,Christopher Smith,carl19@example.com,2024-04-03,Korea
8269,Kelli Mcbride,reyesjames@example.com,2023-02-23,Norfolk Island
8270,Michael Rubio,xrivas@example.org,2023-11-26,Vietnam
8271,John Stephens,carol90@example.org,2025-03-28,Mauritania
8272,Michael Johnson,johnsonjacob@example.net,2024-11-20,Micronesia
8273,Kara Simmons,erinjones@example.org,2022-11-21,Nauru
8274,Timothy Bishop,montgomerybonnie@example.org,2022-10-14,Netherlands
8275,John White,rkelly@example.org,2025-04-16,Cayman Islands
8276,Christy Aguirre,krystalday@example.com,2025-01-01,Spain
8277,Anna Phillips,jarias@example.com,2023-09-07,Lesotho
8278,Pamela Cox,angelagriffin@example.net,2023-05-09,Netherlands Antilles
8279,Michaela Lowery,martinezanthony@example.org,2022-09-13,Christmas Island
8280,Frederick Schneider,brandiyoung@example.com,2023-03-07,Canada
8281,Alicia Frederick,graysandra@example.org,2023-02-25,Israel
8282,Steven Marshall,thomascole@example.org,2025-04-11,Cambodia
8283,Steven Watkins,gshea@example.net,2022-09-23,Burkina Faso
8284,Tamara Cummings,hunterbuck@example.com,2024-08-25,United States of America
8285,Jason Garcia,shawleah@example.org,2023-02-25,Faroe Islands
8286,Adam Nichols,maxrussell@example.org,2023-02-24,South Africa
8287,Angela Hale,parkjames@example.net,2023-06-01,United Arab Emirates
8288,Bailey Martinez,millersamantha@example.com,2022-11-22,Samoa
8289,Howard Williams,lisa86@example.com,2023-12-27,Russian Federation
8290,Martha Mendoza,taragarcia@example.com,2025-03-11,Svalbard & Jan Mayen Islands
8291,Karen Wagner,michael20@example.org,2024-10-18,Tonga
8292,Joanna Carter,mitchellnatalie@example.org,2023-08-16,Pitcairn Islands
8293,Brandon Lewis,smurphy@example.com,2025-08-09,French Guiana
8294,Robert Ross,manuel13@example.org,2023-01-20,Belarus
8295,Whitney Barton,lorrainehansen@example.org,2023-12-26,Syrian Arab Republic
8296,Omar Farmer,brownbrandon@example.com,2024-08-24,Christmas Island
8297,Meghan Hodge,kristybond@example.com,2024-04-26,Mauritius
8298,Miguel Elliott,edwardhicks@example.com,2025-06-19,Isle of Man
8299,Nicholas Gibson,adamcastro@example.com,2025-01-28,Saint Kitts and Nevis
8300,Jason Martin,christina22@example.com,2024-12-16,Gabon
8301,Victoria Mcgrath,evan51@example.com,2023-01-24,Jersey
8302,Andrew Randall,kenneth63@example.com,2023-09-13,Niger
8303,Carlos Harvey,colemanthomas@example.net,2024-09-02,Svalbard & Jan Mayen Islands
8304,Patrick Rose,smithsean@example.net,2023-09-24,Maldives
8305,Timothy Soto,wgraves@example.com,2022-12-07,Cayman Islands
8306,Joy Smith,bhatfield@example.com,2024-12-24,Korea
8307,Andrew Ryan,mstark@example.com,2024-11-30,Belize
8308,Rachel Perkins,bobcameron@example.org,2025-07-29,Azerbaijan
8309,Michael Walker,hwilson@example.net,2025-02-27,Trinidad and Tobago
8310,Brittany Smith,dixonmatthew@example.com,2025-04-05,Netherlands
8311,Michael Benton,kelseylogan@example.org,2022-09-04,Iran
8312,Elizabeth King,elizabeth57@example.net,2023-04-03,Seychelles
8313,Monique Park,kimberly53@example.org,2023-11-23,Saint Vincent and the Grenadines
8314,Jonathan Lopez,lauramontgomery@example.org,2025-03-21,Niger
8315,Todd Gomez,lkemp@example.com,2024-04-13,Switzerland
8316,Jeffrey Nielsen,wolfepeter@example.org,2025-06-24,Qatar
8317,Dylan David,jthompson@example.com,2024-05-06,Saint Kitts and Nevis
8318,John Miller,sherry27@example.org,2022-08-27,Comoros
8319,Michael Schmidt,hwilliams@example.org,2024-07-07,United Kingdom
8320,Ethan Vargas,daniel09@example.net,2022-09-27,Uzbekistan
8321,Cathy Foster,frankrogers@example.net,2024-09-18,Afghanistan
8322,David Harris,broth@example.org,2024-11-11,Cote d'Ivoire
8323,Tina Mathews,cathycohen@example.com,2023-09-27,Netherlands Antilles
8324,Nancy Stephenson,daniel66@example.net,2023-04-10,Guadeloupe
8325,Daniel Thompson,martinezdana@example.com,2023-02-17,Guam
8326,Catherine Shaw PhD,njohnson@example.net,2025-05-02,Cambodia
8327,Angela Clark,kellilevine@example.org,2024-06-13,Guatemala
8328,Rebecca Edwards,martinscott@example.org,2024-04-16,Zambia
8329,Nicholas Anderson,awilkerson@example.org,2024-02-22,Saudi Arabia
8330,Felicia Booker,victoria68@example.org,2022-12-28,Dominica
8331,Shane Watson,kirbytimothy@example.net,2023-02-20,Chad
8332,Eric Branch,vsmith@example.net,2025-06-02,India
8333,Brenda Rodriguez,beckerjoshua@example.net,2022-11-24,Togo
8334,Jennifer Carey,newmanmartin@example.com,2022-11-21,Saint Barthelemy
8335,Ashley Fuentes,donnawoods@example.org,2023-11-01,United States of America
8336,Alexis Ochoa,kevin88@example.org,2024-03-18,United States of America
8337,Patricia Jackson,robertsoncindy@example.org,2023-11-20,United Kingdom
8338,Daniel Little,tjackson@example.com,2024-11-22,Barbados
8339,Brooke Kelley,michaelriddle@example.com,2024-09-04,France
8340,Ashley Wade,fcoffey@example.net,2023-08-02,Niue
8341,Harold Sanford,jefferybennett@example.com,2022-11-07,Cook Islands
8342,Bradley Smith,henrymay@example.org,2023-07-23,Malawi
8343,Joel Sampson,morriselizabeth@example.org,2025-05-25,Mongolia
8344,Brittany Howe,smithmatthew@example.org,2025-02-22,Antarctica (the territory South of 60 deg S)
8345,Tiffany Johnson,josephmichael@example.net,2023-06-09,Jordan
8346,James Hanson,rgraham@example.net,2023-04-19,Bahrain
8347,Gregory Conrad,qharding@example.net,2024-08-25,Burundi
8348,Charles Williams,suzannewu@example.com,2024-04-06,Liberia
8349,James Snow,munozchristopher@example.org,2024-07-21,Wallis and Futuna
8350,Jessica Cooper,karenglass@example.com,2024-01-26,Honduras
8351,Evelyn Scott,jessica81@example.net,2025-08-04,Switzerland
8352,Roger Ryan,johnchavez@example.org,2023-04-28,Bulgaria
8353,Joshua Baker,jeremy94@example.org,2024-11-20,Mali
8354,Erica Patterson,joel18@example.com,2024-05-09,Netherlands
8355,Connie Adams,sperry@example.org,2024-09-19,Haiti
8356,Kathy Aguirre,michaelyoung@example.org,2024-01-25,Trinidad and Tobago
8357,Chad Manning,tracyjohnson@example.com,2023-01-13,China
8358,Danielle Lee,richardunderwood@example.org,2025-05-31,Thailand
8359,Loretta Mitchell,barrybrian@example.com,2022-09-22,Turkey
8360,John Davis,kyle17@example.com,2023-11-26,Korea
8361,Kaitlin Johnson,zsmith@example.net,2025-02-16,Netherlands Antilles
8362,Dylan Dawson,autumnrice@example.com,2024-06-05,Netherlands
8363,Timothy Parker,jose05@example.com,2022-09-04,Lebanon
8364,Jennifer Ward,fergusonellen@example.org,2022-12-23,Saint Kitts and Nevis
8365,Regina Horton,pcruz@example.net,2024-12-07,Cambodia
8366,Diana Murillo,susangutierrez@example.net,2023-03-06,Zimbabwe
8367,Benjamin Hawkins,ugray@example.org,2023-03-09,Faroe Islands
8368,Brad Ortiz,lrichmond@example.net,2023-03-11,Guatemala
8369,Alyssa Harrell,christopher53@example.org,2023-08-10,Albania
8370,Pamela Daniels,carolinetorres@example.org,2023-10-09,Cyprus
8371,Kathryn Young,lopezkenneth@example.net,2023-02-28,Dominica
8372,Angela Davis,jessicadean@example.org,2024-01-19,Cambodia
8373,Jennifer Frank,melissa59@example.org,2024-03-28,Congo
8374,Sarah Leonard,timothy39@example.org,2024-10-09,Eritrea
8375,Emily Rasmussen,teresa15@example.com,2023-10-27,Korea
8376,Timothy Ryan,robertstuart@example.com,2022-10-13,Angola
8377,Haley Summers,dali@example.com,2024-12-28,Mongolia
8378,Rebecca Walker,kristinclark@example.net,2025-01-15,Kiribati
8379,Sandra Tucker,benjamin85@example.com,2023-06-04,Germany
8380,Ellen Dickson,justin13@example.net,2024-09-02,Cyprus
8381,David Hughes,dan40@example.com,2023-01-08,Trinidad and Tobago
8382,Stephanie Jones,james13@example.com,2022-10-27,New Caledonia
8383,Christina Hull,guerrajessica@example.org,2023-09-19,Myanmar
8384,Keith Whitaker,grantangela@example.org,2024-04-30,Pakistan
8385,Jennifer Myers,butlervincent@example.net,2025-08-12,Barbados
8386,Joel Williams,mhill@example.com,2023-07-15,Serbia
8387,Kelly Jackson,kiddstephanie@example.com,2024-08-08,Samoa
8388,Yvonne Banks,selena32@example.org,2025-04-15,Romania
8389,Amanda Crane,matthewbryant@example.com,2025-04-06,Tajikistan
8390,Emily Sutton,richardslaurie@example.com,2025-06-30,Barbados
8391,Scott Lopez,nmills@example.com,2023-03-15,Dominican Republic
8392,Jody Hunter,thill@example.org,2022-08-28,Panama
8393,Sheryl Lewis,murraymichael@example.com,2024-05-03,Mali
8394,Rhonda Hartman,imontgomery@example.net,2023-02-18,Paraguay
8395,Shannon Carrillo,teresavalentine@example.com,2024-10-17,Dominica
8396,Sabrina Ortiz,kaiserrichard@example.org,2025-04-08,Antarctica (the territory South of 60 deg S)
8397,Erica Reid,richard12@example.net,2024-06-08,Bulgaria
8398,Brian Andersen,hannahhiggins@example.com,2025-06-29,Grenada
8399,Megan Mcclain,harveysarah@example.org,2025-06-14,Kuwait
8400,Amy James,tterrell@example.com,2023-05-01,Guam
8401,Victoria Cobb,fsalas@example.net,2024-01-03,Mongolia
8402,Lauren Paul,justin27@example.net,2025-08-13,Sao Tome and Principe
8403,Rachel Bryant,dmoody@example.net,2024-02-26,Gambia
8404,Elizabeth Morris,javier43@example.org,2023-12-23,Zambia
8405,Christopher Keller,harold51@example.org,2024-08-29,Reunion
8406,James Lopez,zcruz@example.net,2025-01-09,San Marino
8407,Rebekah Lopez,parkerjohn@example.net,2025-05-04,Czech Republic
8408,Robert Duncan,donald99@example.net,2023-05-02,Christmas Island
8409,Stacy Johnson,susan87@example.net,2024-11-20,Barbados
8410,Walter Griffith,edwintaylor@example.net,2023-06-09,Iran
8411,Miss Crystal Clark,olsenjason@example.net,2023-03-28,Tuvalu
8412,Mr. Steven Hayden,maryspencer@example.org,2023-12-02,China
8413,Cynthia Griffin,jonathanhorne@example.com,2023-11-07,Mayotte
8414,Pamela Ortiz,steeledouglas@example.net,2024-11-28,Reunion
8415,Stephanie Bond,markhuffman@example.org,2023-08-19,Guam
8416,Nancy Strong,clinton05@example.com,2025-05-04,Uruguay
8417,Lance Crawford,hamptonjasmine@example.com,2024-05-20,Egypt
8418,John Wilkinson,klinealbert@example.com,2024-04-09,Falkland Islands (Malvinas)
8419,Christina Montgomery,daniellee@example.com,2025-03-23,North Macedonia
8420,Susan Shaw,edwardrodriguez@example.com,2024-04-04,Oman
8421,Kathryn Fisher,harrissandra@example.org,2024-08-31,Central African Republic
8422,Phillip Gross,rhodestheresa@example.org,2023-09-07,Ukraine
8423,Steven Richardson,bentleyfelicia@example.com,2022-08-21,Wallis and Futuna
8424,Maria Hill,rgrimes@example.com,2023-02-20,Egypt
8425,Karen White,misty40@example.com,2023-02-03,Ukraine
8426,Kevin Barker,victoria44@example.com,2025-06-10,Kiribati
8427,Daniel Robbins,barbaraolson@example.net,2024-04-19,Saint Martin
8428,Catherine Myers,yclark@example.org,2024-02-23,Belize
8429,Charles Garrett,stephanie60@example.org,2022-11-04,British Indian Ocean Territory (Chagos Archipelago)
8430,Jason Tucker PhD,salazarteresa@example.org,2025-04-04,Mongolia
8431,Lisa Bullock,anthony81@example.net,2025-01-30,Solomon Islands
8432,Mark Burke,qvazquez@example.net,2023-02-28,Suriname
8433,Lee Barron,ajones@example.net,2024-07-26,Vanuatu
8434,Rita Coleman,brandon07@example.com,2023-08-29,Barbados
8435,Bethany Richardson,yhiggins@example.com,2023-12-31,Ghana
8436,Dawn Lindsey DDS,aprilboyd@example.net,2022-12-02,British Indian Ocean Territory (Chagos Archipelago)
8437,David Sims,hayesbrian@example.com,2022-12-31,Tunisia
8438,Evelyn Boyd,cherylellis@example.net,2025-05-20,Trinidad and Tobago
8439,Ryan Young,kyliedavis@example.com,2023-03-07,Angola
8440,Nancy Campbell,ethan17@example.net,2024-10-31,Guadeloupe
8441,Alicia Preston,christine57@example.com,2023-03-17,Niger
8442,Christopher Brennan,yferguson@example.org,2023-12-13,Falkland Islands (Malvinas)
8443,Andrea Barnes,jfowler@example.net,2025-07-08,Korea
8444,Jerry Myers,matthew39@example.net,2025-06-25,Spain
8445,Paul Baldwin,zhensley@example.com,2023-04-11,Estonia
8446,Melissa Richardson,amber86@example.com,2024-05-17,Mauritania
8447,Scott Harris,derek45@example.net,2023-04-19,Iceland
8448,Alexa Cook,alicia55@example.net,2025-06-30,Guyana
8449,Michael Barnes,amandafox@example.org,2025-01-02,Malawi
8450,Mary Delacruz,kthompson@example.net,2025-06-04,Montserrat
8451,Alexandria Stevenson,blairjay@example.net,2022-10-20,Niger
8452,Tiffany Greer,bethany06@example.net,2024-04-10,Bouvet Island (Bouvetoya)
8453,Robin Armstrong,vmanning@example.net,2023-03-08,Cuba
8454,Mrs. Tammy Vance,michaeljohnson@example.org,2023-06-13,Romania
8455,Heidi Benitez,adrienne19@example.com,2024-08-23,Thailand
8456,Jeffery Blair,nathanmcclain@example.com,2025-03-04,Angola
8457,Stephanie Wilson,millerann@example.net,2023-03-02,Martinique
8458,Christie Ramirez,heather87@example.net,2024-03-20,Bahamas
8459,Rachel Cameron,astokes@example.net,2024-02-16,Morocco
8460,Chad Chavez,sarahwilliams@example.org,2024-06-05,Sweden
8461,David Price,reneemaxwell@example.org,2023-03-06,South Africa
8462,Elizabeth Reed,chapmancindy@example.com,2023-08-27,Morocco
8463,Max Harris,jsilva@example.net,2024-06-15,Uruguay
8464,Danielle Jackson,bdiaz@example.net,2023-09-05,Slovenia
8465,Eric Sexton,zmassey@example.org,2023-02-03,Zimbabwe
8466,Jorge Jackson,amy72@example.net,2023-11-02,Andorra
8467,Kendra Kelly,youngjames@example.org,2022-09-09,Malta
8468,Victoria Ramos,porterryan@example.net,2025-04-16,Canada
8469,Dawn Carroll,kyle89@example.net,2023-11-25,Mexico
8470,Kaitlyn Christensen,christophererickson@example.org,2024-02-27,Belgium
8471,Benjamin Coleman,carla64@example.net,2024-07-20,Togo
8472,Keith Torres,garrettjennifer@example.org,2024-01-26,Andorra
8473,Karen Hill,weststacy@example.com,2024-05-10,Cyprus
8474,Karen Strickland,ryanjones@example.com,2023-11-01,Morocco
8475,Kendra Flores,christiegarcia@example.org,2023-02-06,Armenia
8476,Jeffrey Martin,josephspencer@example.net,2024-10-18,San Marino
8477,Frank Perry,guerraadam@example.org,2025-01-03,Kazakhstan
8478,Jeffrey Payne,tammy91@example.com,2025-04-25,Antigua and Barbuda
8479,Linda Rogers,cory35@example.org,2022-10-12,Niger
8480,Rachel Johnson MD,russelllisa@example.net,2023-09-10,Anguilla
8481,Melissa Holland,hayessean@example.org,2022-11-01,Guinea
8482,Scott Mosley,crystal19@example.com,2024-04-01,Jersey
8483,Micheal Daniels,qkoch@example.net,2022-11-06,New Caledonia
8484,Kayla Ramsey,elizabethritter@example.com,2022-08-22,Austria
8485,Dana Franklin,mthompson@example.com,2023-06-08,Russian Federation
8486,Margaret Ruiz,katelynmadden@example.com,2025-03-02,Sao Tome and Principe
8487,Cesar Thomas,aenglish@example.org,2023-05-27,South Africa
8488,Martin Hart,erica03@example.com,2022-09-18,Dominican Republic
8489,Dana Dunn,mbrown@example.net,2023-06-12,Afghanistan
8490,Virginia Hall,michaeljohnson@example.org,2022-12-14,Ecuador
8491,David Wheeler,michael81@example.net,2024-07-15,Yemen
8492,Joseph Mcdonald DDS,elizabeth58@example.org,2024-01-06,Heard Island and McDonald Islands
8493,Erin Ramirez,martinezamber@example.org,2023-09-09,Guyana
8494,Ashlee Williams,rachelingram@example.net,2024-08-07,Italy
8495,Timothy Smith,michaelrios@example.com,2023-09-02,Marshall Islands
8496,Beth Gomez,csimpson@example.org,2023-03-16,Wallis and Futuna
8497,Travis Smith,kristen49@example.net,2024-11-28,Grenada
8498,Nathan Harrison,patelbrandon@example.net,2023-02-21,Kuwait
8499,John Roberts,thomasrogers@example.org,2025-04-19,Faroe Islands
8500,Riley Griffith MD,brownmichael@example.com,2023-07-18,Libyan Arab Jamahiriya
8501,Jennifer Lutz,kimberlydean@example.net,2022-08-30,Nicaragua
8502,Donald Reeves,wesley92@example.com,2024-10-20,Colombia
8503,Kelsey Jones,nicholas18@example.net,2023-12-19,Monaco
8504,Rebecca Bowman,thomas55@example.com,2023-02-09,Netherlands
8505,Samuel Wilson,nwoods@example.org,2023-09-09,Brazil
8506,Jeanne Owens,kimberly67@example.net,2022-11-09,Sweden
8507,Tanya Cruz,perezjames@example.net,2024-04-01,Jamaica
8508,Nicholas Atkins,zmartinez@example.net,2025-06-29,Niger
8509,Brittany Owens,afloyd@example.org,2025-01-21,Poland
8510,Nicholas Stevens,millerjonathan@example.com,2024-04-28,Tokelau
8511,Tanya Gonzalez,johngarcia@example.com,2023-03-05,Turks and Caicos Islands
8512,Todd Heath,frank14@example.net,2025-01-31,Barbados
8513,Christopher Nolan,macdonaldlinda@example.net,2025-03-23,Malaysia
8514,Thomas Hart,alejandro93@example.net,2022-09-30,Martinique
8515,Edwin Parker,mhill@example.org,2024-09-23,Azerbaijan
8516,George Guerra,breanna47@example.org,2025-05-26,Central African Republic
8517,Katherine Mcconnell,darren07@example.org,2025-07-07,French Polynesia
8518,Casey Carson,courtneywilliams@example.net,2022-09-26,Singapore
8519,Brittany Hobbs,gferrell@example.org,2023-05-22,Isle of Man
8520,Gary Clements,rodriguezandrea@example.com,2022-11-25,Korea
8521,Brian Roberson,teresalin@example.com,2022-10-22,Lebanon
8522,Oscar Thompson,julie05@example.com,2024-09-30,Dominican Republic
8523,Nicholas Paul,millerrobert@example.com,2023-07-29,Gambia
8524,Russell Stout,perezjoshua@example.com,2024-08-15,Hong Kong
8525,Chelsea Norton,lorilamb@example.net,2025-02-20,Qatar
8526,Julie Armstrong,adam85@example.com,2023-08-16,United Kingdom
8527,Lawrence Taylor,barbarabriggs@example.org,2025-02-07,Seychelles
8528,Mr. Christian Sanchez,djames@example.org,2023-11-17,Botswana
8529,Thomas Travis,emily62@example.net,2023-09-19,South Georgia and the South Sandwich Islands
8530,Jason Dennis,katherinesanchez@example.com,2025-05-02,Slovenia
8531,Mark Allen,paulanthony@example.net,2025-05-23,Czech Republic
8532,Richard Harrington,robertcolon@example.org,2022-09-01,American Samoa
8533,Edward Miller,ogonzalez@example.org,2025-05-28,Austria
8534,David Chavez,hflowers@example.org,2023-07-08,Saint Kitts and Nevis
8535,Patrick Sweeney,wwilliams@example.net,2022-11-30,Korea
8536,Andrew Lopez,rebekah29@example.net,2024-06-20,Equatorial Guinea
8537,Darrell Ayers,edwardgilmore@example.com,2024-03-07,Cook Islands
8538,Gordon Smith,charleneortiz@example.com,2024-07-03,Paraguay
8539,Matthew Peterson,jason28@example.net,2024-05-12,Saint Martin
8540,Sandra Hampton,ihernandez@example.net,2023-01-03,Cambodia
8541,Laura Gutierrez,kathy50@example.net,2023-10-19,Pitcairn Islands
8542,Christopher Palmer,vcastillo@example.net,2023-10-18,Sierra Leone
8543,Jennifer Hess,iangreen@example.net,2024-10-26,Guernsey
8544,Derek Mason,pcameron@example.com,2025-04-27,Cocos (Keeling) Islands
8545,Erin Fitzgerald,stacy80@example.com,2025-03-29,Iceland
8546,Henry Tucker,paul37@example.net,2023-09-10,Tokelau
8547,Matthew Henry,christopherperkins@example.net,2023-07-05,Zambia
8548,Rebecca Pham,elizabethlewis@example.com,2023-04-19,Italy
8549,David Schneider,cbowman@example.org,2023-04-20,Palau
8550,James Clayton,trujillokristin@example.org,2024-09-12,Guinea-Bissau
8551,Philip Garza,tammy95@example.net,2023-10-28,Anguilla
8552,Mary Perez,laura19@example.net,2023-07-23,United Kingdom
8553,Sarah Santana,zbryant@example.net,2023-06-19,Bahamas
8554,Amy Willis,sherry60@example.org,2023-06-28,Bahamas
8555,Kara Powell,kwiley@example.com,2025-07-19,Argentina
8556,Michael Chavez,flemingjustin@example.com,2025-02-26,Norfolk Island
8557,Jennifer Wright,calvin05@example.com,2023-03-04,Gabon
8558,Judith Carlson,cynthiahicks@example.net,2023-10-23,Saint Kitts and Nevis
8559,Andrew Campos DDS,kayla60@example.net,2023-12-04,Portugal
8560,William Reed,colinwood@example.net,2023-11-18,Brunei Darussalam
8561,Hannah Lawrence,juanclarke@example.com,2024-06-25,Bouvet Island (Bouvetoya)
8562,Laura Coleman,cathy48@example.org,2022-12-16,Papua New Guinea
8563,Paul Collins,kmiller@example.org,2022-11-20,Bahrain
8564,Laura Freeman,johncampbell@example.com,2023-02-22,Lebanon
8565,Sheryl Gordon,etate@example.com,2023-10-30,Anguilla
8566,Erin Meyer,jonesjeff@example.com,2025-05-19,Canada
8567,Matthew Braun,ubaker@example.org,2023-06-12,Guadeloupe
8568,Kimberly Vaughn,erin99@example.org,2025-06-24,Cuba
8569,Jose Compton,sbarnett@example.org,2023-11-25,Liechtenstein
8570,Lori Taylor,juliakrueger@example.net,2025-01-16,New Caledonia
8571,Vincent Le,wwong@example.org,2024-10-12,Morocco
8572,James Robinson,haneytimothy@example.com,2024-03-18,Switzerland
8573,Julian Curtis,deborahkrause@example.net,2023-06-08,Vietnam
8574,Tom Peterson,vswanson@example.org,2023-10-16,Mayotte
8575,Teresa Thompson,perezrachel@example.org,2023-11-08,Tajikistan
8576,Amanda Perez,janice14@example.org,2022-09-13,Cameroon
8577,Vincent Martinez,rfrazier@example.org,2022-12-23,Zimbabwe
8578,Douglas Mitchell,frush@example.net,2023-06-17,Namibia
8579,Cindy Harris,cassandralin@example.org,2023-10-16,Kyrgyz Republic
8580,Amanda Boyd,velasquezyolanda@example.com,2023-12-10,Uruguay
8581,Victoria Adams,vasquezjohn@example.org,2023-09-25,Macao
8582,Keith Tate,hansenalexis@example.com,2023-09-14,Ethiopia
8583,Sonya Martin,shannon76@example.com,2022-12-09,Palau
8584,Barbara Alvarado,wanda53@example.org,2023-06-24,Iraq
8585,Matthew Smith,cbuck@example.org,2022-09-07,Lithuania
8586,Matthew Ramsey,angelaphillips@example.net,2023-12-05,Croatia
8587,Kayla Curtis,lcox@example.com,2024-10-13,Sierra Leone
8588,Amber Lambert,howellscott@example.org,2024-10-08,Burkina Faso
8589,Jared Dominguez,fryejoseph@example.net,2024-02-20,Philippines
8590,Martha Lewis,richardleonard@example.org,2025-05-08,Paraguay
8591,Michele Frank,jenniferrobinson@example.org,2024-08-08,Montenegro
8592,Phillip Gonzalez,karenmunoz@example.net,2024-06-20,Italy
8593,Stephen Nguyen,cbeck@example.com,2023-12-30,Algeria
8594,Jay Garcia,linrobert@example.net,2024-04-17,El Salvador
8595,Michele Cunningham,arthur22@example.org,2024-04-20,Saint Kitts and Nevis
8596,Joseph Adkins,kristi57@example.net,2022-09-03,Pitcairn Islands
8597,Johnathan Miller,dmartinez@example.org,2023-12-01,Germany
8598,Kimberly Rhodes,benjamincurtis@example.net,2024-02-16,Saint Pierre and Miquelon
8599,Jesse Kim,xjordan@example.net,2023-09-10,Rwanda
8600,Carolyn Hansen,nicole11@example.net,2024-10-14,Gabon
8601,Nicole Garcia,torreskenneth@example.org,2025-05-03,Austria
8602,Ashley Davis,pjones@example.net,2025-07-02,Malta
8603,Carlos Banks,michellepadilla@example.net,2025-06-01,Benin
8604,Lisa Winters,xford@example.net,2023-09-06,Guam
8605,Jeremy Brown,julie93@example.org,2023-01-23,Palau
8606,Jamie Wilson,spowell@example.com,2025-01-08,Saint Martin
8607,Angelica Roth,brandon90@example.org,2024-02-05,Jersey
8608,Charles Buchanan,donovanryan@example.org,2024-09-05,Algeria
8609,Billy Robinson,sarahvincent@example.com,2024-09-12,Trinidad and Tobago
8610,David Moran,april77@example.com,2023-07-28,Guinea-Bissau
8611,Jason Stewart,amanda03@example.com,2024-01-03,China
8612,Alicia Davis,webbrobert@example.com,2023-04-25,Tajikistan
8613,Michelle Campbell,sherri47@example.org,2024-01-17,Korea
8614,Jason Peters,richard66@example.com,2024-10-31,Grenada
8615,Lisa Holt,hsanders@example.org,2023-11-19,Samoa
8616,Walter Wilson,gmeyer@example.net,2023-06-29,Ethiopia
8617,Paula Williams,flane@example.net,2025-07-23,Eritrea
8618,Jessica Greene,timothy95@example.com,2023-06-16,Gibraltar
8619,Erik Valdez,christophergriffith@example.com,2024-10-06,Sierra Leone
8620,Samantha Wolfe,alexandra79@example.net,2025-05-11,Sri Lanka
8621,Kyle Carlson,brendatyler@example.com,2025-08-10,Puerto Rico
8622,Susan Ortega,garrisonjoseph@example.com,2022-08-26,Finland
8623,John Russo,blakekara@example.org,2024-01-21,Croatia
8624,Amanda Smith,jponce@example.org,2022-11-01,Faroe Islands
8625,Melissa David,jonathandecker@example.com,2023-12-25,Kenya
8626,Lance Barnes,franklincaroline@example.net,2025-04-05,Indonesia
8627,Shelly Walsh,tinalee@example.net,2022-11-06,Morocco
8628,Rita Mcmahon,mcdanielcody@example.org,2024-10-06,Ukraine
8629,Grant Johnson,bruce37@example.net,2023-07-02,Netherlands
8630,Jonathan Barber,jennaschneider@example.net,2025-05-28,United States Minor Outlying Islands
8631,Joshua Wilkins,plittle@example.com,2024-04-03,Guernsey
8632,Joshua Barnes,david78@example.net,2022-12-14,Pitcairn Islands
8633,Kristina Ortega,denise21@example.org,2024-03-04,Austria
8634,Patricia Rivera,johnbarnes@example.com,2024-12-21,Ethiopia
8635,Katherine Phillips,santanaterri@example.net,2024-04-11,Swaziland
8636,John Norman,jrussell@example.org,2024-07-01,Italy
8637,James Pitts,william02@example.net,2024-01-15,Senegal
8638,Frederick Garcia,pamela77@example.net,2022-09-21,Gibraltar
8639,Devin Cox,stephanie88@example.com,2024-01-24,Kazakhstan
8640,Jamie Robbins,howellnichole@example.org,2022-11-13,Palestinian Territory
8641,Kevin Taylor,ncarson@example.com,2023-03-22,Malta
8642,Katherine Wade,myersjoshua@example.org,2024-04-18,Uganda
8643,Steven Farmer,stevendavies@example.net,2024-06-07,Portugal
8644,James Nichols,hopkinskristen@example.com,2023-01-20,Estonia
8645,Carla Walsh,wendy99@example.org,2024-11-19,Libyan Arab Jamahiriya
8646,Kayla Lee,dwashington@example.com,2024-05-31,Malaysia
8647,Danielle Perez,carl23@example.com,2025-01-28,Nicaragua
8648,Mrs. Patricia Peters DDS,petersondaniel@example.org,2025-05-14,Serbia
8649,Kelly Mcneil,jennifer98@example.org,2022-08-26,Cayman Islands
8650,Jennifer Smith,podonnell@example.com,2025-02-21,Paraguay
8651,Christian Fleming,vramirez@example.net,2024-11-20,Australia
8652,Victoria Garcia,villarrealjack@example.com,2024-05-10,Romania
8653,Keith Drake,rconner@example.net,2025-08-05,Luxembourg
8654,Beth Haynes,joseph14@example.org,2024-08-18,Germany
8655,Abigail Young,stephanie94@example.com,2025-03-27,Congo
8656,Thomas Curry,yeseniagarner@example.com,2025-07-30,Holy See (Vatican City State)
8657,Matthew Johnston,jenkinskaren@example.net,2025-06-03,Haiti
8658,Jonathan Austin,carrollabigail@example.com,2023-03-11,Zambia
8659,Mike Brennan,kharmon@example.net,2022-12-29,Bhutan
8660,Megan Harris MD,youngcarl@example.net,2023-05-03,Iceland
8661,Marie Mcguire,nwolfe@example.org,2023-09-26,Dominican Republic
8662,Raymond Price,tanyasmith@example.org,2024-01-15,Korea
8663,Dr. Laura Francis PhD,brandonreed@example.com,2024-10-13,Saint Vincent and the Grenadines
8664,Michele West,vmorris@example.org,2023-11-13,Singapore
8665,Christina Fuller DDS,bwise@example.com,2024-01-22,Swaziland
8666,Kaylee White,robert08@example.net,2023-08-09,Brunei Darussalam
8667,Joshua Martinez,leslie89@example.net,2023-11-15,Myanmar
8668,Benjamin Mosley,kelly81@example.com,2023-01-27,Albania
8669,Christopher Bell,heidi79@example.com,2023-12-11,Seychelles
8670,Brandon Burke,jeffreypowers@example.net,2023-10-17,Kenya
8671,Jessica Barrett,qlove@example.com,2024-06-18,Turks and Caicos Islands
8672,Charles Schaefer,erikeverett@example.org,2023-10-29,South Georgia and the South Sandwich Islands
8673,Christine Weber,rebecca64@example.org,2024-08-08,Mayotte
8674,Savannah Hardin,hunterbrooke@example.org,2023-05-06,Tunisia
8675,Melinda Davis,evan12@example.com,2022-11-12,Portugal
8676,Allison Howard,britter@example.net,2023-11-29,Ghana
8677,Christine Meyer,noah27@example.net,2024-02-28,Uzbekistan
8678,Katherine Barajas,harringtonjared@example.org,2022-10-20,Dominica
8679,Lisa Dixon,johnsonkenneth@example.net,2025-06-11,Saint Martin
8680,James Bird,tylerwalker@example.net,2024-06-06,Russian Federation
8681,Renee Jenkins,waynelewis@example.org,2023-10-15,Wallis and Futuna
8682,Donald Allen,michaelrodriguez@example.org,2024-12-15,Eritrea
8683,Steven Burton,lfarmer@example.com,2024-11-08,New Caledonia
8684,Cindy Hurley,laura52@example.org,2024-11-05,Saint Barthelemy
8685,Steven Thompson,jimenezsarah@example.com,2023-06-06,Algeria
8686,Jill Hayden,tmitchell@example.com,2023-11-10,Heard Island and McDonald Islands
8687,Timothy Fernandez,wilsonkaren@example.net,2024-01-28,Samoa
8688,Gloria Evans,adam47@example.org,2022-12-31,Dominican Republic
8689,Michael Peters,tonya65@example.com,2024-03-15,Algeria
8690,Angela Smith,jeffreyallen@example.com,2024-10-24,Nepal
8691,Jessica Grimes DDS,rhodessharon@example.net,2023-11-17,India
8692,Pamela Mendoza,amandacooper@example.net,2023-07-18,Swaziland
8693,Erik Ponce,mward@example.org,2025-08-07,France
8694,Kathryn Richardson,kelli59@example.com,2023-01-13,Pakistan
8695,Laura Fields DDS,jamessmith@example.com,2025-01-09,Liberia
8696,David Cox,brittanyduran@example.com,2025-08-14,Senegal
8697,Lisa Murphy,baxterjason@example.net,2023-12-01,Benin
8698,Elizabeth Watson,brianhamilton@example.net,2025-06-18,Czech Republic
8699,Steven King,wilsontaylor@example.com,2023-04-23,Dominica
8700,Keith Brewer,castroerin@example.net,2024-03-10,Bahrain
8701,Caleb Becker,qmedina@example.net,2024-04-09,Mauritius
8702,Benjamin Reilly,benjamintimothy@example.com,2023-11-26,Switzerland
8703,Nathan Little,qflowers@example.org,2024-04-17,Switzerland
8704,Beth Mcguire,ronaldwillis@example.com,2024-02-27,British Indian Ocean Territory (Chagos Archipelago)
8705,Melissa Franco,james01@example.net,2024-10-12,Iraq
8706,Daisy Snyder,christopher46@example.net,2025-03-27,Papua New Guinea
8707,Aaron Smith,juliagrant@example.net,2023-04-12,Heard Island and McDonald Islands
8708,Jeffrey Johnson,kristina47@example.com,2025-01-08,Azerbaijan
8709,Leslie Rodgers,dana21@example.net,2023-01-01,Barbados
8710,Denise Rodriguez,gary23@example.org,2025-04-02,Moldova
8711,Timothy Bush,pjones@example.net,2023-10-27,Saint Martin
8712,Jennifer Moreno,carlsonashley@example.org,2023-01-13,Liberia
8713,Kevin Miller,dhoffman@example.org,2024-03-26,Lithuania
8714,Shane Bailey,benjamin17@example.org,2024-08-14,Iraq
8715,Amy Allison,mhenderson@example.org,2025-03-09,Samoa
8716,Robert Taylor,reynoldsmichelle@example.net,2024-04-02,Czech Republic
8717,Mason Montgomery,hhart@example.com,2024-11-19,Seychelles
8718,Darius Rangel,shannonyoung@example.org,2025-02-25,Bahrain
8719,Gregory Young,josephsmith@example.org,2024-01-17,Ghana
8720,Richard Simpson,pfleming@example.org,2023-04-17,Isle of Man
8721,Derek Schneider,curtischristopher@example.net,2025-08-04,China
8722,Brian Phelps,mmaddox@example.net,2024-06-15,Norway
8723,Amber Bradford,clarktanya@example.net,2025-02-13,Sri Lanka
8724,Bridget Parsons,qchapman@example.com,2023-02-19,Russian Federation
8725,James Hunter,fergusondaniel@example.com,2024-04-01,Czech Republic
8726,Erika Brown,owensthomas@example.net,2023-02-08,Western Sahara
8727,Joseph Cherry,zsherman@example.net,2025-08-15,Syrian Arab Republic
8728,Rachel Woods,daniel92@example.org,2025-08-19,Nicaragua
8729,Jennifer Franco,rachelrodriguez@example.com,2023-09-11,Guyana
8730,Katherine Stokes,allenlisa@example.org,2023-07-16,Nigeria
8731,Susan Byrd,zwillis@example.net,2024-11-12,Martinique
8732,Mary Bell,edwardparker@example.org,2024-02-15,Grenada
8733,Brian Turner,nicholsjoseph@example.com,2025-01-13,Czech Republic
8734,Larry Diaz,amandagray@example.org,2025-02-10,Tonga
8735,Christine Ross,butlersean@example.com,2023-12-19,New Zealand
8736,Christopher Pope III,rheath@example.net,2023-11-23,Saint Barthelemy
8737,Mark Brock,buchanancory@example.com,2023-11-29,Macao
8738,Anna Snyder,robert79@example.com,2024-12-03,Northern Mariana Islands
8739,David Case,quinnkevin@example.net,2023-03-03,Nigeria
8740,Robert Dudley,petersonmichael@example.org,2024-10-21,Botswana
8741,Janet Solis,davisdavid@example.net,2025-04-20,Botswana
8742,Matthew Kelly,christopherharrison@example.com,2024-08-16,Slovenia
8743,Lindsey Guzman,duranmeagan@example.com,2023-05-21,Georgia
8744,Michelle Watts,khenson@example.net,2023-06-24,French Southern Territories
8745,Dana Franklin,brownsarah@example.org,2025-02-14,French Southern Territories
8746,Kevin Adams,jimenezcynthia@example.net,2023-08-21,Argentina
8747,Thomas Patel,benjamin45@example.com,2024-10-25,Luxembourg
8748,Rebecca Park,hfields@example.net,2025-07-10,Iran
8749,Holly Richmond,jennifer07@example.com,2024-08-26,Wallis and Futuna
8750,Tiffany Anderson,nicholasgay@example.net,2025-08-09,Uzbekistan
8751,Amanda Frye,kerrmathew@example.org,2024-09-21,Dominican Republic
8752,Raymond Hutchinson,xbush@example.com,2024-10-23,Indonesia
8753,Joshua Knight,gainesthomas@example.com,2025-01-08,Saint Helena
8754,Rebecca Spencer,johnny24@example.com,2024-05-27,Maldives
8755,Stephanie Harris MD,hgarza@example.org,2023-10-10,Sao Tome and Principe
8756,Christopher Lucero,castrobecky@example.net,2025-01-01,British Virgin Islands
8757,Carly Aguilar,jasoncampos@example.com,2024-05-09,Slovenia
8758,William Morse,russell57@example.net,2025-02-18,Jordan
8759,Kevin Horn,marcus79@example.net,2025-05-19,United States Minor Outlying Islands
8760,Amanda Mitchell,gomezadam@example.org,2025-08-06,Kenya
8761,Samantha Wilson,krodriguez@example.com,2023-04-26,Tanzania
8762,Chad Jones,amyleonard@example.org,2024-06-03,Argentina
8763,Jeffrey Jackson,twhite@example.org,2023-09-11,Iraq
8764,Sheila Harvey,victorianorris@example.org,2025-06-23,Saint Lucia
8765,Alan Bell,ramirezdavid@example.net,2025-03-18,Antigua and Barbuda
8766,Susan Ferguson,kimberly91@example.org,2023-08-16,Aruba
8767,Carrie Baker,ssmith@example.org,2023-02-13,Korea
8768,Phillip Stanley,sarahcollins@example.net,2025-03-01,Portugal
8769,Dennis Morris,hensonpaula@example.net,2025-03-28,Eritrea
8770,Haley Watts,kduffy@example.org,2023-07-06,Christmas Island
8771,Jason Richardson,evan91@example.org,2023-06-25,Romania
8772,Nathan Newman,carteryvonne@example.net,2024-06-13,Saint Vincent and the Grenadines
8773,Johnny White,ayalapatrick@example.com,2024-05-31,Saint Martin
8774,Jeffrey Hart,martinkathleen@example.org,2024-03-13,Congo
8775,Erin Bell,melanie02@example.com,2023-06-12,Slovenia
8776,Carrie Acosta,seantran@example.net,2023-03-31,Guatemala
8777,April Morales,jacob09@example.com,2023-12-03,Brunei Darussalam
8778,Mary Cooper,dthompson@example.net,2023-06-01,Saint Barthelemy
8779,Chloe Sanchez,michaelcollins@example.net,2023-05-13,Saint Pierre and Miquelon
8780,Karina Jones,martinrenee@example.com,2024-03-12,Hong Kong
8781,Roberto Roberts,david48@example.com,2025-06-21,Panama
8782,Pamela Harmon,jeffbrooks@example.net,2024-02-28,Russian Federation
8783,Lisa Olson,elizabeth79@example.com,2023-05-19,Malawi
8784,April Martinez,donna72@example.net,2023-01-13,Korea
8785,Donald Leon,carolynchapman@example.net,2023-06-09,Sudan
8786,Alex Dean,harrisdawn@example.org,2025-04-19,Kenya
8787,Jo Abbott,taylorrenee@example.org,2025-03-11,Nauru
8788,Julie Combs,sheila77@example.net,2024-07-03,Panama
8789,Melissa Cabrera,jeremiah82@example.org,2023-04-22,China
8790,Carla Murray,garciajames@example.com,2022-12-28,Peru
8791,Melanie Scott DDS,russomark@example.net,2025-03-06,Wallis and Futuna
8792,George Maynard,nhenson@example.org,2025-01-11,Timor-Leste
8793,Alicia Rush,kristinabrooks@example.org,2023-07-11,Saudi Arabia
8794,Suzanne Gillespie,samuel93@example.org,2024-04-07,Kuwait
8795,Dennis Parker,michele91@example.org,2025-06-05,Pakistan
8796,Laura Lopez,amanda19@example.org,2024-02-04,Nigeria
8797,Laura Jimenez,asherman@example.net,2022-10-24,Morocco
8798,Debbie Ibarra,wrightdavid@example.org,2025-01-07,Tuvalu
8799,Margaret Cohen,hjackson@example.com,2025-04-07,Maldives
8800,Valerie Arroyo,ccummings@example.org,2023-11-06,Wallis and Futuna
8801,Vicki Wells,mary96@example.org,2023-02-04,Northern Mariana Islands
8802,April Pena,christineclarke@example.net,2024-02-09,San Marino
8803,Danielle Alexander,samuel66@example.com,2024-04-22,Hong Kong
8804,Douglas Kim,klinecathy@example.com,2023-07-10,United Arab Emirates
8805,Teresa Padilla,shawn89@example.com,2024-10-15,Faroe Islands
8806,Mr. Justin Wade,beth11@example.org,2025-07-11,Bangladesh
8807,Christopher Chavez,dbowman@example.org,2023-01-12,Seychelles
8808,Travis Lara,gonzalezkayla@example.org,2024-02-08,Myanmar
8809,David Christensen,james85@example.net,2024-06-29,Slovenia
8810,Courtney Williamson,wbanks@example.com,2024-01-08,Saint Lucia
8811,Bobby Smith,vwilliams@example.org,2023-06-27,Faroe Islands
8812,Johnny Martin,davisdaniel@example.com,2025-06-23,Timor-Leste
8813,John Duran,nfoster@example.com,2022-10-18,Lao People's Democratic Republic
8814,Zachary Rose,cli@example.org,2023-06-02,Isle of Man
8815,Sheila Davidson,nbanks@example.net,2024-01-01,Bulgaria
8816,John Reynolds,thomasparker@example.com,2025-02-15,Germany
8817,Wendy Lopez,ymercado@example.net,2023-10-31,Eritrea
8818,Scott Brooks,james23@example.org,2023-05-12,South Georgia and the South Sandwich Islands
8819,Bob Thompson,marioanderson@example.net,2024-01-27,Kyrgyz Republic
8820,Maria Monroe,barberjohnathan@example.org,2023-04-07,Lebanon
8821,George Parrish,martincynthia@example.org,2025-06-09,Montenegro
8822,Douglas Robertson,erin54@example.net,2024-08-07,Finland
8823,Michelle Wood,huntmallory@example.org,2024-02-29,Sweden
8824,Daniel Williamson,lopezangela@example.net,2024-04-20,Martinique
8825,Jordan Davila,umorrow@example.org,2025-03-27,Pakistan
8826,Ebony Woodard,marisa42@example.org,2024-02-28,Oman
8827,Zachary Newton,mary74@example.net,2024-11-25,Burundi
8828,Kristina Baker,juan56@example.org,2023-07-16,Poland
8829,Jennifer Knight,qsnyder@example.org,2023-06-17,Australia
8830,Emily Garcia,yowens@example.com,2025-03-19,Greenland
8831,Sandra Conley,jeffery87@example.net,2023-02-26,Nauru
8832,Shawn Campos,huffmanrachel@example.com,2024-05-10,Guinea-Bissau
8833,Anna Brown,michaeljohnson@example.org,2024-03-26,Madagascar
8834,Sara Frank,carrieskinner@example.org,2024-01-17,Venezuela
8835,Donald Ortiz,wbrowning@example.com,2023-01-04,Colombia
8836,Brian Norris,daniel77@example.org,2023-09-03,Djibouti
8837,Brooke Barnes,lauraerickson@example.net,2024-05-25,Panama
8838,Stephanie Mclaughlin,bfreeman@example.org,2023-09-02,Senegal
8839,Jennifer Anderson,barbara27@example.org,2023-01-11,Palau
8840,Laura Freeman,kristin94@example.net,2024-10-14,Kazakhstan
8841,Patrick Jones,khobbs@example.com,2022-11-09,Sri Lanka
8842,Eduardo Hernandez,nancykelley@example.net,2025-01-16,Tonga
8843,Derek Cisneros,robert33@example.com,2025-07-21,Bulgaria
8844,Stephanie Bennett,qsmith@example.org,2024-06-27,Antarctica (the territory South of 60 deg S)
8845,Thomas Bailey,thomasfuller@example.org,2024-09-12,Colombia
8846,Amy Bass,smithdavid@example.org,2024-07-16,Bermuda
8847,Kelly Knight,esmith@example.net,2023-10-06,Namibia
8848,Joshua Miller,poncekatie@example.com,2025-03-11,Jamaica
8849,Courtney Rocha,sara42@example.org,2025-04-29,British Indian Ocean Territory (Chagos Archipelago)
8850,Rodney Houston,donaldmendoza@example.net,2025-03-10,Cayman Islands
8851,Carlos Hernandez,carrieschneider@example.org,2025-02-25,Israel
8852,Sarah Davis,johnsonjimmy@example.net,2024-08-05,Albania
8853,Ronnie Fernandez,yskinner@example.com,2023-03-30,Antigua and Barbuda
8854,Dr. Jennifer Blevins MD,melissacampos@example.org,2023-03-11,Norway
8855,Kimberly Jackson,kelsey02@example.net,2025-01-01,Korea
8856,Sean Hall,cohenlisa@example.org,2023-07-19,Ireland
8857,Natasha Graves,abigail41@example.com,2024-08-28,Niue
8858,Susan Hunter,ajenkins@example.org,2024-06-29,Korea
8859,Christina Stephens,lphillips@example.com,2025-04-22,Timor-Leste
8860,Holly Robinson,ashley95@example.net,2022-12-21,Sudan
8861,Margaret Silva,jasonburgess@example.com,2023-06-15,Dominica
8862,Rodney Carroll,monicamadden@example.org,2025-06-23,Belarus
8863,Patricia Holt,robertrosales@example.net,2023-10-26,Turks and Caicos Islands
8864,Anthony Wu,uwilliams@example.com,2025-05-06,Sweden
8865,Michael Walker,sheena99@example.net,2024-08-29,China
8866,Karen Rogers,dsanders@example.com,2025-01-11,Mongolia
8867,Danielle Campbell,jamesdixon@example.org,2024-10-04,Lesotho
8868,Jose Bean,erin54@example.com,2023-11-03,Kiribati
8869,Amber Randall,johnnorman@example.org,2025-08-02,Palau
8870,Ryan Stone,emmahart@example.com,2024-08-13,Ecuador
8871,Olivia Khan,youngsteven@example.com,2024-09-26,Iraq
8872,Deborah Williams,ramosanne@example.org,2025-05-05,Senegal
8873,James Palmer,dustinthompson@example.com,2023-05-27,Antigua and Barbuda
8874,Robert Kirby,kimberly95@example.org,2024-11-10,Tanzania
8875,Miguel Horn,angelastone@example.com,2023-12-11,Turkmenistan
8876,David Anderson,ocarter@example.com,2023-04-24,Sweden
8877,Kirsten Parrish,santosgrant@example.net,2024-07-27,Norfolk Island
8878,Walter Murphy,christinahaney@example.net,2025-05-06,Saint Vincent and the Grenadines
8879,Walter Lane,scottreed@example.net,2023-05-21,Afghanistan
8880,April Bryant,jonathanhernandez@example.net,2023-03-10,Austria
8881,Kevin White,charvey@example.net,2023-07-08,Congo
8882,Dr. Robert Morales,billyfisher@example.com,2025-07-05,Estonia
8883,Lori Kidd,kburns@example.org,2025-07-15,Lebanon
8884,Ryan Gonzalez,castillodakota@example.org,2024-09-02,Zambia
8885,Thomas Sherman,holly14@example.com,2024-09-28,Korea
8886,Andrea Cain,brandonkeller@example.org,2022-10-07,Northern Mariana Islands
8887,Christopher Rodriguez,amorgan@example.net,2023-04-07,Puerto Rico
8888,Caitlin Ponce,ryancarter@example.net,2024-08-20,Gabon
8889,Anita Peterson,brandonjohnson@example.net,2023-04-27,Saint Helena
8890,Jessica Ramsey,michaelsmith@example.com,2025-08-10,Puerto Rico
8891,Vanessa Powell,caitlyn40@example.org,2024-01-11,Iraq
8892,Joseph Martinez,william04@example.com,2025-02-01,Burundi
8893,Michael Ford,davidbrown@example.net,2025-02-10,India
8894,Brandi Becker,sarah35@example.com,2023-10-27,South Georgia and the South Sandwich Islands
8895,Jenna Higgins,james03@example.com,2022-11-05,Israel
8896,Kenneth Norris,qrivera@example.org,2024-10-02,Sri Lanka
8897,Matthew Mullins,gravesmeredith@example.org,2024-08-31,Chad
8898,Debra Livingston,millerkayla@example.net,2024-01-11,Tajikistan
8899,Stacy Mayo,mike35@example.com,2023-06-03,Isle of Man
8900,Ethan Chavez,dgonzales@example.com,2025-07-14,Puerto Rico
8901,Robert Jimenez Jr.,matthewjimenez@example.com,2023-05-19,Gibraltar
8902,Andrea Sullivan,xhickman@example.com,2022-12-16,Niger
8903,Stephanie Harris,coxmeredith@example.com,2024-05-22,Turkey
8904,Joshua Kirby,melissamosley@example.net,2023-08-19,Uzbekistan
8905,Ashley Olson,meganjames@example.com,2023-11-30,Rwanda
8906,Henry Gutierrez,jorge78@example.com,2022-12-24,Norway
8907,Annette Mcintyre,rubengeorge@example.org,2022-12-13,Andorra
8908,Casey Kirk,kathryn28@example.com,2025-03-18,San Marino
8909,James Ross,amberwilliams@example.org,2024-10-30,Grenada
8910,Billy Jones,robert42@example.net,2024-02-10,Algeria
8911,Cheryl Wilson,allenfrank@example.org,2023-08-09,El Salvador
8912,Robert Weeks,jasongilbert@example.net,2024-08-16,Serbia
8913,Brian Torres,tonyamckinney@example.org,2023-04-01,Belarus
8914,Joy Morgan,lindali@example.net,2024-10-14,Nigeria
8915,Marcus Perez,karenhorn@example.com,2024-11-05,France
8916,Douglas Jackson,richard80@example.org,2024-02-02,Vietnam
8917,Alexander Wilson,nbrooks@example.net,2024-02-27,Gibraltar
8918,Nancy Smith,smithcorey@example.com,2024-07-15,Guinea
8919,Anna Guzman,nmartin@example.com,2025-03-11,Cameroon
8920,Elizabeth Curry,calebreid@example.com,2024-03-23,Cocos (Keeling) Islands
8921,Tracey Campbell,ldawson@example.net,2022-11-20,Togo
8922,Andrew Holmes,warerobert@example.org,2023-03-25,Malaysia
8923,Larry Harrington,frank86@example.org,2023-02-10,Indonesia
8924,Kylie Gardner,sjennings@example.com,2025-04-28,Slovakia (Slovak Republic)
8925,Shane Ramirez,christophercasey@example.net,2022-09-18,Cuba
8926,John Irwin,james21@example.net,2023-11-16,Svalbard & Jan Mayen Islands
8927,Kelly Schwartz,ilee@example.net,2023-01-19,Hong Kong
8928,Alexis Evans,aaroncarrillo@example.net,2024-07-23,Solomon Islands
8929,Theresa Lopez,justin18@example.net,2023-04-13,Burundi
8930,Mrs. Gwendolyn Garcia DVM,greenmichael@example.org,2024-04-17,Slovenia
8931,Diane Larson,hwilson@example.com,2023-03-12,Australia
8932,Ryan Costa,sullivanraymond@example.net,2023-07-25,Fiji
8933,Thomas George,bryanjessica@example.org,2024-05-20,Rwanda
8934,David Pierce,vgoodwin@example.org,2025-03-19,Saint Barthelemy
8935,Adrian Anderson,kimberly23@example.com,2022-12-01,Israel
8936,Wayne Gibbs,tjones@example.org,2024-11-08,Philippines
8937,Rachel Cole,richard53@example.org,2022-10-30,Saudi Arabia
8938,Joshua Vasquez,michaelramirez@example.com,2022-09-18,Bouvet Island (Bouvetoya)
8939,Jason Hurley,stephen77@example.org,2023-09-10,Peru
8940,Sandra Patel,daniel52@example.net,2025-02-04,Niue
8941,Richard Baldwin,nvelazquez@example.net,2024-04-17,Saudi Arabia
8942,Samuel Rodriguez,cyoung@example.com,2022-12-08,Austria
8943,Christina Randall,ashley72@example.org,2025-03-26,Northern Mariana Islands
8944,Brenda Peters,sarah30@example.org,2023-02-11,Iran
8945,Bobby Burgess,tiffany82@example.org,2024-10-11,Cape Verde
8946,Dr. William Montes,michael44@example.org,2023-10-08,El Salvador
8947,Cynthia Whitehead,mday@example.com,2022-08-24,Iraq
8948,Craig Bates,qpena@example.org,2025-05-17,Pakistan
8949,Ernest Hall,racheljohnson@example.org,2024-10-08,Luxembourg
8950,Christian Johnson,millerdeborah@example.com,2023-06-05,Madagascar
8951,Eric Hall,romerosean@example.org,2025-01-09,Croatia
8952,Randall Compton,blackwelljames@example.com,2023-03-23,Montserrat
8953,Ronald Cain,kathrynheath@example.net,2024-10-18,Grenada
8954,Jeffrey James,rodriguezemily@example.org,2022-10-28,Antarctica (the territory South of 60 deg S)
8955,Andrew Gallagher,shieldsmichael@example.com,2025-07-04,Martinique
8956,David Ford,rzamora@example.org,2025-06-27,Malta
8957,Robert Bean,suttonchristopher@example.org,2023-05-13,Greece
8958,Jesse Moss,gibsonsarah@example.net,2024-07-21,Congo
8959,Tracy Miller,josephflores@example.net,2023-03-07,Tajikistan
8960,Gabriela Wood,barberlori@example.org,2025-02-16,Lao People's Democratic Republic
8961,Michael Schroeder,brandycampos@example.org,2025-04-27,Marshall Islands
8962,James Ramirez,raymondwalker@example.net,2024-10-24,Armenia
8963,Linda Ray,sandersdouglas@example.org,2023-04-20,El Salvador
8964,Tyler Kline,jcox@example.net,2024-02-19,Palau
8965,Brenda Hill,elizabeth64@example.com,2023-08-21,Saint Helena
8966,Derek Smith,bmassey@example.org,2025-08-06,Rwanda
8967,Timothy Henderson,bruce29@example.net,2024-12-21,Honduras
8968,Terri Villegas,jessica00@example.com,2024-11-08,Grenada
8969,Daniel Baker,gracesalazar@example.net,2024-09-06,Ukraine
8970,Dr. Eduardo Smith,fbates@example.net,2024-02-11,Bouvet Island (Bouvetoya)
8971,Nicole Walton,rodriguezmichael@example.com,2023-12-07,Colombia
8972,Jacob Moran,valdezkeith@example.org,2022-11-09,Liechtenstein
8973,Lori Bailey,mcculloughscott@example.net,2024-01-02,Finland
8974,Philip Bond,pmolina@example.net,2023-06-12,Korea
8975,Tracie Gomez,krivera@example.net,2022-12-21,India
8976,Monique Wilkinson,umiller@example.com,2025-08-07,Somalia
8977,Travis Foster,martinkyle@example.net,2024-12-14,Panama
8978,Jeffrey Hensley,gilbertmichael@example.org,2024-10-24,Tanzania
8979,Steven Spencer,thompsonsteven@example.com,2022-11-07,Chile
8980,Cynthia Cooper,jjackson@example.net,2023-06-04,Yemen
8981,Arthur Jackson,moorejoy@example.net,2023-04-08,Anguilla
8982,Henry French,erica32@example.net,2024-01-03,Antarctica (the territory South of 60 deg S)
8983,Amy Daniel,obriendavid@example.org,2023-08-28,Eritrea
8984,Joe Simpson,cynthia30@example.net,2023-04-08,Cote d'Ivoire
8985,Jeremy Nichols,greenmichael@example.com,2022-11-01,Bahrain
8986,Paul Yoder,tiffany23@example.net,2024-01-04,Mongolia
8987,Evan Murphy,rhodesaaron@example.org,2022-11-23,Morocco
8988,Allen Gutierrez,jacobvaldez@example.org,2025-03-14,Western Sahara
8989,Robert Brown,shawn47@example.com,2024-12-20,Nepal
8990,Brittany Gonzalez,williamsbrian@example.com,2023-06-03,Solomon Islands
8991,Brandon Alvarez,hadams@example.net,2023-03-31,Cameroon
8992,Tammy Wood,jesusdiaz@example.com,2023-07-01,Korea
8993,Bridget Hansen,kirbynatasha@example.com,2024-03-31,Botswana
8994,Brendan Friedman,stephanie13@example.org,2025-04-27,Pitcairn Islands
8995,Thomas Henderson,gcarr@example.com,2025-07-06,Tajikistan
8996,Michael Gray,stephenssteven@example.net,2023-02-12,Cocos (Keeling) Islands
8997,Hannah Smith,wilsonphilip@example.com,2025-07-01,Croatia
8998,Jonathan Bowman,kochbrian@example.net,2025-03-01,Rwanda
8999,Daniel Pugh,robynruiz@example.com,2025-04-25,Mongolia
9000,Alison Ellis,kjohnson@example.org,2023-11-08,Cameroon
9001,Lindsay Whitehead,michealshaw@example.org,2023-12-09,Egypt
9002,Sandra Flores,victor34@example.net,2024-04-29,Malaysia
9003,Thomas Taylor,dunnjulie@example.net,2022-10-21,Malaysia
9004,Rachel Ware,rfoster@example.com,2024-10-12,Turkmenistan
9005,Raymond Davis,albertsutton@example.net,2022-09-06,Slovenia
9006,Ashlee Burns,johnray@example.com,2022-08-30,South Georgia and the South Sandwich Islands
9007,Jimmy Browning,gwilliams@example.org,2024-01-13,Mexico
9008,Eddie Johnson,john85@example.com,2025-07-17,Finland
9009,Sarah Miller,colleenbennett@example.org,2024-08-10,Northern Mariana Islands
9010,Kayla Owens,edwin52@example.com,2024-04-11,Guadeloupe
9011,Taylor Fisher,adam31@example.com,2024-06-06,Argentina
9012,Julie Garza,hbell@example.com,2024-11-04,Equatorial Guinea
9013,Ronald Collins,marysmith@example.net,2024-03-07,Ukraine
9014,Wanda Valenzuela DDS,anthony30@example.com,2024-04-21,Timor-Leste
9015,Megan Hughes,jennifershaffer@example.com,2023-07-12,Egypt
9016,Jonathan Jones,tararowe@example.org,2023-12-13,Mauritania
9017,Taylor Rodriguez,stephanie93@example.net,2023-01-27,Norway
9018,Scott Barry,renee34@example.org,2025-04-28,Wallis and Futuna
9019,Shannon Douglas,mathew78@example.net,2025-04-29,Switzerland
9020,Benjamin Sanchez,bryanbrown@example.net,2025-04-28,Estonia
9021,Kathleen Ayala,gibsonpaul@example.org,2024-01-12,Congo
9022,Jeremy Snow,gherrera@example.com,2022-11-29,Switzerland
9023,Courtney Shaffer,brenda87@example.com,2024-05-28,Lao People's Democratic Republic
9024,Jorge Day,xruiz@example.com,2025-03-09,Saint Helena
9025,Scott Cunningham,claudia39@example.com,2023-03-21,Philippines
9026,Megan Jones,nunezemily@example.org,2024-12-11,Taiwan
9027,Heather Finley,smithkim@example.net,2024-08-31,Norfolk Island
9028,Christina Yates,paul37@example.com,2025-05-26,Bulgaria
9029,Sarah Huang,eric84@example.net,2024-08-26,Greece
9030,Carl Yoder,frederickvalencia@example.net,2024-03-26,Belarus
9031,Daniel Ortiz,richard54@example.net,2023-01-01,Egypt
9032,Chad Suarez,willisbrett@example.com,2023-05-15,Uzbekistan
9033,Micheal Graham,elizabeth67@example.net,2023-03-20,Bhutan
9034,Brittany Fletcher DDS,chandlerjonathan@example.com,2024-01-03,Mauritius
9035,Ronald Lane,nwhite@example.org,2022-12-20,Reunion
9036,Bradley Wright,gonzalezbobby@example.com,2023-07-16,Guadeloupe
9037,Elizabeth Smith,alicia02@example.com,2024-09-09,Serbia
9038,Mary Brown,ronaldmoran@example.org,2022-11-09,Guyana
9039,Ashley Lucas,michaelpruitt@example.org,2023-01-19,San Marino
9040,Jessica Humphrey,austinrowland@example.org,2024-02-27,Italy
9041,Stephanie Rush,berryangela@example.com,2022-09-18,Malaysia
9042,Darren Clark,christopher37@example.net,2023-12-15,Samoa
9043,Matthew Small,cindymitchell@example.com,2023-03-17,Guyana
9044,Roger Smith,lisahall@example.com,2024-05-30,Haiti
9045,Rachel Herrera,snyderchristina@example.com,2022-12-02,Switzerland
9046,Brett Vasquez,thomasrebecca@example.com,2024-01-22,Seychelles
9047,Mr. Kenneth Jones,wbaker@example.com,2025-02-09,Bermuda
9048,Allison Lewis,kyle70@example.com,2024-09-03,Vietnam
9049,Casey Walker,maurice42@example.org,2023-03-06,Macao
9050,Natalie Bryant,dgutierrez@example.com,2025-08-01,Canada
9051,Samantha White,cassandraandrews@example.org,2023-05-23,Mauritania
9052,Dustin Dean,adamspatrick@example.org,2022-12-29,Saint Martin
9053,Steven Smith,mrocha@example.org,2023-10-31,Central African Republic
9054,Jennifer Sanchez,swatkins@example.com,2025-08-19,Serbia
9055,James Durham,nicolejohnson@example.com,2024-10-30,Cayman Islands
9056,Lori Sharp,meredithguzman@example.org,2024-02-08,United Arab Emirates
9057,John Guzman,matthewhouse@example.net,2023-04-20,Ukraine
9058,Ryan Allen,wanderson@example.com,2023-07-12,Japan
9059,Kyle Farley,michelle90@example.org,2024-05-25,Fiji
9060,Joseph Gonzales,rbridges@example.net,2023-06-26,New Caledonia
9061,Jared Osborne,samanthashaw@example.com,2024-10-10,Trinidad and Tobago
9062,Laura Mclean,michael37@example.com,2025-04-03,Madagascar
9063,Sherri Ramos,brownjennifer@example.org,2024-01-30,Falkland Islands (Malvinas)
9064,Ryan Smith,juliefrederick@example.org,2023-07-12,Gabon
9065,Robert Robinson,diane01@example.org,2023-03-09,Togo
9066,Holly Lewis,diaztimothy@example.net,2024-05-10,Azerbaijan
9067,Jessica Hayes,angela16@example.com,2024-03-10,Saint Kitts and Nevis
9068,Deborah Jenkins,fgoodman@example.net,2024-04-26,Denmark
9069,Daniel Torres,cchapman@example.com,2022-12-18,Uruguay
9070,Kevin Foster,wrightjessica@example.com,2023-05-14,Martinique
9071,Kimberly Sanders,rwoods@example.net,2025-06-25,Seychelles
9072,Alicia Burns,vaughnmark@example.net,2022-08-28,Kiribati
9073,Phillip Collins,jessicasmith@example.net,2024-08-28,El Salvador
9074,Joseph Bush,nberger@example.org,2025-04-24,Namibia
9075,Mark Murphy,wowen@example.net,2023-02-03,Jordan
9076,Desiree Carson,theresa69@example.com,2023-04-23,Fiji
9077,Aaron Cole,darrenhenry@example.org,2024-06-16,Montserrat
9078,Joshua Gates,hendersoncurtis@example.com,2024-05-16,South Africa
9079,Lisa Lewis,cbell@example.org,2023-09-08,Iran
9080,Jason Owens,ubrown@example.com,2025-01-20,Australia
9081,Tamara Davis,brittneyparker@example.com,2023-10-09,Kazakhstan
9082,Tracy Osborne,shelbyallen@example.org,2023-03-21,Papua New Guinea
9083,Susan Hall,washingtonsarah@example.com,2023-02-01,Honduras
9084,Tiffany Rollins,gmccann@example.org,2024-11-12,Yemen
9085,Stephanie Owen,ryanwolfe@example.com,2023-12-07,Ukraine
9086,Mary Brown,lunamartha@example.org,2025-04-14,Central African Republic
9087,Jessica Carr,christine35@example.net,2025-05-09,Kenya
9088,Monica Gonzalez,benjamin27@example.net,2024-05-09,Dominica
9089,Kristen Clark,bkelley@example.net,2025-04-26,Bulgaria
9090,Tiffany Taylor,qfranklin@example.com,2025-06-01,Saudi Arabia
9091,Elizabeth Brown,idavis@example.net,2023-12-12,Brazil
9092,Michael Riddle,rhopkins@example.com,2025-08-08,South Africa
9093,Clifford Munoz,daniel45@example.org,2024-12-24,France
9094,David Figueroa,roberta63@example.net,2025-08-07,Grenada
9095,Denise Landry,ztownsend@example.net,2023-05-30,Kazakhstan
9096,Dr. Ryan Wilson,brett85@example.net,2024-08-21,Niger
9097,Rodney Becker,william66@example.net,2024-10-02,Kiribati
9098,Charles Tyler,petersonjeffrey@example.org,2024-02-21,India
9099,Lisa Johnson,tiffanyho@example.org,2025-04-02,Palau
9100,Rachel Monroe,joan94@example.net,2023-11-01,Trinidad and Tobago
9101,Edward Jennings,harmonkelsey@example.com,2023-04-11,Suriname
9102,Clifford Thornton,ljackson@example.net,2024-01-06,Latvia
9103,Nathan Kemp,gonzalesbenjamin@example.org,2022-10-16,Burundi
9104,Michael Park,greenjoseph@example.org,2024-11-22,Netherlands
9105,Krystal Smith,harrisbreanna@example.com,2023-07-14,Poland
9106,Edward Price,jennifersimmons@example.org,2024-10-26,Vanuatu
9107,Bradley Johnson,fking@example.com,2024-06-04,Indonesia
9108,Natalie Davis,david71@example.org,2022-12-06,Djibouti
9109,Justin Werner,jessicarichard@example.org,2025-04-07,Armenia
9110,Casey Brown,amandadawson@example.net,2024-06-23,Antigua and Barbuda
9111,Alicia Allen,juan13@example.org,2022-11-24,Jordan
9112,Raven Smith,diazdenise@example.com,2023-09-25,Micronesia
9113,Sean Peterson,derrick37@example.net,2024-10-02,Solomon Islands
9114,Zachary Jones,phillipguzman@example.com,2023-06-15,Brazil
9115,Kevin Peterson,brandondavis@example.net,2024-05-07,Saint Kitts and Nevis
9116,Claudia Miranda,garciadenise@example.net,2023-10-17,French Polynesia
9117,Travis Browning,sullivandavid@example.com,2025-04-27,Zambia
9118,Margaret Rich,peter41@example.net,2022-10-07,Serbia
9119,Nancy Long,robertboyd@example.com,2023-04-05,Guam
9120,Bridget Sloan,lauren18@example.com,2022-11-02,Georgia
9121,Joseph Dominguez,wbryant@example.org,2022-12-28,Gibraltar
9122,Jimmy Terrell,phouse@example.org,2025-03-25,Kyrgyz Republic
9123,Jessica Wade,jonescarlos@example.com,2023-08-29,Panama
9124,Brian Oneal,pbrown@example.com,2025-06-12,Angola
9125,Mary Gonzalez,jeffrey64@example.com,2023-04-28,Tonga
9126,Michael Heath,tricia39@example.net,2024-05-13,Nepal
9127,Lee Wagner III,kaylaharris@example.com,2023-02-12,Costa Rica
9128,Curtis White,elizabeth06@example.org,2025-08-03,Swaziland
9129,Peter Cunningham,cunninghamtara@example.org,2023-08-08,Grenada
9130,Walter Mayo,garciajennifer@example.com,2025-03-05,Eritrea
9131,Justin Murray,kathleen02@example.com,2025-01-23,Falkland Islands (Malvinas)
9132,Anthony Moore,kfranklin@example.org,2024-08-20,Bahamas
9133,Samantha Haley,michael44@example.com,2022-09-23,Anguilla
9134,Michael Meza,sharonevans@example.org,2024-12-17,Cameroon
9135,Roger Crawford,barnettcheryl@example.net,2023-06-17,Iceland
9136,Alexis Chan,daniel55@example.net,2023-02-27,Mongolia
9137,Jennifer Hunter,keith77@example.org,2023-07-01,Christmas Island
9138,Donna Cole,floresronald@example.net,2025-06-09,Oman
9139,Marvin Baldwin,michaelmarsh@example.net,2024-06-08,Isle of Man
9140,Lindsay Swanson,dcooper@example.com,2025-04-24,Bosnia and Herzegovina
9141,Shane Martin,lorijefferson@example.org,2025-01-02,Serbia
9142,Gregory Patterson,williamstyler@example.net,2023-01-31,Central African Republic
9143,Jeremy Khan,mshaffer@example.org,2024-03-09,Turkmenistan
9144,Walter Best,vmiller@example.com,2023-07-03,Saint Vincent and the Grenadines
9145,Tracy Smith,zfreeman@example.org,2023-05-28,Anguilla
9146,Bryan Rose,andersonjustin@example.net,2025-02-10,Afghanistan
9147,Kurt Lawson,vdiaz@example.net,2023-10-02,Malta
9148,Dr. Amy Travis,lgilbert@example.org,2023-01-26,Netherlands
9149,Vanessa Wheeler,michelle89@example.org,2025-04-22,Tuvalu
9150,Sarah Yu,clove@example.net,2023-05-10,Kenya
9151,Megan Thompson,gonzalezcourtney@example.com,2024-12-28,Palau
9152,Andre Bridges,galexander@example.net,2023-04-05,Cocos (Keeling) Islands
9153,Keith Williamson,uterry@example.org,2022-11-05,Kiribati
9154,Jennifer Turner,zavalaamber@example.com,2023-01-29,China
9155,Andrew Wolfe,xwilson@example.org,2022-09-06,Jamaica
9156,Jacqueline Wells,jennifer42@example.org,2023-07-07,Mali
9157,Laura Murillo,michelle45@example.com,2024-09-19,Haiti
9158,Gary Watson,juliebowman@example.com,2023-11-20,Slovenia
9159,Jeremiah Cortez,scott09@example.com,2023-03-30,Cook Islands
9160,Bruce Sanders,scott40@example.net,2025-05-20,Portugal
9161,David Wright,patriciawatts@example.org,2023-03-26,Hungary
9162,Logan Ward,fclark@example.net,2024-09-13,Bosnia and Herzegovina
9163,Brittany Pearson,deckermichelle@example.net,2024-02-29,Mayotte
9164,Melissa Sutton,thomas33@example.org,2024-05-25,Vietnam
9165,Mrs. Meredith Werner,richardwalker@example.com,2025-03-26,Bosnia and Herzegovina
9166,Mariah Hughes,kennethfisher@example.org,2025-06-24,Montserrat
9167,Bridget Price,castillolouis@example.org,2024-11-12,Fiji
9168,Jessica Phillips,nelliott@example.com,2025-01-18,Liechtenstein
9169,William Kaiser,jbarnes@example.net,2023-02-01,Jamaica
9170,Samantha Steele,lgibbs@example.com,2022-12-19,Peru
9171,Monica Murray,burnsshane@example.org,2023-06-19,Martinique
9172,Mitchell Cox,ltaylor@example.com,2024-07-03,Denmark
9173,Lindsay Davis,jennifer36@example.org,2025-06-29,Hong Kong
9174,Christopher Monroe,samantha59@example.net,2023-05-16,Armenia
9175,Cheryl Watson,aadams@example.net,2024-05-20,Togo
9176,Jamie Miller,kristina19@example.org,2023-11-02,Malta
9177,Jose Walker,barnesmichael@example.org,2022-11-22,Falkland Islands (Malvinas)
9178,John Smith,janicekent@example.net,2023-10-26,Antarctica (the territory South of 60 deg S)
9179,Kimberly Sanchez,meyersvicki@example.net,2023-05-06,Lao People's Democratic Republic
9180,Heather Mccoy,joseph96@example.net,2023-11-24,Dominican Republic
9181,Jeffrey Baker,collierrobert@example.net,2024-02-14,Panama
9182,Cassandra Jacobs,sophialawrence@example.com,2023-12-24,Guyana
9183,Shannon Flores,natashanelson@example.net,2022-12-22,Egypt
9184,Mary Grimes,youngmary@example.net,2024-05-06,Burkina Faso
9185,Richard Bryant,adaniels@example.org,2022-09-01,Denmark
9186,Gregory Moreno,joseph94@example.org,2023-09-23,Tuvalu
9187,Amanda Perez,fguzman@example.com,2023-08-08,Seychelles
9188,Karen Bentley,uwilson@example.net,2024-07-18,Netherlands
9189,Jennifer English,jamesjohnson@example.org,2025-02-12,Marshall Islands
9190,Kristina Cannon,cohenlori@example.net,2023-09-18,Honduras
9191,Kyle Bradshaw,duncangary@example.net,2025-01-03,Tonga
9192,Colleen May,larryjohnston@example.com,2023-02-09,Turkey
9193,Melissa Holloway,vanessa60@example.com,2023-08-26,Grenada
9194,Larry Barnes,david28@example.org,2024-09-22,Swaziland
9195,Mitchell Jordan,sdavis@example.com,2024-06-17,Macao
9196,Emma Lawrence,castrolori@example.org,2024-11-15,Montenegro
9197,Tracy Middleton PhD,tammy73@example.net,2024-09-19,Nauru
9198,Andrew Marquez,mcgrathgina@example.org,2024-02-03,Palestinian Territory
9199,Brett Ryan,davidsmith@example.com,2024-08-12,Sierra Leone
9200,Patricia White,dawn49@example.org,2022-11-18,Georgia
9201,Becky Cunningham,onguyen@example.net,2023-06-08,Saint Lucia
9202,Melissa Walter,nsmith@example.org,2024-11-02,Thailand
9203,Taylor Shaw,qbush@example.com,2024-08-25,San Marino
9204,Rodney Fritz,ppierce@example.com,2023-11-29,Paraguay
9205,Richard Garcia,wkennedy@example.com,2025-02-03,Antarctica (the territory South of 60 deg S)
9206,Kenneth Evans,stephanie76@example.com,2022-09-09,Antarctica (the territory South of 60 deg S)
9207,Shane Martin,denise02@example.com,2024-09-22,Puerto Rico
9208,Kyle Phillips,ltorres@example.com,2023-02-22,Sao Tome and Principe
9209,Alison Humphrey MD,richardbrown@example.com,2023-10-11,Korea
9210,Allison Hansen,krystal52@example.net,2025-05-13,Switzerland
9211,Jason Smith,hernandezchristian@example.net,2024-08-18,Trinidad and Tobago
9212,Courtney Cain,kirkanthony@example.com,2025-02-10,Rwanda
9213,Kathleen Odonnell,morgandouglas@example.net,2023-11-15,Timor-Leste
9214,John Scott,jenkinslynn@example.net,2022-10-23,Macao
9215,Robin Knight,davidbrown@example.com,2024-11-20,Equatorial Guinea
9216,Ronnie Mayer,jgonzalez@example.net,2023-01-24,Guinea-Bissau
9217,Philip Rojas,lauriebaxter@example.org,2024-11-20,Reunion
9218,Kimberly Vang,jcarroll@example.net,2022-10-13,Cocos (Keeling) Islands
9219,Kimberly Brock,jacqueline86@example.net,2025-06-06,Tuvalu
9220,Steven Jones,crosbyjennifer@example.net,2022-11-27,Finland
9221,Michele Woods,sandra81@example.org,2025-06-26,Croatia
9222,James Crawford,ncox@example.org,2025-04-26,South Georgia and the South Sandwich Islands
9223,Crystal Schmidt,smitherica@example.net,2023-06-18,Dominican Republic
9224,Julie Lopez,cathywright@example.net,2025-06-24,British Virgin Islands
9225,Mary Mercer,jenkinsjulie@example.com,2023-12-26,Cape Verde
9226,Jason Phillips,snyderlisa@example.org,2023-08-11,Barbados
9227,Kerry Diaz,zsmith@example.com,2022-09-27,Belarus
9228,David Salinas,alexanderpaul@example.net,2023-11-01,Guinea-Bissau
9229,Carl Hendricks,dwheeler@example.net,2024-09-08,Martinique
9230,Jennifer Jacobson,oherrera@example.com,2023-08-12,Korea
9231,Daniel White,cmoore@example.org,2024-07-28,Luxembourg
9232,Jonathan Medina,joholder@example.com,2024-05-01,Holy See (Vatican City State)
9233,Elizabeth Brock,katiemorton@example.net,2023-07-05,Angola
9234,Sara Contreras,danamueller@example.com,2023-10-29,Faroe Islands
9235,Shannon Jimenez,zmurray@example.net,2024-07-03,Martinique
9236,Yolanda Miller,rolson@example.net,2024-01-19,Austria
9237,Angelica Hanson,johnhamilton@example.com,2023-12-26,Timor-Leste
9238,Matthew Jones,kobrien@example.org,2024-05-19,Nepal
9239,Julia Miller,wendy50@example.org,2023-08-04,Saint Martin
9240,Andrew Simpson,tjohnson@example.net,2023-03-18,Faroe Islands
9241,Aaron Ramirez,luishernandez@example.net,2022-12-01,Austria
9242,Xavier Reynolds,sarah22@example.net,2025-06-28,Nepal
9243,Whitney Miller,milleranthony@example.org,2024-09-20,United Kingdom
9244,Bradley Bautista,dana75@example.com,2024-09-30,Nepal
9245,Andrea Lopez,kbautista@example.net,2025-03-19,Belize
9246,Walter Hess,troynorris@example.com,2024-09-14,Russian Federation
9247,Stacie Knight,zperez@example.net,2024-10-30,Croatia
9248,Matthew Lewis,smithtimothy@example.net,2025-04-08,Cook Islands
9249,Ms. Kimberly Lynch,fsolomon@example.org,2023-02-26,Latvia
9250,Jean Marquez,gail06@example.net,2024-07-19,Switzerland
9251,Amanda Mason,david31@example.com,2025-02-13,Guernsey
9252,Carol Brown,melissawerner@example.org,2024-01-05,France
9253,Michael Hawkins,heather18@example.com,2024-06-04,Armenia
9254,Melissa Montoya,jenna35@example.org,2025-03-24,Brunei Darussalam
9255,Kathryn Daniel,john17@example.net,2024-11-03,Germany
9256,Elizabeth Davis,david88@example.com,2025-05-30,China
9257,Kelly Garcia MD,michaelasmith@example.org,2023-05-14,United States Virgin Islands
9258,Dr. James Jarvis,jessicariggs@example.org,2024-03-10,Czech Republic
9259,Timothy Richard MD,gonzalezsydney@example.com,2024-04-05,Netherlands
9260,Jesse Woods,keithcastillo@example.com,2023-03-15,Cape Verde
9261,Christina Smith,bridget61@example.net,2023-04-18,Sudan
9262,Hannah Anderson,yhuang@example.net,2022-10-20,Madagascar
9263,Douglas Lucas,garciatodd@example.net,2024-04-27,Northern Mariana Islands
9264,Anna Ryan,robertslindsey@example.org,2023-02-19,British Virgin Islands
9265,Andrew Nelson,amandaharris@example.org,2025-07-31,Mali
9266,Christina Tanner,danielle22@example.org,2024-12-16,Djibouti
9267,Elizabeth Valenzuela,scottkristopher@example.com,2024-11-05,Turks and Caicos Islands
9268,Melissa Cox,ngonzalez@example.com,2023-08-04,Anguilla
9269,Maria West,derrickcarney@example.com,2024-10-03,Nauru
9270,Dawn Vasquez,allison01@example.org,2024-12-30,Anguilla
9271,Jose Curtis,lauren05@example.net,2024-01-04,San Marino
9272,Benjamin Smith,hreed@example.net,2023-12-26,Korea
9273,Randy Ellis,jacob65@example.com,2023-09-09,French Polynesia
9274,Lauren Espinoza,michelleortiz@example.com,2023-02-21,Slovakia (Slovak Republic)
9275,Bryan Ellis,snyderemily@example.org,2025-01-20,Finland
9276,Steven Bailey,andersonkristin@example.org,2023-09-13,Barbados
9277,Kimberly Roberts PhD,kingrobert@example.net,2022-10-01,Malawi
9278,Raymond Hughes,ischaefer@example.com,2023-01-20,Papua New Guinea
9279,Paige Valenzuela MD,bruceramos@example.net,2023-07-13,Norfolk Island
9280,Christopher Howard,usantos@example.net,2023-01-17,Liberia
9281,Katelyn Kelly,kathy90@example.net,2023-01-03,Central African Republic
9282,Matthew Beltran,santhony@example.net,2024-11-19,Gabon
9283,Karen Martinez,rwolfe@example.net,2024-11-29,Cambodia
9284,Janet Duran,laurahale@example.org,2023-05-17,Poland
9285,Anna Johnson,christopherlloyd@example.org,2022-10-01,Angola
9286,Rebecca Long,howellchristopher@example.com,2023-05-14,Saint Kitts and Nevis
9287,Tamara Mcknight,mortondanielle@example.com,2022-10-14,Korea
9288,Tyler Hawkins,dwayne39@example.com,2025-01-10,Netherlands
9289,Angel Park,nicholsteresa@example.com,2022-09-19,Heard Island and McDonald Islands
9290,Wayne Vasquez,millerbriana@example.com,2022-08-30,Tokelau
9291,Kevin Tyler,christinadavis@example.net,2025-03-07,Costa Rica
9292,Valerie Campbell,robertwilliams@example.org,2024-05-27,Kuwait
9293,Mark Hernandez,lisaevans@example.com,2024-02-04,Jersey
9294,Cassandra Young,ramostodd@example.net,2023-04-26,Guatemala
9295,Sandra Oliver,omartinez@example.com,2022-09-04,Tonga
9296,Victoria Parks,cindyharvey@example.org,2024-07-06,Hungary
9297,Jennifer Baxter,rosariolinda@example.org,2022-12-24,United States Minor Outlying Islands
9298,Maria Thomas,raystephen@example.net,2022-12-01,Guyana
9299,Carlos Hickman,erobinson@example.com,2023-10-06,Cayman Islands
9300,Erik Small,brianbarrett@example.com,2022-12-06,Christmas Island
9301,Samantha Medina,mark51@example.net,2024-01-09,Indonesia
9302,David Jones,pklein@example.org,2023-10-13,Tajikistan
9303,Julie Blake,samueljohnson@example.net,2024-08-02,Guadeloupe
9304,David Baker,juanbrown@example.org,2023-10-31,Montserrat
9305,Victoria Boyd,brian86@example.org,2023-07-17,Latvia
9306,Susan Hale,jennifersimmons@example.com,2023-08-23,Solomon Islands
9307,John Tucker,dperez@example.com,2025-08-13,Saint Barthelemy
9308,Justin Vaughan,patricklevine@example.com,2023-04-04,Tuvalu
9309,Jessica Sharp,bbailey@example.com,2023-05-06,Peru
9310,Cindy Brown,brendaclay@example.com,2022-11-27,Nauru
9311,Lori Wright,krobinson@example.org,2023-12-07,Haiti
9312,Olivia White,nathan07@example.com,2024-05-21,New Caledonia
9313,Lisa Sellers,halldavid@example.org,2024-03-24,Macao
9314,Kelsey Schaefer,gavinreese@example.net,2024-07-04,Lithuania
9315,Nancy Ross,hboyd@example.net,2025-05-25,Australia
9316,Stephanie Wells DDS,christopherbruce@example.org,2024-02-15,Guam
9317,Cathy Lewis,zacharylucas@example.net,2023-06-10,Guinea-Bissau
9318,Rachel Hernandez,shannonjimenez@example.net,2024-05-06,India
9319,Rebecca Cox,dustin66@example.net,2023-02-17,Peru
9320,Amanda Krause,torresmichael@example.org,2025-07-11,Botswana
9321,Kurt Hall,xtaylor@example.net,2022-11-02,Hungary
9322,David Owens,montgomeryjodi@example.net,2023-04-05,Vanuatu
9323,Darlene Clark,vincentjones@example.com,2023-12-06,Papua New Guinea
9324,Judith Oneal,lauren45@example.com,2024-12-21,Kyrgyz Republic
9325,Dean George,ashleyjones@example.net,2023-03-31,Puerto Rico
9326,Brian Wright,michaelbrooks@example.org,2024-03-02,Mauritania
9327,David Herring,beckamanda@example.org,2025-07-21,Burkina Faso
9328,Mary Simmons,creilly@example.com,2024-12-23,French Guiana
9329,Jeffrey Reeves,michelejones@example.net,2025-03-07,Morocco
9330,Melissa Thomas,catherineshelton@example.net,2023-01-09,Micronesia
9331,Nicole Thompson,jonesjimmy@example.net,2024-09-22,Finland
9332,Charles Rosales,tylersutton@example.com,2023-09-27,Lebanon
9333,Hannah Diaz,michaellamb@example.com,2024-04-14,Ghana
9334,Connor Bright,wernerronald@example.net,2023-09-13,Angola
9335,Martha Davis,timgarrett@example.com,2023-01-07,Croatia
9336,Matthew Meyer,ericascott@example.com,2024-05-13,New Caledonia
9337,Aaron Hill,kharrington@example.com,2023-06-19,Wallis and Futuna
9338,Miguel Fitzgerald,cody20@example.com,2022-09-14,Croatia
9339,Kirsten Sanchez,christine71@example.net,2025-08-17,Myanmar
9340,Donna Cox,deckerrebecca@example.com,2023-08-12,Taiwan
9341,Carol Bailey,margaretthomas@example.com,2023-04-15,British Indian Ocean Territory (Chagos Archipelago)
9342,Timothy Crane,william41@example.org,2023-05-10,Micronesia
9343,Madison Francis,rogersbailey@example.com,2024-12-21,Portugal
9344,Jasmine Allen,qshepard@example.com,2022-10-23,Albania
9345,Steven Duran,rita88@example.org,2022-10-17,Nigeria
9346,Sharon Pham,dhayes@example.org,2023-02-23,Mayotte
9347,Eric Wang,yherring@example.net,2023-07-03,British Indian Ocean Territory (Chagos Archipelago)
9348,Michael Patterson,buchananashley@example.net,2023-03-21,Cyprus
9349,Billy Chen,perezrebecca@example.com,2025-08-18,Hungary
9350,Mathew Pham,amy01@example.org,2022-11-13,Grenada
9351,Madison Smith,katherine71@example.net,2024-04-08,Fiji
9352,Charles Ward,toddmoore@example.com,2024-03-11,Korea
9353,Linda Rice,bsmith@example.net,2024-07-26,Montenegro
9354,Lawrence Crane,andrewsfrank@example.com,2024-10-12,Pitcairn Islands
9355,Justin Stewart,david48@example.org,2024-02-22,Saint Helena
9356,George Baldwin,pfranklin@example.com,2023-05-20,Tanzania
9357,Kerry Mullen,timothy68@example.net,2022-09-04,Ireland
9358,Daniel Fry DVM,csavage@example.org,2023-08-13,Saint Pierre and Miquelon
9359,Gerald Moreno,blankenshipdarrell@example.com,2023-12-04,Syrian Arab Republic
9360,Kelly Adams,johnlynch@example.com,2023-12-30,Tunisia
9361,Debra Medina,ronalddavis@example.net,2024-04-02,Australia
9362,Troy Haney,peterssusan@example.net,2024-04-25,Guadeloupe
9363,Amy Vazquez,david55@example.com,2023-09-25,Lithuania
9364,William Clark,gonzalessamantha@example.net,2023-03-05,French Guiana
9365,Derrick Ayers,smithdarlene@example.com,2024-06-17,Cameroon
9366,Robert Johnson,phillip94@example.net,2025-04-11,Zimbabwe
9367,Robert Castillo,ibrown@example.org,2025-02-20,Poland
9368,Daniel Barton,rachael09@example.org,2025-04-10,Falkland Islands (Malvinas)
9369,Jerome Waters,zachary91@example.org,2023-12-29,Hungary
9370,Laura Humphrey,simpsondavid@example.net,2024-10-11,Slovenia
9371,Tina Allen,mannrobert@example.com,2023-11-20,Somalia
9372,Ruth Campbell,hmiller@example.org,2023-10-08,Niger
9373,Jose Avila,williamsamanda@example.org,2022-09-20,Somalia
9374,Joshua Castillo,samantha61@example.com,2024-06-02,British Indian Ocean Territory (Chagos Archipelago)
9375,Craig Roberts,michelle83@example.net,2024-12-28,Tajikistan
9376,Robert Rush,kimmichael@example.org,2023-01-06,Norfolk Island
9377,Robert Mendoza,brian25@example.org,2023-07-06,Heard Island and McDonald Islands
9378,Aaron Strickland,pcopeland@example.org,2025-06-03,Guatemala
9379,Miguel Martinez,crystal64@example.com,2024-10-20,Lithuania
9380,Andrea Peterson,lindsay37@example.org,2024-04-03,Turkey
9381,Evan Johnson,hjohnson@example.org,2024-10-24,Peru
9382,Monique Bell,mpreston@example.org,2023-02-10,Swaziland
9383,Christina Boyd,jimmy73@example.org,2023-09-15,Kyrgyz Republic
9384,Chad Stokes,lisawarner@example.net,2024-09-17,Guatemala
9385,Amy Rodriguez,vchandler@example.org,2023-04-07,Peru
9386,Wendy Ray,destiny49@example.com,2024-12-16,Mauritius
9387,Rachael Lewis,lorijohnson@example.net,2022-12-01,Liberia
9388,Tamara Fitzpatrick,esparzasusan@example.net,2023-01-24,Gambia
9389,Brooke Hunter,larrybeasley@example.net,2023-08-19,France
9390,Debra Singleton,noahbuckley@example.org,2022-10-31,Saint Pierre and Miquelon
9391,Andrew Jones,nelsonraymond@example.com,2025-02-17,Congo
9392,Amber Willis,mckenziebrian@example.com,2024-12-03,Egypt
9393,Jennifer Alexander,johnny55@example.com,2024-10-13,Uruguay
9394,Laura Christian,donnagibson@example.net,2022-10-30,Austria
9395,Katherine Howell,nwallace@example.net,2023-07-12,Somalia
9396,Miss Tiffany Mccoy MD,marissa21@example.com,2022-11-01,United States Virgin Islands
9397,Madison Pearson,jerome03@example.com,2024-07-17,Algeria
9398,Timothy Patel,pbeck@example.net,2024-11-27,Christmas Island
9399,Dawn Robinson,tmiller@example.org,2025-06-06,Togo
9400,Laura Alexander,thomas47@example.net,2023-08-29,Nigeria
9401,Tammy Baker,amber90@example.net,2024-03-15,Guyana
9402,Karen Woods,sherry08@example.com,2025-05-27,Macao
9403,Richard Tyler,blake53@example.net,2025-02-06,Peru
9404,Kevin Delacruz,mariataylor@example.net,2024-12-10,Dominica
9405,Steven Phillips,mullinslauren@example.com,2022-11-25,Qatar
9406,Cassandra Hunter,tony07@example.com,2025-07-11,Slovenia
9407,Mr. Shane Sanchez,whall@example.org,2024-10-04,Tajikistan
9408,Timothy Martinez,allen04@example.com,2023-05-29,Svalbard & Jan Mayen Islands
9409,Jason King,alexandrarose@example.net,2024-11-05,Faroe Islands
9410,Kelsey Tucker,sarahoffman@example.com,2024-11-12,Hong Kong
9411,Patricia Newton,pburns@example.org,2022-10-13,Iran
9412,Amanda Kelley,alvin74@example.com,2025-04-12,Saint Pierre and Miquelon
9413,Heather Perez PhD,debbie43@example.org,2022-12-16,Italy
9414,Lisa Garcia,jessicaellis@example.org,2023-01-02,Belarus
9415,Danielle Rogers,jcole@example.net,2023-11-11,Armenia
9416,Christina Brown,ryan49@example.net,2025-05-19,Nepal
9417,Shannon Decker,jamie05@example.net,2023-01-24,Samoa
9418,Christopher Blair,aleonard@example.org,2025-05-07,Zimbabwe
9419,Jonathan Ellison,brendakelly@example.net,2023-02-22,Bosnia and Herzegovina
9420,Paul Underwood,martinezdeborah@example.org,2025-02-11,Iceland
9421,Christopher Johnson,mistybrown@example.net,2023-12-09,Brunei Darussalam
9422,Teresa Jones,diazsteven@example.org,2024-10-14,China
9423,Benjamin Scott,kathryn30@example.com,2022-09-15,El Salvador
9424,Shelley Henderson,lroman@example.com,2023-03-20,Yemen
9425,Leslie Campbell,nathaniel95@example.com,2022-11-06,Fiji
9426,Rhonda Reyes,robertsandrea@example.org,2023-07-19,Equatorial Guinea
9427,Samuel Garcia,williamsanthony@example.com,2024-12-20,Jordan
9428,William Kim,debra04@example.net,2023-09-09,Venezuela
9429,Yolanda Tanner,tiffany94@example.org,2024-04-13,Seychelles
9430,Cody Santiago,kevin82@example.net,2025-01-29,Mozambique
9431,Jasmine Dean,david11@example.org,2024-01-08,Bahamas
9432,Abigail Watts,cortezdavid@example.org,2023-06-27,San Marino
9433,Lisa Clark,burchhunter@example.org,2022-09-25,Aruba
9434,Daniel Doyle,dbird@example.com,2023-09-10,Ethiopia
9435,Joseph Reed,cevans@example.org,2024-05-12,Morocco
9436,Aaron Jordan,karen58@example.com,2025-08-17,Panama
9437,Sheila Gomez,dianataylor@example.com,2025-08-13,Mozambique
9438,Melissa Peterson,conwayrenee@example.com,2022-11-24,Bosnia and Herzegovina
9439,Monique Acosta,sean31@example.org,2023-04-07,Swaziland
9440,Jason Murray,lauren20@example.org,2023-10-01,United States Minor Outlying Islands
9441,Amber Christensen,stacieestes@example.org,2023-12-11,Ethiopia
9442,Alicia Knight,plopez@example.net,2024-07-16,Spain
9443,Elizabeth Rodriguez,brookebradley@example.org,2025-01-06,Argentina
9444,Joseph Flynn,uhenson@example.org,2025-07-30,Sweden
9445,Mrs. Maria Zimmerman,jewing@example.net,2025-04-20,Gabon
9446,Joseph Soto,taylorrobert@example.net,2024-03-26,Hungary
9447,Heather Holmes,reginald58@example.com,2022-11-28,Benin
9448,Brian Johnson,brandi44@example.net,2024-04-27,Antarctica (the territory South of 60 deg S)
9449,Jose Berger,andersondorothy@example.org,2022-09-25,Barbados
9450,Danielle Hayes,chapmanmichael@example.org,2024-07-11,Tajikistan
9451,Diane Brown,estradaashley@example.com,2024-02-07,Central African Republic
9452,Jessica Jimenez,richardsdesiree@example.net,2025-02-13,Saint Lucia
9453,Jacob Hogan,hamptonjessica@example.com,2025-07-30,Niue
9454,Elizabeth Williams,garciabrett@example.net,2023-05-28,Luxembourg
9455,James Carter,timothyrichmond@example.com,2023-12-29,Lao People's Democratic Republic
9456,Joanne Nichols,leah12@example.org,2022-12-03,Norway
9457,Michael Hanna,shannonmartin@example.org,2022-11-12,French Guiana
9458,Cody Roberts,lbest@example.com,2023-09-20,Dominica
9459,Patrick Reeves,bmontgomery@example.com,2025-01-04,Mexico
9460,Nicole Clark,qcolon@example.org,2023-06-26,Greenland
9461,Jared Castillo,vazquezbrenda@example.net,2023-02-22,Afghanistan
9462,Gabriel Schultz,johnsonfrederick@example.org,2024-12-12,Zimbabwe
9463,Joshua Scott,graytimothy@example.com,2023-06-14,Albania
9464,Charles King,mrichardson@example.net,2024-02-16,Sierra Leone
9465,Andre Brown,yesenia82@example.com,2024-10-26,Haiti
9466,Jennifer Johnston,martinezstephen@example.net,2023-08-23,Grenada
9467,Thomas Young,elizabethhowe@example.org,2022-09-25,Mali
9468,Timothy Rogers,bryan09@example.net,2024-11-28,Tokelau
9469,Michael Hansen,cartershane@example.org,2025-05-19,Bermuda
9470,Joshua Boyd,howardchristina@example.org,2024-08-27,Qatar
9471,Oscar Olson,edelgado@example.com,2023-12-30,Afghanistan
9472,Henry Willis,nicholasreyes@example.org,2024-11-03,Azerbaijan
9473,Lauren Moore,taylorchristopher@example.com,2023-11-03,Jordan
9474,Christopher Sanford,marissa98@example.org,2023-12-21,Panama
9475,Amanda Soto,xwallace@example.com,2023-06-30,Jordan
9476,Anthony Johnson,arthurbuchanan@example.com,2024-03-15,Russian Federation
9477,Rebecca Schmidt,stephenboone@example.net,2024-04-09,Samoa
9478,Jesus Williams MD,munozjuan@example.net,2024-03-09,North Macedonia
9479,Janet Walker,traci07@example.net,2024-01-03,French Southern Territories
9480,Dustin Maldonado,kendraortega@example.org,2022-12-20,Mongolia
9481,Catherine Hull,walter10@example.com,2024-07-04,Malawi
9482,Claudia Hayden,jpeck@example.net,2024-02-01,Fiji
9483,Rebecca Nguyen,leonfoster@example.net,2024-04-21,Ethiopia
9484,Faith Sanders,williamscourtney@example.com,2025-06-22,Uruguay
9485,Christine Moreno,jennifer93@example.net,2024-02-08,Kiribati
9486,Mr. Douglas Murillo III,jennifer33@example.net,2025-04-03,Tonga
9487,Lori Beard,gonzalezfrank@example.org,2024-09-29,Bulgaria
9488,John Robinson,lbarnes@example.org,2023-03-01,Niue
9489,Benjamin Santana,ijohnson@example.com,2025-07-18,Montserrat
9490,Stephanie Bishop,matthewking@example.com,2024-05-14,Zambia
9491,Michael Griffith,pateldaniel@example.net,2024-02-07,Malaysia
9492,Dominic Dickerson,wchen@example.org,2025-01-05,Macao
9493,Kelly Smith,chelsea57@example.net,2024-10-22,Saint Pierre and Miquelon
9494,Kevin Farmer,vpierce@example.org,2022-11-07,Antigua and Barbuda
9495,Justin Schmidt,loricooper@example.com,2023-12-02,Iceland
9496,Ian Melton Jr.,williamsharp@example.org,2022-12-04,Australia
9497,Julie Murphy,paul31@example.org,2024-05-22,Korea
9498,Steven Pitts,lnoble@example.com,2024-02-25,Burundi
9499,Nicole House,matthew01@example.org,2024-03-19,Gambia
9500,Brandi Harrison,joshuamartinez@example.org,2024-03-21,Ethiopia
9501,Steven Reeves,omarhampton@example.org,2022-12-05,Ethiopia
9502,Linda Kelley,millerpatricia@example.com,2025-02-28,Nepal
9503,Anthony Berger,stephen42@example.com,2022-09-01,Bahrain
9504,Melissa Wolf,upierce@example.net,2025-01-08,Greenland
9505,Mrs. Loretta Lindsey,warnerchristopher@example.com,2023-11-03,Belize
9506,Dillon Duke,christian10@example.org,2023-12-28,Nauru
9507,Jeremiah Simmons,bethany89@example.com,2024-04-14,Thailand
9508,Laurie Baker,valeriereyes@example.org,2023-03-04,Dominica
9509,Jenny Hill,amyhayes@example.com,2023-09-08,Brazil
9510,Jason Woods,hebertrandy@example.org,2024-11-28,New Caledonia
9511,Jennifer Collins MD,michael02@example.com,2024-02-13,Congo
9512,Jill Solomon,jamiecollins@example.net,2024-02-09,Norfolk Island
9513,Stephen Rivers,lblake@example.com,2024-07-10,Mozambique
9514,Joseph Henson,kimberlygreen@example.com,2024-07-05,Jordan
9515,Heather Price,jacobsonharry@example.org,2023-09-11,Canada
9516,Elizabeth Williamson,uknapp@example.com,2022-12-23,Nepal
9517,Sara Miller,wabbott@example.net,2025-01-31,Tokelau
9518,Melissa Rodriguez,taylor68@example.org,2025-02-14,San Marino
9519,Vicki Taylor,chanchristy@example.com,2022-12-18,Russian Federation
9520,Julie West,ericmorgan@example.com,2022-09-18,Lithuania
9521,Eric Wright,nhunter@example.net,2023-11-13,Guinea
9522,Sarah Ho,wbyrd@example.org,2024-09-07,Moldova
9523,Daniel Collins,ernest50@example.com,2023-07-08,Mauritius
9524,Pamela Terrell,ahester@example.org,2024-08-05,South Georgia and the South Sandwich Islands
9525,Anthony Curry,allisonsmith@example.org,2024-05-05,Chad
9526,Michael Palmer,stephanie32@example.net,2022-12-14,Micronesia
9527,Colin May,andrea51@example.com,2023-07-17,Ecuador
9528,Haley Johnson,grahammatthew@example.org,2024-12-08,Russian Federation
9529,Tina Brown,patrickwilson@example.org,2022-08-29,Eritrea
9530,Michael Taylor,wintersstephen@example.net,2024-09-14,Mayotte
9531,Samantha Santana,jennifer27@example.org,2024-01-14,Northern Mariana Islands
9532,Robert Byrd,uchase@example.com,2025-03-26,Tunisia
9533,James Neal,ccampos@example.org,2024-07-19,Kuwait
9534,Tonya Walker,kimberly64@example.net,2023-07-26,Venezuela
9535,Courtney Martinez,tina06@example.com,2023-08-06,Faroe Islands
9536,Holly Cook,smithryan@example.org,2025-04-14,Bahamas
9537,Ashley Dickerson,lmann@example.net,2022-12-20,Bahrain
9538,John Sandoval,jerrysullivan@example.net,2024-08-18,Thailand
9539,Sandra Nichols,monica24@example.com,2024-02-20,Maldives
9540,Theresa Sanchez,williamsnatasha@example.org,2024-03-21,Falkland Islands (Malvinas)
9541,Samantha Garcia,rnelson@example.net,2023-06-04,Singapore
9542,Lonnie Walker,brangel@example.org,2025-03-18,Costa Rica
9543,Diana Gordon,carrollchristian@example.com,2024-06-15,Barbados
9544,Christopher Hamilton,mrice@example.net,2025-03-04,Iran
9545,Jason Thompson,rmartin@example.com,2024-01-27,Poland
9546,Tiffany Armstrong,christophermoreno@example.net,2024-06-04,Benin
9547,Brandon Allison,lisasmith@example.com,2023-03-20,El Salvador
9548,Gregory Hansen,jayjones@example.net,2023-12-11,San Marino
9549,Robert Russell,walter62@example.com,2023-08-28,Niger
9550,Miranda Owens,wendyhayes@example.net,2023-12-12,Albania
9551,Melissa Ross,christopherhill@example.org,2024-07-22,Morocco
9552,Diane Sparks,anna65@example.net,2022-11-13,Cameroon
9553,Roger Curtis,robert02@example.org,2025-08-04,Moldova
9554,Barbara Gomez,okelley@example.net,2023-10-29,Tunisia
9555,Benjamin Charles,robertmatthews@example.net,2024-01-28,Luxembourg
9556,Jerry Miller,umartin@example.org,2022-08-25,United States Minor Outlying Islands
9557,Jessica Clark,jessicalee@example.net,2024-10-26,Kiribati
9558,Helen Martin,michellepena@example.com,2023-06-18,Kenya
9559,Caroline Figueroa,stephen24@example.com,2024-05-21,Saint Martin
9560,Stephen Mills,keithlin@example.net,2025-03-02,Mexico
9561,Isabella George,qjones@example.org,2024-02-08,Montserrat
9562,Kayla Hoffman,jeffreylawson@example.com,2025-07-14,Cambodia
9563,Richard Wise,xgray@example.org,2024-12-05,Andorra
9564,Gloria Wagner,thomaswheeler@example.net,2023-10-18,Thailand
9565,Shawn Ortiz,reynoldsjustin@example.org,2025-08-10,Turks and Caicos Islands
9566,Janet Williamson,andre39@example.com,2025-08-19,Luxembourg
9567,Mathew Calderon,ubender@example.org,2023-11-24,Benin
9568,Joseph Ortega,amandawalters@example.com,2023-02-24,Norway
9569,Lisa Thompson,robinsonrobin@example.net,2024-09-06,Sao Tome and Principe
9570,Kim Ward,jasminesmith@example.com,2023-05-23,Mongolia
9571,Mckenzie Kelly,briannaleon@example.com,2023-02-22,Niger
9572,Terrance Miller,warrenchristopher@example.org,2024-12-06,Oman
9573,Denise Sosa,craig95@example.com,2023-11-26,Iraq
9574,Kelly Bradley,wiseedward@example.net,2023-04-03,Iran
9575,Linda Boyer,mirandagarcia@example.com,2022-09-15,Falkland Islands (Malvinas)
9576,Lori Reyes,pricenancy@example.com,2024-06-08,Senegal
9577,Susan Rios,moralesjoanna@example.com,2024-06-07,Saint Pierre and Miquelon
9578,Erica Moore,douglas71@example.net,2025-04-09,Martinique
9579,Wendy Hernandez,vanessa62@example.org,2025-07-03,Cambodia
9580,Suzanne Gonzales,phillip76@example.com,2024-12-30,Azerbaijan
9581,Matthew Johnson,zjefferson@example.net,2023-07-14,Ireland
9582,Troy Hernandez,gpaul@example.com,2022-09-10,Slovakia (Slovak Republic)
9583,Caitlin Williams,sandradavidson@example.net,2022-08-31,Haiti
9584,Isaac Gomez,jennifermorrison@example.org,2023-10-27,Belarus
9585,Jeremy Mitchell,cortezthomas@example.net,2025-06-04,Bouvet Island (Bouvetoya)
9586,Erica Carter,smithcindy@example.com,2023-06-10,Guernsey
9587,Amanda Brown,millerhayley@example.net,2023-10-10,Cameroon
9588,Ashley Burns,dianebrown@example.com,2025-05-12,Kiribati
9589,Justin Marquez,hunter87@example.net,2025-07-29,Saint Pierre and Miquelon
9590,Jessica Sullivan,tblackwell@example.com,2022-12-23,Malaysia
9591,Danielle Zimmerman,parkerwright@example.org,2023-10-22,Malaysia
9592,Erin Smith,johnsonamy@example.com,2023-11-06,Philippines
9593,Victoria Mitchell,elizabethtaylor@example.net,2023-09-05,France
9594,Richard Henry,brian75@example.net,2023-04-13,Netherlands Antilles
9595,Heather Jensen,amyparker@example.org,2023-01-26,Trinidad and Tobago
9596,Amanda Navarro,mrodriguez@example.com,2022-12-16,Kenya
9597,Evelyn Jensen,larrymalone@example.net,2024-12-18,Saint Helena
9598,Stephanie Guzman MD,contrerasbradley@example.com,2025-06-22,Micronesia
9599,Brittney Roman,kellyrebecca@example.com,2023-06-05,Svalbard & Jan Mayen Islands
9600,Logan Guerra,michael52@example.net,2025-06-26,Reunion
9601,Cassandra Davis,thomasriley@example.com,2022-10-10,Falkland Islands (Malvinas)
9602,Sara Anderson,jeffrey79@example.com,2024-02-12,Liberia
9603,Casey Vega DDS,martinezstephanie@example.net,2024-02-09,Solomon Islands
9604,Paul Harris,hardymatthew@example.net,2025-04-04,Czech Republic
9605,Frederick Brown,christopherbishop@example.com,2024-09-04,Bangladesh
9606,Eric Sullivan,julie62@example.org,2024-11-07,Guadeloupe
9607,Jamie Cunningham,jenniferlewis@example.com,2024-10-23,Monaco
9608,Michael Walker,joseph08@example.org,2025-07-08,Syrian Arab Republic
9609,Earl Phillips,hawkinsbriana@example.org,2022-10-07,Dominica
9610,Justin Hill,michelle14@example.org,2025-05-19,Zimbabwe
9611,Stephanie Contreras,vanessafischer@example.org,2024-02-11,Anguilla
9612,Wyatt Davis,teresa31@example.com,2024-03-22,Gambia
9613,Amy Simmons,vbuck@example.com,2025-08-20,Guinea
9614,Anthony Morales,christopher40@example.net,2024-12-20,Equatorial Guinea
9615,Anna Hernandez,wallsmichael@example.org,2024-02-17,Saint Barthelemy
9616,Adrian Reyes,samueljimenez@example.com,2023-07-26,Falkland Islands (Malvinas)
9617,Laurie Hill,gzavala@example.com,2024-11-06,Slovenia
9618,Jacob Gutierrez,robertmiles@example.com,2024-09-29,Peru
9619,Lauren Hooper,iballard@example.org,2023-04-02,Pakistan
9620,Tyler Warren,wellsjoseph@example.com,2024-11-11,Mongolia
9621,Douglas Smith,monicamcclain@example.com,2022-10-05,Bouvet Island (Bouvetoya)
9622,Christina Sullivan,kevincooper@example.org,2023-02-28,Palau
9623,Jason Orozco,lgrimes@example.net,2024-08-28,Isle of Man
9624,Jacqueline Murphy,robertlamb@example.org,2023-11-23,Bermuda
9625,Robert Zavala,johnsonbenjamin@example.com,2024-04-30,Canada
9626,Beverly Alexander,charlesrussell@example.net,2025-07-17,Albania
9627,David Hodge,prestonluna@example.net,2022-09-14,Holy See (Vatican City State)
9628,Lisa Pratt,jennifer58@example.org,2024-12-24,Bangladesh
9629,Annette Holland,jessica90@example.com,2023-07-02,Micronesia
9630,Samantha Wang,michaelnelson@example.net,2024-11-13,Cape Verde
9631,Antonio Burgess,campbelljason@example.com,2023-01-17,China
9632,Christine Walker,zacharysmith@example.org,2023-05-24,Benin
9633,Juan Callahan,crystal81@example.org,2024-04-20,Syrian Arab Republic
9634,Rebecca Sims,jessicaortega@example.com,2024-07-26,Belize
9635,Stephen Armstrong,amanda14@example.net,2023-08-05,Mayotte
9636,Mary Davis,chambersjohn@example.org,2023-07-15,Solomon Islands
9637,Joshua Johnson,johnsonsavannah@example.net,2023-04-13,Reunion
9638,Regina White,qmorrison@example.org,2025-01-23,Bangladesh
9639,Emily Romero,colelarry@example.com,2025-07-18,Heard Island and McDonald Islands
9640,Michael Morgan,idiaz@example.org,2024-06-20,Canada
9641,Courtney Lawrence,ybrown@example.com,2024-08-06,Papua New Guinea
9642,Daniel Herrera,steinphilip@example.net,2024-03-23,Myanmar
9643,Melissa Jones,ycampbell@example.com,2023-06-07,Qatar
9644,Nicole Solis,gtaylor@example.org,2023-04-18,Norfolk Island
9645,Thomas Garcia,lanesheri@example.org,2025-06-10,Christmas Island
9646,April Snyder,westashley@example.net,2024-02-11,Montserrat
9647,Jamie Leach,ryanlynch@example.net,2023-03-01,Lesotho
9648,Robert Hernandez,williamsjay@example.net,2023-05-09,Switzerland
9649,Mrs. Vickie Jackson,claudiarichardson@example.net,2022-08-21,Ukraine
9650,Susan Johnston,joshua67@example.org,2023-03-23,Australia
9651,Tara Campbell,kingkevin@example.com,2024-10-31,Singapore
9652,Julie Jenkins,mercadorobert@example.org,2025-05-04,Palau
9653,Scott Obrien,shannonbeck@example.org,2023-06-07,Comoros
9654,Kayla Spencer,kingmark@example.com,2024-07-15,Costa Rica
9655,Colleen Ellis,petersgary@example.net,2025-06-03,Gabon
9656,Mary Howard,kespinoza@example.net,2024-06-28,Tajikistan
9657,Ashley Castro,ucunningham@example.net,2023-03-24,New Caledonia
9658,Alexander Kelly,evansnatalie@example.org,2023-08-01,United States of America
9659,Joel Jones,douglas76@example.org,2023-09-08,Albania
9660,Timothy Paul,cory94@example.com,2023-10-20,Ireland
9661,Jasmine Morris,joshua04@example.net,2023-08-15,Lithuania
9662,Amy Cook,brandondavis@example.com,2023-10-19,Romania
9663,Sarah Harvey,tinaweaver@example.org,2025-07-31,Lithuania
9664,Kayla Ortiz,jose67@example.com,2023-06-03,Brunei Darussalam
9665,Erin Bryan,wilsonwilliam@example.com,2023-11-24,Lithuania
9666,Jessica Horton,lorimyers@example.net,2025-08-08,Georgia
9667,Richard Fox,brockstephen@example.net,2024-03-24,Albania
9668,Crystal Suarez,james49@example.net,2023-05-10,United Kingdom
9669,Shelby King,caldwellmichael@example.org,2024-12-28,Cook Islands
9670,Christopher Brooks,gbowman@example.net,2024-11-30,Lebanon
9671,Emily Smith,kim97@example.net,2024-12-07,Netherlands
9672,Tina Nicholson,sgray@example.org,2023-11-30,Iceland
9673,Alex Goodman,carolineburnett@example.org,2022-09-07,France
9674,Ashley Fischer,arroyocynthia@example.org,2023-01-22,British Virgin Islands
9675,Carl Hobbs,vstephens@example.org,2023-02-10,Netherlands Antilles
9676,Lucas Clayton,mark84@example.net,2024-10-24,Djibouti
9677,Jason Allen,hobbskenneth@example.net,2024-08-01,Burundi
9678,Jennifer Spence,casekathryn@example.org,2025-04-19,Brunei Darussalam
9679,Joseph Vaughn,adamsshannon@example.net,2024-08-21,Svalbard & Jan Mayen Islands
9680,Amanda Walters,zjohnson@example.net,2023-03-08,Tokelau
9681,Martin Burch,patrickmarshall@example.com,2023-04-21,Sierra Leone
9682,Michele Ortega,vburch@example.net,2023-12-09,Malta
9683,Tammy Winters,pmelton@example.org,2025-06-18,Papua New Guinea
9684,Matthew Thompson,samantha77@example.org,2022-09-11,Romania
9685,David Davis,matthew64@example.org,2023-12-11,Niue
9686,Rebecca Woods,andreabrown@example.com,2024-03-15,Luxembourg
9687,Benjamin Hogan,heather12@example.net,2023-12-08,Djibouti
9688,Crystal Smith,ucole@example.com,2024-09-23,Tonga
9689,Savannah Jones,richardnichols@example.org,2022-09-09,Mozambique
9690,Diane Martin,jose40@example.net,2025-02-27,Zambia
9691,Laura Carr,saguilar@example.net,2025-02-07,Trinidad and Tobago
9692,John Thomas,elopez@example.net,2023-02-20,Lebanon
9693,Susan Green,anthonywhite@example.org,2023-01-02,Sri Lanka
9694,Michael Knox,velezamanda@example.org,2023-04-03,French Guiana
9695,Kelly Evans,dmarshall@example.com,2023-08-21,Nauru
9696,Mrs. Katie Gonzalez,theresadougherty@example.com,2022-12-31,Guinea-Bissau
9697,Evan Bishop,kevin24@example.org,2022-12-02,Svalbard & Jan Mayen Islands
9698,Cole Thomas,lauren45@example.net,2024-03-09,Israel
9699,Ashley Crosby,johngraham@example.com,2025-05-29,Saint Pierre and Miquelon
9700,William Smith,hmorrow@example.net,2024-09-28,Spain
9701,Suzanne Evans,yfoster@example.net,2022-10-10,Bangladesh
9702,Lauren Burton,joshua71@example.org,2023-12-06,Venezuela
9703,Kevin Taylor,websterbrandy@example.com,2022-10-23,Dominica
9704,Patrick Marquez,zjackson@example.net,2025-03-05,Aruba
9705,Beth Peterson,sean11@example.com,2024-11-22,Mauritius
9706,Jeffrey Cuevas,beardwesley@example.com,2024-11-13,Australia
9707,Paul Fischer,vincentrose@example.org,2023-12-05,Kiribati
9708,James Moyer,howardjames@example.com,2024-08-04,Mongolia
9709,William Sutton,williamingram@example.net,2024-09-24,Christmas Island
9710,Corey Williamson,xcole@example.com,2025-05-13,United Kingdom
9711,Natalie Dawson,chapmanmary@example.com,2024-06-21,Montserrat
9712,Matthew Gordon,crawfordmichele@example.com,2024-06-27,Lithuania
9713,Christopher Harris,christopher51@example.org,2022-11-02,Belgium
9714,Tina Hardy,charles30@example.net,2024-07-19,Bahrain
9715,Allen Turner MD,millermichelle@example.net,2024-10-27,Puerto Rico
9716,Eddie Campbell,wilkersonnathaniel@example.com,2024-03-15,Belarus
9717,Joshua Miller,rromero@example.net,2025-04-24,Chile
9718,Kyle Martinez,robert11@example.net,2025-02-12,Qatar
9719,Cynthia Mason,sarahiggins@example.com,2025-03-03,Burkina Faso
9720,Shelby Romero,sweeneychristina@example.com,2023-05-05,Germany
9721,Glenn Mcgee,qmurphy@example.org,2023-02-08,Thailand
9722,Christopher Collins,sthompson@example.org,2024-11-22,Congo
9723,Melinda Lane,erica60@example.net,2022-12-15,Japan
9724,Monica Best,summer50@example.com,2024-09-20,Myanmar
9725,Adrienne Jackson,tkim@example.com,2023-10-07,Switzerland
9726,Debra Schneider,courtney52@example.net,2024-06-11,Angola
9727,Kimberly Zimmerman,lynn84@example.net,2025-08-04,Martinique
9728,Timothy Atkins,xliu@example.org,2024-12-26,Czech Republic
9729,Colleen Pope,amy16@example.com,2025-07-13,Albania
9730,Chad Schultz,turnermarc@example.org,2025-02-28,Cambodia
9731,Jessica Bailey,robyn52@example.org,2025-06-28,Georgia
9732,Anne Rocha,jacob49@example.org,2023-07-14,Zambia
9733,Mark Bailey,johnali@example.com,2025-02-19,Taiwan
9734,Jessica Shaffer,martinnicholas@example.net,2025-05-25,Saint Lucia
9735,Sandra Maxwell,imiller@example.org,2025-01-15,Kuwait
9736,Brandon Butler,drewchavez@example.com,2024-11-03,United Arab Emirates
9737,Richard Gregory,rachel62@example.com,2023-09-01,Bahrain
9738,Melanie Johnson,youngsamantha@example.com,2025-05-03,Netherlands
9739,Megan Vasquez,jmoreno@example.org,2023-03-14,Anguilla
9740,Amanda Wong,maria70@example.com,2024-04-20,Finland
9741,Leslie Sanchez,umcgee@example.com,2023-08-15,Tuvalu
9742,David French,barnesyvonne@example.com,2024-06-09,Gambia
9743,Stephen Middleton,michael24@example.org,2025-06-06,Congo
9744,Sergio White,toddsarah@example.com,2024-05-27,North Macedonia
9745,John Jordan,imckenzie@example.org,2024-04-09,Bangladesh
9746,Kevin Rogers,juliahunter@example.org,2023-06-01,Kazakhstan
9747,Timothy Stephenson,fneal@example.com,2023-04-10,Nicaragua
9748,Hannah Miller,rpetersen@example.org,2025-04-04,Mexico
9749,Karl Castro,cperkins@example.org,2025-02-27,Burkina Faso
9750,David Gilmore,barrettrobin@example.com,2023-11-22,Uzbekistan
9751,Veronica Moreno,qstephens@example.com,2024-12-07,Saint Kitts and Nevis
9752,Frank Ross,zwhite@example.org,2025-03-01,Brazil
9753,Daniel Aguilar,aimee46@example.org,2024-03-25,Mauritius
9754,Angie Cross,singram@example.net,2023-11-15,Andorra
9755,Miranda Miller,ngonzales@example.com,2023-06-11,North Macedonia
9756,Susan Ball,jjohnson@example.net,2024-06-05,Northern Mariana Islands
9757,Melinda Harris,douglasjames@example.com,2025-01-24,Antarctica (the territory South of 60 deg S)
9758,Emily Clark,kevinjohnson@example.org,2023-03-21,Libyan Arab Jamahiriya
9759,Laura Turner,uharrell@example.net,2023-09-30,Cameroon
9760,Harold Garner,lprice@example.org,2024-11-27,Seychelles
9761,Matthew Castillo,landrysteven@example.net,2023-03-24,Iran
9762,Lisa Glenn,crawfordmarcus@example.org,2023-05-08,British Virgin Islands
9763,Jennifer Martin,robertlozano@example.org,2025-07-11,Hong Kong
9764,Steven Allen,jdunn@example.net,2023-08-06,Liechtenstein
9765,Jennifer Ortega,larrywade@example.org,2025-06-10,Saint Barthelemy
9766,Victoria Ferguson,wilsonkristen@example.net,2023-03-18,French Southern Territories
9767,Brittany Hicks,miguel80@example.org,2023-02-13,Cameroon
9768,Christopher Santos,matthew79@example.org,2023-03-07,Oman
9769,Virginia Cohen,simmonswilliam@example.com,2023-12-08,Saint Helena
9770,Jason Black,butlerdonald@example.net,2023-10-28,Faroe Islands
9771,Jerry Johnson,ucampbell@example.net,2025-03-27,Iceland
9772,Scott Williams,austinrobertson@example.net,2024-05-04,Mayotte
9773,Michael Schultz,pettycorey@example.org,2024-02-04,Lao People's Democratic Republic
9774,April Garner,jstewart@example.org,2023-03-01,Sri Lanka
9775,Mark Silva,floresthomas@example.com,2022-09-11,Cayman Islands
9776,Joseph Kline,fieldsbrandon@example.org,2022-09-22,Senegal
9777,Tiffany Prince,schneidermarvin@example.net,2023-01-27,Grenada
9778,Joseph Flores,bethany51@example.org,2023-12-13,Saint Helena
9779,Tina Gibson,joanmartinez@example.net,2023-06-19,Grenada
9780,Sierra Anderson,jjordan@example.org,2024-09-21,Bolivia
9781,Eugene Smith,wadephilip@example.org,2022-10-29,Guyana
9782,Lisa House,bkelley@example.org,2023-01-18,Bhutan
9783,Daniel Henderson,juliaadams@example.com,2023-07-26,Cote d'Ivoire
9784,Shawn Hawkins,kaitlyn72@example.org,2023-05-22,New Zealand
9785,Elizabeth Hoffman,gomezdeborah@example.org,2025-04-18,Sri Lanka
9786,Laura Avila,xsloan@example.org,2024-11-20,Australia
9787,Brett Moore,crystal33@example.com,2024-01-08,Guatemala
9788,Sheena Ramos,robert37@example.org,2024-11-29,Finland
9789,James Robinson,bernardshaw@example.org,2023-10-22,United States Minor Outlying Islands
9790,Michael Dixon,xwilliams@example.org,2024-01-31,Namibia
9791,William Evans,joshua54@example.com,2024-11-02,Denmark
9792,Rachel Hanson,christopher33@example.com,2023-07-31,Trinidad and Tobago
9793,Sara Brown MD,nelsonjoseph@example.org,2022-09-12,Faroe Islands
9794,Raymond Wilson,kellymyers@example.org,2025-05-22,Niue
9795,Jennifer White,qdavis@example.com,2023-08-10,Kyrgyz Republic
9796,Kevin Stevenson,emoore@example.net,2024-05-22,Bhutan
9797,Anthony Black,yolanda73@example.com,2024-07-01,Japan
9798,Melanie Brown,pramirez@example.net,2025-02-20,Mexico
9799,Todd Miller,sheliaaustin@example.net,2023-12-27,Belgium
9800,Katrina Wagner,ybarnett@example.com,2024-06-04,Colombia
9801,Edward Taylor,ronaldpeterson@example.org,2022-09-17,Grenada
9802,Andrew Haney,ynguyen@example.com,2023-06-22,Malaysia
9803,Cory Wise,kelleynicole@example.net,2024-12-13,Turkey
9804,Nathan Hinton,bwest@example.com,2023-03-17,Peru
9805,Jill Allen,onorman@example.org,2024-04-13,Finland
9806,Nicole Jackson,petersenerica@example.org,2024-05-26,Tajikistan
9807,Anita Pierce,amber15@example.org,2024-03-14,Congo
9808,Mrs. April Hale,ryan18@example.com,2024-08-21,Lesotho
9809,Larry Gonzalez,zestrada@example.net,2022-09-11,Cote d'Ivoire
9810,Mitchell Lynch,jonesjennifer@example.com,2024-06-27,Swaziland
9811,Stephanie Scott,prattmichael@example.net,2024-04-22,Malawi
9812,Lisa Johnson,glennramos@example.org,2023-07-26,Poland
9813,Doris Soto,haroldjenkins@example.net,2025-07-01,Estonia
9814,Paul Peterson,cvalencia@example.org,2023-01-30,Mexico
9815,Peggy Hoffman,adriansmith@example.com,2023-10-08,Qatar
9816,Kara Perez,angelaboyd@example.com,2022-10-09,Solomon Islands
9817,Rebecca Carter,donnataylor@example.org,2023-11-19,Argentina
9818,Thomas Hill,miguel72@example.org,2023-11-02,Madagascar
9819,John Doyle,james64@example.net,2025-04-26,Lebanon
9820,Amanda Powell,davischristopher@example.net,2025-01-09,Sierra Leone
9821,Jacob Black,paulcox@example.com,2025-05-01,Saint Barthelemy
9822,Jennifer Scott,derekmaddox@example.com,2024-12-25,Mauritania
9823,Erik Smith,jamesmays@example.org,2025-04-08,China
9824,Mrs. Ashley Pugh MD,uwhite@example.net,2023-06-29,Bahrain
9825,Erica Santos,gdiaz@example.org,2022-09-07,Italy
9826,Laura Singh,gregory93@example.org,2023-02-02,Iceland
9827,David Baker,athomas@example.org,2022-08-21,United States Virgin Islands
9828,Mary Perkins,cooperkim@example.org,2024-03-22,Luxembourg
9829,Kathryn Smith,reginagonzalez@example.com,2023-11-14,Botswana
9830,Teresa Lee,zjames@example.net,2023-08-18,United States Minor Outlying Islands
9831,Michael Chase,karentrevino@example.org,2024-05-01,Monaco
9832,Deanna Evans,marywilliams@example.com,2023-10-18,Reunion
9833,Jonathan Arnold,marc21@example.com,2023-11-03,Oman
9834,Donald Simpson PhD,josedixon@example.net,2023-09-30,Chile
9835,Carrie Jones,katie98@example.net,2022-11-08,Swaziland
9836,John Ruiz,brianlopez@example.org,2024-01-02,Vanuatu
9837,Rhonda Gordon,dawn68@example.org,2025-01-03,Lebanon
9838,Charles Burke,lcunningham@example.net,2022-11-23,Philippines
9839,James Gonzalez,mitchellbarr@example.org,2023-11-16,Heard Island and McDonald Islands
9840,Christina Aguirre,wfoster@example.org,2023-01-21,Mozambique
9841,Cynthia Smith,greg80@example.org,2024-12-07,Faroe Islands
9842,Steven Johnson,kgeorge@example.org,2025-01-19,Paraguay
9843,Beth Clark,andersonsharon@example.net,2024-06-26,Cook Islands
9844,Johnathan Baker,yvonne39@example.net,2024-07-27,Luxembourg
9845,Mark Powell,campbellmatthew@example.net,2023-08-10,Mauritius
9846,Elizabeth Garcia,cookcarlos@example.com,2022-11-23,Chile
9847,Tony Anderson,hollywade@example.com,2025-08-04,Saint Barthelemy
9848,Anthony Wright,epeterson@example.org,2024-09-03,Afghanistan
9849,Nicole Ramsey,cshelton@example.org,2025-06-26,Cameroon
9850,Zachary Jacobs,cbailey@example.net,2023-08-27,Mauritania
9851,Brian Miller,reneecarrillo@example.com,2023-02-20,Fiji
9852,Linda Davis,deborah30@example.org,2025-01-22,Norway
9853,Robert Herrera,casey86@example.org,2025-05-22,Singapore
9854,Mark Mills,cweeks@example.net,2023-06-20,Burkina Faso
9855,Patrick Lester,davidhawkins@example.org,2025-02-06,Cote d'Ivoire
9856,Sean Shaw,icarroll@example.net,2024-10-15,Kiribati
9857,Todd Gray,travis52@example.org,2022-11-25,Lithuania
9858,Cynthia Smith,jacoballen@example.org,2025-01-28,Trinidad and Tobago
9859,Aaron Williams,fmoyer@example.net,2024-09-02,Djibouti
9860,Sarah Wilson,frank09@example.org,2023-07-11,India
9861,Terry Burns,alexandra19@example.com,2023-04-13,Malta
9862,Dawn Kramer,qwu@example.com,2023-02-07,Luxembourg
9863,Sarah Rivera,collin92@example.org,2024-10-20,Burundi
9864,Shawn Best,glennhicks@example.com,2024-07-11,Algeria
9865,Deanna Porter,hsmith@example.com,2023-08-02,Saint Vincent and the Grenadines
9866,Joyce Crawford,kelleykristin@example.net,2023-05-21,Belize
9867,Adrienne Holmes,kanderson@example.com,2025-07-29,Switzerland
9868,William Scott,qellis@example.com,2023-02-16,Ghana
9869,David Arnold,crossandrew@example.net,2023-01-27,Belarus
9870,Anthony Medina,ycampbell@example.org,2024-11-29,Saint Kitts and Nevis
9871,Roger Jackson,eherrera@example.net,2023-12-01,Malawi
9872,Cheryl Rodgers,gordonveronica@example.com,2023-11-08,Western Sahara
9873,Glenn Maxwell,dbradford@example.net,2025-04-19,Indonesia
9874,Karen Miller,jonathanallison@example.com,2023-02-18,Fiji
9875,Sherry Lozano,fhancock@example.net,2023-03-07,Pitcairn Islands
9876,Mrs. Kelly Gregory,martinrachael@example.org,2023-12-16,France
9877,Alexandra Friedman,kingjohn@example.org,2024-11-13,Guinea
9878,Wendy Gordon,rileychristensen@example.com,2024-11-30,Turkmenistan
9879,Nicholas Wheeler,jason76@example.net,2024-06-03,Tanzania
9880,Robert Kelly,lopezbob@example.net,2024-08-01,Mexico
9881,Alexander Davidson,pherrera@example.com,2022-08-28,Bermuda
9882,Michael King,cynthiawilliams@example.com,2024-02-28,Bhutan
9883,Teresa Garcia,jesus14@example.org,2024-01-31,Uruguay
9884,Dr. Summer Johnson,hernandezcorey@example.com,2025-04-18,Greece
9885,Marvin Gonzalez,richardzuniga@example.net,2023-01-04,Finland
9886,Amanda Miller,hhart@example.org,2023-03-29,Moldova
9887,Spencer Rios,james73@example.org,2024-05-22,Reunion
9888,Ashley Sullivan,leah02@example.com,2022-11-18,Vietnam
9889,Eric Holmes,wilsonwanda@example.com,2024-01-10,Cocos (Keeling) Islands
9890,Lauren Allen,montgomeryrandy@example.org,2023-01-18,Marshall Islands
9891,Casey Dean,marypeterson@example.com,2024-02-06,Pitcairn Islands
9892,Stephen Bryant,jasonlarson@example.org,2023-11-28,Cyprus
9893,Andre Combs,torressarah@example.net,2023-07-26,Andorra
9894,Johnathan Hardin,matthew63@example.net,2024-06-28,Marshall Islands
9895,Gail Morales,michael82@example.com,2025-04-11,Netherlands
9896,Heather Mccormick,lopezmark@example.org,2024-05-30,Uruguay
9897,Brandon Crosby,pvalencia@example.org,2025-04-23,Canada
9898,Jennifer Phillips,stephaniewhite@example.net,2025-08-15,Saudi Arabia
9899,David Kelly,reginathompson@example.org,2023-12-01,Venezuela
9900,Nicole Gibbs,janderson@example.com,2023-09-21,Macao
9901,David Jackson,ldavis@example.net,2024-07-15,Ireland
9902,Samantha Grant,loganlivingston@example.com,2023-11-28,Niue
9903,Allison Mann,shelly98@example.com,2024-10-30,Korea
9904,Jessica Brewer,angelanguyen@example.org,2024-12-13,Nigeria
9905,Zachary Johnson,coreysawyer@example.net,2023-02-12,Myanmar
9906,Robert Avila,joshua04@example.org,2022-09-19,Svalbard & Jan Mayen Islands
9907,Justin Reed,chaneydavid@example.net,2024-03-13,Benin
9908,Christopher Buchanan,carsonmatthew@example.org,2023-10-01,Antarctica (the territory South of 60 deg S)
9909,Lisa Berry,zimmermanlinda@example.net,2023-04-24,Sierra Leone
9910,Christie Hood,parkermatthew@example.net,2022-11-25,Micronesia
9911,Shawna Burch,nsantiago@example.com,2023-07-21,Czech Republic
9912,Shane Rivera,brownjames@example.net,2023-02-02,Heard Island and McDonald Islands
9913,Thomas Watts,david83@example.org,2023-12-11,Paraguay
9914,Barbara Blake,shubbard@example.org,2023-11-23,Nepal
9915,Brian Brown,gonzalezmatthew@example.net,2022-11-02,Niue
9916,Cynthia West,dale94@example.com,2023-11-02,Lithuania
9917,Matthew Smith,larry23@example.net,2023-02-14,Yemen
9918,Brian Manning,phillipsmaria@example.net,2024-05-05,Algeria
9919,Angela Rodriguez,justin98@example.net,2024-03-07,India
9920,Richard Mack,chad53@example.org,2022-10-09,Seychelles
9921,Curtis Blankenship,jenniferanderson@example.org,2025-01-24,Jamaica
9922,Jared Anthony,kingchristine@example.org,2025-02-23,Ireland
9923,Claudia Brown,rgraves@example.com,2022-09-07,Netherlands Antilles
9924,Joshua Smith,fmckinney@example.org,2025-02-03,Sri Lanka
9925,Katherine Ramirez,dianabrown@example.net,2025-03-07,Moldova
9926,Elaine Jenkins,tmartinez@example.com,2024-07-26,Sri Lanka
9927,Cynthia Brown,duffydavid@example.org,2025-06-29,Dominica
9928,Cassandra Baker,richardashley@example.com,2023-04-13,Lebanon
9929,Allison Jordan,johnsonjessica@example.net,2024-06-21,Angola
9930,Victor Clarke,keithmolly@example.com,2025-01-30,Greenland
9931,Amber Bruce,ashleycraig@example.org,2024-12-18,El Salvador
9932,Ashley Harrison,ericmorgan@example.org,2023-11-12,Lesotho
9933,Heather Diaz,jessica56@example.org,2023-09-03,Paraguay
9934,Miranda Payne,jimmy06@example.com,2023-02-13,Saint Kitts and Nevis
9935,Kyle Le,danielle80@example.org,2023-09-26,Samoa
9936,Jessica Ali,christian97@example.com,2024-09-30,Uganda
9937,Robert Boyer,littlerobert@example.com,2025-04-22,China
9938,Jacob Daniel,reginald88@example.com,2023-06-15,Niger
9939,Kathleen Hardy,osmith@example.net,2024-08-11,Ireland
9940,Darlene Hamilton,jsimpson@example.org,2023-11-17,Thailand
9941,Alec Sampson,fparker@example.com,2024-04-04,Romania
9942,Dana Wood,chicks@example.org,2024-08-09,Singapore
9943,Karen Nelson,hickmanrobert@example.com,2024-06-28,Hong Kong
9944,Alexander Abbott,melanie00@example.org,2025-04-21,Namibia
9945,Tammy Richardson,kennethward@example.org,2024-07-23,Holy See (Vatican City State)
9946,Marcus Clark,porterdale@example.net,2022-08-31,Moldova
9947,Richard Henry,smithjohn@example.net,2023-12-05,Chad
9948,Ricky Jarvis,matarachel@example.org,2023-01-11,Taiwan
9949,Anthony Hammond,gherrera@example.com,2024-10-30,Timor-Leste
9950,Lauren Fletcher,douglas83@example.com,2023-04-08,San Marino
9951,Stacey Miller,jgarcia@example.com,2025-03-10,Finland
9952,Russell Harris,kenneth64@example.org,2023-09-07,Slovakia (Slovak Republic)
9953,Angela Mooney,adam92@example.org,2025-07-25,Djibouti
9954,Carrie Russell,shawjennifer@example.org,2024-11-30,Belgium
9955,Donna Woods,birdlisa@example.com,2023-04-24,Panama
9956,Amy Henderson,michael60@example.org,2022-09-09,Svalbard & Jan Mayen Islands
9957,Jose Alvarado,codycross@example.net,2025-01-25,Grenada
9958,Karla Murray,cynthia83@example.net,2025-01-15,Kuwait
9959,Richard Dalton,wendy12@example.com,2023-02-05,Lebanon
9960,James Aguilar,jordanjames@example.com,2025-04-07,Norfolk Island
9961,Laura Maxwell,jameswillis@example.net,2023-03-06,Svalbard & Jan Mayen Islands
9962,April Hampton,travisbarnett@example.org,2023-09-13,Qatar
9963,Rebecca Bowers,fbradley@example.org,2025-08-11,Djibouti
9964,Ariana Simpson,brookskylie@example.net,2023-12-11,Turkmenistan
9965,Brett French,icampos@example.org,2022-09-22,Georgia
9966,Tracy Smith,victoriahicks@example.org,2023-11-23,South Africa
9967,Angela Thompson,laurenbarr@example.org,2025-05-19,Romania
9968,Janet Wood,jamescherry@example.net,2024-09-11,Pakistan
9969,Brandon Stanley,cluna@example.net,2022-08-24,Eritrea
9970,Daniel Henderson,samantha79@example.net,2024-03-02,Turkey
9971,James Cervantes,maryrodriguez@example.org,2022-11-08,Kenya
9972,Stephen Young,qjensen@example.net,2025-07-30,Ethiopia
9973,Gregory Carter,derrick58@example.com,2024-09-13,Israel
9974,Steven Rodriguez,daletaylor@example.com,2022-12-25,Poland
9975,Philip Thomas,rwhite@example.net,2024-07-25,Macao
9976,Lori Dickerson,hfigueroa@example.net,2023-07-22,Peru
9977,Curtis Ward,rsingleton@example.net,2023-06-04,Bahrain
9978,Lynn Fisher,zjackson@example.com,2024-05-06,Estonia
9979,Dr. James Cook Jr.,nicholsanthony@example.org,2025-04-21,Burkina Faso
9980,Willie Sanchez,mary16@example.org,2022-12-17,French Polynesia
9981,Kimberly Pham,ufrederick@example.org,2025-04-02,Portugal
9982,Jacob Matthews,cody01@example.org,2025-08-15,Christmas Island
9983,Brianna Carlson,zacevedo@example.net,2024-02-11,Poland
9984,Anne Davis MD,ywilliams@example.net,2024-05-28,Togo
9985,Dr. Denise Jones,kerriterry@example.com,2023-08-29,Lesotho
9986,Bobby Cox,staylor@example.org,2023-02-02,Montserrat
9987,Ricardo Zamora,villanuevanicholas@example.com,2023-05-31,Uganda
9988,Rebecca Sexton,dean84@example.org,2024-04-22,Switzerland
9989,Richard Nelson,samanthamullins@example.com,2025-07-27,Serbia
9990,Alicia Mcclure,christopher79@example.org,2025-05-17,Kenya
9991,Lisa Smith,hurleymatthew@example.net,2022-10-26,Fiji
9992,Allen Jones,qmartin@example.net,2025-06-08,Saint Lucia
9993,Carol Jimenez,avilatamara@example.org,2023-12-13,Sudan
9994,William Moore,uvargas@example.com,2025-03-18,Oman
9995,John Fox,turnersean@example.com,2023-06-22,Tuvalu
9996,Alan Singleton,yyates@example.org,2023-08-08,Bolivia
9997,Amy Simpson,richardhart@example.com,2023-08-23,Latvia
9998,Rebecca Horton,debracolon@example.org,2025-04-02,Bhutan
9999,Erica Hernandez,omarhendricks@example.org,2024-03-08,Singapore
10000,Peter Rose,lunadevin@example.org,2025-02-18,China
