product_id,name,category,price,rating
1,Seven Pro,Electronics,372.07,2.0
2,Sometimes Max,Sports,55.74,4.0
3,Subject Pro,Beauty,213.85,1.1
4,Church Max,Clothing,255.15,1.1
5,True Max,Sports,326.69,3.2
6,Region Max,Home,296.69,4.2
7,We Pro,Toys,403.88,3.8
8,Forward Lite,Books,81.96,4.8
9,Perhaps Lite,Electronics,50.91,1.4
10,Son Lite,Beauty,135.94,1.2
11,Former Plus,Beauty,66.79,4.7
12,Care Pro,Beauty,150.12,3.5
13,Movie Lite,Beauty,100.18,1.3
14,Debate Max,Toys,148.25,1.3
15,Drive Max,Toys,55.0,2.1
16,Heart Lite,Clothing,188.24,1.8
17,Road Lite,Sports,468.64,3.6
18,Car Max,Beauty,365.92,1.7
19,Say Plus,Books,494.81,3.6
20,Allow Max,Sports,165.52,4.1
21,Agreement Pro,Clothing,411.79,4.2
22,Animal Plus,Books,37.76,4.7
23,There Lite,Clothing,329.44,2.6
24,Miss Plus,Clothing,136.12,2.0
25,Stage Lite,Sports,294.37,4.6
26,Administration Plus,Books,113.56,5.0
27,Light Plus,Electronics,379.11,4.4
28,Hope Max,Sports,84.19,3.7
29,And Pro,Home,193.9,5.0
30,Kitchen Lite,Beauty,431.09,1.0
31,Message Pro,Sports,442.97,4.0
32,Piece Lite,Electronics,150.28,1.6
33,Message Pro,Sports,438.55,2.1
34,Measure Max,Beauty,456.75,4.5
35,It Lite,Toys,321.28,3.4
36,Present Max,Books,382.44,3.2
37,Forget Pro,Beauty,165.46,1.1
38,Less Lite,Toys,404.35,2.0
39,Drop Max,Beauty,473.74,1.3
40,Seat Plus,Toys,39.26,4.0
41,Coach Max,Clothing,331.58,4.8
42,Must Max,Books,266.2,3.4
43,Send Max,Beauty,378.86,3.8
44,Candidate Lite,Home,497.6,3.6
45,Way Plus,Beauty,228.49,2.0
46,Although Pro,Books,15.41,3.2
47,Treatment Max,Electronics,40.14,3.5
48,Student Max,Electronics,453.18,4.4
49,Democrat Pro,Beauty,122.81,3.7
50,Crime Max,Beauty,70.49,4.7
51,Draw Plus,Clothing,393.39,4.2
52,Few Max,Electronics,52.98,2.7
53,Administration Plus,Home,236.18,3.9
54,Future Pro,Electronics,204.3,2.4
55,Move Pro,Clothing,99.84,3.1
56,Far Max,Home,95.83,2.9
57,By Pro,Home,404.97,4.4
58,Reality Pro,Electronics,327.81,3.2
59,Business Pro,Electronics,463.55,4.4
60,Small Max,Home,245.39,1.9
61,Watch Plus,Electronics,86.5,1.0
62,Time Plus,Books,463.63,4.1
63,Fight Lite,Home,349.81,3.9
64,System Plus,Clothing,99.0,1.9
65,Near Pro,Beauty,369.19,1.2
66,Now Lite,Electronics,29.82,2.9
67,Manager Max,Electronics,480.59,1.3
68,Learn Max,Electronics,299.54,3.7
69,Gun Max,Home,64.34,4.6
70,Color Max,Beauty,299.29,3.5
71,Instead Plus,Sports,293.92,3.1
72,Ground Lite,Clothing,336.51,2.3
73,Evidence Lite,Home,69.78,3.6
74,Chair Plus,Books,464.86,4.7
75,Memory Pro,Home,312.47,3.3
76,Story Pro,Electronics,271.13,3.0
77,See Max,Books,441.03,4.5
78,Travel Lite,Books,83.08,4.3
79,Dream Lite,Beauty,492.01,4.2
80,Mr Pro,Sports,409.47,2.2
81,Paper Pro,Clothing,135.91,4.6
82,Cause Max,Books,144.47,1.8
83,Probably Lite,Clothing,345.31,4.4
84,Test Plus,Books,453.14,4.4
85,Explain Pro,Sports,214.67,2.1
86,Product Pro,Books,386.7,3.5
87,Remain Lite,Clothing,371.91,3.2
88,Speech Plus,Beauty,9.79,1.3
89,Medical Max,Beauty,22.83,2.5
90,Friend Max,Home,68.09,2.2
91,View Pro,Books,108.99,2.0
92,When Pro,Books,391.16,4.5
93,Maybe Plus,Beauty,375.99,4.7
94,Affect Max,Toys,85.44,4.2
95,Common Max,Home,17.27,3.9
96,Together Lite,Toys,465.75,4.2
97,Evidence Max,Books,83.8,3.8
98,Among Plus,Toys,24.17,2.9
99,Let Max,Toys,459.63,2.4
100,Event Max,Clothing,16.71,1.8
101,Decade Lite,Books,432.85,4.9
102,Firm Lite,Books,322.53,2.6
103,Lot Lite,Electronics,62.09,4.9
104,Close Max,Beauty,481.45,2.1
105,Number Pro,Beauty,220.11,3.9
106,Share Lite,Home,305.07,3.0
107,Well Plus,Beauty,99.09,1.2
108,Reduce Plus,Electronics,262.36,4.2
109,To Max,Books,218.49,4.8
110,Me Lite,Beauty,160.39,4.4
111,Individual Lite,Beauty,158.1,2.6
112,Population Plus,Sports,151.35,1.5
113,Former Plus,Sports,470.48,3.7
114,Approach Max,Beauty,286.71,2.6
115,Happy Pro,Books,147.02,2.7
116,Partner Lite,Home,223.68,3.7
117,Show Plus,Toys,451.08,4.2
118,From Max,Sports,46.97,3.1
119,Red Lite,Electronics,410.12,4.0
120,Effort Lite,Clothing,404.25,1.6
121,Away Pro,Clothing,492.05,3.4
122,Very Pro,Home,210.15,3.5
123,Kid Max,Sports,349.7,3.0
124,Someone Max,Clothing,329.75,1.0
125,Building Pro,Toys,215.45,1.7
126,Report Plus,Electronics,280.92,4.7
127,Art Pro,Home,71.0,2.9
128,Street Lite,Toys,446.26,3.5
129,Government Plus,Toys,453.89,2.8
130,Nature Max,Sports,431.44,2.8
131,Enjoy Max,Toys,320.64,4.1
132,Wait Plus,Sports,123.43,2.8
133,Piece Lite,Clothing,139.5,2.3
134,Early Pro,Clothing,79.66,2.5
135,Evidence Max,Sports,110.91,2.7
136,Role Lite,Beauty,235.63,1.2
137,Top Plus,Home,452.9,3.3
138,Think Pro,Toys,440.93,3.3
139,New Plus,Electronics,471.66,2.2
140,Fish Plus,Toys,446.36,4.3
141,Reflect Max,Home,113.61,2.7
142,Recognize Pro,Home,171.38,3.7
143,Decade Plus,Sports,86.7,2.9
144,Form Max,Beauty,269.39,4.6
145,Front Pro,Electronics,323.16,1.5
146,Detail Plus,Clothing,29.89,2.5
147,Child Max,Home,166.79,4.0
148,Letter Plus,Books,377.24,4.3
149,Career Lite,Toys,45.54,1.1
150,Nature Pro,Books,115.99,1.3
151,Public Pro,Toys,20.36,2.0
152,Environment Pro,Beauty,80.43,1.5
153,Form Pro,Beauty,474.14,2.9
154,Box Lite,Toys,187.6,3.4
155,Listen Pro,Toys,410.55,4.9
156,Someone Pro,Beauty,17.71,2.2
157,Report Plus,Home,471.03,1.8
158,Surface Max,Electronics,350.11,2.2
159,Wrong Pro,Toys,492.0,4.1
160,Man Lite,Beauty,217.05,2.5
161,Adult Lite,Electronics,425.54,4.3
162,Conference Pro,Home,480.59,3.5
163,Material Plus,Sports,80.73,1.7
164,Try Lite,Beauty,405.06,3.2
165,Life Plus,Home,220.61,3.9
166,Assume Lite,Books,426.6,4.3
167,Impact Pro,Books,441.41,2.0
168,Word Plus,Beauty,307.11,2.5
169,Radio Pro,Home,426.22,1.7
170,Ground Max,Books,399.93,2.4
171,Black Lite,Beauty,10.02,4.8
172,Sing Pro,Clothing,361.44,3.0
173,Smile Max,Sports,240.67,3.8
174,Two Plus,Toys,13.54,2.2
175,Argue Plus,Sports,125.44,3.7
176,Own Lite,Home,278.97,2.4
177,Military Lite,Books,352.91,2.1
178,Rich Lite,Clothing,64.72,1.8
179,Everybody Pro,Sports,270.25,4.0
180,Send Max,Clothing,112.11,2.9
181,Car Lite,Electronics,417.15,2.2
182,Ten Lite,Clothing,154.62,3.8
183,Structure Max,Books,27.53,1.2
184,Serve Lite,Sports,472.32,3.6
185,Order Plus,Electronics,437.0,3.3
186,Often Plus,Home,223.03,1.7
187,Suffer Pro,Books,470.83,2.9
188,Point Pro,Home,248.41,3.3
189,Add Pro,Clothing,78.85,3.3
190,Visit Lite,Electronics,496.99,1.5
191,Clear Plus,Beauty,300.08,3.5
192,Fall Plus,Home,454.71,2.2
193,Focus Plus,Books,286.47,1.2
194,I Pro,Toys,107.86,1.8
195,Decade Pro,Clothing,123.73,3.2
196,Fall Max,Electronics,207.22,3.8
197,Range Plus,Books,21.16,2.2
198,Boy Lite,Sports,430.51,1.3
199,Star Max,Books,394.97,3.5
200,Possible Max,Home,61.81,1.9
201,Finally Max,Books,414.18,1.3
202,So Max,Toys,157.27,4.0
203,Sometimes Lite,Home,66.56,3.8
204,Myself Plus,Books,252.73,3.0
205,He Pro,Beauty,24.73,2.7
206,Foreign Lite,Beauty,128.93,1.4
207,Environment Pro,Toys,337.78,2.1
208,Young Pro,Toys,379.35,2.9
209,Beautiful Plus,Books,94.84,3.3
210,Success Plus,Electronics,237.66,2.6
211,Couple Lite,Sports,56.78,1.6
212,Back Plus,Sports,250.26,3.7
213,Vote Plus,Toys,381.45,1.1
214,Discussion Pro,Books,129.94,1.5
215,Nor Plus,Toys,259.73,5.0
216,Run Plus,Home,31.83,3.1
217,Sound Plus,Sports,223.81,1.2
218,Create Lite,Beauty,69.85,2.2
219,Change Plus,Electronics,19.29,3.5
220,Future Max,Sports,83.4,3.2
221,Who Plus,Electronics,116.23,4.4
222,Lead Pro,Home,473.8,3.6
223,Bring Max,Home,466.66,2.2
224,Item Lite,Home,418.19,4.9
225,Gun Max,Home,277.88,2.5
226,True Max,Toys,39.56,4.1
227,Own Plus,Books,467.45,3.0
228,Money Pro,Books,364.4,4.3
229,Join Plus,Toys,78.55,3.2
230,Tax Lite,Books,278.2,3.2
231,Five Plus,Books,435.45,4.9
232,Price Max,Beauty,194.57,4.4
233,Finally Plus,Electronics,162.5,2.9
234,Show Plus,Home,494.26,4.2
235,Rate Max,Home,482.59,1.5
236,Eye Lite,Toys,54.68,4.4
237,Skin Pro,Beauty,455.67,1.1
238,Focus Max,Home,436.11,4.9
239,Thank Pro,Home,391.86,2.1
240,Race Plus,Sports,44.76,2.3
241,Good Plus,Books,315.27,4.5
242,Leg Plus,Toys,272.8,3.5
243,Size Max,Sports,343.78,2.1
244,Least Max,Sports,49.74,4.9
245,Exist Pro,Home,87.35,2.2
246,Group Pro,Electronics,165.57,1.2
247,Popular Lite,Books,218.19,2.0
248,Sport Plus,Beauty,342.49,1.7
249,Majority Max,Electronics,306.7,2.5
250,Security Max,Home,456.85,1.6
251,Full Plus,Sports,130.72,2.0
252,Win Pro,Toys,235.3,2.2
253,It Max,Electronics,223.66,2.4
254,Unit Lite,Sports,481.2,3.8
255,Difference Plus,Toys,154.55,5.0
256,Look Plus,Electronics,122.42,3.3
257,Painting Lite,Sports,151.14,4.9
258,Attention Plus,Books,9.01,4.5
259,Live Pro,Beauty,373.86,4.3
260,Shake Lite,Toys,400.44,3.4
261,Prove Lite,Clothing,320.13,3.5
262,Recently Max,Sports,53.1,3.5
263,Road Pro,Books,395.36,1.1
264,Class Lite,Sports,70.05,4.6
265,Cultural Lite,Sports,210.67,1.8
266,Including Lite,Beauty,253.39,2.1
267,She Max,Books,457.45,4.8
268,Conference Lite,Sports,435.85,4.2
269,Message Plus,Electronics,74.67,4.9
270,Direction Plus,Toys,403.27,2.5
271,Day Plus,Electronics,135.91,1.5
272,Including Lite,Sports,375.76,2.0
273,Discussion Plus,Toys,321.08,2.5
274,Score Max,Home,17.39,4.5
275,Discover Lite,Beauty,114.58,1.3
276,Free Plus,Sports,154.58,2.6
277,Low Max,Electronics,473.4,2.2
278,Drug Plus,Electronics,53.11,4.5
279,Smile Max,Home,229.55,3.7
280,Church Plus,Beauty,372.42,1.6
281,Project Plus,Sports,54.02,3.0
282,Concern Plus,Books,21.19,2.5
283,Admit Plus,Home,475.52,4.4
284,Mention Pro,Sports,186.83,4.6
285,Vote Lite,Electronics,202.08,1.8
286,Whatever Pro,Toys,412.97,1.4
287,Measure Max,Sports,321.55,4.9
288,Personal Pro,Toys,170.09,5.0
289,Police Max,Electronics,415.76,3.2
290,Dinner Max,Toys,435.5,2.3
291,Local Max,Toys,450.76,1.0
292,Type Max,Clothing,272.41,4.2
293,Fire Pro,Sports,433.89,1.5
294,Wide Lite,Toys,395.27,3.4
295,Attack Pro,Clothing,136.36,1.5
296,Building Plus,Beauty,61.26,1.3
297,Follow Plus,Toys,184.21,3.4
298,Try Plus,Beauty,114.67,3.5
299,Car Lite,Home,323.45,1.1
300,Season Plus,Toys,203.8,3.7
301,Able Plus,Sports,455.3,1.3
302,Have Pro,Books,306.11,1.3
303,Republican Lite,Beauty,318.37,3.2
304,Degree Lite,Home,497.34,3.1
305,Finish Plus,Beauty,304.69,1.4
306,Every Pro,Toys,329.08,4.5
307,Smile Max,Home,228.52,1.9
308,Prepare Lite,Toys,229.48,2.7
309,At Pro,Books,216.25,3.7
310,Ball Lite,Clothing,344.98,2.9
311,All Pro,Toys,47.26,2.7
312,After Lite,Toys,69.41,1.2
313,When Lite,Sports,65.5,2.4
314,Fact Plus,Toys,458.34,1.2
315,Star Lite,Beauty,159.66,1.4
316,Process Max,Clothing,330.08,1.9
317,Almost Pro,Books,423.46,2.5
318,Beautiful Lite,Beauty,116.95,2.7
319,Another Pro,Beauty,464.9,4.3
320,Sense Lite,Electronics,94.31,3.8
321,Fly Lite,Books,178.76,1.7
322,Condition Max,Beauty,330.39,1.3
323,Single Pro,Electronics,374.33,1.9
324,Argue Plus,Home,173.74,2.5
325,Group Lite,Toys,471.0,3.4
326,Someone Pro,Clothing,82.92,3.5
327,Forward Pro,Books,224.34,2.7
328,High Plus,Home,140.22,4.0
329,Song Pro,Books,217.81,2.1
330,Campaign Plus,Beauty,335.23,1.2
331,Indicate Plus,Beauty,32.12,1.8
332,Especially Max,Toys,72.93,2.0
333,Yard Lite,Electronics,8.83,4.0
334,Rise Max,Clothing,193.2,3.8
335,Family Lite,Electronics,201.55,4.0
336,Hand Plus,Electronics,232.58,1.3
337,Win Lite,Beauty,217.5,2.6
338,Personal Plus,Books,62.01,1.1
339,Huge Lite,Clothing,401.65,3.5
340,Charge Lite,Electronics,221.17,1.4
341,Protect Plus,Beauty,203.22,1.3
342,Benefit Lite,Sports,173.06,2.3
343,Rate Max,Electronics,257.69,1.5
344,Lay Max,Toys,177.94,3.9
345,Physical Max,Clothing,55.89,2.0
346,Police Max,Beauty,80.67,4.0
347,Cut Pro,Clothing,475.89,3.5
348,Occur Plus,Toys,284.05,3.3
349,Success Lite,Toys,485.63,2.3
350,Large Plus,Electronics,237.12,3.5
351,Down Lite,Beauty,32.81,3.0
352,Case Lite,Home,228.7,1.2
353,Black Lite,Electronics,324.11,4.9
354,Attention Pro,Beauty,299.07,2.5
355,President Pro,Home,454.98,3.3
356,According Max,Books,304.48,3.0
357,Choose Pro,Home,56.23,4.6
358,Reduce Lite,Sports,46.74,3.6
359,Technology Pro,Clothing,355.27,5.0
360,Week Max,Books,189.56,2.1
361,Standard Plus,Toys,172.49,3.4
362,Ability Lite,Electronics,168.2,3.2
363,Level Plus,Books,129.74,4.4
364,Occur Max,Books,45.34,3.7
365,Dog Lite,Books,484.01,3.8
366,Play Plus,Clothing,299.55,4.8
367,Mention Lite,Beauty,191.46,4.2
368,When Max,Sports,352.9,4.8
369,Seat Pro,Sports,336.88,3.0
370,Care Pro,Books,157.89,4.8
371,Author Lite,Toys,245.7,1.9
372,Throw Max,Clothing,43.2,4.4
373,Letter Pro,Beauty,386.58,4.3
374,Race Pro,Sports,171.7,4.1
375,Hit Max,Beauty,191.48,1.6
376,Including Max,Sports,221.65,2.6
377,Tonight Max,Home,307.24,4.0
378,Myself Plus,Clothing,269.34,2.2
379,Blood Plus,Toys,101.04,3.7
380,Left Plus,Home,385.87,4.1
381,State Plus,Clothing,409.36,4.2
382,Beat Max,Toys,128.75,3.6
383,Director Lite,Beauty,467.48,3.8
384,South Pro,Books,46.52,1.6
385,Chance Plus,Beauty,77.94,2.7
386,Win Max,Toys,228.31,2.4
387,Upon Pro,Home,31.36,3.0
388,Whether Max,Home,497.29,2.5
389,Quite Pro,Books,465.76,4.4
390,Ever Lite,Toys,77.29,1.2
391,Network Plus,Sports,416.4,4.0
392,Us Plus,Home,309.6,4.6
393,After Pro,Books,111.75,1.6
394,Buy Plus,Electronics,389.21,2.0
395,Its Pro,Electronics,123.03,3.6
396,Cell Plus,Electronics,59.87,4.6
397,Technology Pro,Sports,260.11,2.0
398,Fish Max,Books,217.47,3.5
399,Soldier Max,Beauty,211.2,3.7
400,Both Pro,Beauty,487.45,1.3
401,Must Pro,Home,437.3,1.2
402,Hit Plus,Books,130.56,1.1
403,Through Pro,Books,124.36,3.6
404,Appear Pro,Toys,293.04,4.0
405,Leader Max,Electronics,179.39,2.4
406,Item Max,Toys,390.68,2.9
407,Window Plus,Sports,95.23,1.5
408,Sure Plus,Electronics,150.25,1.2
409,Particular Max,Electronics,161.22,2.2
410,Poor Plus,Toys,273.8,2.0
411,Chair Max,Books,181.7,4.1
412,Spend Lite,Books,66.62,2.5
413,Way Plus,Sports,222.67,4.8
414,Meet Lite,Clothing,250.62,3.0
415,Approach Lite,Toys,45.89,2.7
416,Action Plus,Beauty,497.57,1.7
417,How Lite,Books,55.79,2.3
418,Guy Lite,Books,225.73,3.9
419,Fly Max,Sports,224.73,2.8
420,Decade Lite,Beauty,499.08,2.1
421,Buy Pro,Electronics,337.24,2.6
422,Cost Max,Electronics,75.68,3.4
423,Rest Plus,Electronics,67.48,1.9
424,Fish Lite,Books,194.51,3.3
425,Candidate Max,Sports,227.71,2.5
426,Hope Plus,Toys,43.06,1.6
427,Challenge Lite,Home,160.62,2.1
428,Their Pro,Electronics,369.16,3.0
429,Similar Plus,Beauty,63.29,4.1
430,Job Plus,Clothing,498.2,2.1
431,Fill Plus,Clothing,65.71,4.4
432,Camera Plus,Clothing,449.85,2.8
433,Agent Pro,Toys,342.55,4.4
434,Compare Lite,Sports,176.98,1.3
435,Participant Lite,Books,426.42,3.8
436,Too Max,Toys,183.94,1.9
437,Fine Max,Toys,73.74,4.2
438,Yes Pro,Books,279.24,2.5
439,Charge Max,Beauty,442.7,1.3
440,Father Plus,Sports,360.84,3.1
441,Discover Plus,Toys,289.58,1.5
442,Year Lite,Sports,41.71,2.9
443,On Lite,Clothing,439.59,4.1
444,Meet Max,Toys,483.3,2.7
445,That Pro,Toys,66.46,1.6
446,Both Max,Clothing,164.72,3.8
447,Agreement Lite,Beauty,447.99,4.4
448,Around Lite,Clothing,319.35,3.2
449,Hard Max,Sports,154.9,3.1
450,Total Max,Beauty,471.1,1.6
451,Cultural Lite,Toys,462.35,1.2
452,Break Pro,Electronics,27.5,3.6
453,Again Lite,Sports,109.35,3.3
454,History Pro,Home,445.05,3.2
455,Reduce Lite,Home,126.21,4.2
456,Successful Plus,Books,229.5,3.8
457,Strategy Max,Home,210.73,2.9
458,Yourself Lite,Beauty,76.12,4.4
459,Somebody Lite,Sports,494.07,2.4
460,Church Plus,Clothing,381.53,3.1
461,Development Pro,Books,124.66,1.5
462,Hospital Plus,Clothing,74.73,1.2
463,Eat Plus,Toys,309.61,2.0
464,Cost Max,Toys,167.08,3.3
465,Leg Lite,Clothing,382.75,3.0
466,Spring Plus,Home,440.14,3.0
467,Visit Pro,Home,255.2,4.9
468,General Max,Beauty,179.68,1.2
469,Across Plus,Beauty,441.76,3.6
470,Budget Plus,Books,270.66,4.4
471,Message Plus,Clothing,441.82,3.9
472,Sea Plus,Books,27.39,1.2
473,Here Max,Books,278.85,1.3
474,Own Plus,Toys,277.18,4.3
475,Prove Pro,Clothing,487.67,2.6
476,Seven Lite,Beauty,469.78,4.0
477,Personal Max,Beauty,257.02,3.0
478,Base Pro,Electronics,72.83,2.3
479,Son Plus,Beauty,231.21,3.4
480,Film Max,Books,466.03,2.3
481,Bank Plus,Beauty,370.96,2.2
482,Current Lite,Beauty,415.0,3.1
483,Reason Lite,Home,408.8,2.5
484,Seat Pro,Home,293.93,4.2
485,Include Pro,Beauty,239.92,4.9
486,True Max,Sports,30.42,2.9
487,Voice Plus,Clothing,411.72,2.0
488,Institution Pro,Clothing,14.37,2.3
489,Television Max,Home,346.8,2.6
490,Standard Plus,Toys,424.95,3.9
491,Here Max,Beauty,107.63,2.3
492,Report Plus,Beauty,191.53,4.8
493,Spring Plus,Beauty,174.45,2.4
494,Hope Lite,Beauty,244.67,4.8
495,Town Lite,Beauty,152.76,4.8
496,Practice Lite,Toys,148.06,1.8
497,Guess Plus,Books,242.5,3.2
498,Hair Lite,Books,65.33,3.7
499,Foot Plus,Home,410.1,4.8
500,Beautiful Max,Books,25.82,4.8
501,Talk Pro,Books,462.38,3.6
502,Which Plus,Clothing,105.02,3.2
503,Operation Lite,Clothing,59.07,4.0
504,Carry Max,Clothing,30.13,4.6
505,Worry Max,Sports,120.25,1.4
506,Every Lite,Sports,238.84,3.7
507,Save Max,Electronics,482.44,4.9
508,Nice Max,Home,328.18,4.5
509,Laugh Plus,Home,327.02,4.0
510,Ahead Lite,Books,146.28,1.2
511,Will Pro,Sports,289.2,3.1
512,Fact Pro,Clothing,211.85,4.4
513,Analysis Pro,Toys,201.51,3.0
514,Mean Lite,Electronics,9.59,3.3
515,Report Pro,Books,145.86,5.0
516,Check Plus,Clothing,426.27,2.9
517,Rule Max,Toys,60.76,1.6
518,Laugh Plus,Sports,132.35,1.7
519,Lay Lite,Toys,151.04,3.7
520,Program Max,Clothing,307.42,3.6
521,Change Plus,Toys,216.71,2.3
522,Move Plus,Sports,52.22,4.9
523,Race Plus,Books,468.23,1.0
524,Rest Plus,Clothing,226.13,2.1
525,Answer Lite,Books,293.32,3.3
526,Matter Lite,Sports,182.98,1.9
527,Cost Pro,Home,156.87,2.6
528,Authority Lite,Sports,63.12,4.7
529,While Lite,Books,309.24,1.9
530,Model Max,Home,80.83,4.0
531,Suddenly Lite,Home,352.46,4.7
532,Paper Max,Toys,127.5,4.0
533,Middle Pro,Beauty,226.14,3.8
534,White Pro,Beauty,60.54,4.3
535,Oil Max,Beauty,270.65,1.7
536,News Plus,Electronics,341.75,3.9
537,Might Plus,Electronics,449.95,2.8
538,Service Pro,Home,70.31,2.7
539,Cultural Pro,Beauty,233.88,4.2
540,Tend Pro,Home,130.96,1.0
541,Onto Max,Beauty,41.15,2.7
542,Low Pro,Beauty,497.09,4.7
543,Time Pro,Home,20.71,2.6
544,Course Max,Toys,322.55,3.9
545,Experience Plus,Books,496.46,2.5
546,Miss Plus,Home,44.72,4.9
547,Live Max,Sports,430.84,1.5
548,Author Plus,Beauty,68.04,4.9
549,Student Pro,Toys,16.25,2.2
550,Through Plus,Beauty,192.74,1.9
551,Detail Plus,Books,81.79,1.8
552,Fast Pro,Electronics,405.69,2.7
553,Speak Pro,Clothing,107.01,1.4
554,Light Pro,Home,300.9,3.8
555,All Pro,Clothing,371.57,2.6
556,Man Max,Beauty,112.55,4.5
557,Manage Pro,Clothing,254.43,2.2
558,Nice Lite,Beauty,300.97,3.7
559,Me Lite,Clothing,154.37,1.6
560,Which Max,Home,153.75,1.2
561,Bar Max,Sports,340.98,3.2
562,Business Pro,Books,471.09,3.7
563,Final Lite,Sports,211.08,1.6
564,Lawyer Plus,Clothing,378.44,2.9
565,Factor Max,Books,429.48,1.6
566,Knowledge Plus,Electronics,283.38,4.9
567,Visit Max,Home,125.21,1.8
568,Significant Pro,Home,424.33,1.4
569,Body Max,Electronics,137.89,3.7
570,Year Pro,Toys,41.03,4.2
571,Memory Max,Home,108.4,4.6
572,Hour Lite,Electronics,109.84,1.8
573,Play Pro,Sports,499.79,2.9
574,That Max,Sports,304.18,1.8
575,Age Max,Beauty,164.2,2.1
576,At Plus,Beauty,326.12,2.2
577,Air Lite,Beauty,441.99,2.9
578,Player Plus,Toys,420.67,4.7
579,Forget Lite,Books,209.9,3.3
580,Yeah Max,Sports,77.23,2.0
581,Interview Plus,Books,80.44,2.3
582,Hard Plus,Beauty,417.51,3.0
583,Hair Lite,Books,382.86,3.0
584,List Plus,Home,88.28,4.2
585,Back Max,Clothing,361.56,3.0
586,Alone Pro,Beauty,21.74,4.4
587,While Pro,Toys,8.16,1.5
588,Traditional Max,Electronics,355.05,1.0
589,Investment Plus,Books,34.92,3.6
590,With Plus,Sports,246.49,1.0
591,Free Plus,Electronics,13.28,3.9
592,Paper Lite,Electronics,253.6,3.8
593,Than Plus,Toys,470.16,1.7
594,Or Pro,Beauty,78.7,1.8
595,Wonder Lite,Toys,180.45,4.2
596,Ago Pro,Books,479.85,2.8
597,Wife Max,Sports,116.8,3.7
598,Attorney Pro,Sports,495.88,3.6
599,Ready Pro,Electronics,205.61,2.5
600,Situation Plus,Electronics,320.19,3.8
601,Purpose Pro,Home,423.44,3.6
602,Finally Lite,Beauty,488.78,4.9
603,Worker Pro,Clothing,109.65,4.5
604,Like Plus,Books,28.05,1.3
605,Memory Lite,Beauty,283.94,1.1
606,Page Lite,Electronics,480.93,3.3
607,Enjoy Plus,Electronics,153.14,3.3
608,Quite Plus,Sports,448.78,2.3
609,Style Max,Toys,494.3,3.9
610,Dog Lite,Electronics,53.35,1.9
611,Get Pro,Books,304.56,3.5
612,Their Plus,Toys,166.56,3.5
613,Fly Plus,Home,117.93,3.2
614,I Plus,Home,96.94,3.3
615,Bill Plus,Electronics,387.22,2.2
616,Theory Max,Sports,41.39,2.1
617,Network Plus,Sports,393.03,1.6
618,Nearly Plus,Books,183.55,1.4
619,My Lite,Home,183.16,2.1
620,Science Max,Electronics,97.76,2.8
621,Thousand Plus,Electronics,18.0,2.4
622,Trouble Pro,Beauty,301.03,2.3
623,Event Plus,Electronics,149.46,2.6
624,Break Pro,Sports,451.06,4.6
625,Scientist Max,Beauty,262.95,3.7
626,Hundred Max,Clothing,138.11,2.1
627,Really Max,Electronics,87.77,2.1
628,Family Lite,Home,392.42,2.4
629,Ground Max,Sports,314.39,3.4
630,Exist Max,Home,57.95,2.2
631,Watch Plus,Books,421.6,2.5
632,Citizen Lite,Home,170.69,4.3
633,Left Max,Books,163.73,4.8
634,Her Max,Home,160.52,4.9
635,Recent Lite,Books,368.76,3.5
636,Money Max,Books,191.15,4.3
637,Anyone Plus,Books,61.37,3.3
638,Only Max,Sports,384.97,1.1
639,Myself Plus,Sports,108.78,4.2
640,None Pro,Toys,424.66,4.2
641,Only Plus,Clothing,318.5,2.0
642,Continue Max,Sports,214.45,2.5
643,Moment Plus,Beauty,242.22,2.6
644,Media Plus,Beauty,23.2,4.9
645,Boy Pro,Electronics,385.63,3.6
646,Doctor Lite,Clothing,325.26,1.2
647,Sport Plus,Toys,169.14,4.2
648,Seem Pro,Electronics,53.81,1.9
649,Push Max,Home,190.19,2.9
650,Song Max,Books,498.86,2.9
651,Six Lite,Home,460.67,1.3
652,Likely Max,Books,159.39,2.8
653,Near Max,Beauty,244.05,2.9
654,Focus Plus,Sports,349.9,2.3
655,Public Lite,Electronics,406.04,1.5
656,Increase Lite,Sports,59.13,4.2
657,Property Max,Beauty,91.35,1.6
658,Drop Plus,Home,119.77,2.6
659,International Max,Clothing,322.04,2.7
660,Mrs Pro,Sports,308.98,1.8
661,Walk Plus,Home,7.2,1.9
662,Name Lite,Toys,353.36,4.2
663,International Pro,Toys,436.63,1.7
664,Life Lite,Clothing,231.49,2.0
665,Ask Plus,Beauty,483.13,2.3
666,Us Plus,Beauty,199.31,1.5
667,Themselves Lite,Toys,231.64,1.7
668,Out Lite,Beauty,297.13,3.7
669,Up Lite,Electronics,123.09,1.5
670,Job Lite,Sports,74.97,2.6
671,Believe Max,Beauty,194.94,1.7
672,Include Max,Beauty,87.6,2.2
673,Away Max,Books,421.78,3.5
674,Show Lite,Electronics,244.88,1.8
675,Dream Plus,Beauty,255.19,3.0
676,When Plus,Home,356.52,2.8
677,Former Max,Electronics,284.87,4.2
678,Like Max,Books,21.18,1.9
679,Country Lite,Clothing,391.47,3.3
680,They Plus,Beauty,257.85,3.3
681,Indicate Lite,Toys,273.84,5.0
682,Challenge Pro,Toys,360.9,3.2
683,Loss Plus,Electronics,369.31,3.6
684,Education Max,Books,438.03,1.1
685,Key Lite,Books,431.79,1.3
686,Federal Pro,Toys,406.89,1.8
687,Other Lite,Toys,356.82,3.5
688,Attention Max,Beauty,73.92,1.8
689,Body Max,Toys,34.38,2.4
690,Left Lite,Beauty,271.69,2.3
691,Loss Lite,Books,288.5,4.8
692,Physical Pro,Clothing,481.57,4.1
693,Site Pro,Books,434.19,1.5
694,Positive Max,Clothing,77.39,2.3
695,Upon Max,Toys,422.56,2.6
696,Not Max,Beauty,318.04,3.5
697,Policy Plus,Home,42.38,4.2
698,Course Pro,Home,260.23,2.1
699,Himself Lite,Home,475.38,2.3
700,Pick Pro,Toys,388.2,3.9
701,Window Plus,Sports,333.75,2.4
702,Their Pro,Toys,269.54,1.9
703,Apply Plus,Toys,109.87,2.1
704,Admit Lite,Books,275.92,1.5
705,Expert Plus,Toys,175.15,3.7
706,Add Pro,Electronics,54.29,4.1
707,Every Plus,Electronics,66.5,4.4
708,Those Plus,Home,5.33,4.8
709,Interest Max,Sports,455.16,4.5
710,Leg Lite,Clothing,437.84,4.5
711,Successful Pro,Sports,183.42,1.3
712,Investment Max,Electronics,201.19,2.2
713,Compare Max,Home,329.47,3.8
714,Capital Pro,Clothing,241.02,1.5
715,Agent Max,Beauty,341.59,1.0
716,Beyond Lite,Toys,64.69,4.4
717,Cut Max,Home,40.06,2.5
718,People Pro,Electronics,160.11,4.5
719,Health Max,Home,387.86,4.0
720,Ground Max,Sports,496.51,1.6
721,Past Pro,Beauty,326.76,2.8
722,Write Max,Sports,375.39,4.7
723,Do Plus,Toys,112.54,4.6
724,How Max,Toys,65.96,3.9
725,School Lite,Home,160.68,1.6
726,Staff Lite,Sports,46.7,3.2
727,This Lite,Toys,470.93,1.1
728,Magazine Lite,Clothing,261.29,3.0
729,Now Plus,Books,324.85,4.1
730,Middle Max,Home,196.01,2.0
731,Six Pro,Beauty,444.92,1.0
732,Face Lite,Books,70.33,4.4
733,Will Plus,Books,275.45,1.7
734,Film Plus,Toys,41.13,3.3
735,Explain Pro,Books,111.79,4.7
736,Enjoy Plus,Beauty,146.81,3.9
737,Increase Plus,Home,352.4,1.3
738,Discover Max,Books,46.38,1.3
739,Career Max,Toys,81.91,2.3
740,Race Pro,Books,350.84,3.9
741,Late Max,Electronics,126.02,4.7
742,Set Pro,Home,308.09,1.2
743,Push Max,Electronics,11.27,1.5
744,Camera Pro,Clothing,250.72,2.4
745,Party Lite,Clothing,189.08,4.0
746,Hold Lite,Sports,443.78,4.1
747,Face Pro,Books,404.52,2.1
748,Side Pro,Books,357.6,3.3
749,Recognize Pro,Home,230.32,2.4
750,Word Plus,Toys,285.61,2.5
751,Look Lite,Toys,55.94,3.3
752,Enter Pro,Clothing,371.69,1.0
753,Sort Pro,Clothing,27.76,2.5
754,President Max,Clothing,465.92,4.4
755,Guy Plus,Clothing,164.29,2.7
756,Tend Lite,Books,413.87,3.3
757,Public Pro,Beauty,338.3,1.2
758,Gas Max,Toys,260.31,1.2
759,Arm Plus,Electronics,439.11,4.5
760,Wear Lite,Books,47.76,2.8
761,Person Lite,Clothing,149.34,4.1
762,Growth Max,Home,187.3,4.9
763,Tough Max,Sports,450.72,4.0
764,Nature Max,Clothing,8.16,2.6
765,Through Max,Beauty,176.48,4.4
766,Air Pro,Books,5.72,3.6
767,Imagine Lite,Electronics,106.57,4.9
768,Radio Plus,Home,480.79,4.9
769,Last Max,Sports,143.51,1.2
770,Win Max,Toys,262.28,3.8
771,Take Lite,Home,487.4,1.3
772,Performance Pro,Beauty,71.09,4.3
773,Growth Pro,Beauty,286.07,2.7
774,Message Max,Clothing,149.38,4.4
775,Face Plus,Sports,416.79,2.3
776,Successful Plus,Books,120.64,4.8
777,Draw Max,Toys,386.22,1.4
778,Mean Pro,Clothing,227.54,2.3
779,Defense Pro,Beauty,182.35,4.1
780,Forward Plus,Books,234.36,4.4
781,For Pro,Clothing,404.76,2.2
782,Data Pro,Clothing,418.78,2.3
783,Major Pro,Sports,127.87,2.4
784,Hospital Pro,Sports,152.93,4.3
785,Pm Max,Electronics,476.29,4.4
786,Step Max,Electronics,233.71,4.2
787,Economy Max,Electronics,10.92,4.3
788,Student Max,Clothing,103.08,2.6
789,Idea Pro,Beauty,295.13,4.7
790,Argue Pro,Electronics,498.59,1.8
791,Threat Plus,Toys,68.75,4.6
792,Site Lite,Electronics,26.13,2.8
793,Economy Max,Beauty,219.41,3.9
794,Character Plus,Electronics,194.45,2.7
795,Star Lite,Clothing,454.61,2.1
796,Town Plus,Clothing,22.15,3.5
797,Official Max,Sports,151.08,2.6
798,Certainly Plus,Electronics,48.42,2.5
799,Strategy Plus,Clothing,323.11,4.2
800,Color Max,Sports,497.07,3.2
801,Even Pro,Home,392.05,2.4
802,Hand Plus,Books,456.78,3.0
803,From Plus,Books,94.01,2.3
804,Available Max,Electronics,448.4,4.1
805,Eye Pro,Toys,495.81,3.1
806,Cause Max,Clothing,54.57,3.6
807,Impact Lite,Beauty,409.06,4.7
808,Add Pro,Toys,498.21,1.9
809,Argue Plus,Books,467.93,5.0
810,Move Max,Clothing,122.09,2.3
811,Successful Lite,Beauty,18.96,3.8
812,Ask Max,Beauty,474.44,4.3
813,Star Plus,Beauty,157.98,3.0
814,Indicate Pro,Electronics,120.15,1.9
815,Anyone Plus,Electronics,169.21,3.5
816,Still Max,Books,359.88,4.7
817,Teacher Lite,Electronics,15.85,3.3
818,Part Max,Toys,59.91,3.1
819,Phone Lite,Electronics,189.93,4.8
820,Body Plus,Beauty,55.01,2.2
821,Defense Max,Clothing,367.51,2.7
822,Bit Plus,Sports,162.06,3.8
823,Decision Lite,Clothing,334.44,4.3
824,Situation Plus,Books,368.33,2.2
825,Energy Max,Sports,5.89,3.8
826,Understand Plus,Toys,497.17,4.9
827,College Pro,Clothing,303.18,4.7
828,Community Max,Sports,284.95,4.7
829,Wonder Max,Books,373.94,2.0
830,Mother Lite,Clothing,319.91,4.9
831,Home Lite,Home,10.64,1.8
832,While Pro,Books,132.05,1.4
833,Movie Pro,Electronics,196.04,3.9
834,Realize Max,Home,249.08,2.5
835,Early Plus,Electronics,415.26,4.2
836,Bad Max,Clothing,228.39,4.2
837,Glass Pro,Books,14.94,2.0
838,So Pro,Electronics,174.2,4.6
839,Whose Max,Sports,42.13,4.8
840,Physical Pro,Books,299.05,3.5
841,Citizen Plus,Sports,20.34,4.8
842,Cut Max,Beauty,445.43,1.6
843,Line Pro,Books,106.75,1.8
844,Floor Lite,Sports,144.35,2.0
845,Environmental Pro,Home,288.03,4.4
846,According Max,Electronics,183.61,2.7
847,Some Lite,Toys,332.7,3.4
848,Development Max,Electronics,17.74,1.7
849,Success Lite,Electronics,239.42,1.5
850,Draw Plus,Home,247.1,3.6
851,Attack Pro,Sports,274.34,1.7
852,Suggest Plus,Books,97.36,1.2
853,Experience Plus,Home,135.38,4.3
854,Professional Pro,Clothing,377.36,3.7
855,Before Pro,Sports,175.18,3.2
856,Several Max,Beauty,35.19,2.5
857,Forget Plus,Beauty,345.1,4.7
858,Work Max,Home,152.93,2.6
859,Its Pro,Beauty,287.75,3.1
860,Respond Max,Electronics,474.88,2.8
861,Everything Max,Clothing,405.19,1.5
862,Sea Plus,Electronics,494.2,2.7
863,Already Max,Toys,299.55,2.3
864,Reveal Pro,Electronics,197.11,2.6
865,On Lite,Toys,141.72,2.8
866,Investment Pro,Toys,351.7,3.4
867,Property Plus,Electronics,210.15,1.6
868,My Pro,Electronics,283.53,1.4
869,Performance Lite,Toys,270.14,2.4
870,Soon Plus,Books,194.61,2.9
871,People Plus,Electronics,90.24,2.6
872,Article Plus,Electronics,200.92,4.5
873,Door Max,Electronics,374.15,4.7
874,War Lite,Electronics,172.24,4.2
875,National Lite,Books,422.21,4.4
876,Want Pro,Toys,117.84,2.2
877,South Plus,Toys,413.78,2.1
878,Military Plus,Beauty,324.55,1.8
879,Enjoy Max,Toys,206.55,2.9
880,Factor Lite,Toys,32.82,4.2
881,Alone Pro,Books,356.24,2.6
882,Wear Pro,Clothing,100.42,4.3
883,Service Pro,Clothing,21.37,1.2
884,Manager Lite,Sports,103.56,2.5
885,Article Plus,Beauty,201.49,4.7
886,Step Pro,Clothing,189.37,3.4
887,Shoulder Max,Toys,239.92,3.2
888,Game Lite,Clothing,419.64,2.0
889,Culture Pro,Books,18.59,1.2
890,Far Max,Toys,114.57,1.9
891,Congress Max,Books,327.54,3.1
892,Can Pro,Home,456.2,3.6
893,General Pro,Clothing,129.93,4.2
894,Region Lite,Sports,483.68,3.6
895,Natural Plus,Home,426.54,2.8
896,Animal Max,Home,154.56,3.1
897,Help Plus,Beauty,55.64,3.0
898,Positive Lite,Beauty,325.43,3.4
899,Nothing Lite,Sports,58.51,1.3
900,Leader Lite,Sports,165.94,2.1
901,After Lite,Clothing,79.22,4.1
902,Financial Pro,Toys,429.37,4.2
903,Pattern Plus,Sports,163.19,1.6
904,Evening Pro,Sports,251.2,2.2
905,Place Plus,Home,197.2,1.1
906,Others Max,Books,364.64,1.9
907,Hour Plus,Sports,182.46,2.2
908,Lead Max,Toys,330.52,3.2
909,Many Lite,Electronics,238.04,4.0
910,Only Max,Sports,450.3,3.6
911,Husband Max,Books,115.55,4.5
912,Marriage Plus,Toys,443.99,2.5
913,Clear Lite,Home,426.35,2.9
914,Official Pro,Home,445.27,3.0
915,Quality Plus,Beauty,152.69,1.2
916,Door Max,Clothing,496.21,2.4
917,Subject Plus,Clothing,161.61,3.9
918,Short Pro,Home,169.65,4.9
919,General Lite,Sports,33.72,2.8
920,Table Max,Toys,387.9,3.3
921,Game Max,Home,393.68,4.1
922,Ground Max,Beauty,219.69,2.7
923,Bring Plus,Home,194.74,1.2
924,Chair Max,Sports,189.69,1.1
925,Central Lite,Toys,417.45,1.8
926,Magazine Pro,Sports,368.13,1.9
927,Will Lite,Books,68.82,2.5
928,Design Lite,Clothing,37.32,1.2
929,Officer Lite,Home,365.28,3.4
930,Car Lite,Home,444.55,5.0
931,Impact Lite,Home,182.83,1.8
932,Relate Plus,Electronics,118.07,3.9
933,Difference Max,Clothing,368.37,3.4
934,Itself Max,Electronics,186.46,3.6
935,Recently Pro,Home,438.89,2.0
936,Them Pro,Beauty,497.37,3.6
937,Today Pro,Electronics,346.43,2.7
938,Edge Plus,Electronics,275.9,2.9
939,Benefit Max,Clothing,349.12,3.5
940,Grow Lite,Home,332.52,3.6
941,Suggest Lite,Beauty,304.79,1.5
942,Relationship Pro,Beauty,360.79,1.5
943,Middle Pro,Toys,57.6,1.8
944,Country Max,Toys,135.18,3.1
945,Also Max,Books,353.2,2.2
946,Look Pro,Beauty,250.7,1.8
947,Community Plus,Books,121.08,1.1
948,Go Pro,Electronics,418.44,3.7
949,Long Max,Electronics,390.87,1.3
950,Blue Pro,Books,323.95,2.8
951,Wear Lite,Books,234.82,1.4
952,Meet Max,Toys,24.53,2.2
953,Special Lite,Home,370.58,1.4
954,Evening Pro,Electronics,426.74,3.7
955,Figure Max,Books,181.98,2.8
956,Which Lite,Sports,51.01,4.3
957,Head Max,Electronics,203.38,4.8
958,Economy Lite,Toys,195.93,4.4
959,Chance Plus,Sports,443.63,1.7
960,Past Max,Sports,364.57,4.9
961,Forget Max,Electronics,210.93,3.4
962,Indeed Plus,Clothing,307.6,4.1
963,Rate Pro,Toys,343.81,4.4
964,Fear Max,Home,460.6,1.5
965,Religious Plus,Home,27.76,2.0
966,Huge Lite,Electronics,353.76,3.7
967,Minute Max,Sports,437.21,3.1
968,Material Pro,Home,332.55,2.0
969,Author Lite,Sports,339.77,2.5
970,Study Pro,Electronics,323.48,1.6
971,Research Plus,Toys,250.44,1.7
972,Trouble Plus,Books,124.24,4.9
973,Explain Pro,Beauty,115.24,3.6
974,Box Plus,Toys,121.32,2.8
975,Family Plus,Electronics,429.01,2.8
976,Skin Pro,Home,373.89,1.1
977,Imagine Plus,Home,22.74,3.2
978,Strong Pro,Toys,304.08,3.5
979,Short Lite,Beauty,283.35,3.6
980,Company Plus,Books,184.85,1.2
981,Indeed Max,Toys,229.96,3.2
982,Pattern Plus,Sports,330.3,3.9
983,Specific Pro,Electronics,380.86,1.9
984,Card Lite,Books,415.79,4.9
985,Game Lite,Beauty,263.38,3.8
986,Meeting Pro,Clothing,248.75,4.3
987,Stand Plus,Electronics,130.87,1.8
988,Music Pro,Toys,199.48,2.8
989,Truth Max,Sports,172.28,4.0
990,Second Pro,Sports,419.55,3.4
991,Allow Plus,Home,330.94,4.8
992,Garden Max,Home,7.15,3.9
993,Kind Plus,Toys,294.63,4.7
994,Ago Max,Sports,291.38,3.9
995,Direction Max,Electronics,196.77,3.4
996,Impact Lite,Beauty,441.29,2.7
997,Party Max,Books,201.95,2.4
998,Box Lite,Home,403.37,1.6
999,Service Lite,Toys,352.24,4.4
1000,Boy Max,Clothing,108.81,3.9
1001,Discover Lite,Sports,70.67,3.8
1002,Newspaper Max,Beauty,273.53,3.5
1003,Might Pro,Toys,179.36,2.9
1004,Issue Plus,Sports,375.2,4.4
1005,Exist Lite,Toys,214.08,1.1
1006,Analysis Pro,Electronics,193.53,1.2
1007,Maintain Pro,Clothing,137.15,4.1
1008,Measure Lite,Sports,129.03,4.4
1009,Bag Lite,Clothing,378.03,1.1
1010,Argue Plus,Electronics,309.97,3.7
1011,Herself Max,Sports,325.32,2.6
1012,High Lite,Sports,333.92,4.7
1013,Cup Plus,Home,478.57,4.9
1014,Of Lite,Beauty,31.63,4.0
1015,Every Max,Beauty,435.08,4.4
1016,Accept Plus,Toys,116.65,3.5
1017,Congress Lite,Toys,296.25,4.0
1018,Trade Max,Toys,363.83,1.8
1019,Role Plus,Clothing,491.81,1.3
1020,Occur Max,Sports,259.35,2.5
1021,Chair Plus,Books,280.52,1.5
1022,Executive Lite,Electronics,168.63,3.8
1023,Necessary Max,Electronics,81.08,2.3
1024,Financial Pro,Toys,466.53,3.5
1025,Commercial Lite,Home,396.0,3.2
1026,Common Pro,Toys,355.3,3.1
1027,Ever Max,Beauty,38.75,3.0
1028,Party Plus,Beauty,270.83,1.4
1029,Hair Max,Clothing,333.35,2.3
1030,Often Lite,Clothing,475.4,3.5
1031,Catch Plus,Beauty,412.73,4.9
1032,Help Pro,Electronics,336.12,2.8
1033,Open Max,Electronics,342.86,2.3
1034,Million Pro,Home,132.01,3.9
1035,Market Pro,Beauty,411.94,2.5
1036,See Plus,Home,26.71,4.6
1037,Subject Max,Books,259.38,4.8
1038,Various Max,Toys,271.3,1.0
1039,Situation Pro,Clothing,336.82,4.1
1040,Throughout Plus,Toys,56.44,3.2
1041,Start Plus,Sports,409.29,1.3
1042,Movie Max,Electronics,232.32,2.3
1043,Wonder Pro,Electronics,31.86,4.2
1044,Work Pro,Beauty,411.7,4.6
1045,Commercial Plus,Home,228.31,2.6
1046,Employee Lite,Electronics,197.8,1.5
1047,It Pro,Sports,361.54,1.3
1048,Claim Pro,Sports,424.88,2.4
1049,Around Pro,Books,394.51,2.2
1050,Full Pro,Books,383.81,2.8
1051,Arrive Plus,Toys,332.06,2.9
1052,Difference Max,Clothing,374.64,4.2
1053,Similar Lite,Sports,76.32,3.7
1054,Seem Lite,Electronics,278.99,3.2
1055,Material Pro,Electronics,7.49,3.4
1056,Although Pro,Books,108.98,4.0
1057,Imagine Lite,Clothing,209.26,3.6
1058,Power Max,Clothing,96.08,3.5
1059,By Lite,Clothing,61.74,3.7
1060,Maintain Pro,Toys,376.77,5.0
1061,Nice Plus,Sports,277.08,2.2
1062,Trip Pro,Books,53.61,3.9
1063,Truth Plus,Books,181.78,3.7
1064,Energy Max,Electronics,146.14,1.3
1065,Enjoy Max,Books,245.5,2.3
1066,Station Lite,Sports,294.16,3.3
1067,Machine Lite,Toys,161.58,2.7
1068,Each Pro,Books,126.86,1.9
1069,Management Plus,Books,420.85,1.5
1070,Feel Lite,Home,234.11,2.4
1071,Religious Lite,Home,278.08,1.7
1072,Put Pro,Toys,143.9,4.3
1073,Interview Max,Books,368.1,3.5
1074,Rate Pro,Electronics,425.55,3.5
1075,Without Plus,Toys,297.07,4.6
1076,How Lite,Beauty,447.52,3.2
1077,Grow Max,Books,199.29,4.6
1078,Market Lite,Clothing,235.03,3.0
1079,Station Plus,Books,253.57,3.7
1080,Your Max,Toys,259.5,2.8
1081,Author Max,Beauty,474.61,3.6
1082,Star Max,Sports,367.34,4.8
1083,Future Pro,Clothing,381.93,1.9
1084,Threat Lite,Books,120.84,3.7
1085,Visit Lite,Home,237.49,2.8
1086,Back Pro,Electronics,490.39,2.3
1087,Rest Lite,Toys,372.25,3.3
1088,Finish Max,Home,328.57,2.5
1089,Hold Pro,Beauty,129.54,4.9
1090,Change Max,Beauty,205.89,4.3
1091,Test Lite,Home,397.37,4.5
1092,Beyond Pro,Beauty,441.61,2.8
1093,School Max,Electronics,259.7,2.1
1094,Above Max,Clothing,82.89,3.4
1095,New Pro,Sports,119.02,4.2
1096,How Pro,Home,339.24,2.9
1097,Oil Max,Sports,417.52,1.1
1098,Lawyer Pro,Clothing,288.88,1.6
1099,Close Pro,Beauty,77.7,1.7
1100,Eight Max,Beauty,479.33,3.4
1101,Structure Pro,Sports,365.35,4.3
1102,Message Pro,Clothing,227.36,5.0
1103,Treat Plus,Clothing,113.59,2.6
1104,Magazine Max,Toys,293.41,4.1
1105,Smile Lite,Clothing,363.47,2.4
1106,That Plus,Beauty,297.35,1.9
1107,Suddenly Plus,Clothing,58.74,1.8
1108,President Plus,Toys,79.03,1.4
1109,More Plus,Beauty,301.91,4.5
1110,Chance Pro,Electronics,243.71,1.5
1111,Fund Pro,Toys,340.89,2.7
1112,Base Plus,Books,438.04,3.8
1113,Level Plus,Clothing,469.52,2.9
1114,Area Plus,Books,296.58,4.0
1115,Traditional Pro,Home,71.27,2.9
1116,Other Max,Toys,46.49,3.4
1117,Need Plus,Books,98.57,3.8
1118,Feel Pro,Beauty,263.66,3.1
1119,With Plus,Sports,106.68,4.2
1120,Myself Plus,Books,57.76,2.7
1121,Personal Lite,Books,428.21,2.7
1122,Whose Lite,Beauty,141.4,3.7
1123,Let Max,Home,278.29,3.2
1124,Voice Max,Books,281.75,2.9
1125,Kind Lite,Beauty,175.46,3.8
1126,Performance Max,Toys,432.6,1.5
1127,Responsibility Max,Home,392.64,4.8
1128,Thing Pro,Clothing,256.63,4.1
1129,Southern Pro,Clothing,197.61,3.5
1130,Trip Pro,Toys,76.94,4.7
1131,Hope Plus,Electronics,36.72,1.9
1132,Fast Pro,Beauty,23.69,2.5
1133,Analysis Plus,Beauty,329.81,2.1
1134,Us Pro,Toys,411.01,3.6
1135,Guess Plus,Electronics,104.85,3.6
1136,Yeah Lite,Clothing,21.64,3.4
1137,Soon Max,Beauty,88.89,1.1
1138,Site Max,Sports,5.14,1.6
1139,Tax Lite,Toys,202.72,3.7
1140,Statement Plus,Beauty,104.15,1.1
1141,Partner Pro,Electronics,277.05,3.9
1142,Catch Lite,Books,481.83,2.1
1143,Floor Max,Home,465.21,3.3
1144,Support Lite,Clothing,206.53,1.4
1145,Knowledge Pro,Beauty,150.65,4.8
1146,Important Lite,Beauty,407.51,3.3
1147,Letter Plus,Home,283.77,4.1
1148,Bag Lite,Toys,232.13,2.8
1149,Sort Pro,Home,62.55,1.3
1150,Operation Max,Sports,352.08,4.2
1151,Activity Plus,Books,260.67,1.0
1152,Send Lite,Clothing,147.21,2.6
1153,Source Lite,Electronics,279.5,1.7
1154,Card Lite,Books,113.19,3.3
1155,Manager Max,Sports,343.14,4.6
1156,Technology Plus,Sports,103.83,3.9
1157,Agency Lite,Clothing,118.46,4.3
1158,Artist Lite,Clothing,390.57,1.5
1159,Answer Pro,Sports,478.11,3.0
1160,Personal Pro,Toys,429.26,4.8
1161,Recent Plus,Books,312.23,3.0
1162,Item Lite,Home,95.52,4.1
1163,Force Lite,Home,114.94,3.3
1164,Military Pro,Beauty,400.64,2.9
1165,Have Pro,Beauty,176.91,4.4
1166,Half Max,Home,488.37,3.8
1167,See Plus,Books,346.16,1.0
1168,Most Max,Home,292.6,2.3
1169,Beautiful Lite,Clothing,276.54,1.9
1170,Sit Plus,Beauty,174.83,1.7
1171,May Plus,Clothing,212.45,4.0
1172,Others Lite,Toys,203.29,2.8
1173,Spring Max,Beauty,344.58,4.3
1174,Week Lite,Toys,121.72,2.7
1175,Range Plus,Clothing,77.19,4.8
1176,Position Max,Home,403.81,1.7
1177,Whom Plus,Clothing,497.8,4.4
1178,Discover Lite,Toys,245.88,2.0
1179,Also Pro,Home,53.99,1.7
1180,Including Max,Toys,130.87,4.4
1181,Rich Pro,Home,373.57,2.0
1182,Beautiful Lite,Beauty,280.96,4.2
1183,Strong Lite,Electronics,208.82,2.4
1184,Activity Max,Beauty,290.07,3.6
1185,Exactly Max,Toys,145.88,2.3
1186,Pull Plus,Toys,369.58,4.6
1187,Agent Plus,Beauty,146.83,3.5
1188,Drive Max,Toys,87.95,4.2
1189,From Lite,Home,317.48,3.3
1190,We Pro,Electronics,85.19,1.9
1191,Contain Lite,Sports,149.22,2.1
1192,Effort Plus,Books,444.41,4.1
1193,Near Lite,Sports,295.53,4.9
1194,Various Plus,Clothing,96.02,1.1
1195,Gun Max,Sports,129.57,4.0
1196,Cell Pro,Clothing,87.62,1.4
1197,Protect Pro,Home,276.47,1.1
1198,Enter Plus,Beauty,383.67,1.3
1199,Recently Lite,Beauty,81.86,3.6
1200,Firm Plus,Books,118.53,4.0
1201,Need Plus,Sports,67.57,3.1
1202,Mission Max,Electronics,22.4,2.4
1203,Still Lite,Toys,240.7,4.9
1204,Page Lite,Beauty,225.2,4.9
1205,Sort Max,Beauty,300.8,3.5
1206,His Plus,Beauty,321.69,3.1
1207,Cold Lite,Home,272.14,4.2
1208,Employee Plus,Books,186.06,2.0
1209,Him Lite,Electronics,5.05,4.3
1210,Option Max,Books,146.95,3.1
1211,Least Plus,Toys,241.15,1.0
1212,Bar Plus,Toys,150.0,1.9
1213,Garden Pro,Beauty,189.95,2.6
1214,Describe Plus,Home,128.7,3.9
1215,This Plus,Toys,192.29,2.1
1216,West Plus,Sports,123.58,4.1
1217,Soon Lite,Books,325.99,3.1
1218,Accept Lite,Home,98.06,1.3
1219,Check Max,Books,59.63,2.8
1220,Hope Plus,Books,351.73,3.0
1221,Indicate Lite,Electronics,80.31,4.9
1222,Rest Pro,Clothing,486.3,2.1
1223,Standard Max,Sports,222.02,1.0
1224,Kid Pro,Clothing,12.29,1.9
1225,College Plus,Books,393.93,3.0
1226,Spend Lite,Home,349.98,1.1
1227,Own Pro,Toys,376.53,1.6
1228,Attention Lite,Toys,199.25,3.2
1229,Toward Max,Clothing,448.37,2.0
1230,Kitchen Plus,Toys,11.24,4.9
1231,Health Max,Home,386.76,2.8
1232,Degree Pro,Clothing,233.11,4.1
1233,Mother Max,Home,197.62,4.8
1234,Drive Lite,Clothing,316.44,1.2
1235,Thousand Pro,Books,243.21,2.2
1236,Protect Lite,Electronics,432.51,1.9
1237,Red Pro,Clothing,318.29,2.3
1238,Film Max,Toys,141.67,1.5
1239,Century Max,Electronics,484.57,3.3
1240,Option Plus,Sports,300.13,2.5
1241,Why Pro,Clothing,83.06,1.4
1242,Culture Lite,Toys,314.44,1.2
1243,Nature Max,Sports,270.49,1.4
1244,Decide Plus,Clothing,161.79,3.2
1245,Mr Lite,Toys,446.44,3.9
1246,National Pro,Sports,192.0,3.9
1247,Process Lite,Electronics,245.22,2.8
1248,Listen Lite,Beauty,350.03,1.8
1249,Finish Max,Beauty,177.09,3.9
1250,Star Lite,Toys,416.52,4.7
1251,Common Max,Electronics,267.91,2.8
1252,Mind Lite,Beauty,186.72,1.0
1253,Scientist Plus,Sports,96.84,1.1
1254,Push Lite,Toys,312.0,2.3
1255,Movement Pro,Sports,483.75,4.3
1256,Assume Max,Beauty,343.2,4.1
1257,House Max,Beauty,145.15,2.6
1258,Write Lite,Electronics,52.65,3.6
1259,Example Pro,Toys,469.21,1.7
1260,Practice Pro,Clothing,57.99,1.8
1261,He Pro,Beauty,322.67,2.6
1262,Though Plus,Beauty,313.87,3.4
1263,Four Pro,Books,114.26,3.9
1264,Level Pro,Clothing,329.6,4.7
1265,Figure Pro,Home,401.5,1.2
1266,Man Plus,Toys,187.69,3.8
1267,Next Lite,Beauty,25.12,1.3
1268,Plant Lite,Electronics,472.58,4.8
1269,Anything Pro,Electronics,363.96,3.1
1270,Five Max,Clothing,265.47,2.0
1271,Research Max,Beauty,375.85,2.7
1272,Of Pro,Toys,321.12,2.4
1273,Arrive Plus,Sports,334.29,4.5
1274,Light Max,Toys,94.3,2.6
1275,I Lite,Sports,83.3,5.0
1276,Government Plus,Books,451.73,3.2
1277,Country Lite,Toys,189.0,4.1
1278,Set Plus,Toys,364.3,3.4
1279,Safe Max,Home,384.03,4.7
1280,Fall Lite,Books,481.02,2.8
1281,Join Plus,Electronics,364.53,4.9
1282,Fund Pro,Beauty,71.87,4.6
1283,Since Pro,Books,492.28,1.9
1284,Game Lite,Electronics,386.9,4.8
1285,Hour Lite,Beauty,258.08,3.3
1286,Evidence Max,Electronics,23.68,2.4
1287,Entire Max,Books,186.71,3.3
1288,On Max,Books,406.48,1.4
1289,Again Plus,Beauty,459.35,3.9
1290,The Lite,Toys,243.85,3.0
1291,Off Pro,Beauty,322.92,1.1
1292,Fine Plus,Electronics,391.16,4.7
1293,Both Lite,Books,440.5,2.7
1294,Spring Pro,Toys,386.34,4.0
1295,Health Pro,Sports,389.82,2.5
1296,Trip Lite,Beauty,25.39,3.2
1297,Win Max,Books,253.69,1.9
1298,Think Pro,Sports,367.13,2.6
1299,System Plus,Toys,299.59,3.0
1300,Through Max,Home,148.44,2.6
1301,Box Max,Books,45.86,3.3
1302,Try Pro,Beauty,202.6,1.3
1303,Face Plus,Toys,350.45,4.0
1304,Tree Plus,Beauty,103.06,2.6
1305,Tonight Max,Beauty,309.92,3.9
1306,Be Max,Clothing,40.46,4.1
1307,Street Lite,Sports,462.45,1.4
1308,Democratic Plus,Home,185.81,1.8
1309,Themselves Lite,Beauty,329.43,4.1
1310,Article Max,Books,310.03,5.0
1311,Bring Plus,Beauty,77.18,1.2
1312,Total Max,Clothing,344.25,1.6
1313,How Pro,Electronics,371.09,2.0
1314,Skin Max,Toys,417.06,2.2
1315,Those Lite,Sports,403.12,2.2
1316,Back Plus,Electronics,169.28,4.0
1317,South Max,Clothing,275.48,4.0
1318,Open Plus,Beauty,366.31,1.6
1319,From Pro,Home,293.59,3.7
1320,Six Pro,Books,89.31,2.1
1321,Leave Lite,Electronics,235.16,4.8
1322,Up Pro,Home,331.88,3.7
1323,Rather Lite,Toys,58.41,2.2
1324,Shake Plus,Clothing,490.0,3.0
1325,Hospital Pro,Books,244.91,3.4
1326,Around Pro,Clothing,103.44,4.9
1327,East Pro,Electronics,127.46,3.1
1328,Risk Lite,Home,199.73,1.6
1329,Produce Lite,Sports,179.2,3.5
1330,Mouth Max,Beauty,141.56,1.2
1331,Listen Lite,Home,445.75,4.3
1332,Respond Pro,Beauty,474.81,1.9
1333,Born Lite,Home,330.18,1.4
1334,Room Plus,Beauty,480.5,3.4
1335,Game Max,Home,123.98,1.6
1336,Get Lite,Beauty,168.0,3.2
1337,Together Max,Sports,73.6,3.2
1338,Language Max,Toys,73.36,3.8
1339,Manager Max,Home,497.86,4.9
1340,Program Max,Sports,466.85,4.7
1341,Rate Lite,Electronics,280.88,4.8
1342,As Pro,Clothing,162.21,4.5
1343,Affect Pro,Toys,162.75,4.9
1344,Instead Plus,Books,224.29,4.7
1345,Much Lite,Clothing,390.66,1.4
1346,Idea Max,Electronics,382.41,3.4
1347,Baby Lite,Beauty,285.69,1.9
1348,Brother Max,Clothing,345.25,2.4
1349,Police Plus,Clothing,253.65,3.4
1350,Wall Lite,Clothing,426.8,3.0
1351,Lead Max,Clothing,100.66,1.1
1352,Particularly Pro,Books,475.35,1.9
1353,Capital Max,Toys,106.26,1.7
1354,Year Plus,Toys,310.44,3.8
1355,As Plus,Clothing,216.64,4.1
1356,Benefit Plus,Sports,159.88,3.4
1357,Military Pro,Beauty,59.11,2.8
1358,Without Pro,Clothing,261.76,2.6
1359,Receive Pro,Beauty,196.76,4.1
1360,Heavy Pro,Clothing,149.13,2.6
1361,Similar Lite,Toys,414.67,2.8
1362,Example Plus,Books,308.5,1.2
1363,Right Max,Home,415.8,2.8
1364,East Pro,Clothing,390.47,4.8
1365,Five Max,Home,209.71,2.8
1366,Market Max,Home,297.21,3.9
1367,Attorney Max,Home,49.64,2.3
1368,Create Max,Sports,367.96,1.4
1369,Receive Plus,Sports,184.66,3.1
1370,Enjoy Plus,Sports,396.58,3.0
1371,Travel Max,Home,277.42,1.2
1372,Best Max,Books,284.92,3.6
1373,Hotel Max,Clothing,435.07,1.7
1374,Fall Pro,Home,157.49,3.9
1375,Determine Plus,Books,315.09,1.5
1376,Per Max,Clothing,6.75,4.1
1377,Quickly Pro,Home,251.33,3.0
1378,Agency Pro,Beauty,441.94,2.0
1379,Condition Plus,Home,208.02,1.3
1380,Success Pro,Clothing,441.67,2.1
1381,Wonder Max,Electronics,96.5,1.2
1382,Life Lite,Electronics,76.96,1.1
1383,Conference Lite,Books,460.59,1.2
1384,Remain Plus,Clothing,84.86,2.1
1385,Require Max,Home,375.92,2.4
1386,While Pro,Electronics,385.41,2.3
1387,Hope Plus,Toys,38.5,2.7
1388,Growth Pro,Books,238.05,1.5
1389,Similar Lite,Books,265.89,3.1
1390,Compare Max,Beauty,33.8,3.3
1391,Will Pro,Home,363.42,3.4
1392,Reality Lite,Home,306.38,2.3
1393,Lay Lite,Clothing,309.07,3.0
1394,Behind Plus,Home,404.95,4.5
1395,Write Max,Sports,148.79,1.8
1396,Traditional Pro,Electronics,235.12,4.2
1397,Manager Max,Toys,309.58,2.7
1398,Participant Pro,Books,178.08,4.2
1399,Seven Max,Electronics,322.11,3.8
1400,Dream Lite,Toys,38.58,2.2
1401,Author Lite,Toys,8.03,3.7
1402,Dinner Lite,Home,363.58,3.5
1403,It Pro,Toys,91.94,2.3
1404,Think Lite,Sports,242.16,2.9
1405,Remember Pro,Sports,72.2,1.6
1406,Information Plus,Toys,270.8,2.3
1407,Dream Plus,Sports,32.73,3.1
1408,American Lite,Beauty,270.26,1.8
1409,Capital Lite,Toys,458.51,4.2
1410,Leg Pro,Clothing,143.83,1.1
1411,Office Plus,Sports,269.47,1.7
1412,Movie Plus,Clothing,299.62,4.5
1413,Paper Lite,Sports,429.62,3.8
1414,Yeah Lite,Home,47.96,4.5
1415,Over Lite,Home,415.58,2.2
1416,Study Lite,Clothing,60.55,4.1
1417,Movie Max,Electronics,224.67,1.1
1418,Thought Plus,Beauty,81.27,2.4
1419,Important Plus,Sports,437.57,2.2
1420,Exactly Lite,Clothing,385.89,1.4
1421,Learn Max,Clothing,363.66,2.8
1422,Pick Pro,Electronics,158.94,1.2
1423,Individual Pro,Books,236.1,1.2
1424,Only Lite,Electronics,290.89,2.2
1425,Your Max,Books,104.27,2.1
1426,Big Lite,Toys,223.35,1.5
1427,Decide Max,Clothing,140.45,1.1
1428,Teach Pro,Clothing,273.55,3.2
1429,Go Lite,Clothing,471.92,4.2
1430,Admit Max,Clothing,40.27,3.5
1431,Statement Lite,Beauty,224.61,1.5
1432,Event Plus,Sports,29.98,2.5
1433,Without Pro,Home,199.0,3.8
1434,Control Plus,Beauty,181.03,2.3
1435,National Max,Sports,380.41,4.2
1436,Evidence Pro,Toys,383.39,3.3
1437,Chair Pro,Toys,402.16,3.8
1438,Subject Pro,Home,158.64,3.6
1439,Man Plus,Home,119.69,1.9
1440,Skill Lite,Books,199.08,3.8
1441,Remain Lite,Toys,431.09,2.3
1442,Interest Plus,Electronics,37.36,1.5
1443,Economy Plus,Home,423.65,2.1
1444,Where Lite,Beauty,289.47,3.0
1445,Consider Plus,Toys,358.57,1.4
1446,Until Pro,Toys,154.55,2.8
1447,Item Plus,Clothing,312.33,3.2
1448,Treat Plus,Home,37.7,1.8
1449,Some Plus,Toys,490.2,3.3
1450,Pass Lite,Beauty,348.6,1.7
1451,Mention Pro,Sports,465.78,3.3
1452,She Plus,Electronics,298.12,2.9
1453,Identify Pro,Toys,225.38,2.2
1454,Congress Plus,Electronics,301.14,3.7
1455,Participant Plus,Books,249.68,3.6
1456,Address Pro,Clothing,409.43,4.5
1457,Later Pro,Toys,77.63,1.6
1458,Listen Lite,Home,309.71,2.8
1459,Bad Max,Sports,439.33,2.2
1460,Few Lite,Home,360.31,4.7
1461,Bar Pro,Beauty,9.02,4.9
1462,Although Plus,Toys,68.14,2.2
1463,Me Lite,Beauty,484.11,1.0
1464,Up Lite,Electronics,431.32,4.5
1465,Include Max,Home,352.6,2.6
1466,Less Lite,Sports,194.48,2.5
1467,Describe Max,Sports,90.84,1.6
1468,Here Plus,Toys,462.62,4.4
1469,Now Max,Books,498.74,3.7
1470,Tell Max,Electronics,40.51,1.1
1471,Thought Plus,Sports,221.18,5.0
1472,Seek Pro,Clothing,322.91,2.7
1473,Family Plus,Toys,349.22,4.7
1474,Toward Max,Home,257.16,3.2
1475,Price Plus,Home,180.88,1.7
1476,Table Pro,Beauty,251.59,3.9
1477,Born Lite,Home,463.65,3.3
1478,Front Pro,Electronics,286.23,3.8
1479,Statement Pro,Beauty,243.36,3.8
1480,Three Max,Sports,366.99,4.9
1481,Room Lite,Home,260.89,3.1
1482,Fly Pro,Clothing,238.86,4.0
1483,Serve Pro,Sports,318.68,4.2
1484,Chair Lite,Beauty,31.12,2.4
1485,Issue Pro,Home,229.75,4.6
1486,Grow Lite,Home,179.69,4.9
1487,Collection Lite,Books,87.92,3.8
1488,Model Lite,Sports,393.59,2.0
1489,President Plus,Beauty,88.69,1.2
1490,Race Lite,Toys,370.0,1.1
1491,Soon Plus,Electronics,67.78,1.3
1492,Difficult Lite,Books,70.61,2.1
1493,Need Lite,Electronics,372.01,3.4
1494,Catch Max,Sports,226.09,4.2
1495,Happen Lite,Toys,351.88,2.9
1496,His Pro,Books,492.12,4.9
1497,First Max,Toys,250.49,5.0
1498,Family Plus,Clothing,332.03,3.9
1499,Choose Max,Clothing,290.99,4.4
1500,Above Pro,Sports,135.88,4.3
1501,Moment Pro,Clothing,234.69,2.9
1502,Those Plus,Sports,474.38,4.7
1503,Major Max,Home,343.34,2.6
1504,Sport Lite,Clothing,267.57,2.7
1505,High Lite,Toys,227.17,3.7
1506,Decide Pro,Electronics,459.27,3.5
1507,Describe Plus,Beauty,459.43,4.4
1508,Experience Lite,Books,137.21,1.4
1509,Door Plus,Home,387.71,4.0
1510,Even Max,Beauty,172.02,3.8
1511,Sit Max,Books,276.07,3.7
1512,Population Pro,Electronics,208.57,3.1
1513,Yes Plus,Books,113.61,2.1
1514,Stand Max,Electronics,16.73,1.4
1515,Apply Max,Beauty,320.85,3.8
1516,However Pro,Electronics,428.94,1.5
1517,Total Max,Electronics,349.35,2.0
1518,Common Plus,Sports,468.41,3.6
1519,Hope Lite,Toys,216.36,4.6
1520,Still Lite,Books,85.17,1.3
1521,Close Pro,Home,197.35,5.0
1522,Risk Lite,Toys,136.01,2.8
1523,Style Plus,Clothing,307.1,1.7
1524,Season Plus,Electronics,76.22,4.1
1525,Much Max,Beauty,323.45,4.7
1526,Mouth Lite,Electronics,22.26,1.3
1527,First Lite,Toys,225.71,4.6
1528,Successful Max,Sports,321.97,4.7
1529,Baby Plus,Books,80.05,2.3
1530,Eat Plus,Beauty,6.83,3.8
1531,Time Plus,Home,220.85,4.4
1532,Seek Pro,Beauty,116.79,2.5
1533,Whom Plus,Electronics,285.79,4.7
1534,Question Lite,Books,342.51,2.6
1535,Like Pro,Books,269.64,4.8
1536,Professor Pro,Toys,232.52,4.1
1537,Bit Max,Clothing,279.47,4.9
1538,Personal Max,Books,349.46,4.6
1539,Edge Lite,Home,47.01,3.5
1540,Second Max,Clothing,22.67,1.1
1541,Rather Max,Home,197.44,4.2
1542,Treat Lite,Home,269.3,4.3
1543,Make Plus,Electronics,23.34,1.2
1544,Seek Pro,Home,63.5,4.2
1545,Detail Plus,Sports,435.75,3.1
1546,Trouble Max,Electronics,23.25,1.6
1547,Later Pro,Home,454.05,3.5
1548,Upon Max,Sports,326.15,1.1
1549,Sing Pro,Books,411.27,1.4
1550,Fact Max,Toys,297.57,4.3
1551,Wonder Pro,Electronics,251.09,4.2
1552,Condition Max,Electronics,403.2,2.7
1553,Billion Plus,Books,64.8,3.7
1554,Food Max,Books,419.03,4.2
1555,Answer Pro,Beauty,90.86,1.3
1556,Other Lite,Clothing,379.99,1.7
1557,Foreign Lite,Beauty,86.68,2.0
1558,Something Pro,Clothing,54.48,4.4
1559,Management Plus,Toys,83.09,4.5
1560,Father Pro,Electronics,8.58,4.7
1561,Claim Lite,Home,348.28,4.2
1562,Anyone Plus,Sports,67.81,1.6
1563,Well Lite,Beauty,227.96,2.0
1564,Week Max,Beauty,347.38,3.4
1565,While Plus,Beauty,475.4,3.5
1566,Significant Lite,Books,212.3,3.2
1567,South Max,Electronics,493.37,4.9
1568,Threat Lite,Toys,381.76,3.2
1569,Wide Max,Home,386.31,3.6
1570,Skin Lite,Electronics,100.89,4.2
1571,Parent Plus,Home,92.28,3.7
1572,Wonder Pro,Electronics,324.21,2.1
1573,Specific Plus,Books,170.48,4.2
1574,Hotel Plus,Electronics,56.69,1.2
1575,Happen Max,Clothing,393.82,2.9
1576,Computer Pro,Electronics,448.06,3.9
1577,Whatever Lite,Home,103.38,3.7
1578,Share Lite,Clothing,390.59,2.3
1579,If Pro,Clothing,370.19,4.5
1580,Eight Plus,Clothing,41.4,3.3
1581,Mean Pro,Home,76.75,4.7
1582,Increase Plus,Clothing,196.73,1.5
1583,The Max,Sports,182.5,2.1
1584,Some Lite,Clothing,20.89,3.3
1585,Part Lite,Clothing,60.0,2.9
1586,As Plus,Clothing,381.37,1.9
1587,Rule Lite,Beauty,82.61,4.2
1588,Foreign Max,Beauty,485.22,4.4
1589,Major Pro,Home,429.2,3.0
1590,Face Max,Beauty,239.38,2.9
1591,Simply Pro,Sports,216.91,4.5
1592,Small Max,Books,219.95,1.9
1593,Nice Max,Beauty,449.63,2.7
1594,Edge Pro,Electronics,495.68,3.9
1595,Democrat Pro,Home,267.91,2.9
1596,Ago Pro,Home,250.17,1.3
1597,Pretty Pro,Sports,367.23,4.8
1598,Require Max,Books,151.42,3.6
1599,Either Pro,Electronics,242.49,2.2
1600,Stuff Plus,Toys,287.34,3.3
1601,Of Plus,Home,387.06,4.5
1602,Boy Plus,Clothing,395.98,2.5
1603,Arm Plus,Sports,318.53,4.4
1604,Black Pro,Home,447.25,2.3
1605,Skill Pro,Books,215.82,2.1
1606,Respond Max,Toys,343.91,3.5
1607,Leader Lite,Sports,466.46,3.1
1608,Page Lite,Electronics,59.93,2.5
1609,Indicate Pro,Books,186.38,3.6
1610,No Pro,Beauty,356.12,1.8
1611,A Lite,Clothing,272.12,3.6
1612,From Max,Toys,373.78,1.9
1613,Skill Lite,Books,254.27,2.7
1614,Throw Pro,Electronics,189.54,2.8
1615,Hand Pro,Home,356.36,3.7
1616,Poor Lite,Home,312.37,4.2
1617,Recent Pro,Clothing,446.49,2.8
1618,Daughter Pro,Home,449.48,2.2
1619,Day Pro,Electronics,86.56,1.4
1620,Report Max,Home,79.5,1.8
1621,Someone Pro,Books,211.19,3.7
1622,Protect Max,Home,176.62,2.8
1623,Exactly Pro,Books,98.59,1.1
1624,Those Max,Toys,473.99,3.6
1625,Teacher Plus,Beauty,174.68,3.6
1626,Finally Lite,Home,298.71,3.8
1627,Away Plus,Home,155.52,1.5
1628,Question Lite,Clothing,395.69,1.9
1629,Four Lite,Books,386.03,1.2
1630,Particularly Lite,Books,230.68,1.7
1631,Become Max,Sports,269.98,1.7
1632,Either Max,Toys,355.52,4.6
1633,Center Max,Clothing,122.76,1.2
1634,Occur Lite,Beauty,67.6,2.0
1635,Into Max,Clothing,283.43,1.1
1636,Man Lite,Books,78.23,2.8
1637,Media Max,Beauty,154.27,4.7
1638,Camera Plus,Home,385.42,4.8
1639,Ready Lite,Clothing,7.13,4.0
1640,I Lite,Sports,354.2,2.9
1641,Explain Lite,Toys,490.44,3.3
1642,Man Max,Toys,284.79,4.6
1643,Employee Plus,Books,346.13,3.9
1644,World Pro,Clothing,340.61,1.5
1645,Assume Pro,Home,310.67,1.9
1646,Century Lite,Electronics,166.55,3.4
1647,Yes Max,Beauty,265.58,4.1
1648,Whether Lite,Clothing,16.16,3.2
1649,Represent Plus,Sports,337.42,1.3
1650,Activity Plus,Clothing,247.78,3.4
1651,Challenge Pro,Sports,183.73,1.6
1652,Another Plus,Books,196.13,1.0
1653,Evidence Lite,Books,157.5,2.8
1654,Choice Pro,Clothing,365.29,2.8
1655,Institution Plus,Toys,224.04,1.7
1656,Even Plus,Sports,448.73,1.6
1657,Water Pro,Clothing,107.85,2.9
1658,Particular Lite,Electronics,466.91,3.4
1659,Information Plus,Electronics,8.28,3.6
1660,Culture Lite,Home,91.57,2.8
1661,Factor Max,Clothing,97.07,2.5
1662,Meet Plus,Electronics,412.29,2.2
1663,Early Lite,Home,281.84,2.9
1664,Produce Pro,Toys,6.21,2.1
1665,Main Plus,Electronics,328.64,4.6
1666,Sport Plus,Clothing,248.48,3.8
1667,Maintain Max,Electronics,64.08,2.1
1668,Assume Pro,Beauty,374.05,3.3
1669,Alone Plus,Toys,132.67,3.7
1670,Modern Pro,Books,258.7,3.3
1671,Receive Lite,Clothing,292.92,1.6
1672,Rest Plus,Sports,72.07,1.7
1673,Describe Lite,Books,212.66,4.6
1674,Too Lite,Electronics,148.48,3.1
1675,Agree Pro,Beauty,100.94,3.5
1676,Prepare Pro,Beauty,377.55,3.2
1677,Network Lite,Toys,423.27,4.2
1678,Speak Lite,Sports,350.49,2.5
1679,Throughout Lite,Toys,76.14,1.5
1680,Range Lite,Books,390.51,2.6
1681,Share Max,Electronics,112.85,3.0
1682,Defense Max,Toys,449.04,3.5
1683,Message Pro,Home,232.94,1.3
1684,Thousand Max,Electronics,242.36,2.2
1685,Less Lite,Clothing,409.43,4.6
1686,Measure Lite,Clothing,356.4,1.1
1687,Organization Pro,Clothing,68.71,3.8
1688,Direction Max,Books,67.05,1.5
1689,Interesting Pro,Home,346.95,4.1
1690,What Pro,Electronics,388.47,4.0
1691,Improve Pro,Clothing,58.37,4.2
1692,Notice Pro,Home,63.87,2.0
1693,Direction Pro,Books,335.46,4.0
1694,Fact Pro,Beauty,106.67,4.6
1695,Democrat Max,Sports,179.01,1.4
1696,Bar Lite,Beauty,177.18,1.6
1697,Old Max,Beauty,287.27,1.4
1698,Determine Pro,Beauty,112.41,1.8
1699,Rest Lite,Clothing,451.32,3.1
1700,Begin Pro,Clothing,460.64,4.4
1701,Ago Plus,Books,350.58,1.7
1702,Score Pro,Clothing,418.2,4.9
1703,Month Plus,Clothing,259.55,2.6
1704,Defense Lite,Electronics,235.62,3.1
1705,Defense Plus,Toys,183.82,2.2
1706,Senior Pro,Electronics,167.42,1.5
1707,Eat Lite,Home,302.19,2.2
1708,Discover Plus,Clothing,279.19,2.2
1709,Heart Plus,Clothing,429.1,4.6
1710,Effort Plus,Sports,186.88,1.1
1711,Candidate Plus,Sports,57.06,2.8
1712,Meeting Pro,Electronics,75.97,2.6
1713,Best Pro,Sports,463.02,4.9
1714,The Pro,Books,487.73,2.4
1715,Billion Plus,Electronics,120.27,2.7
1716,Together Plus,Books,383.58,4.1
1717,Include Lite,Toys,395.8,3.6
1718,If Plus,Books,240.53,3.4
1719,Structure Plus,Home,258.15,1.6
1720,Fund Plus,Electronics,65.48,3.0
1721,Always Max,Sports,471.49,1.1
1722,Pattern Pro,Toys,38.77,3.7
1723,Figure Max,Home,304.27,2.3
1724,Form Lite,Beauty,313.5,4.0
1725,Town Plus,Toys,235.68,2.2
1726,Rock Plus,Home,254.87,3.2
1727,Top Pro,Toys,20.64,2.7
1728,Cultural Pro,Home,227.81,4.4
1729,Decide Plus,Home,22.81,1.7
1730,High Lite,Sports,86.25,2.7
1731,Indeed Lite,Sports,197.59,4.1
1732,Cold Plus,Sports,279.12,3.2
1733,Management Plus,Home,283.32,1.6
1734,Eight Pro,Home,135.38,3.4
1735,Data Plus,Beauty,339.86,4.1
1736,Fill Lite,Books,35.4,3.4
1737,Political Max,Toys,186.37,4.2
1738,Sing Pro,Toys,446.21,2.4
1739,Condition Pro,Home,175.85,2.4
1740,Major Lite,Electronics,332.31,2.0
1741,Cut Lite,Beauty,47.05,3.8
1742,Possible Lite,Electronics,172.11,1.1
1743,Later Lite,Electronics,233.15,4.5
1744,Goal Plus,Books,15.1,2.9
1745,Season Pro,Books,191.98,2.6
1746,Card Pro,Toys,246.74,3.8
1747,Sit Max,Books,250.88,4.2
1748,Agent Lite,Clothing,309.34,2.5
1749,Others Plus,Clothing,250.99,4.4
1750,Available Pro,Toys,425.92,1.9
1751,Fish Lite,Electronics,152.17,3.3
1752,Painting Max,Beauty,372.73,1.4
1753,Bill Pro,Beauty,171.73,1.3
1754,Both Plus,Home,108.82,4.2
1755,Blue Lite,Beauty,403.04,2.7
1756,Forward Lite,Clothing,210.09,2.0
1757,Stuff Plus,Sports,382.9,1.7
1758,Research Pro,Sports,353.15,4.5
1759,Population Plus,Clothing,332.1,4.3
1760,Baby Plus,Books,468.9,3.1
1761,Represent Plus,Beauty,364.67,1.2
1762,Just Max,Books,233.93,2.0
1763,Glass Lite,Toys,220.52,2.3
1764,Girl Pro,Sports,105.76,2.6
1765,Under Lite,Sports,84.49,3.7
1766,By Max,Home,123.05,1.6
1767,Environmental Pro,Clothing,399.54,2.2
1768,Case Plus,Beauty,495.69,2.7
1769,Son Pro,Clothing,83.88,1.5
1770,Or Lite,Toys,402.75,3.6
1771,Short Max,Sports,427.0,4.9
1772,Pick Plus,Toys,14.85,4.4
1773,Lose Pro,Books,302.79,4.5
1774,Station Plus,Books,337.48,4.5
1775,Figure Plus,Toys,363.5,1.6
1776,Executive Pro,Beauty,368.57,4.7
1777,Road Lite,Home,442.86,2.0
1778,Base Pro,Toys,404.31,2.3
1779,Single Plus,Toys,375.45,1.9
1780,Indeed Plus,Clothing,76.42,1.7
1781,Less Lite,Home,207.15,4.5
1782,Personal Pro,Home,269.07,3.8
1783,It Pro,Books,275.14,2.9
1784,She Max,Books,440.32,4.7
1785,Must Lite,Home,359.26,4.3
1786,They Pro,Sports,483.57,3.4
1787,Discuss Pro,Sports,459.14,3.7
1788,Field Lite,Beauty,195.42,3.6
1789,Describe Lite,Toys,344.2,3.1
1790,Card Max,Toys,223.99,1.0
1791,Would Plus,Books,153.94,4.7
1792,View Max,Books,109.14,4.6
1793,First Plus,Sports,162.01,4.2
1794,Need Plus,Toys,21.77,4.5
1795,Myself Plus,Home,369.79,4.7
1796,Soldier Lite,Sports,214.07,4.7
1797,Should Pro,Toys,84.37,2.0
1798,Pm Pro,Books,213.33,3.9
1799,Never Lite,Home,349.13,4.0
1800,Field Max,Sports,224.49,3.6
1801,Guy Pro,Home,104.04,2.2
1802,Wait Pro,Electronics,83.12,3.1
1803,Such Max,Toys,299.04,2.6
1804,Assume Lite,Home,241.79,3.9
1805,Eye Lite,Clothing,345.3,4.3
1806,Newspaper Lite,Clothing,46.78,2.5
1807,Work Plus,Home,472.65,4.5
1808,Into Max,Electronics,474.31,4.7
1809,Music Max,Electronics,487.19,1.8
1810,Expect Max,Electronics,203.51,2.7
1811,Above Lite,Clothing,49.09,2.5
1812,Mission Pro,Electronics,360.7,2.7
1813,Sure Plus,Toys,338.44,1.5
1814,Design Max,Clothing,473.3,4.3
1815,Themselves Lite,Books,374.49,2.5
1816,Real Plus,Toys,107.27,1.9
1817,Computer Lite,Sports,340.21,2.7
1818,Issue Plus,Toys,77.24,2.2
1819,Difficult Lite,Clothing,310.75,4.6
1820,Performance Lite,Beauty,343.71,2.8
1821,Entire Pro,Home,70.94,2.3
1822,Painting Plus,Sports,110.05,2.5
1823,Early Plus,Sports,300.61,1.3
1824,Evidence Pro,Electronics,169.77,1.9
1825,Force Lite,Beauty,469.96,4.9
1826,Site Pro,Electronics,130.56,3.5
1827,Change Lite,Home,337.27,1.5
1828,Career Pro,Beauty,93.79,1.7
1829,Know Plus,Books,439.56,1.5
1830,Help Lite,Sports,267.56,1.6
1831,Word Pro,Books,26.86,1.5
1832,A Lite,Sports,183.49,2.7
1833,Building Lite,Beauty,415.65,4.7
1834,Where Lite,Home,446.87,2.3
1835,Enough Plus,Toys,475.28,3.2
1836,Seek Plus,Electronics,98.52,1.2
1837,Method Max,Electronics,237.77,1.7
1838,Even Plus,Home,62.43,4.6
1839,Approach Plus,Electronics,223.55,5.0
1840,Analysis Plus,Home,249.03,4.4
1841,Big Max,Electronics,178.05,1.8
1842,State Lite,Clothing,418.3,4.0
1843,Pattern Lite,Beauty,445.99,3.3
1844,My Pro,Beauty,384.59,1.7
1845,Challenge Pro,Clothing,385.29,3.7
1846,Late Lite,Electronics,145.72,4.9
1847,Himself Pro,Home,189.91,4.7
1848,Together Pro,Toys,165.15,1.1
1849,Professor Plus,Toys,355.31,2.9
1850,Trip Lite,Beauty,330.71,2.3
1851,Hear Pro,Sports,313.07,2.8
1852,Show Max,Clothing,432.32,4.2
1853,Technology Lite,Books,400.08,4.0
1854,Black Plus,Electronics,202.43,1.7
1855,Measure Plus,Electronics,15.15,1.8
1856,Size Plus,Toys,204.19,3.6
1857,Guess Max,Electronics,152.78,4.2
1858,Crime Lite,Sports,303.74,2.4
1859,Fine Pro,Toys,186.89,1.8
1860,Lot Plus,Home,240.84,3.3
1861,Table Plus,Electronics,379.46,4.2
1862,None Max,Home,317.19,1.4
1863,American Lite,Home,339.84,3.6
1864,So Max,Home,266.0,3.6
1865,Big Pro,Books,236.77,1.3
1866,Five Plus,Books,78.56,1.5
1867,Buy Lite,Toys,128.08,2.7
1868,Ability Pro,Beauty,42.88,1.2
1869,Perform Pro,Beauty,215.33,1.4
1870,Order Lite,Books,131.16,1.3
1871,System Pro,Electronics,371.56,2.9
1872,Mr Max,Toys,199.51,1.3
1873,World Lite,Books,295.67,2.8
1874,Citizen Plus,Beauty,404.88,2.4
1875,Well Max,Clothing,96.62,4.0
1876,Until Lite,Toys,338.34,2.7
1877,Current Pro,Electronics,200.49,1.1
1878,Within Plus,Home,347.44,4.5
1879,However Plus,Books,311.16,4.9
1880,Everything Lite,Sports,338.53,3.8
1881,Choice Plus,Toys,154.82,1.5
1882,Direction Pro,Clothing,60.4,1.1
1883,Memory Max,Toys,18.27,2.9
1884,Parent Max,Sports,124.68,4.4
1885,Physical Max,Electronics,153.95,2.9
1886,Popular Plus,Home,15.8,1.7
1887,Movement Max,Sports,352.79,4.9
1888,Successful Plus,Electronics,430.6,3.3
1889,Affect Max,Books,286.87,4.3
1890,Service Pro,Books,8.9,3.5
1891,Foot Plus,Home,425.07,3.9
1892,Well Lite,Electronics,246.31,2.9
1893,Whether Plus,Clothing,358.57,3.1
1894,Someone Plus,Beauty,161.35,1.3
1895,Defense Plus,Home,62.89,3.5
1896,Compare Lite,Home,350.27,1.1
1897,Usually Lite,Sports,100.14,2.4
1898,Hope Max,Beauty,113.75,4.6
1899,Itself Lite,Beauty,427.46,3.9
1900,Expert Plus,Clothing,442.17,3.9
1901,Space Plus,Home,417.37,3.7
1902,Else Lite,Toys,238.8,4.9
1903,Mother Max,Beauty,107.57,3.8
1904,Group Pro,Sports,244.03,1.7
1905,Reduce Max,Beauty,248.63,4.2
1906,Best Plus,Books,121.19,3.2
1907,Court Pro,Books,441.05,2.4
1908,Billion Max,Clothing,414.83,4.6
1909,Might Pro,Toys,36.51,2.7
1910,Thank Max,Electronics,283.18,2.9
1911,Sport Lite,Toys,180.84,1.2
1912,To Lite,Clothing,427.44,4.5
1913,Sense Pro,Sports,29.96,4.8
1914,Wrong Plus,Toys,379.1,4.9
1915,Total Pro,Toys,283.42,3.0
1916,Blood Max,Sports,63.44,1.8
1917,Whole Lite,Clothing,365.53,3.8
1918,Win Plus,Sports,435.89,1.6
1919,Respond Lite,Books,410.48,1.5
1920,Remember Max,Home,484.97,4.1
1921,Cover Pro,Clothing,418.23,2.9
1922,Employee Lite,Beauty,89.77,2.1
1923,Less Plus,Books,316.57,2.0
1924,You Plus,Toys,117.95,4.2
1925,At Plus,Home,449.54,4.8
1926,Off Lite,Electronics,224.08,4.1
1927,Actually Pro,Electronics,172.46,2.6
1928,Stay Max,Home,35.43,4.0
1929,Compare Max,Beauty,33.62,3.5
1930,Institution Lite,Home,203.99,3.7
1931,Assume Lite,Sports,372.64,4.6
1932,Stay Pro,Toys,143.49,3.1
1933,Main Max,Sports,204.95,3.6
1934,Partner Plus,Sports,175.9,4.2
1935,Of Plus,Toys,102.66,2.2
1936,Form Pro,Beauty,170.57,3.9
1937,Morning Max,Beauty,496.0,2.1
1938,Ready Pro,Beauty,278.13,3.1
1939,Interview Max,Electronics,18.81,4.2
1940,Center Lite,Clothing,416.95,2.2
1941,And Plus,Beauty,59.67,1.2
1942,State Lite,Books,315.36,2.4
1943,Red Pro,Toys,327.23,1.5
1944,Series Lite,Beauty,369.75,2.8
1945,Nothing Max,Toys,374.15,3.3
1946,Agree Max,Books,153.1,3.7
1947,Every Max,Sports,191.94,4.0
1948,Traditional Pro,Books,260.64,1.8
1949,Already Lite,Home,53.5,3.8
1950,Across Plus,Electronics,50.66,2.7
1951,Crime Max,Home,111.32,1.3
1952,Again Plus,Beauty,281.69,4.1
1953,Imagine Lite,Beauty,251.92,2.7
1954,Term Plus,Sports,465.86,3.0
1955,Boy Plus,Toys,85.61,3.0
1956,Health Plus,Sports,231.57,4.9
1957,Director Pro,Sports,110.26,2.9
1958,Country Max,Beauty,187.82,4.8
1959,Five Plus,Electronics,64.83,3.3
1960,Local Pro,Beauty,80.89,2.5
1961,This Lite,Books,150.52,1.1
1962,Standard Max,Clothing,392.98,2.7
1963,Focus Lite,Books,111.71,4.3
1964,Writer Plus,Electronics,65.55,2.4
1965,Data Pro,Home,243.18,2.2
1966,Ability Plus,Books,391.77,2.9
1967,Series Max,Toys,73.57,3.5
1968,Save Plus,Sports,227.29,4.5
1969,Air Lite,Electronics,400.91,3.7
1970,Some Plus,Home,120.25,2.6
1971,Arm Pro,Sports,445.57,3.9
1972,Mrs Pro,Toys,86.98,1.1
1973,Board Lite,Beauty,324.35,3.6
1974,Prevent Pro,Clothing,477.81,3.2
1975,Decade Pro,Beauty,263.27,4.0
1976,Baby Pro,Electronics,330.84,3.1
1977,Theory Pro,Books,394.44,2.0
1978,Group Plus,Electronics,404.43,3.4
1979,Attack Plus,Beauty,27.27,4.4
1980,Good Pro,Books,221.32,2.7
1981,Sense Lite,Home,132.3,1.5
1982,Herself Pro,Beauty,88.24,1.6
1983,Marriage Lite,Toys,49.37,2.2
1984,Successful Plus,Sports,88.75,3.5
1985,Run Lite,Clothing,18.45,1.2
1986,Official Plus,Electronics,163.42,2.7
1987,Itself Lite,Books,190.88,4.3
1988,Good Pro,Electronics,105.27,4.0
1989,Agent Max,Home,256.77,3.0
1990,Size Pro,Books,35.01,2.9
1991,Voice Plus,Electronics,244.66,2.6
1992,Night Max,Electronics,138.23,4.9
1993,Later Pro,Clothing,382.67,3.6
1994,Give Max,Books,286.28,2.8
1995,Join Max,Toys,484.12,2.5
1996,Fire Max,Toys,126.35,4.8
1997,Sense Plus,Electronics,5.5,2.9
1998,Four Lite,Sports,486.18,1.0
1999,Until Plus,Books,300.94,4.4
2000,Red Plus,Books,422.01,1.9
2001,Continue Lite,Electronics,84.9,3.1
2002,Itself Pro,Books,49.41,3.8
2003,Government Max,Sports,280.46,2.1
2004,Treat Plus,Clothing,307.17,4.8
2005,Away Lite,Sports,472.98,3.5
2006,Build Plus,Books,126.73,4.9
2007,Get Lite,Clothing,232.6,3.4
2008,Investment Pro,Sports,71.19,4.7
2009,Table Plus,Electronics,451.22,3.7
2010,Safe Plus,Beauty,448.16,3.8
2011,Television Plus,Beauty,45.17,4.5
2012,Tonight Pro,Beauty,20.32,4.3
2013,Professor Plus,Sports,66.09,4.9
2014,Student Plus,Toys,302.65,2.5
2015,Sister Pro,Electronics,234.03,4.7
2016,Forward Plus,Electronics,114.65,1.1
2017,Control Lite,Sports,461.09,2.4
2018,Recent Pro,Toys,308.65,2.2
2019,Consumer Max,Clothing,490.16,4.9
2020,Age Pro,Books,248.95,3.8
2021,Big Max,Electronics,102.06,4.3
2022,Interview Plus,Electronics,435.61,3.3
2023,Team Plus,Clothing,278.13,3.6
2024,Help Max,Electronics,296.14,4.0
2025,Health Max,Books,467.11,4.4
2026,Policy Lite,Clothing,424.6,1.1
2027,Energy Lite,Sports,282.26,2.8
2028,Window Plus,Sports,338.18,3.6
2029,Also Lite,Home,422.95,2.6
2030,After Pro,Sports,261.56,3.0
2031,Else Pro,Sports,116.15,2.1
2032,Table Plus,Beauty,227.19,1.0
2033,Learn Max,Books,45.5,3.3
2034,Store Pro,Sports,116.69,3.8
2035,Discussion Pro,Clothing,102.45,2.3
2036,Could Pro,Sports,314.52,1.1
2037,Network Plus,Toys,16.89,4.2
2038,Cut Lite,Toys,128.95,1.4
2039,Policy Max,Books,417.1,4.3
2040,Manager Max,Electronics,389.0,3.5
2041,Truth Pro,Sports,226.0,1.5
2042,Focus Pro,Electronics,191.81,4.6
2043,Door Pro,Toys,68.13,4.7
2044,On Plus,Electronics,154.23,3.5
2045,Religious Pro,Electronics,340.39,3.2
2046,Carry Lite,Toys,193.82,1.4
2047,Let Plus,Clothing,432.97,4.1
2048,Level Pro,Home,195.04,4.2
2049,Green Pro,Books,327.21,3.7
2050,Arm Pro,Home,261.02,3.4
2051,Sell Pro,Electronics,11.08,3.9
2052,Spring Max,Beauty,67.36,3.0
2053,Run Lite,Home,243.29,3.5
2054,Research Max,Clothing,73.15,1.2
2055,Girl Max,Books,294.34,3.1
2056,Full Lite,Books,293.91,3.2
2057,See Max,Clothing,237.41,3.4
2058,Story Lite,Books,485.28,3.1
2059,Value Max,Electronics,122.51,4.3
2060,Leader Pro,Home,175.19,4.9
2061,Man Max,Toys,38.86,1.8
2062,Student Plus,Sports,347.46,2.9
2063,Season Lite,Toys,291.31,4.9
2064,May Lite,Home,167.67,1.4
2065,Market Pro,Home,113.61,1.0
2066,Fire Max,Sports,118.99,3.5
2067,Republican Max,Home,368.62,4.8
2068,Camera Lite,Toys,371.34,1.8
2069,Could Max,Toys,494.99,2.5
2070,Not Pro,Books,19.86,1.5
2071,Second Lite,Home,101.23,3.3
2072,Bad Lite,Electronics,487.78,1.8
2073,Firm Lite,Clothing,113.38,2.0
2074,Human Max,Books,424.53,2.0
2075,Run Max,Electronics,92.16,2.0
2076,Necessary Pro,Electronics,416.57,1.5
2077,Past Pro,Books,468.38,2.2
2078,Street Max,Books,405.7,3.6
2079,Off Plus,Sports,37.36,1.6
2080,Organization Max,Toys,98.87,3.1
2081,Hear Lite,Books,301.78,4.9
2082,Great Max,Electronics,382.73,3.3
2083,Conference Lite,Toys,78.54,2.0
2084,Name Lite,Toys,67.6,3.0
2085,North Plus,Clothing,365.01,4.1
2086,Order Pro,Clothing,256.76,4.0
2087,Need Lite,Home,261.85,1.7
2088,Not Lite,Beauty,348.78,3.9
2089,North Plus,Home,137.83,2.6
2090,Always Pro,Clothing,113.67,1.8
2091,Front Max,Home,113.2,2.7
2092,Majority Plus,Beauty,82.82,4.4
2093,Represent Lite,Beauty,46.96,4.0
2094,Lose Lite,Home,261.82,1.9
2095,Beyond Pro,Home,258.57,2.3
2096,Shoulder Plus,Home,219.09,2.5
2097,Type Plus,Books,140.14,1.1
2098,Wonder Plus,Clothing,136.48,1.3
2099,Open Pro,Books,422.09,3.1
2100,Story Pro,Toys,141.83,1.9
2101,Cold Pro,Electronics,183.32,3.2
2102,Actually Lite,Clothing,339.18,2.0
2103,Become Lite,Clothing,354.29,5.0
2104,Speech Lite,Electronics,386.19,2.1
2105,Each Lite,Toys,498.44,4.8
2106,Site Pro,Home,328.78,5.0
2107,Across Max,Toys,201.77,1.9
2108,Kitchen Max,Home,120.69,3.3
2109,White Plus,Sports,408.13,2.4
2110,Dog Pro,Books,423.67,2.7
2111,Thus Plus,Clothing,222.15,4.4
2112,News Pro,Books,73.78,4.5
2113,Ever Lite,Sports,9.79,4.2
2114,Sing Lite,Books,116.62,2.7
2115,For Plus,Toys,390.43,3.2
2116,According Lite,Beauty,16.5,4.1
2117,Poor Max,Clothing,488.74,5.0
2118,Image Plus,Home,106.08,2.6
2119,Church Plus,Clothing,240.01,2.3
2120,Guy Plus,Sports,447.9,1.4
2121,Price Pro,Sports,278.69,1.1
2122,Argue Plus,Electronics,97.41,1.3
2123,Parent Plus,Books,106.92,2.2
2124,Church Pro,Home,33.44,3.1
2125,Arm Max,Books,430.56,2.6
2126,Building Max,Electronics,68.92,2.7
2127,Little Pro,Home,477.77,4.5
2128,Give Max,Toys,106.81,2.7
2129,Drive Plus,Clothing,303.84,4.8
2130,Rather Max,Beauty,359.8,2.8
2131,Follow Max,Electronics,495.59,2.8
2132,Blue Plus,Beauty,404.75,3.1
2133,Boy Plus,Home,234.03,1.2
2134,Find Pro,Books,324.92,4.7
2135,Child Lite,Sports,422.11,4.2
2136,Brother Plus,Beauty,412.6,4.4
2137,Oil Plus,Clothing,93.89,3.5
2138,Concern Plus,Home,195.41,3.6
2139,Cold Pro,Home,350.83,1.2
2140,Poor Max,Books,441.87,3.2
2141,National Pro,Sports,364.64,4.6
2142,Will Plus,Home,496.23,3.2
2143,American Lite,Electronics,378.92,3.0
2144,Where Lite,Home,228.21,2.0
2145,Research Pro,Home,18.23,3.6
2146,Example Plus,Home,175.11,2.6
2147,Toward Max,Home,23.7,2.0
2148,Possible Max,Books,336.8,2.9
2149,Whatever Plus,Electronics,45.86,3.6
2150,Raise Plus,Clothing,238.04,2.1
2151,Science Max,Clothing,420.06,3.4
2152,Individual Max,Books,66.45,4.0
2153,Ball Max,Electronics,337.34,1.0
2154,Win Lite,Clothing,223.13,1.7
2155,Maintain Pro,Sports,268.49,2.8
2156,Believe Pro,Toys,319.22,3.1
2157,Spring Pro,Home,346.72,2.8
2158,Effect Pro,Electronics,387.34,4.1
2159,Shake Max,Books,454.83,1.8
2160,Single Pro,Home,18.83,1.1
2161,But Max,Sports,336.13,1.9
2162,Actually Pro,Toys,418.52,3.7
2163,Physical Max,Electronics,210.76,1.4
2164,Itself Lite,Books,283.22,1.8
2165,Begin Max,Beauty,200.56,2.7
2166,Court Max,Clothing,57.41,2.3
2167,Step Pro,Home,328.73,1.0
2168,Senior Max,Home,113.95,3.6
2169,Find Lite,Sports,313.84,1.2
2170,Movie Max,Home,154.26,3.4
2171,Possible Pro,Sports,270.41,5.0
2172,Positive Max,Books,479.72,3.4
2173,Include Plus,Sports,462.65,4.1
2174,Find Max,Books,91.79,4.0
2175,Build Lite,Toys,334.85,1.3
2176,Personal Pro,Beauty,456.49,2.8
2177,National Max,Beauty,295.8,5.0
2178,By Max,Electronics,310.09,4.6
2179,Heavy Lite,Clothing,370.27,4.0
2180,Hundred Pro,Electronics,73.09,3.0
2181,Feeling Max,Clothing,191.0,3.6
2182,Respond Max,Sports,301.05,4.8
2183,Kitchen Lite,Clothing,142.67,3.6
2184,Contain Pro,Beauty,396.93,2.7
2185,Campaign Lite,Toys,16.73,4.4
2186,Tend Lite,Books,124.91,3.2
2187,Stuff Max,Toys,345.24,3.9
2188,Science Plus,Beauty,164.21,2.8
2189,Human Pro,Electronics,435.58,1.3
2190,Half Max,Electronics,319.01,1.6
2191,Start Max,Clothing,50.42,3.4
2192,Wind Max,Clothing,256.18,2.7
2193,Be Plus,Books,86.26,1.8
2194,Government Plus,Clothing,304.9,2.2
2195,Despite Plus,Sports,104.69,4.4
2196,Sort Plus,Electronics,475.75,2.4
2197,Control Plus,Clothing,238.0,2.7
2198,Democratic Plus,Toys,82.16,4.8
2199,Senior Plus,Electronics,382.16,2.7
2200,Culture Pro,Toys,453.7,2.2
2201,Station Max,Beauty,364.69,2.0
2202,Know Plus,Books,229.53,2.5
2203,Which Plus,Electronics,169.95,3.9
2204,Control Max,Clothing,458.49,1.0
2205,Prove Lite,Home,205.25,2.7
2206,Specific Plus,Sports,189.71,3.0
2207,Parent Pro,Home,443.07,5.0
2208,Picture Pro,Home,466.4,1.6
2209,Call Plus,Books,386.78,4.0
2210,News Lite,Beauty,356.02,3.5
2211,Far Lite,Sports,33.56,2.5
2212,Project Plus,Sports,127.16,2.9
2213,Final Lite,Sports,354.75,1.1
2214,Produce Max,Books,304.69,4.8
2215,Put Max,Books,127.47,3.3
2216,Same Max,Electronics,62.78,1.4
2217,Everything Plus,Home,354.5,4.9
2218,Page Pro,Beauty,455.42,4.5
2219,High Max,Toys,216.3,3.8
2220,Area Plus,Beauty,157.45,2.6
2221,Water Pro,Electronics,319.91,4.1
2222,Although Lite,Toys,75.64,4.0
2223,Must Plus,Sports,157.51,4.9
2224,Movement Plus,Electronics,52.95,4.1
2225,And Plus,Beauty,211.34,2.2
2226,Apply Plus,Clothing,92.32,1.7
2227,Public Max,Clothing,245.8,3.0
2228,Call Pro,Home,285.71,1.9
2229,Traditional Max,Electronics,376.21,4.2
2230,On Max,Books,491.56,4.5
2231,Require Plus,Sports,456.92,1.4
2232,Condition Max,Electronics,150.1,2.5
2233,Close Lite,Electronics,174.37,3.3
2234,Himself Plus,Home,338.04,1.4
2235,Must Pro,Books,377.14,1.0
2236,Activity Pro,Electronics,109.48,4.2
2237,Cultural Plus,Beauty,262.44,4.8
2238,Church Lite,Home,239.25,2.3
2239,Risk Plus,Books,188.54,4.6
2240,Could Lite,Toys,123.6,2.4
2241,Business Plus,Home,307.35,4.9
2242,Person Lite,Toys,54.59,2.8
2243,Painting Plus,Sports,418.53,4.7
2244,Scientist Pro,Beauty,65.83,3.1
2245,Past Max,Books,228.7,3.7
2246,Child Plus,Beauty,209.5,1.8
2247,Respond Lite,Electronics,318.72,4.5
2248,Amount Lite,Sports,224.93,3.4
2249,Health Plus,Sports,308.23,1.3
2250,Write Plus,Home,493.5,4.4
2251,Open Pro,Sports,195.5,3.4
2252,Mouth Max,Toys,262.43,3.3
2253,Phone Pro,Clothing,251.47,1.3
2254,Employee Plus,Clothing,448.72,4.8
2255,Fish Plus,Sports,272.63,2.0
2256,Force Max,Toys,472.38,3.8
2257,Direction Pro,Home,496.71,1.1
2258,Rather Lite,Home,384.32,1.9
2259,Choice Lite,Sports,240.77,4.6
2260,Thought Pro,Sports,72.2,3.1
2261,Face Plus,Electronics,398.79,2.3
2262,Above Max,Beauty,384.34,3.4
2263,Growth Lite,Home,455.53,4.0
2264,His Plus,Sports,322.84,3.2
2265,Degree Plus,Toys,120.52,2.0
2266,Garden Lite,Electronics,60.13,2.4
2267,Trade Max,Sports,471.29,3.3
2268,Ahead Max,Toys,160.12,2.5
2269,My Pro,Books,35.63,3.1
2270,Generation Plus,Home,163.22,2.5
2271,Mrs Max,Beauty,333.55,3.4
2272,Owner Pro,Home,9.55,4.4
2273,Woman Lite,Clothing,408.99,2.2
2274,Because Max,Home,341.59,1.6
2275,Authority Lite,Clothing,374.79,4.4
2276,Serious Pro,Beauty,163.47,3.0
2277,History Pro,Books,498.44,3.8
2278,Leg Plus,Sports,415.2,3.0
2279,Base Plus,Electronics,490.67,2.3
2280,Page Max,Toys,367.67,4.2
2281,None Pro,Toys,389.14,4.4
2282,Debate Plus,Books,492.27,3.6
2283,Feel Max,Electronics,276.23,2.3
2284,Happy Plus,Books,380.07,2.6
2285,President Lite,Books,349.71,1.8
2286,Appear Plus,Electronics,69.8,4.0
2287,Shake Pro,Toys,467.61,2.2
2288,Enough Max,Beauty,73.09,3.8
2289,Line Lite,Clothing,108.83,4.2
2290,Remain Max,Sports,327.36,2.4
2291,Threat Pro,Sports,393.82,4.4
2292,Sign Plus,Home,341.33,1.7
2293,Interview Pro,Electronics,181.01,2.9
2294,Hotel Pro,Electronics,490.24,3.6
2295,Quickly Plus,Clothing,315.35,2.6
2296,Enough Pro,Electronics,124.22,3.0
2297,Might Max,Sports,373.87,4.1
2298,Financial Pro,Toys,234.52,4.3
2299,Design Plus,Books,318.01,2.8
2300,Conference Pro,Electronics,62.73,1.5
2301,Difficult Max,Electronics,295.49,4.9
2302,Want Plus,Books,348.39,1.4
2303,Soon Max,Home,244.67,3.6
2304,Left Plus,Books,287.85,1.4
2305,Sign Pro,Sports,454.9,4.2
2306,Return Max,Home,407.37,1.1
2307,Social Plus,Electronics,261.86,3.3
2308,Goal Pro,Toys,377.73,4.9
2309,Worker Pro,Clothing,431.69,3.8
2310,Ground Pro,Beauty,226.38,2.3
2311,Lot Pro,Clothing,289.67,3.6
2312,Away Pro,Beauty,132.1,4.0
2313,Begin Pro,Electronics,255.54,2.5
2314,Wall Max,Home,488.67,3.6
2315,Each Max,Books,27.85,4.8
2316,Pull Lite,Sports,269.38,1.6
2317,Enjoy Plus,Sports,159.9,4.6
2318,Keep Lite,Beauty,271.41,1.8
2319,Thousand Pro,Sports,410.78,1.9
2320,Alone Max,Clothing,153.36,4.3
2321,Whose Max,Beauty,278.27,3.4
2322,Life Lite,Clothing,365.91,2.7
2323,Store Lite,Books,193.98,4.6
2324,Everyone Plus,Home,46.21,2.0
2325,Watch Plus,Sports,75.91,1.8
2326,Role Lite,Sports,349.92,1.8
2327,Must Lite,Beauty,330.37,4.3
2328,Response Max,Home,411.68,2.3
2329,Either Plus,Home,17.83,3.4
2330,Republican Pro,Books,66.69,1.4
2331,Window Plus,Electronics,168.03,1.4
2332,Let Lite,Toys,140.26,4.5
2333,Never Max,Books,9.88,2.5
2334,Hold Max,Home,476.13,4.1
2335,Foreign Pro,Clothing,265.61,4.5
2336,Cost Plus,Electronics,266.84,3.8
2337,Challenge Lite,Beauty,139.17,1.4
2338,Include Pro,Clothing,162.41,4.0
2339,And Max,Books,404.01,3.7
2340,Movie Plus,Home,298.19,2.0
2341,Executive Max,Sports,67.55,2.5
2342,Fear Lite,Electronics,459.63,3.6
2343,Student Lite,Sports,389.88,3.7
2344,Identify Plus,Sports,231.6,2.8
2345,School Lite,Toys,236.99,2.1
2346,Director Plus,Beauty,471.13,4.5
2347,Book Max,Books,319.64,1.3
2348,Tough Lite,Home,386.44,4.4
2349,Would Pro,Electronics,366.33,4.8
2350,Off Max,Beauty,33.42,4.0
2351,Economy Plus,Toys,437.8,4.8
2352,Difficult Plus,Sports,256.8,3.9
2353,Run Plus,Home,259.93,5.0
2354,Cup Pro,Home,11.88,1.8
2355,Do Pro,Sports,215.36,3.1
2356,Apply Lite,Clothing,497.14,3.6
2357,Inside Pro,Beauty,227.08,1.7
2358,See Max,Clothing,42.19,4.4
2359,More Lite,Electronics,214.25,2.5
2360,Make Lite,Electronics,172.29,3.7
2361,We Pro,Books,153.09,2.2
2362,Surface Max,Electronics,370.32,3.3
2363,Employee Max,Books,464.91,4.8
2364,Carry Pro,Home,446.78,4.4
2365,Girl Pro,Books,7.92,2.8
2366,Tough Lite,Books,58.05,2.4
2367,Goal Max,Home,180.49,1.4
2368,Truth Plus,Clothing,46.95,3.1
2369,Be Max,Home,66.3,2.9
2370,Executive Max,Toys,330.03,1.9
2371,Heavy Plus,Books,153.15,2.7
2372,There Max,Beauty,406.71,1.4
2373,Join Plus,Sports,420.48,1.6
2374,Well Lite,Sports,219.81,2.4
2375,Staff Max,Electronics,98.84,1.2
2376,Conference Plus,Home,373.24,4.6
2377,Fund Max,Sports,103.5,2.9
2378,Break Lite,Electronics,213.44,3.2
2379,Happy Max,Books,376.79,4.1
2380,Occur Plus,Beauty,364.37,4.0
2381,Production Plus,Clothing,59.32,1.4
2382,Election Pro,Clothing,81.99,3.0
2383,Difference Max,Electronics,340.76,2.4
2384,Agent Pro,Home,242.7,2.1
2385,Natural Pro,Toys,217.33,3.5
2386,Age Max,Clothing,144.16,1.5
2387,Adult Lite,Sports,127.44,4.3
2388,Response Max,Home,354.7,4.2
2389,Trade Max,Clothing,496.31,3.4
2390,If Max,Clothing,64.63,2.6
2391,Away Lite,Clothing,464.9,2.7
2392,Media Max,Electronics,432.85,2.5
2393,Which Lite,Sports,318.49,1.9
2394,Up Lite,Home,242.2,3.0
2395,Benefit Pro,Books,59.48,2.5
2396,Machine Lite,Sports,211.95,2.3
2397,Air Pro,Clothing,25.24,1.2
2398,Four Lite,Clothing,146.23,2.1
2399,Note Pro,Home,96.5,4.8
2400,View Lite,Books,155.66,1.4
2401,Personal Pro,Sports,278.13,4.4
2402,Light Lite,Books,371.94,2.4
2403,Member Lite,Clothing,326.87,1.8
2404,Project Plus,Electronics,444.16,1.5
2405,Month Pro,Electronics,295.35,4.6
2406,This Max,Clothing,353.81,4.7
2407,Note Pro,Beauty,311.41,2.2
2408,Force Plus,Toys,104.99,3.9
2409,Increase Pro,Clothing,99.89,3.2
2410,Nice Lite,Toys,427.45,4.6
2411,Medical Lite,Books,227.0,3.9
2412,Realize Plus,Electronics,244.0,3.1
2413,Available Pro,Clothing,301.58,3.8
2414,Page Max,Books,27.5,3.3
2415,Movement Max,Sports,408.19,3.0
2416,System Pro,Clothing,221.68,3.0
2417,Seven Plus,Home,305.57,1.8
2418,International Pro,Clothing,288.09,3.4
2419,Only Pro,Toys,258.83,3.0
2420,Maintain Lite,Books,426.98,2.2
2421,Figure Lite,Beauty,63.96,1.9
2422,Natural Max,Books,24.35,1.6
2423,Fact Lite,Clothing,138.87,4.2
2424,Little Max,Toys,108.94,1.5
2425,Same Lite,Sports,304.55,2.5
2426,Talk Pro,Sports,442.57,2.1
2427,Head Max,Home,449.68,2.2
2428,Girl Pro,Sports,408.88,4.3
2429,Peace Max,Sports,482.79,1.7
2430,Training Pro,Beauty,330.37,4.5
2431,Series Pro,Sports,374.16,2.5
2432,From Lite,Toys,314.98,3.4
2433,Culture Max,Toys,223.88,2.3
2434,Store Max,Beauty,316.75,4.4
2435,Business Plus,Clothing,225.8,3.9
2436,Young Plus,Books,78.43,2.9
2437,Population Plus,Clothing,232.4,4.3
2438,Entire Max,Clothing,286.98,4.8
2439,Agent Max,Sports,144.61,2.2
2440,Maintain Max,Toys,200.13,3.4
2441,One Pro,Clothing,40.66,2.0
2442,Own Plus,Electronics,363.53,1.5
2443,Five Pro,Beauty,54.37,2.5
2444,Box Pro,Toys,11.71,4.3
2445,Receive Pro,Clothing,127.93,1.3
2446,Study Max,Sports,301.82,4.2
2447,Have Pro,Toys,57.64,3.9
2448,Window Lite,Toys,355.19,1.8
2449,Try Plus,Toys,283.61,2.8
2450,Drive Max,Books,169.22,1.6
2451,Mission Pro,Beauty,347.56,3.5
2452,Blue Pro,Electronics,413.34,1.4
2453,Defense Lite,Electronics,258.21,4.3
2454,Kitchen Max,Electronics,456.52,1.1
2455,National Plus,Home,77.95,3.6
2456,Term Max,Sports,195.45,4.5
2457,Lot Pro,Home,88.93,1.4
2458,Say Pro,Books,181.87,3.5
2459,Through Pro,Books,462.04,4.7
2460,Speech Pro,Beauty,79.8,2.7
2461,Feeling Lite,Beauty,94.78,2.7
2462,Southern Lite,Beauty,409.69,2.4
2463,Me Pro,Books,458.54,3.6
2464,Surface Lite,Toys,453.96,4.2
2465,Serve Pro,Toys,466.88,1.6
2466,For Max,Books,78.15,2.8
2467,Next Plus,Toys,38.32,3.3
2468,War Lite,Clothing,49.77,5.0
2469,Development Max,Toys,195.58,2.3
2470,Listen Plus,Home,348.24,2.7
2471,Poor Lite,Clothing,402.06,3.6
2472,Thing Max,Home,212.24,3.0
2473,Television Plus,Beauty,270.43,1.9
2474,Join Pro,Beauty,358.89,3.1
2475,Present Max,Sports,48.19,2.4
2476,First Max,Toys,13.49,3.2
2477,Card Max,Electronics,34.49,2.4
2478,Gas Max,Books,232.89,4.3
2479,Main Plus,Clothing,109.31,1.9
2480,Serve Max,Electronics,481.22,3.8
2481,Else Plus,Sports,18.04,4.9
2482,Dream Lite,Electronics,352.19,3.7
2483,Research Pro,Home,419.53,4.5
2484,Imagine Pro,Clothing,185.8,1.3
2485,Main Pro,Electronics,286.75,4.3
2486,Within Max,Toys,95.3,4.0
2487,Simple Lite,Home,208.7,2.3
2488,While Pro,Books,60.08,1.2
2489,Themselves Pro,Beauty,376.81,3.0
2490,So Pro,Home,417.18,3.7
2491,Continue Plus,Beauty,357.15,2.0
2492,Often Lite,Sports,117.52,4.7
2493,Hold Lite,Electronics,263.14,4.9
2494,World Max,Sports,109.87,3.5
2495,Where Max,Home,95.93,4.0
2496,Third Pro,Toys,347.75,2.9
2497,Last Plus,Toys,193.33,1.2
2498,Put Lite,Sports,214.99,2.1
2499,Significant Pro,Electronics,184.54,4.1
2500,Case Lite,Electronics,123.57,1.7
2501,Various Pro,Electronics,109.9,1.0
2502,Country Lite,Clothing,278.09,3.6
2503,Turn Pro,Clothing,138.24,4.9
2504,Available Pro,Beauty,493.31,2.9
2505,Boy Pro,Books,51.14,2.2
2506,Can Lite,Toys,144.79,2.6
2507,One Max,Books,377.16,3.9
2508,Remember Max,Sports,338.97,2.3
2509,Save Pro,Beauty,404.71,1.6
2510,Here Plus,Home,295.25,4.4
2511,Else Lite,Clothing,80.01,2.9
2512,Senior Pro,Sports,119.63,1.9
2513,Interest Max,Toys,360.68,5.0
2514,Product Lite,Home,393.75,2.4
2515,Performance Lite,Beauty,428.7,2.7
2516,People Plus,Clothing,108.37,3.4
2517,Well Pro,Clothing,285.62,5.0
2518,Talk Pro,Toys,12.4,4.1
2519,Environment Lite,Beauty,434.43,4.2
2520,Style Pro,Home,51.59,2.3
2521,Behind Lite,Clothing,38.74,3.3
2522,Method Lite,Electronics,40.21,3.8
2523,Feeling Plus,Books,493.14,4.9
2524,Nearly Plus,Sports,462.46,4.8
2525,Somebody Plus,Electronics,184.92,2.1
2526,Eight Plus,Toys,311.74,3.7
2527,Nature Plus,Books,258.68,3.5
2528,Pass Lite,Books,46.33,2.7
2529,Image Plus,Books,439.32,5.0
2530,Drive Pro,Beauty,488.83,1.2
2531,Whole Max,Sports,411.51,1.0
2532,Clear Pro,Books,191.03,3.3
2533,Goal Pro,Clothing,197.17,2.8
2534,Water Pro,Books,235.61,3.6
2535,Her Plus,Electronics,47.48,3.9
2536,Maybe Plus,Toys,219.39,2.6
2537,Another Pro,Books,174.5,3.4
2538,Whatever Max,Sports,371.94,1.5
2539,Life Plus,Electronics,274.82,4.8
2540,Without Max,Sports,110.67,3.3
2541,Bar Plus,Electronics,468.55,2.4
2542,Military Plus,Home,110.64,1.8
2543,Full Pro,Toys,343.42,2.1
2544,Approach Max,Electronics,75.16,2.1
2545,Drug Pro,Books,437.52,2.8
2546,Parent Plus,Beauty,110.98,4.6
2547,Off Max,Toys,31.6,4.6
2548,Which Plus,Books,481.87,2.2
2549,Customer Max,Books,471.26,2.9
2550,Bad Max,Sports,221.21,4.7
2551,Fire Plus,Toys,9.92,4.1
2552,These Max,Electronics,362.75,3.3
2553,Loss Max,Books,333.71,4.3
2554,Set Lite,Electronics,79.5,2.8
2555,Stand Max,Home,432.83,1.5
2556,Mother Plus,Books,262.74,1.0
2557,Individual Plus,Toys,429.35,3.5
2558,Culture Pro,Electronics,113.22,4.9
2559,Sort Plus,Sports,275.31,1.7
2560,Fight Plus,Clothing,177.3,4.8
2561,Any Pro,Books,407.82,1.1
2562,Alone Lite,Beauty,410.43,1.5
2563,Citizen Plus,Sports,499.53,2.7
2564,Media Lite,Books,414.95,2.7
2565,Decade Lite,Electronics,463.54,2.8
2566,Message Lite,Clothing,278.61,1.7
2567,Blood Plus,Home,146.09,3.6
2568,High Plus,Sports,145.21,3.5
2569,Same Pro,Electronics,403.94,1.4
2570,Message Pro,Beauty,466.59,1.4
2571,Time Pro,Sports,224.83,3.3
2572,Gun Pro,Sports,148.5,2.7
2573,Meeting Max,Toys,230.04,2.5
2574,Policy Max,Toys,237.44,1.5
2575,Government Plus,Home,454.46,3.6
2576,Interest Plus,Electronics,470.11,4.1
2577,Nor Lite,Books,440.41,2.1
2578,Family Plus,Sports,124.57,4.6
2579,Leader Plus,Electronics,12.69,1.6
2580,Full Lite,Toys,409.27,4.3
2581,Start Lite,Books,89.35,3.3
2582,Wind Plus,Clothing,280.09,2.6
2583,Skin Plus,Toys,30.53,4.7
2584,Read Plus,Clothing,470.0,2.6
2585,Miss Max,Home,452.56,3.1
2586,Recognize Plus,Clothing,54.29,4.2
2587,Later Pro,Sports,290.58,2.6
2588,Method Lite,Toys,278.69,4.8
2589,Through Max,Electronics,51.17,2.7
2590,Stay Max,Electronics,310.96,3.2
2591,Something Pro,Beauty,194.29,4.0
2592,Stuff Max,Home,319.06,4.1
2593,Democratic Max,Clothing,328.0,1.9
2594,Build Max,Beauty,421.03,3.9
2595,Think Plus,Toys,133.94,1.2
2596,Stuff Pro,Clothing,315.58,3.6
2597,Physical Pro,Electronics,232.27,3.4
2598,Community Pro,Clothing,144.82,4.6
2599,Cold Pro,Electronics,249.65,2.4
2600,Represent Max,Home,54.83,4.2
2601,Carry Plus,Electronics,245.83,3.5
2602,Country Max,Sports,212.85,4.6
2603,Marriage Plus,Toys,84.75,2.2
2604,Skill Max,Sports,285.81,3.4
2605,Every Pro,Electronics,488.08,5.0
2606,Administration Plus,Beauty,302.0,1.0
2607,Affect Lite,Electronics,100.46,1.1
2608,Free Pro,Beauty,258.31,1.6
2609,Actually Lite,Electronics,449.79,1.1
2610,Article Max,Clothing,46.3,3.8
2611,Might Max,Books,140.46,1.8
2612,Lawyer Pro,Books,355.5,3.6
2613,Say Plus,Sports,405.46,2.7
2614,Near Plus,Clothing,128.8,1.8
2615,For Lite,Home,55.93,4.2
2616,House Lite,Clothing,398.08,4.8
2617,Gun Plus,Home,442.01,2.7
2618,Opportunity Lite,Toys,162.78,1.4
2619,Yet Plus,Home,103.86,2.4
2620,Study Pro,Home,87.79,1.1
2621,Type Lite,Beauty,207.86,3.4
2622,Play Lite,Home,19.82,1.7
2623,Indeed Lite,Home,396.49,2.4
2624,Human Pro,Clothing,330.19,2.5
2625,Color Lite,Electronics,9.77,3.8
2626,Value Lite,Clothing,235.36,4.2
2627,What Max,Beauty,37.79,2.1
2628,Since Max,Beauty,112.64,3.2
2629,Image Pro,Beauty,446.87,2.7
2630,Nearly Plus,Books,407.63,1.8
2631,Affect Pro,Toys,249.5,1.2
2632,Material Lite,Home,64.03,2.8
2633,Dinner Lite,Beauty,194.51,3.3
2634,Race Lite,Electronics,323.61,4.4
2635,Organization Pro,Home,145.76,4.4
2636,Strong Plus,Electronics,448.44,4.7
2637,Son Pro,Books,324.16,1.3
2638,Peace Pro,Toys,402.24,3.9
2639,Commercial Lite,Books,378.08,2.6
2640,Can Lite,Home,308.1,2.6
2641,Stock Plus,Home,425.09,4.9
2642,Civil Pro,Toys,190.08,3.5
2643,East Pro,Clothing,28.68,1.0
2644,Subject Pro,Books,431.39,3.9
2645,Site Max,Clothing,48.57,3.9
2646,Political Lite,Toys,451.93,5.0
2647,Change Pro,Books,442.24,1.2
2648,Whom Pro,Books,42.15,2.3
2649,Score Plus,Books,350.84,4.7
2650,Cultural Plus,Electronics,67.51,4.4
2651,Must Plus,Sports,226.16,1.5
2652,However Max,Beauty,241.57,3.0
2653,Lot Lite,Books,387.46,2.9
2654,Improve Pro,Books,384.27,3.8
2655,Coach Lite,Beauty,418.59,2.0
2656,Election Max,Sports,43.62,4.9
2657,Recently Pro,Clothing,11.5,1.9
2658,Research Plus,Clothing,246.38,2.4
2659,Single Lite,Toys,472.47,3.8
2660,Such Max,Toys,254.73,4.7
2661,Public Max,Books,195.86,2.8
2662,Memory Max,Toys,203.1,1.3
2663,Wish Plus,Clothing,344.7,4.8
2664,Thought Pro,Clothing,233.17,1.4
2665,Situation Pro,Clothing,13.21,2.8
2666,Event Lite,Electronics,240.74,3.1
2667,Medical Lite,Books,63.57,3.2
2668,Spend Lite,Home,109.97,2.6
2669,Impact Plus,Beauty,170.2,2.8
2670,Evening Lite,Electronics,29.32,2.5
2671,Some Plus,Clothing,150.53,2.6
2672,Goal Lite,Beauty,305.69,3.1
2673,Job Pro,Sports,29.69,2.0
2674,Arm Pro,Clothing,62.02,4.6
2675,Community Lite,Clothing,37.59,1.4
2676,Old Max,Beauty,351.26,2.6
2677,Finish Plus,Electronics,113.84,4.3
2678,Early Lite,Home,106.82,4.1
2679,Country Lite,Sports,147.56,3.4
2680,Process Pro,Electronics,96.61,4.6
2681,Democratic Plus,Sports,156.14,4.6
2682,Group Max,Clothing,160.98,1.3
2683,Picture Max,Books,450.44,1.6
2684,Into Pro,Sports,239.93,2.3
2685,Raise Max,Books,441.22,1.7
2686,Throw Pro,Beauty,179.31,2.9
2687,Whatever Pro,Home,437.24,2.9
2688,Skin Pro,Toys,13.61,3.7
2689,Election Lite,Toys,118.0,3.0
2690,Hour Max,Toys,51.49,2.2
2691,Central Lite,Home,247.88,2.4
2692,Audience Lite,Sports,245.81,2.5
2693,Senior Pro,Toys,179.55,3.8
2694,State Plus,Electronics,138.62,3.1
2695,Sometimes Pro,Clothing,489.43,4.4
2696,Owner Max,Books,251.43,2.0
2697,Hour Plus,Books,107.12,1.4
2698,Sort Plus,Sports,58.43,2.1
2699,Central Plus,Beauty,91.6,4.6
2700,Ten Lite,Books,198.56,2.7
2701,Since Lite,Books,99.33,3.3
2702,Indeed Lite,Toys,308.12,2.7
2703,Among Plus,Beauty,484.24,4.2
2704,Audience Lite,Electronics,484.89,3.0
2705,Candidate Max,Home,342.06,3.1
2706,Eye Lite,Beauty,281.28,1.7
2707,Serve Plus,Books,36.99,2.2
2708,Operation Plus,Electronics,112.58,4.3
2709,Will Pro,Electronics,246.74,1.0
2710,Yourself Lite,Sports,417.88,1.2
2711,Involve Max,Books,439.97,4.1
2712,Bag Max,Electronics,358.03,1.6
2713,Spend Max,Home,294.69,1.3
2714,Nice Max,Electronics,239.22,2.4
2715,Fall Plus,Home,202.56,4.6
2716,Least Lite,Books,300.53,1.7
2717,Gun Plus,Sports,438.59,4.2
2718,Speech Max,Sports,384.99,2.0
2719,Up Plus,Beauty,103.76,2.2
2720,Use Lite,Beauty,463.92,2.8
2721,Information Max,Home,392.29,4.3
2722,Require Pro,Clothing,265.65,3.8
2723,True Lite,Home,180.33,2.9
2724,Talk Plus,Home,18.7,3.2
2725,Feeling Plus,Electronics,379.15,3.5
2726,Among Lite,Toys,125.11,3.0
2727,Red Max,Beauty,273.92,3.3
2728,Around Lite,Electronics,378.89,2.6
2729,Sea Plus,Sports,7.95,4.2
2730,Trade Plus,Toys,31.9,1.2
2731,Agreement Pro,Books,299.2,4.3
2732,Direction Plus,Sports,169.0,1.2
2733,Thought Pro,Sports,106.51,1.6
2734,Plan Plus,Clothing,115.65,3.7
2735,State Max,Books,315.98,3.9
2736,Best Pro,Toys,245.05,3.8
2737,Those Pro,Electronics,5.02,3.4
2738,Type Pro,Beauty,52.95,1.8
2739,Order Plus,Electronics,417.2,2.8
2740,Young Pro,Electronics,153.46,2.9
2741,Act Max,Toys,121.29,4.4
2742,Go Lite,Toys,308.32,2.8
2743,Throw Pro,Home,77.39,1.1
2744,He Max,Toys,373.58,2.0
2745,Office Max,Home,242.83,2.2
2746,Baby Pro,Beauty,249.02,3.7
2747,Five Plus,Home,350.34,1.4
2748,Early Plus,Toys,215.29,1.1
2749,Cold Plus,Electronics,284.28,1.0
2750,Certain Lite,Electronics,324.33,4.6
2751,Then Plus,Electronics,454.51,2.4
2752,Month Max,Home,441.8,2.8
2753,Wish Pro,Clothing,182.09,4.4
2754,Six Max,Books,451.76,3.1
2755,Edge Pro,Clothing,329.68,2.4
2756,Can Lite,Home,359.02,4.1
2757,Vote Lite,Toys,382.49,2.2
2758,Maybe Plus,Electronics,458.5,3.6
2759,They Plus,Home,304.89,1.7
2760,Friend Lite,Clothing,350.4,3.4
2761,Involve Lite,Beauty,310.65,2.6
2762,Challenge Pro,Electronics,426.76,1.6
2763,Black Pro,Sports,57.58,4.7
2764,Him Plus,Books,381.16,4.9
2765,Significant Max,Electronics,450.4,1.7
2766,Among Plus,Toys,486.79,4.7
2767,Prepare Pro,Beauty,128.99,1.1
2768,Student Pro,Home,382.86,3.4
2769,Place Pro,Clothing,163.97,3.8
2770,Should Plus,Clothing,494.49,3.3
2771,Cause Max,Clothing,129.98,2.8
2772,Arrive Lite,Clothing,104.59,1.6
2773,Him Max,Electronics,293.14,3.5
2774,Know Pro,Clothing,21.45,1.6
2775,Boy Pro,Books,388.32,3.3
2776,Rate Pro,Books,96.73,3.9
2777,Of Plus,Clothing,417.04,3.3
2778,Approach Plus,Beauty,179.29,3.5
2779,From Max,Toys,38.24,2.7
2780,Already Plus,Toys,40.08,1.3
2781,Firm Lite,Electronics,63.37,1.9
2782,Air Lite,Electronics,115.89,4.8
2783,Song Lite,Home,353.12,1.3
2784,Without Max,Books,42.01,3.3
2785,Involve Lite,Home,311.23,3.2
2786,Report Pro,Beauty,238.13,4.7
2787,Catch Lite,Sports,19.84,2.4
2788,His Lite,Clothing,170.6,4.1
2789,Professional Max,Clothing,275.81,3.9
2790,Market Pro,Clothing,249.31,4.2
2791,Imagine Pro,Books,490.62,4.8
2792,Read Pro,Beauty,241.99,1.5
2793,Figure Pro,Electronics,22.62,3.0
2794,This Lite,Home,241.41,4.1
2795,High Max,Electronics,465.97,1.1
2796,Charge Max,Beauty,306.03,2.5
2797,Space Pro,Beauty,243.68,2.5
2798,Rock Plus,Sports,66.99,3.8
2799,Resource Max,Electronics,221.79,4.6
2800,Later Lite,Books,100.85,2.7
2801,Point Pro,Clothing,119.86,3.4
2802,Fill Max,Home,375.0,4.6
2803,Front Pro,Toys,12.37,3.9
2804,Mention Pro,Electronics,33.04,2.8
2805,Over Lite,Electronics,160.49,3.4
2806,Along Max,Books,69.21,2.6
2807,Effect Pro,Sports,43.02,2.0
2808,Information Max,Home,354.1,4.3
2809,Probably Max,Home,358.0,4.8
2810,Central Lite,Toys,328.55,3.1
2811,Century Lite,Books,350.4,3.0
2812,Son Pro,Books,450.71,3.8
2813,Black Plus,Books,43.83,4.6
2814,Set Max,Books,372.24,1.8
2815,Call Lite,Sports,409.11,1.6
2816,Now Max,Sports,222.94,4.1
2817,Player Pro,Electronics,251.96,1.1
2818,Husband Lite,Beauty,195.17,4.3
2819,Research Pro,Electronics,143.15,3.4
2820,Hit Plus,Electronics,432.07,2.5
2821,True Pro,Clothing,106.84,1.7
2822,Administration Plus,Beauty,30.87,2.2
2823,Voice Lite,Electronics,455.48,4.0
2824,Staff Lite,Toys,454.19,4.2
2825,Major Max,Toys,18.54,3.9
2826,Floor Plus,Toys,216.64,3.9
2827,Picture Pro,Toys,59.06,2.6
2828,In Lite,Toys,495.49,3.1
2829,Song Plus,Beauty,361.01,4.1
2830,Condition Lite,Clothing,480.35,2.9
2831,Low Max,Clothing,454.32,2.1
2832,Four Lite,Electronics,499.41,4.1
2833,How Lite,Books,287.69,1.2
2834,Such Lite,Books,138.03,2.0
2835,Order Pro,Electronics,156.91,3.6
2836,Those Lite,Toys,93.5,2.9
2837,Choice Plus,Electronics,235.89,4.9
2838,Benefit Plus,Sports,422.94,1.9
2839,Interesting Pro,Beauty,469.72,2.1
2840,Every Lite,Electronics,223.02,2.0
2841,Fear Lite,Books,435.18,1.5
2842,Back Max,Clothing,436.26,3.6
2843,A Max,Electronics,329.03,1.7
2844,Traditional Plus,Beauty,162.08,3.2
2845,Area Max,Electronics,476.09,5.0
2846,Teacher Lite,Electronics,340.8,4.4
2847,Standard Lite,Beauty,360.57,3.4
2848,Difficult Lite,Electronics,43.35,2.8
2849,Car Pro,Clothing,106.0,3.3
2850,Themselves Plus,Electronics,322.73,4.5
2851,Already Max,Electronics,166.64,4.2
2852,Hand Lite,Home,449.21,2.5
2853,Ten Lite,Beauty,20.42,2.5
2854,Student Lite,Clothing,456.38,1.1
2855,Model Max,Toys,159.99,3.9
2856,Reduce Lite,Clothing,192.53,3.3
2857,With Max,Home,382.49,3.6
2858,Entire Pro,Clothing,284.87,5.0
2859,Close Plus,Beauty,367.86,4.4
2860,Run Pro,Beauty,238.8,3.1
2861,Stuff Plus,Books,138.25,4.3
2862,Least Lite,Clothing,167.7,4.2
2863,Economy Lite,Clothing,230.63,4.0
2864,Television Pro,Sports,124.32,3.9
2865,Moment Plus,Books,44.45,3.2
2866,Energy Pro,Books,328.4,3.4
2867,Hard Plus,Toys,212.33,3.3
2868,Spend Max,Beauty,126.25,4.6
2869,Foreign Max,Beauty,133.84,2.1
2870,Each Lite,Electronics,45.35,2.7
2871,Administration Max,Beauty,249.63,4.5
2872,Third Max,Clothing,438.82,1.1
2873,Star Pro,Home,135.37,3.2
2874,Drug Plus,Sports,54.99,4.5
2875,Officer Plus,Electronics,346.57,5.0
2876,Put Max,Beauty,434.11,4.7
2877,Senior Plus,Books,68.09,3.8
2878,Music Max,Sports,150.23,2.3
2879,Know Lite,Beauty,306.33,1.4
2880,Stay Pro,Electronics,370.68,2.4
2881,Happy Plus,Home,317.26,4.0
2882,Always Plus,Books,380.04,3.8
2883,Specific Max,Sports,384.15,4.7
2884,Arm Pro,Clothing,448.32,3.4
2885,Risk Lite,Sports,326.46,2.5
2886,Group Plus,Clothing,256.79,3.4
2887,Cultural Pro,Clothing,152.19,2.4
2888,Military Plus,Books,164.79,2.3
2889,Rather Max,Clothing,25.76,4.8
2890,Ask Max,Home,261.97,3.3
2891,Discussion Lite,Electronics,176.94,1.7
2892,Year Lite,Books,245.88,1.9
2893,Maybe Max,Books,469.91,2.0
2894,Past Pro,Clothing,334.88,1.6
2895,Defense Max,Beauty,420.2,4.0
2896,Agree Pro,Beauty,451.76,4.8
2897,Mr Max,Electronics,246.74,4.3
2898,Along Lite,Clothing,144.51,4.8
2899,Other Plus,Sports,225.19,1.5
2900,Culture Plus,Books,459.41,3.9
2901,Wish Pro,Home,445.0,3.0
2902,Recognize Pro,Toys,72.72,2.1
2903,Meeting Pro,Books,402.8,4.0
2904,Me Max,Sports,41.8,1.6
2905,Soldier Lite,Books,229.46,3.9
2906,Continue Pro,Sports,345.53,4.6
2907,Agreement Pro,Home,54.72,3.8
2908,Kid Lite,Clothing,421.51,3.6
2909,Score Pro,Sports,315.51,2.0
2910,Trial Plus,Toys,471.87,3.7
2911,Purpose Lite,Home,79.96,4.3
2912,Ground Plus,Books,70.24,3.5
2913,Between Pro,Beauty,429.29,4.0
2914,For Pro,Home,38.29,3.2
2915,Card Max,Sports,93.17,2.7
2916,Want Lite,Beauty,193.24,3.3
2917,Usually Lite,Home,267.58,4.8
2918,Team Lite,Toys,119.79,2.2
2919,Benefit Plus,Home,399.39,2.6
2920,Fish Lite,Beauty,243.07,1.4
2921,Material Pro,Toys,383.15,2.7
2922,Apply Plus,Books,127.46,2.7
2923,Experience Max,Home,478.38,3.6
2924,Third Lite,Sports,202.05,1.5
2925,Far Plus,Toys,403.34,3.0
2926,Thus Plus,Sports,121.26,2.2
2927,Choose Max,Toys,392.5,1.2
2928,Whose Lite,Books,339.12,2.6
2929,Charge Plus,Home,202.35,4.6
2930,Wish Lite,Home,365.45,2.4
2931,Week Pro,Books,226.58,1.9
2932,Sure Max,Beauty,107.07,3.5
2933,Where Lite,Clothing,304.46,1.1
2934,Analysis Pro,Toys,192.7,4.1
2935,Gun Lite,Books,384.59,3.2
2936,Parent Pro,Beauty,109.18,3.1
2937,Late Max,Toys,270.17,4.4
2938,Out Max,Books,401.64,4.6
2939,Decide Lite,Home,111.73,3.9
2940,Environment Pro,Electronics,423.51,4.0
2941,Almost Pro,Beauty,201.98,2.9
2942,Take Max,Books,154.23,1.9
2943,More Max,Electronics,139.87,1.5
2944,High Plus,Sports,203.37,4.3
2945,Statement Lite,Toys,47.03,1.3
2946,But Plus,Electronics,12.3,4.3
2947,Read Max,Electronics,369.26,4.2
2948,Later Max,Toys,304.82,2.2
2949,Hour Lite,Home,258.62,1.1
2950,Myself Lite,Home,105.32,2.1
2951,Enough Plus,Home,149.16,1.4
2952,Give Plus,Beauty,142.89,2.1
2953,Performance Max,Home,13.52,3.0
2954,Early Plus,Books,382.54,3.9
2955,Whatever Plus,Clothing,291.05,1.1
2956,Rule Max,Home,188.06,3.3
2957,Color Lite,Books,76.17,3.5
2958,Eat Pro,Electronics,282.64,1.8
2959,Might Plus,Beauty,128.73,1.6
2960,Play Plus,Beauty,362.9,3.3
2961,Main Max,Electronics,384.87,2.0
2962,Always Lite,Sports,172.24,1.6
2963,Play Lite,Sports,284.83,2.6
2964,Opportunity Pro,Books,346.75,4.0
2965,Still Plus,Beauty,252.41,4.8
2966,Person Max,Books,233.38,2.9
2967,Garden Pro,Electronics,215.72,1.3
2968,Stock Max,Toys,11.74,3.1
2969,Enough Pro,Clothing,102.7,4.5
2970,Majority Pro,Electronics,443.32,3.0
2971,Available Plus,Clothing,375.75,3.2
2972,Manager Plus,Electronics,151.89,2.7
2973,Spring Lite,Sports,461.38,3.7
2974,Maintain Lite,Beauty,445.32,3.3
2975,Will Max,Clothing,148.65,3.7
2976,Might Lite,Beauty,304.24,2.9
2977,Produce Max,Books,463.9,3.9
2978,Organization Max,Clothing,264.57,4.3
2979,Federal Pro,Books,211.07,1.6
2980,Image Pro,Electronics,159.36,1.8
2981,Goal Pro,Beauty,232.0,1.4
2982,Seek Plus,Beauty,82.44,2.4
2983,Specific Max,Books,316.27,4.7
2984,Meet Lite,Books,411.27,4.5
2985,Water Lite,Books,314.13,2.6
2986,Ball Lite,Beauty,272.8,3.6
2987,Responsibility Pro,Beauty,80.45,3.9
2988,Business Lite,Clothing,135.15,1.4
2989,Environment Plus,Books,289.95,4.4
2990,Specific Lite,Toys,369.95,3.5
2991,Address Plus,Clothing,88.21,4.1
2992,Majority Max,Electronics,465.13,3.5
2993,It Max,Clothing,240.35,1.0
2994,Throughout Pro,Electronics,72.8,4.2
2995,Market Plus,Sports,238.49,2.2
2996,State Pro,Clothing,282.27,2.5
2997,Least Plus,Sports,239.87,2.2
2998,Perhaps Lite,Beauty,43.71,3.4
2999,Upon Max,Clothing,473.02,4.3
3000,Assume Max,Toys,221.44,2.8
3001,Single Lite,Sports,64.52,4.6
3002,Chair Lite,Clothing,17.52,2.5
3003,Agent Plus,Toys,336.67,3.9
3004,Change Max,Beauty,282.1,5.0
3005,Money Max,Home,190.23,4.7
3006,Radio Pro,Clothing,223.83,3.1
3007,Bed Pro,Beauty,158.64,1.4
3008,Possible Lite,Books,253.88,1.1
3009,Whom Lite,Electronics,325.37,3.6
3010,Including Plus,Electronics,497.89,3.8
3011,Paper Lite,Sports,33.33,3.3
3012,Eight Pro,Toys,360.42,2.9
3013,Agree Plus,Home,91.02,4.0
3014,Mission Pro,Electronics,187.92,3.5
3015,You Max,Sports,369.42,4.5
3016,Interview Max,Electronics,212.69,4.4
3017,Claim Pro,Home,320.55,1.2
3018,Officer Pro,Toys,274.32,4.9
3019,Strong Max,Sports,308.93,1.1
3020,Involve Lite,Sports,88.76,4.9
3021,Line Lite,Beauty,12.01,3.7
3022,Finish Plus,Toys,335.52,1.2
3023,Carry Max,Toys,381.84,1.6
3024,Daughter Lite,Electronics,90.43,1.2
3025,Say Max,Sports,255.21,1.7
3026,Difference Pro,Books,140.51,2.4
3027,Bed Lite,Home,286.25,3.8
3028,Plant Plus,Electronics,62.55,1.4
3029,Beyond Pro,Clothing,162.16,3.5
3030,House Pro,Toys,88.82,1.0
3031,Indeed Lite,Home,45.23,3.9
3032,Only Max,Books,419.47,3.6
3033,Establish Max,Sports,379.14,1.5
3034,Change Pro,Home,354.43,1.7
3035,Base Max,Beauty,161.19,1.9
3036,Different Max,Books,442.37,1.7
3037,According Lite,Books,350.29,2.1
3038,Ago Plus,Books,291.45,2.4
3039,Mouth Plus,Toys,317.36,4.3
3040,Third Pro,Toys,294.69,1.6
3041,Mind Max,Sports,219.76,3.6
3042,Buy Lite,Clothing,174.38,4.9
3043,Age Lite,Electronics,259.07,1.8
3044,Hand Max,Home,134.12,4.7
3045,Parent Max,Home,74.21,3.3
3046,Fall Lite,Beauty,192.07,3.4
3047,Very Pro,Books,352.14,3.5
3048,Western Pro,Clothing,213.6,2.3
3049,Foot Pro,Clothing,457.01,2.2
3050,Be Plus,Beauty,97.15,1.1
3051,Owner Plus,Beauty,290.1,2.7
3052,Not Plus,Home,417.88,2.0
3053,Outside Lite,Beauty,172.25,3.7
3054,Education Lite,Electronics,485.53,4.5
3055,Join Pro,Home,215.82,2.1
3056,Wide Plus,Beauty,19.13,3.0
3057,Policy Lite,Beauty,482.79,4.8
3058,Sit Max,Beauty,377.17,1.5
3059,Ability Lite,Toys,480.16,4.9
3060,Kitchen Lite,Toys,384.08,4.2
3061,Lawyer Plus,Home,86.84,1.0
3062,Story Max,Clothing,442.06,2.2
3063,Ahead Pro,Clothing,121.91,1.8
3064,Drop Pro,Sports,126.14,3.7
3065,Parent Lite,Electronics,241.29,2.4
3066,Such Plus,Beauty,344.96,3.8
3067,Indeed Plus,Sports,191.26,2.9
3068,Him Max,Toys,458.89,2.6
3069,Strong Lite,Toys,467.95,2.6
3070,Important Lite,Books,410.8,3.9
3071,Worker Plus,Beauty,199.96,1.3
3072,Marriage Plus,Sports,371.51,3.3
3073,Because Max,Beauty,93.19,1.9
3074,If Lite,Books,253.22,1.0
3075,Best Plus,Electronics,324.56,1.6
3076,Administration Max,Electronics,109.56,2.7
3077,Other Lite,Home,328.75,2.7
3078,Security Lite,Books,196.47,4.3
3079,Training Pro,Books,479.46,2.7
3080,May Max,Home,342.76,4.3
3081,Hundred Plus,Toys,45.91,3.7
3082,So Pro,Sports,431.92,4.2
3083,Rate Pro,Clothing,162.92,3.3
3084,Yourself Plus,Sports,230.07,2.9
3085,Capital Plus,Home,386.82,2.2
3086,Budget Lite,Sports,318.89,3.4
3087,Someone Plus,Beauty,189.55,2.9
3088,American Lite,Toys,269.84,2.5
3089,Weight Max,Home,268.2,2.5
3090,Once Pro,Clothing,8.44,4.8
3091,According Lite,Clothing,259.87,3.5
3092,Thus Plus,Home,29.03,2.1
3093,Word Pro,Toys,247.36,2.5
3094,There Lite,Books,215.72,3.7
3095,Nothing Pro,Beauty,137.28,2.2
3096,Huge Plus,Electronics,226.15,2.2
3097,First Pro,Beauty,60.28,3.9
3098,Strategy Plus,Clothing,91.74,3.1
3099,Set Max,Sports,76.6,3.0
3100,Guy Lite,Books,486.07,3.8
3101,Miss Max,Toys,452.27,4.7
3102,Economy Plus,Electronics,42.89,2.5
3103,Free Max,Beauty,488.54,3.6
3104,Interesting Pro,Home,258.75,3.9
3105,Market Lite,Sports,375.89,2.7
3106,Evidence Pro,Clothing,475.43,2.0
3107,Tree Pro,Toys,456.61,4.9
3108,Agree Max,Beauty,134.18,2.2
3109,Enough Max,Sports,400.48,2.5
3110,Political Plus,Clothing,381.56,2.7
3111,Total Max,Books,253.27,1.2
3112,Professor Plus,Clothing,340.71,2.1
3113,Worry Plus,Clothing,14.27,2.7
3114,Successful Max,Books,137.19,3.4
3115,Specific Lite,Electronics,114.56,1.1
3116,Either Lite,Clothing,36.54,2.2
3117,How Plus,Beauty,213.28,3.4
3118,Magazine Plus,Home,465.29,1.1
3119,Director Lite,Books,176.45,2.8
3120,Task Plus,Toys,372.57,1.8
3121,National Max,Sports,198.08,2.6
3122,Accept Pro,Sports,245.84,4.9
3123,Lose Pro,Clothing,375.27,3.1
3124,Fire Lite,Books,376.67,2.8
3125,Identify Plus,Electronics,82.17,3.3
3126,Feel Lite,Beauty,218.61,5.0
3127,Author Pro,Toys,486.81,3.2
3128,Recent Plus,Clothing,190.77,3.2
3129,Actually Plus,Beauty,474.67,1.5
3130,Skin Plus,Clothing,109.6,1.4
3131,Guess Lite,Clothing,433.12,4.1
3132,Former Plus,Beauty,207.22,4.0
3133,Beyond Plus,Beauty,143.05,4.1
3134,Hotel Pro,Sports,442.96,4.8
3135,Model Lite,Beauty,270.14,2.6
3136,Performance Plus,Home,379.63,2.1
3137,Thus Plus,Clothing,462.34,1.7
3138,Heart Lite,Electronics,268.67,2.3
3139,Art Plus,Sports,90.27,4.6
3140,Road Plus,Beauty,328.29,4.9
3141,Couple Plus,Clothing,320.03,3.5
3142,Save Max,Beauty,311.86,5.0
3143,None Plus,Electronics,165.89,2.0
3144,Season Plus,Sports,50.03,2.5
3145,Green Plus,Beauty,258.11,1.8
3146,Speak Max,Home,187.69,4.5
3147,Always Max,Home,468.88,4.7
3148,Society Lite,Clothing,150.03,4.6
3149,From Max,Beauty,233.28,2.0
3150,Soldier Plus,Clothing,399.39,4.9
3151,Always Pro,Toys,303.98,2.3
3152,Statement Max,Clothing,233.8,4.8
3153,Leg Pro,Sports,21.0,3.7
3154,Task Plus,Toys,195.73,4.1
3155,Candidate Lite,Sports,270.98,3.9
3156,Simply Pro,Home,243.0,3.9
3157,Theory Lite,Toys,202.21,4.3
3158,Little Pro,Books,202.72,4.7
3159,Skill Plus,Home,394.77,1.4
3160,Prepare Lite,Toys,413.49,4.0
3161,Computer Pro,Sports,88.63,2.7
3162,Study Lite,Clothing,456.92,4.2
3163,Participant Max,Books,53.08,3.6
3164,Sometimes Pro,Home,450.1,3.0
3165,Language Max,Toys,133.7,2.2
3166,See Plus,Books,394.75,3.8
3167,Model Lite,Beauty,22.69,1.6
3168,Give Lite,Electronics,114.41,2.5
3169,Hotel Lite,Sports,149.15,4.8
3170,In Max,Beauty,318.78,2.9
3171,Cover Plus,Sports,150.97,4.0
3172,Community Max,Clothing,305.69,4.4
3173,Kind Lite,Sports,117.82,4.4
3174,Create Lite,Clothing,294.2,2.0
3175,Lay Plus,Home,311.14,1.7
3176,Read Lite,Sports,82.16,4.4
3177,Issue Lite,Beauty,190.31,4.5
3178,Determine Plus,Sports,88.71,3.1
3179,Consider Max,Home,449.08,1.1
3180,Management Pro,Books,116.29,1.8
3181,Green Max,Books,306.28,3.9
3182,Season Pro,Sports,102.49,3.0
3183,Their Pro,Toys,374.4,4.3
3184,Light Max,Sports,105.25,3.7
3185,Paper Plus,Sports,53.93,2.3
3186,Sometimes Pro,Books,278.88,3.1
3187,Name Pro,Toys,32.71,3.3
3188,Although Max,Clothing,131.76,4.0
3189,Stage Max,Clothing,346.37,2.8
3190,Themselves Pro,Beauty,136.55,2.1
3191,Two Max,Sports,416.19,1.3
3192,Carry Max,Beauty,154.87,1.8
3193,Garden Max,Beauty,382.03,2.9
3194,Letter Pro,Beauty,441.41,1.2
3195,Across Pro,Clothing,241.76,2.8
3196,True Plus,Clothing,54.44,3.4
3197,Road Plus,Books,286.82,3.3
3198,Smile Pro,Sports,443.83,4.1
3199,Quite Max,Beauty,403.85,3.5
3200,Then Plus,Electronics,129.62,2.6
3201,Leader Lite,Home,317.41,2.3
3202,Education Plus,Beauty,145.46,3.6
3203,Check Lite,Toys,268.43,2.4
3204,Visit Lite,Sports,222.82,4.9
3205,At Max,Home,8.23,4.6
3206,Specific Plus,Home,85.75,1.3
3207,Resource Plus,Sports,155.8,4.7
3208,Answer Plus,Books,320.75,3.2
3209,Type Max,Clothing,390.5,4.1
3210,Behavior Max,Books,253.38,2.3
3211,Question Plus,Electronics,343.95,4.7
3212,End Max,Beauty,337.58,2.3
3213,Type Max,Toys,201.14,1.7
3214,Hour Max,Beauty,332.98,2.3
3215,Take Plus,Sports,299.64,2.7
3216,Fund Lite,Clothing,466.76,2.9
3217,Source Lite,Books,76.77,2.3
3218,Example Lite,Toys,373.88,2.8
3219,West Plus,Beauty,199.8,2.7
3220,Experience Plus,Electronics,484.5,2.4
3221,Line Max,Home,384.69,1.1
3222,Act Max,Clothing,332.72,2.0
3223,West Lite,Electronics,164.31,4.2
3224,Loss Lite,Beauty,282.19,1.8
3225,Sister Max,Beauty,253.96,4.4
3226,Student Pro,Electronics,125.35,2.3
3227,With Plus,Sports,298.51,4.8
3228,End Pro,Toys,331.41,3.8
3229,Positive Plus,Clothing,143.67,3.4
3230,Audience Plus,Electronics,55.21,3.6
3231,Talk Lite,Beauty,187.88,4.7
3232,Natural Pro,Home,71.47,4.0
3233,Mission Lite,Toys,367.56,4.3
3234,Represent Max,Beauty,152.93,1.8
3235,Be Pro,Home,126.39,3.3
3236,Benefit Lite,Beauty,267.86,2.2
3237,Sign Pro,Clothing,387.19,1.3
3238,Join Lite,Toys,183.81,4.1
3239,According Max,Clothing,164.03,1.9
3240,Letter Lite,Books,103.5,4.9
3241,Five Lite,Books,303.79,4.7
3242,Above Max,Electronics,322.91,2.7
3243,Less Plus,Toys,28.78,3.1
3244,Six Lite,Electronics,285.03,5.0
3245,Instead Lite,Toys,271.71,2.1
3246,Two Lite,Sports,38.22,1.3
3247,Public Pro,Beauty,391.39,3.1
3248,Plan Pro,Beauty,461.64,3.4
3249,Suggest Max,Toys,41.18,3.7
3250,Score Lite,Home,228.39,4.5
3251,Parent Max,Sports,168.56,1.7
3252,Mean Lite,Home,266.22,3.8
3253,Great Plus,Electronics,203.73,2.2
3254,Policy Plus,Electronics,9.23,2.3
3255,Guy Max,Books,428.51,3.3
3256,Help Lite,Beauty,231.59,3.7
3257,Office Lite,Sports,434.29,1.6
3258,Since Max,Clothing,157.7,1.4
3259,Those Pro,Toys,68.03,2.4
3260,Consumer Pro,Books,435.93,4.7
3261,Others Max,Clothing,154.95,2.7
3262,Military Lite,Clothing,468.47,1.9
3263,Born Lite,Electronics,72.97,4.6
3264,Major Plus,Electronics,417.91,2.5
3265,Manager Plus,Toys,373.25,4.0
3266,Lead Plus,Electronics,226.17,2.6
3267,Cultural Max,Toys,193.35,4.3
3268,Pull Pro,Clothing,255.82,3.3
3269,Matter Pro,Clothing,379.52,1.5
3270,Physical Plus,Sports,304.4,4.0
3271,Available Lite,Home,99.54,4.9
3272,Month Lite,Home,131.37,1.4
3273,Southern Plus,Electronics,8.59,4.2
3274,Human Plus,Toys,54.53,2.4
3275,Easy Lite,Toys,37.33,4.8
3276,Out Lite,Clothing,499.85,1.3
3277,Red Plus,Home,12.85,4.9
3278,Car Lite,Electronics,74.66,2.0
3279,Build Pro,Clothing,261.72,1.6
3280,Smile Plus,Toys,24.3,3.4
3281,Conference Max,Toys,371.23,2.2
3282,Check Plus,Toys,82.95,1.7
3283,Program Max,Sports,405.66,3.7
3284,Executive Lite,Electronics,394.35,1.1
3285,Ok Max,Books,204.81,2.5
3286,Sea Lite,Beauty,163.93,4.1
3287,Cut Lite,Electronics,444.97,1.1
3288,Land Max,Home,28.02,2.5
3289,So Max,Clothing,54.56,2.4
3290,True Max,Electronics,212.84,1.3
3291,Question Plus,Home,491.77,4.4
3292,As Plus,Clothing,429.17,4.2
3293,Talk Pro,Books,240.74,4.6
3294,Join Lite,Clothing,164.82,3.2
3295,Couple Pro,Home,248.94,4.3
3296,Machine Max,Clothing,113.56,1.5
3297,Same Max,Clothing,331.31,4.0
3298,Others Plus,Books,444.02,1.4
3299,Everybody Max,Books,96.39,3.6
3300,Long Lite,Sports,487.11,3.7
3301,None Lite,Toys,450.27,2.3
3302,Determine Lite,Sports,76.88,3.9
3303,Whether Pro,Sports,453.48,2.5
3304,Successful Pro,Toys,102.96,1.7
3305,Me Max,Sports,21.89,4.2
3306,Pull Max,Home,164.65,3.3
3307,Because Plus,Toys,175.23,3.5
3308,West Plus,Home,496.39,2.8
3309,Which Lite,Beauty,222.73,4.0
3310,Win Lite,Books,498.36,1.7
3311,Employee Lite,Toys,436.63,4.1
3312,Performance Plus,Sports,52.77,4.4
3313,West Lite,Electronics,392.07,2.7
3314,Detail Pro,Beauty,67.48,1.9
3315,Couple Plus,Toys,60.01,3.2
3316,Writer Lite,Clothing,437.29,2.2
3317,Dog Plus,Beauty,492.23,1.3
3318,Maintain Max,Home,410.91,4.5
3319,Result Max,Clothing,420.81,1.9
3320,Amount Pro,Clothing,368.04,2.4
3321,Campaign Max,Beauty,430.66,3.1
3322,Learn Lite,Beauty,119.06,4.8
3323,Door Max,Books,83.58,3.7
3324,Add Max,Toys,465.67,3.9
3325,Step Plus,Toys,105.09,1.2
3326,Human Plus,Books,197.94,3.1
3327,Sit Plus,Home,236.66,1.5
3328,Adult Lite,Electronics,42.06,3.8
3329,Hit Lite,Clothing,461.91,3.5
3330,Set Pro,Electronics,378.81,1.6
3331,Heavy Plus,Toys,84.33,4.9
3332,Situation Max,Home,394.22,3.6
3333,Get Plus,Beauty,100.72,4.3
3334,Court Pro,Clothing,481.86,2.1
3335,Who Plus,Electronics,364.36,3.3
3336,Score Max,Clothing,224.47,3.7
3337,Would Lite,Electronics,320.19,3.1
3338,Think Pro,Toys,316.13,2.9
3339,Through Plus,Books,412.01,3.2
3340,Man Plus,Clothing,39.85,4.9
3341,American Lite,Books,475.0,1.2
3342,Father Lite,Electronics,315.31,2.7
3343,Mother Max,Sports,347.26,4.2
3344,Four Lite,Clothing,263.81,1.4
3345,Or Lite,Clothing,435.33,3.7
3346,Prepare Plus,Home,33.04,1.4
3347,Themselves Lite,Toys,363.41,2.1
3348,Project Lite,Sports,256.37,2.7
3349,On Lite,Books,46.13,1.4
3350,Policy Plus,Clothing,294.96,1.9
3351,Admit Plus,Sports,136.55,5.0
3352,Other Plus,Beauty,305.29,3.3
3353,Beyond Plus,Electronics,302.82,3.4
3354,Term Pro,Beauty,51.98,4.9
3355,More Max,Books,292.16,3.8
3356,Current Plus,Toys,199.9,4.0
3357,Cold Lite,Sports,395.13,4.4
3358,Its Pro,Home,407.51,3.5
3359,The Plus,Sports,454.5,1.9
3360,Become Max,Electronics,317.11,2.3
3361,Show Lite,Home,401.94,3.9
3362,Cell Lite,Books,410.09,2.4
3363,Girl Max,Books,225.77,1.2
3364,Technology Plus,Sports,495.53,2.1
3365,Successful Max,Clothing,281.45,4.5
3366,Week Lite,Sports,203.65,2.4
3367,Sea Max,Toys,252.42,1.4
3368,Southern Lite,Beauty,271.43,4.2
3369,Including Max,Books,415.2,1.4
3370,Or Pro,Sports,206.0,3.5
3371,Act Max,Toys,194.43,2.1
3372,Ability Plus,Books,171.82,2.8
3373,Approach Lite,Toys,83.81,1.7
3374,Eye Pro,Electronics,98.95,2.2
3375,Attack Lite,Toys,282.16,1.7
3376,Would Pro,Clothing,51.22,3.8
3377,Person Plus,Toys,135.37,3.9
3378,Need Lite,Home,70.85,2.5
3379,During Lite,Beauty,287.2,1.3
3380,Theory Max,Home,413.94,2.0
3381,By Max,Sports,496.38,1.1
3382,Against Max,Toys,349.06,1.9
3383,List Max,Home,325.71,1.9
3384,Happen Pro,Books,125.62,1.1
3385,Themselves Plus,Toys,222.28,3.2
3386,Soon Max,Home,97.1,3.1
3387,Their Plus,Sports,289.85,4.6
3388,Reveal Plus,Sports,134.44,4.2
3389,Growth Lite,Toys,401.85,2.7
3390,Product Lite,Clothing,163.48,2.4
3391,Attorney Max,Books,430.67,4.9
3392,General Max,Toys,271.45,1.5
3393,Serve Plus,Beauty,160.17,4.2
3394,Real Max,Sports,177.43,3.8
3395,Fight Max,Home,138.22,4.3
3396,Science Plus,Beauty,221.75,3.4
3397,Painting Pro,Clothing,15.95,2.8
3398,Weight Pro,Books,240.93,3.8
3399,Why Pro,Sports,180.43,4.8
3400,Growth Lite,Beauty,129.75,4.6
3401,Address Pro,Sports,300.88,2.7
3402,Though Max,Home,111.53,2.8
3403,Left Lite,Books,120.12,4.2
3404,Section Plus,Clothing,384.32,4.9
3405,Within Lite,Toys,8.35,3.4
3406,Pass Lite,Beauty,64.24,4.9
3407,Source Pro,Beauty,209.79,1.6
3408,Thought Max,Clothing,489.99,4.1
3409,Increase Max,Toys,94.71,3.6
3410,Place Plus,Sports,64.15,1.4
3411,Take Plus,Beauty,351.96,3.7
3412,Husband Plus,Home,349.73,1.6
3413,Education Lite,Clothing,52.45,2.4
3414,Oil Plus,Books,252.34,1.7
3415,System Plus,Clothing,117.19,4.9
3416,Free Pro,Books,228.61,1.4
3417,Analysis Lite,Electronics,440.25,1.2
3418,Example Pro,Sports,189.71,1.7
3419,Lawyer Pro,Electronics,166.8,2.2
3420,Recent Lite,Toys,39.35,1.7
3421,Visit Plus,Clothing,269.93,4.9
3422,Energy Pro,Toys,343.17,1.6
3423,Respond Lite,Beauty,92.58,2.8
3424,Herself Max,Beauty,78.68,4.3
3425,Forward Pro,Beauty,24.19,3.2
3426,Truth Pro,Toys,467.45,4.7
3427,Or Pro,Books,343.1,3.4
3428,We Max,Electronics,251.34,3.4
3429,City Lite,Home,464.66,3.2
3430,This Plus,Toys,226.73,1.5
3431,Detail Pro,Books,126.88,1.6
3432,Light Plus,Clothing,398.06,1.2
3433,Strategy Pro,Home,406.4,4.6
3434,Sense Pro,Toys,262.32,3.7
3435,Minute Lite,Beauty,283.68,3.8
3436,Nothing Plus,Toys,275.46,1.8
3437,Message Lite,Clothing,226.71,1.8
3438,Pm Plus,Home,220.39,1.3
3439,Toward Pro,Home,56.64,3.2
3440,Training Plus,Books,251.32,4.1
3441,Though Lite,Toys,343.61,1.2
3442,Back Pro,Clothing,473.66,2.2
3443,Idea Max,Sports,160.26,1.2
3444,Similar Pro,Electronics,483.55,2.5
3445,Road Lite,Beauty,30.96,4.3
3446,Memory Plus,Sports,256.65,4.4
3447,Support Lite,Sports,351.1,4.6
3448,Anything Pro,Home,475.23,4.6
3449,Walk Lite,Electronics,358.45,3.0
3450,Authority Pro,Electronics,461.43,1.8
3451,Cold Pro,Books,7.35,2.0
3452,Spring Lite,Clothing,493.61,4.3
3453,Stay Lite,Toys,203.97,1.6
3454,Choice Max,Beauty,335.92,4.5
3455,Range Plus,Sports,287.42,4.5
3456,Note Lite,Clothing,470.44,3.6
3457,Order Lite,Home,346.69,2.7
3458,Four Plus,Home,142.65,4.6
3459,Citizen Plus,Books,302.06,3.5
3460,Do Plus,Electronics,349.52,2.8
3461,Shake Max,Electronics,320.61,1.5
3462,Laugh Plus,Electronics,95.76,2.3
3463,Seek Lite,Sports,358.94,3.8
3464,Sense Lite,Beauty,146.79,4.4
3465,Much Lite,Electronics,381.69,2.6
3466,Knowledge Max,Electronics,279.6,3.0
3467,Develop Max,Beauty,497.8,2.9
3468,Style Pro,Electronics,118.18,4.3
3469,So Max,Electronics,382.46,4.2
3470,Question Max,Home,309.58,2.8
3471,Treatment Max,Home,300.52,1.2
3472,Reason Max,Toys,109.16,2.3
3473,Factor Pro,Clothing,173.97,4.8
3474,Weight Max,Books,233.71,4.6
3475,Already Pro,Home,193.12,4.8
3476,Body Pro,Clothing,96.06,1.8
3477,Remember Plus,Electronics,436.31,1.3
3478,Walk Max,Beauty,266.64,3.2
3479,Chance Max,Beauty,482.27,1.2
3480,Stay Pro,Home,261.43,1.1
3481,Prepare Max,Sports,466.74,2.5
3482,Research Max,Electronics,343.74,1.0
3483,Back Pro,Beauty,33.92,2.6
3484,Democratic Pro,Toys,116.14,3.5
3485,Big Pro,Electronics,326.19,4.6
3486,Production Plus,Books,344.38,2.5
3487,Avoid Max,Sports,247.83,2.0
3488,Top Plus,Home,460.12,1.6
3489,Shake Lite,Clothing,76.48,3.5
3490,Month Max,Home,499.57,4.5
3491,Entire Lite,Sports,15.36,4.2
3492,Class Max,Electronics,232.67,3.8
3493,Unit Max,Home,66.89,3.5
3494,Night Max,Home,213.46,2.7
3495,Degree Plus,Home,476.43,2.9
3496,Space Lite,Books,334.36,1.5
3497,Or Max,Clothing,112.39,1.8
3498,Where Max,Toys,366.01,4.1
3499,Run Lite,Home,276.36,4.1
3500,Performance Plus,Books,323.78,1.9
3501,Glass Max,Home,58.78,3.6
3502,Order Lite,Toys,478.09,4.5
3503,Whose Plus,Electronics,103.71,2.4
3504,Store Max,Sports,195.22,3.1
3505,This Max,Home,16.8,1.8
3506,Religious Max,Books,491.9,3.7
3507,Better Max,Sports,203.93,4.1
3508,Successful Max,Clothing,208.59,2.9
3509,Individual Max,Toys,465.97,2.3
3510,Activity Pro,Sports,53.05,1.3
3511,Hot Pro,Electronics,460.49,4.5
3512,Speak Lite,Toys,49.52,4.7
3513,Plant Lite,Clothing,373.07,4.8
3514,Assume Lite,Toys,37.68,3.5
3515,Fill Lite,Beauty,452.73,2.8
3516,Full Lite,Sports,91.73,2.2
3517,Test Max,Clothing,85.81,1.5
3518,Political Plus,Clothing,283.02,3.5
3519,Ago Lite,Sports,424.76,2.0
3520,Today Pro,Sports,472.97,4.6
3521,Month Pro,Toys,24.49,4.5
3522,Produce Plus,Home,241.06,4.1
3523,Analysis Lite,Home,294.52,1.7
3524,Follow Pro,Home,473.57,3.3
3525,Recently Lite,Electronics,443.81,1.3
3526,Similar Max,Beauty,153.55,2.6
3527,Choice Max,Electronics,496.48,4.2
3528,Recently Max,Sports,163.75,3.8
3529,Agreement Pro,Books,303.39,4.2
3530,Their Pro,Beauty,446.07,2.7
3531,Miss Max,Books,426.37,1.8
3532,Until Lite,Beauty,452.62,1.1
3533,Approach Lite,Clothing,30.75,2.0
3534,Truth Lite,Books,227.22,2.7
3535,Already Pro,Books,376.25,4.0
3536,Them Plus,Sports,44.72,3.2
3537,Five Max,Toys,489.23,3.5
3538,Particularly Pro,Books,193.43,4.6
3539,Group Plus,Home,22.81,3.7
3540,Suddenly Plus,Books,186.56,3.1
3541,Training Plus,Home,355.1,1.5
3542,Operation Lite,Sports,134.49,1.8
3543,Hand Lite,Books,46.24,2.8
3544,Account Pro,Toys,334.78,2.3
3545,Life Pro,Electronics,406.32,4.2
3546,Necessary Pro,Clothing,41.84,2.5
3547,Situation Max,Beauty,401.72,4.1
3548,Just Pro,Electronics,362.94,3.9
3549,Despite Lite,Toys,454.91,1.3
3550,Pretty Plus,Sports,437.33,4.1
3551,From Pro,Beauty,65.38,3.8
3552,Word Max,Sports,463.65,1.7
3553,Get Pro,Electronics,219.32,3.7
3554,Deal Max,Electronics,359.9,2.5
3555,Mouth Max,Home,409.69,3.8
3556,Significant Plus,Beauty,354.61,2.9
3557,Suddenly Pro,Home,96.54,1.0
3558,Cost Max,Clothing,135.31,4.5
3559,Decision Max,Sports,66.39,4.0
3560,Player Max,Clothing,425.07,4.0
3561,Near Max,Clothing,200.36,4.3
3562,Together Lite,Beauty,209.08,3.6
3563,Direction Max,Home,129.22,2.4
3564,Wall Max,Beauty,8.46,4.6
3565,Seem Lite,Books,378.38,1.3
3566,Hour Pro,Home,175.39,3.9
3567,Long Plus,Electronics,338.65,4.6
3568,Building Plus,Electronics,488.7,3.7
3569,American Lite,Beauty,386.84,4.7
3570,Despite Pro,Beauty,134.91,4.4
3571,Total Plus,Books,372.39,2.9
3572,Heavy Plus,Books,382.89,2.3
3573,Yes Max,Clothing,295.68,1.2
3574,Movement Lite,Home,235.15,2.8
3575,Teacher Plus,Home,435.0,2.9
3576,High Max,Clothing,370.24,2.5
3577,Scientist Pro,Toys,74.02,2.3
3578,Field Max,Home,186.03,2.7
3579,Story Max,Clothing,298.5,1.7
3580,Responsibility Pro,Electronics,198.69,1.6
3581,Newspaper Lite,Clothing,15.73,2.6
3582,Establish Lite,Toys,477.82,3.2
3583,Court Max,Clothing,245.83,3.9
3584,Ability Plus,Home,473.93,1.6
3585,Blue Pro,Books,480.91,1.3
3586,Position Lite,Sports,240.97,2.2
3587,Ahead Max,Beauty,471.95,4.2
3588,Fill Plus,Home,11.42,2.2
3589,Political Max,Books,317.08,3.7
3590,Continue Plus,Beauty,65.31,1.5
3591,Stock Lite,Books,363.75,4.2
3592,Deal Max,Books,284.84,2.9
3593,Write Pro,Home,188.15,2.0
3594,Whole Lite,Sports,120.55,4.5
3595,Recognize Lite,Sports,458.29,4.9
3596,Party Lite,Beauty,173.67,4.2
3597,Far Max,Clothing,482.91,4.1
3598,Themselves Max,Sports,298.45,1.9
3599,Capital Max,Home,283.83,4.6
3600,Set Lite,Beauty,440.96,2.5
3601,Recognize Max,Beauty,164.22,3.1
3602,Give Plus,Beauty,450.71,4.8
3603,Learn Lite,Electronics,227.5,4.1
3604,Discuss Lite,Sports,75.83,4.4
3605,Easy Pro,Home,127.06,3.5
3606,We Lite,Books,413.29,2.9
3607,Stage Max,Toys,140.01,2.3
3608,Stay Lite,Beauty,442.19,1.8
3609,Entire Max,Beauty,304.52,2.2
3610,Own Pro,Sports,442.96,3.1
3611,Together Lite,Clothing,396.4,2.7
3612,Southern Pro,Books,134.19,1.6
3613,Somebody Pro,Electronics,327.56,4.0
3614,Such Pro,Books,235.15,4.6
3615,Life Max,Home,314.82,3.2
3616,Six Plus,Toys,160.47,4.7
3617,Defense Plus,Books,102.9,3.4
3618,Fish Lite,Clothing,295.31,2.3
3619,Where Pro,Electronics,30.95,2.3
3620,Blue Plus,Books,75.17,4.3
3621,Guy Plus,Beauty,17.61,2.7
3622,Open Lite,Home,93.11,3.5
3623,Another Pro,Sports,145.04,3.3
3624,For Pro,Beauty,32.65,3.9
3625,Past Max,Home,36.62,1.3
3626,Recently Max,Electronics,263.78,4.8
3627,Wall Max,Electronics,378.56,4.9
3628,Democratic Lite,Electronics,209.26,4.0
3629,Hard Plus,Home,274.83,3.1
3630,Simple Plus,Sports,81.72,4.3
3631,Great Max,Home,83.73,4.1
3632,Organization Lite,Clothing,123.44,3.6
3633,Return Pro,Electronics,323.24,3.8
3634,Now Plus,Electronics,25.88,4.0
3635,Better Max,Toys,73.15,2.3
3636,Describe Plus,Toys,318.99,2.6
3637,Treatment Lite,Home,16.64,3.9
3638,Firm Plus,Beauty,38.64,1.8
3639,Already Pro,Clothing,118.61,3.0
3640,Group Lite,Sports,44.91,4.5
3641,Imagine Max,Home,110.33,3.1
3642,Final Lite,Books,280.35,3.0
3643,Arrive Max,Toys,104.79,3.4
3644,Seven Lite,Clothing,166.89,2.0
3645,Factor Pro,Sports,146.26,1.1
3646,Those Plus,Clothing,96.49,1.2
3647,World Pro,Sports,466.88,1.8
3648,Return Lite,Toys,346.43,1.9
3649,Quite Lite,Books,234.57,3.6
3650,Nation Max,Beauty,445.65,4.4
3651,Once Max,Beauty,16.79,1.0
3652,Able Max,Toys,170.3,3.0
3653,Successful Plus,Sports,167.04,4.9
3654,Program Max,Home,242.69,3.4
3655,Way Max,Electronics,310.1,4.5
3656,Very Pro,Beauty,29.76,1.0
3657,See Lite,Electronics,155.21,2.5
3658,Move Max,Electronics,31.5,1.9
3659,Wall Max,Home,372.21,2.5
3660,Necessary Lite,Home,328.54,2.2
3661,The Pro,Electronics,154.51,2.1
3662,Cover Max,Electronics,460.11,4.0
3663,Teach Pro,Home,91.42,1.5
3664,Call Max,Home,435.55,3.3
3665,Economic Lite,Books,16.17,3.3
3666,Phone Pro,Sports,347.44,1.9
3667,Speak Plus,Sports,191.83,1.1
3668,Foreign Plus,Toys,235.52,1.7
3669,Want Pro,Beauty,449.22,3.6
3670,Actually Lite,Sports,144.38,2.9
3671,Tough Lite,Electronics,337.27,4.9
3672,Travel Max,Clothing,346.39,4.2
3673,Best Pro,Toys,283.79,4.4
3674,Recognize Plus,Toys,119.6,4.4
3675,Candidate Pro,Books,185.2,3.4
3676,Many Plus,Toys,238.88,1.7
3677,Everyone Lite,Sports,277.76,1.6
3678,But Lite,Home,91.11,2.6
3679,Try Plus,Books,384.82,1.6
3680,Nor Plus,Sports,273.42,2.4
3681,Development Plus,Electronics,303.07,4.5
3682,Experience Lite,Books,324.5,2.8
3683,That Max,Electronics,175.01,4.7
3684,Book Max,Beauty,174.12,3.5
3685,Add Max,Toys,400.37,1.6
3686,Yeah Max,Toys,348.14,1.3
3687,Reason Plus,Electronics,495.3,3.2
3688,Model Pro,Beauty,7.0,4.7
3689,Future Max,Sports,117.26,3.8
3690,At Lite,Home,62.88,3.9
3691,Carry Lite,Beauty,468.78,3.1
3692,Attack Plus,Clothing,290.62,4.0
3693,Matter Pro,Clothing,322.03,2.8
3694,Live Max,Sports,5.3,4.2
3695,Across Pro,Home,76.46,1.3
3696,Than Lite,Clothing,379.12,2.2
3697,Body Max,Beauty,320.93,4.8
3698,Possible Max,Electronics,13.03,2.2
3699,Bank Max,Clothing,414.69,3.7
3700,Air Pro,Books,229.04,1.5
3701,Ago Lite,Sports,204.49,3.8
3702,Tree Lite,Books,196.93,1.8
3703,Marriage Plus,Beauty,296.9,2.9
3704,Direction Pro,Sports,248.21,1.1
3705,Degree Lite,Books,20.36,3.8
3706,Student Plus,Toys,271.81,1.4
3707,Church Lite,Sports,247.7,1.1
3708,Mother Pro,Home,380.73,1.3
3709,Herself Lite,Beauty,50.56,2.0
3710,Economy Pro,Home,193.03,2.3
3711,Off Plus,Electronics,164.82,3.2
3712,Majority Plus,Clothing,308.79,1.4
3713,Anything Max,Beauty,432.04,4.1
3714,Road Plus,Electronics,253.53,2.9
3715,Million Plus,Toys,462.87,3.6
3716,Behavior Pro,Books,294.9,3.8
3717,Base Plus,Clothing,451.62,2.2
3718,Camera Max,Electronics,148.69,2.3
3719,Thousand Pro,Sports,81.62,4.3
3720,Adult Max,Home,245.69,1.0
3721,Attention Max,Toys,191.48,2.2
3722,Kind Max,Books,433.45,3.3
3723,Them Plus,Clothing,358.34,4.2
3724,Environmental Pro,Electronics,86.39,1.5
3725,Fear Pro,Home,250.59,4.2
3726,Result Plus,Electronics,355.66,4.6
3727,Score Lite,Sports,274.02,2.7
3728,Worker Pro,Books,220.96,3.8
3729,Policy Pro,Electronics,48.19,4.5
3730,High Lite,Home,203.66,4.7
3731,Audience Max,Electronics,16.93,1.3
3732,Later Max,Sports,102.28,3.6
3733,Note Lite,Beauty,135.19,1.3
3734,Think Max,Beauty,209.56,3.2
3735,Past Max,Clothing,77.96,1.5
3736,Account Plus,Electronics,189.07,3.0
3737,Medical Pro,Electronics,264.66,2.1
3738,Discussion Pro,Books,440.79,1.5
3739,Left Max,Toys,242.79,1.9
3740,Study Plus,Home,241.97,1.4
3741,To Plus,Beauty,318.53,3.2
3742,Since Pro,Clothing,335.21,4.4
3743,Lawyer Max,Toys,381.46,2.9
3744,Notice Pro,Beauty,86.54,3.5
3745,Every Plus,Toys,314.68,4.8
3746,Activity Lite,Home,34.54,2.7
3747,Radio Lite,Toys,200.34,1.8
3748,Force Lite,Home,227.67,4.3
3749,Continue Max,Sports,454.22,2.9
3750,Activity Plus,Sports,436.58,3.5
3751,Sort Max,Beauty,263.02,3.0
3752,End Pro,Home,301.91,2.7
3753,Than Pro,Sports,446.37,1.6
3754,While Pro,Books,142.31,2.1
3755,Reduce Lite,Books,418.98,3.4
3756,Report Lite,Toys,474.51,3.0
3757,Church Plus,Toys,436.22,3.8
3758,Arm Max,Home,171.85,3.8
3759,Finish Lite,Beauty,260.91,3.5
3760,Republican Lite,Sports,137.76,2.1
3761,By Lite,Beauty,259.19,2.3
3762,Television Lite,Clothing,285.18,2.4
3763,Later Lite,Clothing,413.74,3.1
3764,Role Plus,Books,135.64,2.7
3765,Call Max,Toys,308.46,4.1
3766,Happy Lite,Clothing,345.12,2.4
3767,Husband Lite,Clothing,400.03,3.3
3768,Brother Max,Electronics,363.67,4.5
3769,Base Max,Clothing,301.07,3.5
3770,Environment Lite,Clothing,444.2,4.2
3771,Short Lite,Clothing,198.86,3.9
3772,Cover Plus,Beauty,173.99,2.0
3773,Perform Pro,Books,66.59,2.5
3774,Onto Plus,Electronics,37.94,4.2
3775,Several Lite,Home,230.11,5.0
3776,Pattern Lite,Beauty,285.89,1.8
3777,Finally Pro,Home,315.92,3.0
3778,Much Pro,Home,221.4,2.3
3779,Reality Max,Clothing,65.84,4.0
3780,Simple Pro,Electronics,424.35,2.1
3781,Heart Lite,Clothing,393.02,4.7
3782,Around Plus,Clothing,24.77,3.6
3783,Region Pro,Electronics,60.16,4.9
3784,Nation Lite,Books,217.75,1.9
3785,All Lite,Beauty,180.01,1.9
3786,Ball Pro,Beauty,294.14,4.0
3787,Today Max,Toys,483.37,2.5
3788,Yet Pro,Clothing,50.13,4.0
3789,Daughter Lite,Toys,245.7,1.4
3790,Sometimes Plus,Clothing,124.8,3.4
3791,Beautiful Max,Clothing,143.34,1.0
3792,Smile Lite,Home,291.92,3.4
3793,Must Plus,Home,110.63,1.4
3794,Able Pro,Home,357.65,2.8
3795,Tax Plus,Toys,309.45,2.5
3796,Arrive Lite,Clothing,441.49,3.0
3797,Skill Lite,Books,15.25,3.0
3798,A Plus,Toys,223.88,1.8
3799,Product Max,Sports,43.29,4.3
3800,Window Plus,Clothing,395.09,1.8
3801,Pull Lite,Books,205.53,2.0
3802,Here Lite,Clothing,192.82,4.5
3803,Anyone Pro,Sports,467.96,2.0
3804,Report Pro,Home,357.97,1.1
3805,Culture Lite,Books,193.58,3.0
3806,Suddenly Plus,Home,49.28,2.0
3807,These Max,Books,186.46,5.0
3808,Million Plus,Clothing,88.43,4.4
3809,Able Max,Toys,22.97,2.5
3810,Computer Pro,Toys,118.15,3.8
3811,Already Max,Electronics,309.65,3.2
3812,Daughter Lite,Electronics,265.0,2.0
3813,Hand Max,Books,75.11,2.7
3814,Short Max,Clothing,207.68,1.7
3815,Race Pro,Clothing,436.55,3.5
3816,Imagine Max,Books,276.23,4.8
3817,Sister Max,Clothing,13.5,4.8
3818,Campaign Pro,Electronics,387.55,2.1
3819,East Max,Beauty,66.45,2.9
3820,Face Lite,Sports,93.57,3.1
3821,Support Max,Clothing,394.52,2.3
3822,You Max,Toys,139.81,4.3
3823,Glass Pro,Home,71.8,1.2
3824,Man Max,Toys,70.48,4.4
3825,Animal Lite,Beauty,392.66,2.8
3826,Character Plus,Clothing,356.55,3.9
3827,Purpose Max,Sports,304.98,1.2
3828,Rock Plus,Clothing,5.28,2.8
3829,Song Plus,Sports,378.36,3.2
3830,Not Plus,Beauty,235.98,3.6
3831,Similar Lite,Toys,304.73,3.9
3832,Both Plus,Toys,129.46,4.7
3833,Catch Max,Beauty,429.67,1.5
3834,Involve Pro,Clothing,41.34,5.0
3835,Really Lite,Electronics,304.18,2.6
3836,Choice Plus,Books,189.94,2.3
3837,Beautiful Max,Toys,12.94,2.7
3838,Process Max,Home,433.27,4.2
3839,Natural Max,Sports,397.91,2.6
3840,Leave Max,Electronics,450.75,4.6
3841,Art Lite,Home,202.62,3.9
3842,Book Lite,Clothing,234.33,2.7
3843,Keep Pro,Clothing,474.12,4.6
3844,American Pro,Books,190.15,2.4
3845,Mouth Plus,Sports,436.7,1.3
3846,Team Lite,Books,411.44,3.2
3847,Many Pro,Toys,424.35,1.3
3848,Blue Lite,Clothing,158.62,3.0
3849,Surface Pro,Electronics,77.24,3.8
3850,Start Lite,Electronics,17.22,1.9
3851,Pretty Lite,Electronics,226.94,2.3
3852,Change Plus,Books,312.78,2.1
3853,Employee Pro,Toys,260.91,1.5
3854,Edge Plus,Toys,246.32,4.1
3855,Director Pro,Sports,390.76,3.9
3856,Air Pro,Clothing,466.81,2.5
3857,Hit Plus,Sports,362.66,2.1
3858,Clearly Max,Toys,457.92,1.4
3859,Age Plus,Books,200.23,1.2
3860,Least Lite,Electronics,477.01,1.8
3861,Most Max,Home,400.74,4.5
3862,Relationship Plus,Beauty,286.25,5.0
3863,Gun Max,Electronics,495.56,1.7
3864,Fast Pro,Books,364.98,4.1
3865,Customer Max,Home,457.99,1.7
3866,Particular Plus,Electronics,44.58,2.8
3867,Resource Lite,Beauty,365.32,2.5
3868,Man Plus,Books,290.64,3.2
3869,Learn Lite,Sports,334.15,3.1
3870,Republican Lite,Toys,298.96,4.6
3871,Person Max,Toys,16.0,2.9
3872,Walk Lite,Beauty,153.78,4.9
3873,See Plus,Electronics,476.29,2.2
3874,Join Lite,Electronics,412.91,3.2
3875,Billion Max,Clothing,234.85,1.6
3876,Measure Pro,Sports,273.39,2.5
3877,Final Plus,Home,285.45,2.2
3878,Heart Max,Clothing,313.41,4.8
3879,Including Pro,Toys,160.41,4.6
3880,Simple Plus,Home,408.46,1.6
3881,Center Plus,Electronics,170.22,2.5
3882,Cause Lite,Clothing,245.83,5.0
3883,Citizen Plus,Beauty,110.94,2.7
3884,Change Max,Books,125.4,4.2
3885,Before Lite,Clothing,301.0,3.4
3886,Short Pro,Electronics,45.64,4.2
3887,If Pro,Clothing,272.48,3.0
3888,Apply Pro,Toys,405.01,3.6
3889,Lot Pro,Electronics,238.25,1.1
3890,Between Lite,Toys,186.55,3.7
3891,Author Lite,Sports,288.14,1.2
3892,Commercial Lite,Books,54.49,5.0
3893,Rather Pro,Electronics,309.11,4.3
3894,Quality Max,Toys,89.12,2.6
3895,Represent Plus,Electronics,137.33,2.2
3896,Yet Pro,Toys,308.3,1.6
3897,Response Plus,Beauty,426.94,1.6
3898,Box Pro,Home,305.21,3.8
3899,Stop Pro,Home,426.82,3.7
3900,Easy Plus,Toys,228.99,4.8
3901,Quality Lite,Books,328.48,4.3
3902,Better Plus,Toys,465.6,4.2
3903,Television Lite,Sports,166.67,2.0
3904,Focus Max,Sports,81.83,1.3
3905,Painting Pro,Clothing,58.3,2.8
3906,Air Max,Sports,41.35,4.1
3907,Position Lite,Beauty,123.43,2.9
3908,Organization Plus,Electronics,465.29,3.7
3909,May Lite,Sports,108.84,2.9
3910,Model Pro,Books,82.48,1.8
3911,Hospital Pro,Electronics,20.53,4.4
3912,Rich Lite,Home,97.35,3.0
3913,Weight Plus,Toys,356.03,2.3
3914,Instead Max,Toys,166.82,4.9
3915,Ball Plus,Sports,160.82,4.7
3916,Easy Max,Electronics,435.24,1.7
3917,Region Lite,Home,51.14,4.5
3918,College Lite,Clothing,25.8,1.6
3919,Husband Plus,Books,454.12,3.9
3920,Everything Plus,Electronics,386.58,3.5
3921,Doctor Lite,Toys,309.36,2.3
3922,And Pro,Home,386.93,4.9
3923,Fear Max,Clothing,78.16,3.7
3924,Protect Lite,Beauty,198.39,3.1
3925,Live Max,Home,386.01,3.9
3926,Now Pro,Home,482.25,3.4
3927,Price Lite,Beauty,498.41,2.8
3928,Forget Lite,Books,13.87,3.4
3929,Thing Pro,Home,415.63,2.7
3930,Weight Plus,Beauty,288.09,4.7
3931,Mind Max,Home,136.03,4.6
3932,Make Pro,Toys,118.59,4.6
3933,Reflect Lite,Home,136.36,3.1
3934,Foreign Pro,Clothing,476.24,2.8
3935,None Plus,Electronics,217.86,4.8
3936,Take Lite,Beauty,408.14,3.2
3937,Throughout Plus,Electronics,253.37,4.8
3938,Full Lite,Toys,302.12,1.2
3939,Great Max,Beauty,332.34,2.2
3940,Eat Pro,Toys,121.24,5.0
3941,Perhaps Lite,Clothing,274.81,1.8
3942,Bag Plus,Electronics,167.74,2.0
3943,Newspaper Plus,Electronics,54.23,4.7
3944,Edge Lite,Clothing,330.44,3.7
3945,Commercial Plus,Clothing,453.45,1.8
3946,Evidence Max,Books,53.31,4.7
3947,Finish Lite,Beauty,347.32,3.6
3948,Authority Pro,Clothing,437.24,4.4
3949,Age Pro,Clothing,37.66,4.1
3950,Stage Lite,Clothing,61.12,2.8
3951,Class Pro,Beauty,384.17,4.1
3952,Attorney Plus,Beauty,65.44,3.7
3953,Statement Lite,Toys,46.22,4.2
3954,It Lite,Clothing,197.0,1.8
3955,Hospital Lite,Sports,14.02,4.7
3956,Business Pro,Electronics,85.33,2.4
3957,Whether Max,Home,495.6,4.0
3958,Wife Lite,Electronics,173.39,2.6
3959,Important Plus,Electronics,404.6,4.1
3960,Million Plus,Clothing,87.92,3.5
3961,Recognize Plus,Toys,295.25,3.8
3962,Continue Max,Toys,330.23,4.7
3963,Dream Plus,Beauty,386.57,2.5
3964,Month Lite,Clothing,450.49,1.1
3965,Across Max,Electronics,287.61,1.1
3966,Likely Lite,Sports,172.67,4.0
3967,Report Pro,Books,431.69,1.3
3968,National Pro,Beauty,262.65,4.1
3969,They Max,Home,249.7,5.0
3970,Move Lite,Electronics,314.35,1.1
3971,Official Lite,Clothing,159.47,4.3
3972,Education Lite,Electronics,430.04,1.2
3973,Better Lite,Sports,482.22,1.5
3974,Practice Lite,Toys,192.89,1.6
3975,Those Lite,Toys,208.95,1.3
3976,Itself Lite,Electronics,251.65,4.0
3977,Better Plus,Electronics,17.94,2.1
3978,Product Max,Sports,51.07,1.5
3979,Oil Pro,Books,61.12,4.9
3980,Air Lite,Books,444.76,1.7
3981,Home Max,Beauty,401.18,1.9
3982,Whether Lite,Books,421.53,3.2
3983,Mention Pro,Toys,357.84,4.7
3984,Half Lite,Beauty,330.66,1.4
3985,Full Plus,Toys,465.74,2.2
3986,Better Plus,Electronics,330.66,2.1
3987,Dark Pro,Clothing,39.03,4.8
3988,Store Pro,Electronics,446.24,1.2
3989,Film Lite,Home,273.27,2.1
3990,General Max,Electronics,170.36,1.7
3991,Pm Pro,Sports,407.06,2.9
3992,Foreign Max,Clothing,370.24,4.3
3993,Act Max,Home,7.62,3.1
3994,Property Lite,Beauty,398.36,4.1
3995,Wide Max,Home,276.04,1.2
3996,Listen Max,Beauty,335.11,1.8
3997,Society Lite,Books,72.42,4.9
3998,Agreement Plus,Beauty,147.39,2.0
3999,Notice Pro,Sports,213.01,3.6
4000,Room Plus,Electronics,489.02,2.6
4001,Baby Max,Sports,130.2,1.5
4002,Instead Max,Toys,322.21,1.5
4003,Sense Max,Clothing,356.98,1.9
4004,Safe Max,Sports,28.05,1.3
4005,Four Plus,Clothing,482.78,2.1
4006,Issue Pro,Beauty,6.39,1.8
4007,Suffer Pro,Toys,349.63,2.7
4008,Item Lite,Clothing,226.3,1.6
4009,Crime Pro,Toys,187.53,4.9
4010,White Plus,Sports,261.84,2.1
4011,Reflect Max,Toys,319.35,1.8
4012,As Lite,Clothing,435.63,4.4
4013,Page Max,Home,247.01,2.1
4014,Floor Pro,Books,6.51,2.9
4015,Safe Pro,Toys,445.02,1.2
4016,Wind Plus,Beauty,148.09,2.7
4017,Appear Lite,Clothing,145.31,1.7
4018,Relationship Pro,Home,393.92,3.1
4019,Who Plus,Books,155.08,1.9
4020,Room Max,Sports,432.6,4.4
4021,Laugh Plus,Books,84.43,1.9
4022,Anything Max,Electronics,391.6,3.6
4023,Today Plus,Clothing,493.31,3.2
4024,Himself Max,Electronics,137.5,2.5
4025,Guy Lite,Sports,53.92,4.4
4026,Tree Lite,Sports,204.84,1.3
4027,Yourself Pro,Clothing,449.89,2.0
4028,Spend Max,Toys,479.05,4.7
4029,Most Max,Sports,251.03,3.1
4030,Speech Max,Electronics,167.05,3.8
4031,I Plus,Beauty,173.94,2.9
4032,Reason Max,Electronics,367.65,3.9
4033,Participant Plus,Books,349.53,2.1
4034,Air Max,Sports,203.97,4.4
4035,Official Lite,Electronics,193.06,3.5
4036,Material Max,Books,27.67,2.3
4037,Sport Plus,Toys,124.38,2.3
4038,Realize Max,Home,478.96,1.1
4039,Skill Pro,Electronics,284.75,1.5
4040,Individual Plus,Toys,26.72,2.9
4041,Risk Pro,Electronics,342.08,4.9
4042,State Plus,Sports,72.18,4.0
4043,Sometimes Max,Books,52.94,2.0
4044,Explain Plus,Electronics,495.7,3.6
4045,Collection Plus,Clothing,51.27,4.7
4046,Wonder Pro,Electronics,403.68,4.2
4047,Early Max,Electronics,240.63,2.1
4048,Area Max,Sports,379.88,3.9
4049,Style Plus,Toys,496.17,4.2
4050,Morning Lite,Electronics,48.91,3.3
4051,Reflect Lite,Electronics,216.42,2.4
4052,City Lite,Toys,228.92,3.8
4053,Director Pro,Sports,53.27,3.5
4054,Result Pro,Sports,141.25,1.7
4055,Too Max,Clothing,370.05,3.9
4056,Industry Max,Toys,108.49,1.5
4057,Story Plus,Electronics,332.52,1.9
4058,Decade Max,Electronics,63.35,4.6
4059,Record Max,Books,315.43,4.5
4060,Artist Lite,Toys,344.95,1.6
4061,Number Pro,Toys,451.07,2.9
4062,Make Pro,Clothing,190.4,3.1
4063,Sound Plus,Electronics,46.99,1.6
4064,Ball Pro,Clothing,210.45,2.7
4065,Owner Max,Books,358.28,3.9
4066,Figure Lite,Home,82.91,5.0
4067,Oil Max,Home,215.32,3.4
4068,Method Plus,Books,161.29,3.4
4069,Half Pro,Clothing,205.88,2.5
4070,Wrong Plus,Electronics,437.99,1.5
4071,Enter Max,Electronics,118.72,3.8
4072,Speech Pro,Beauty,242.26,4.6
4073,Hard Max,Electronics,261.39,3.2
4074,Thought Max,Toys,67.58,4.6
4075,Seat Pro,Clothing,271.81,1.3
4076,Room Pro,Books,134.26,3.2
4077,Law Max,Electronics,216.72,4.4
4078,Production Max,Clothing,402.42,1.9
4079,May Pro,Beauty,78.17,2.8
4080,Easy Plus,Sports,318.76,1.3
4081,Most Lite,Home,86.49,2.1
4082,Ask Lite,Electronics,21.39,1.0
4083,These Pro,Toys,334.12,1.1
4084,Set Pro,Electronics,164.64,4.0
4085,Rise Pro,Electronics,345.54,2.9
4086,Subject Pro,Home,392.91,3.2
4087,Class Lite,Electronics,394.8,4.0
4088,Stop Pro,Sports,79.14,2.4
4089,Skill Plus,Sports,62.0,4.7
4090,Family Lite,Toys,149.61,1.6
4091,However Max,Beauty,335.73,3.2
4092,Spring Lite,Home,263.5,4.1
4093,Consider Max,Clothing,413.06,2.2
4094,Morning Pro,Books,192.83,1.2
4095,Record Plus,Home,17.99,3.4
4096,Success Pro,Sports,134.34,2.0
4097,Put Lite,Sports,174.04,2.4
4098,Wall Lite,Beauty,79.23,2.5
4099,Prepare Pro,Clothing,209.42,4.2
4100,Try Max,Books,187.94,1.2
4101,Laugh Lite,Toys,89.27,3.3
4102,Rule Pro,Beauty,358.57,3.5
4103,You Pro,Home,107.92,2.6
4104,Tree Plus,Beauty,180.76,5.0
4105,Trouble Max,Clothing,36.93,2.1
4106,Media Pro,Electronics,433.3,2.0
4107,Open Pro,Beauty,458.04,4.0
4108,Manage Lite,Sports,367.98,4.8
4109,Debate Max,Beauty,474.48,3.0
4110,Least Max,Beauty,100.96,3.9
4111,Ever Max,Beauty,325.63,2.6
4112,Lot Max,Clothing,338.13,1.6
4113,Care Plus,Beauty,340.56,3.9
4114,Stage Lite,Home,152.31,1.1
4115,Always Plus,Toys,359.91,2.5
4116,Beyond Plus,Clothing,56.53,4.8
4117,Partner Lite,Electronics,233.67,1.2
4118,Entire Plus,Books,473.0,3.5
4119,Company Max,Books,473.34,2.5
4120,Religious Lite,Toys,437.37,1.7
4121,Seem Max,Sports,339.5,2.4
4122,Voice Max,Books,99.88,4.5
4123,Than Pro,Sports,46.88,2.5
4124,Computer Plus,Toys,143.49,2.2
4125,Floor Pro,Toys,116.8,1.4
4126,Boy Max,Beauty,350.22,3.1
4127,Here Lite,Books,364.12,1.5
4128,Any Pro,Sports,345.69,1.2
4129,Perhaps Pro,Toys,149.23,1.8
4130,Population Max,Clothing,485.02,4.3
4131,Accept Max,Toys,265.48,3.3
4132,He Pro,Home,365.58,4.2
4133,Structure Pro,Electronics,51.81,3.4
4134,System Plus,Sports,439.91,1.5
4135,Important Pro,Beauty,487.92,2.0
4136,Force Pro,Sports,341.0,3.0
4137,Teacher Max,Home,323.79,5.0
4138,Group Pro,Home,428.13,3.9
4139,Listen Pro,Toys,307.88,3.0
4140,Other Lite,Home,52.18,4.8
4141,Exactly Plus,Toys,278.51,4.5
4142,Debate Pro,Electronics,456.2,1.8
4143,Tv Pro,Toys,19.55,1.4
4144,Unit Plus,Electronics,277.12,4.4
4145,Boy Pro,Clothing,345.76,2.3
4146,Play Plus,Books,365.98,4.3
4147,Until Pro,Sports,454.43,4.7
4148,Out Max,Home,187.11,4.2
4149,Carry Max,Electronics,42.74,3.4
4150,View Pro,Toys,265.35,4.1
4151,Artist Lite,Electronics,271.92,1.9
4152,Focus Plus,Beauty,241.29,4.4
4153,Write Max,Toys,498.48,1.8
4154,Serious Max,Clothing,305.25,3.0
4155,Wall Pro,Clothing,228.39,2.3
4156,Three Plus,Electronics,50.65,4.7
4157,Success Lite,Clothing,262.24,2.6
4158,None Pro,Toys,186.58,1.1
4159,Event Lite,Clothing,248.73,2.6
4160,Boy Plus,Toys,373.16,3.1
4161,Father Pro,Electronics,374.44,2.7
4162,Out Pro,Electronics,472.2,4.5
4163,Score Pro,Beauty,443.04,2.4
4164,Character Plus,Beauty,48.75,4.5
4165,Live Pro,Home,81.23,2.8
4166,Research Lite,Sports,110.36,4.8
4167,I Max,Books,449.26,2.4
4168,West Plus,Beauty,277.39,2.7
4169,Care Pro,Home,315.06,2.9
4170,Wide Max,Beauty,109.38,3.1
4171,Lot Lite,Books,376.08,1.2
4172,Central Max,Books,448.7,1.0
4173,Add Plus,Toys,101.06,2.2
4174,Itself Plus,Toys,335.22,3.2
4175,List Max,Home,27.83,1.9
4176,School Lite,Beauty,363.31,1.2
4177,Laugh Lite,Home,347.1,1.1
4178,Never Pro,Beauty,187.28,3.3
4179,Staff Pro,Toys,148.23,3.3
4180,Enjoy Pro,Sports,497.7,5.0
4181,Positive Max,Home,379.33,3.8
4182,Management Plus,Toys,314.12,4.2
4183,Draw Lite,Toys,278.59,3.4
4184,Activity Plus,Electronics,445.13,2.2
4185,Soldier Lite,Beauty,195.13,4.8
4186,Either Max,Clothing,168.53,1.4
4187,Among Pro,Toys,252.72,2.2
4188,Interview Max,Clothing,445.82,1.4
4189,Door Max,Books,391.36,4.1
4190,Take Plus,Home,284.14,4.8
4191,Line Pro,Home,313.0,1.1
4192,Article Plus,Clothing,202.01,1.5
4193,Vote Plus,Electronics,322.76,1.7
4194,Lay Max,Books,283.02,5.0
4195,Service Max,Beauty,305.33,2.3
4196,Century Lite,Sports,125.76,4.8
4197,His Max,Sports,449.05,4.0
4198,Expect Lite,Toys,6.52,2.4
4199,Area Plus,Sports,63.31,1.6
4200,Nor Plus,Books,19.82,4.2
4201,Summer Max,Home,297.3,2.4
4202,Money Max,Home,332.15,1.4
4203,Reflect Plus,Beauty,192.26,2.6
4204,Author Pro,Toys,112.23,3.2
4205,Agent Plus,Electronics,337.65,3.7
4206,Power Max,Toys,99.19,3.1
4207,Agree Lite,Toys,64.49,4.4
4208,Result Lite,Home,273.03,2.0
4209,Change Lite,Toys,256.97,3.5
4210,Whose Pro,Toys,19.58,4.8
4211,Ask Plus,Toys,115.75,1.0
4212,Performance Plus,Beauty,198.38,4.5
4213,Authority Pro,Electronics,62.81,4.9
4214,Save Plus,Beauty,105.02,1.3
4215,World Max,Toys,307.89,4.3
4216,Appear Pro,Electronics,472.95,2.5
4217,Idea Pro,Beauty,325.9,1.3
4218,Town Pro,Toys,370.18,1.2
4219,Green Plus,Toys,92.71,3.5
4220,Character Max,Toys,293.32,2.8
4221,Television Plus,Sports,76.11,3.9
4222,Discussion Max,Sports,143.5,1.1
4223,Fill Plus,Home,224.13,2.1
4224,Night Max,Electronics,358.59,2.8
4225,Task Max,Sports,204.59,4.5
4226,Than Max,Beauty,72.91,1.1
4227,Argue Pro,Sports,436.86,3.9
4228,Play Plus,Home,461.93,4.9
4229,Animal Pro,Toys,389.98,1.1
4230,Beautiful Lite,Electronics,485.3,1.8
4231,Color Plus,Clothing,49.15,1.5
4232,Themselves Lite,Books,358.88,1.7
4233,Change Lite,Home,58.81,3.2
4234,Produce Pro,Home,10.27,4.4
4235,Decision Max,Sports,55.32,3.4
4236,Hand Pro,Home,60.75,4.0
4237,Soon Max,Toys,259.08,3.7
4238,Involve Max,Home,250.4,3.3
4239,Mission Lite,Home,65.03,1.9
4240,Defense Pro,Sports,274.87,2.2
4241,Us Pro,Sports,480.81,4.5
4242,Strong Lite,Electronics,74.72,2.6
4243,Government Pro,Toys,51.79,2.1
4244,Stage Pro,Clothing,228.61,3.7
4245,Data Pro,Home,237.85,1.4
4246,Could Max,Home,371.75,3.0
4247,Easy Max,Clothing,42.21,4.3
4248,Several Pro,Home,447.66,3.4
4249,Field Max,Electronics,315.99,2.0
4250,Certain Plus,Clothing,288.4,2.4
4251,Follow Plus,Toys,366.96,3.4
4252,Education Max,Toys,215.88,4.3
4253,Build Max,Electronics,424.8,1.7
4254,Perform Lite,Home,19.43,1.9
4255,Lose Plus,Sports,16.34,4.1
4256,Tree Plus,Home,341.97,5.0
4257,Large Plus,Home,351.56,2.6
4258,Little Plus,Clothing,450.65,3.1
4259,Fast Max,Toys,397.24,2.5
4260,Measure Pro,Home,272.61,1.3
4261,Answer Max,Clothing,115.83,2.4
4262,Important Max,Electronics,496.11,3.7
4263,Real Lite,Electronics,389.76,3.2
4264,Small Plus,Electronics,344.94,2.6
4265,Five Max,Sports,41.07,3.6
4266,Old Max,Electronics,490.94,1.6
4267,Fill Plus,Home,378.71,4.8
4268,Raise Lite,Clothing,217.83,3.4
4269,Art Lite,Toys,275.63,1.1
4270,East Max,Clothing,446.63,1.2
4271,Summer Lite,Toys,21.79,3.4
4272,Marriage Max,Sports,421.67,2.7
4273,Mr Lite,Beauty,484.69,3.6
4274,Beat Lite,Beauty,172.17,3.9
4275,Bring Pro,Sports,46.59,2.4
4276,Throughout Plus,Toys,376.83,1.1
4277,Significant Plus,Electronics,181.68,1.7
4278,Person Plus,Home,198.3,1.8
4279,Race Max,Electronics,467.28,2.8
4280,System Plus,Toys,43.61,3.5
4281,Week Plus,Home,307.16,3.0
4282,Outside Max,Toys,313.7,4.7
4283,Attorney Plus,Sports,423.53,4.3
4284,Probably Max,Books,260.48,1.8
4285,By Pro,Toys,323.44,2.3
4286,Lose Pro,Home,323.56,3.7
4287,Himself Max,Books,30.68,2.1
4288,Yet Pro,Sports,447.88,2.4
4289,We Plus,Home,365.21,2.3
4290,White Plus,Beauty,23.97,3.7
4291,Generation Max,Books,450.38,1.7
4292,First Lite,Toys,190.39,2.0
4293,Debate Plus,Home,298.83,1.8
4294,Notice Lite,Toys,408.54,2.2
4295,Prove Max,Sports,476.06,3.7
4296,Method Lite,Toys,198.74,4.5
4297,Man Max,Beauty,480.43,4.7
4298,Medical Pro,Books,205.43,2.0
4299,Foot Lite,Clothing,268.85,2.4
4300,Goal Plus,Clothing,457.41,2.4
4301,Including Max,Beauty,90.07,4.8
4302,Same Max,Toys,348.83,2.4
4303,Break Lite,Electronics,115.66,5.0
4304,Fly Pro,Beauty,356.75,2.5
4305,Radio Pro,Sports,247.37,2.1
4306,Bar Plus,Toys,281.55,1.1
4307,Pretty Lite,Toys,246.45,3.7
4308,Everything Lite,Clothing,8.76,2.2
4309,Yet Pro,Sports,447.46,4.3
4310,Type Pro,Toys,61.03,2.9
4311,Concern Plus,Clothing,28.21,3.1
4312,Five Lite,Beauty,121.83,4.2
4313,Style Pro,Toys,185.29,2.6
4314,Science Pro,Books,150.36,1.4
4315,Spring Lite,Clothing,58.08,3.9
4316,Wait Lite,Beauty,443.62,4.3
4317,Exactly Plus,Sports,423.71,3.1
4318,Power Max,Toys,215.99,4.4
4319,Parent Pro,Electronics,480.1,2.1
4320,Teacher Max,Sports,432.81,4.2
4321,Significant Lite,Toys,397.26,1.1
4322,Defense Lite,Clothing,231.03,3.5
4323,Political Pro,Sports,297.91,2.9
4324,Have Pro,Beauty,367.59,1.5
4325,Future Plus,Electronics,139.48,1.5
4326,Ball Lite,Home,85.58,1.5
4327,Discover Lite,Beauty,405.5,4.2
4328,Compare Plus,Home,33.89,2.3
4329,Its Plus,Toys,378.37,3.2
4330,Professor Lite,Books,431.98,1.6
4331,Ground Lite,Beauty,171.96,4.0
4332,Collection Lite,Beauty,317.93,3.9
4333,School Plus,Books,399.32,2.3
4334,Down Lite,Clothing,253.51,2.2
4335,Often Pro,Electronics,407.15,2.7
4336,Go Lite,Electronics,72.38,4.4
4337,Lot Pro,Electronics,82.19,2.2
4338,Week Max,Beauty,325.43,1.9
4339,Building Max,Clothing,323.11,4.3
4340,Or Pro,Toys,166.36,2.3
4341,Fill Max,Electronics,165.37,2.9
4342,Fight Max,Sports,318.34,3.2
4343,Small Max,Sports,54.68,2.2
4344,True Plus,Home,295.28,5.0
4345,Side Plus,Clothing,252.29,4.4
4346,Police Max,Home,227.26,3.5
4347,Month Plus,Sports,474.98,3.6
4348,Team Max,Sports,8.15,2.5
4349,Foreign Max,Books,147.52,4.8
4350,Be Pro,Beauty,113.13,4.3
4351,Late Pro,Sports,71.19,4.3
4352,Act Max,Clothing,305.26,4.5
4353,Thing Pro,Sports,155.91,1.4
4354,Far Plus,Sports,9.02,1.4
4355,Black Max,Home,134.88,1.6
4356,Market Plus,Books,16.99,1.7
4357,Fight Plus,Home,261.75,1.3
4358,Measure Plus,Clothing,394.53,4.6
4359,Prevent Plus,Home,163.82,4.0
4360,Service Lite,Beauty,315.73,2.9
4361,Open Plus,Clothing,432.06,4.8
4362,Agreement Lite,Clothing,311.21,3.0
4363,Watch Plus,Home,450.33,3.2
4364,Prove Pro,Home,31.28,4.5
4365,Prevent Plus,Electronics,324.48,1.7
4366,Perform Plus,Sports,111.46,2.8
4367,If Max,Beauty,329.42,4.9
4368,Mean Pro,Books,94.99,1.6
4369,Opportunity Max,Sports,208.91,1.7
4370,Hour Pro,Sports,216.41,2.3
4371,Far Pro,Sports,155.08,3.2
4372,Scene Max,Clothing,448.87,2.3
4373,Federal Lite,Sports,482.25,4.2
4374,Marriage Max,Books,280.19,2.2
4375,Follow Plus,Electronics,247.11,3.6
4376,Certain Plus,Clothing,84.97,2.6
4377,Then Max,Electronics,287.67,2.0
4378,Customer Lite,Beauty,406.33,4.1
4379,Point Pro,Clothing,447.17,3.4
4380,Mission Plus,Electronics,97.46,1.7
4381,Wonder Pro,Clothing,32.44,2.0
4382,Hospital Plus,Toys,265.87,3.0
4383,Thank Pro,Clothing,247.71,4.6
4384,Enjoy Lite,Clothing,291.89,3.2
4385,Oil Max,Clothing,78.87,4.2
4386,Call Pro,Clothing,397.65,2.6
4387,Moment Pro,Beauty,98.28,1.2
4388,Beyond Pro,Books,381.69,3.0
4389,Soldier Plus,Beauty,254.21,4.5
4390,Should Plus,Books,343.38,3.8
4391,Design Lite,Sports,259.6,1.7
4392,Agree Plus,Electronics,400.35,4.7
4393,Fight Pro,Clothing,13.58,4.9
4394,Message Max,Home,324.48,4.3
4395,Friend Lite,Electronics,232.81,2.4
4396,Style Max,Clothing,436.64,3.3
4397,Large Pro,Electronics,390.58,3.6
4398,Good Max,Toys,463.8,4.8
4399,Watch Lite,Sports,16.89,2.2
4400,Face Plus,Books,328.61,3.9
4401,Lawyer Max,Electronics,307.98,1.8
4402,Rather Pro,Beauty,210.71,2.9
4403,Ball Max,Sports,298.78,1.4
4404,Stage Pro,Clothing,201.92,3.5
4405,Test Max,Electronics,107.59,1.5
4406,Clearly Plus,Home,235.94,3.6
4407,Determine Pro,Electronics,304.89,4.0
4408,Bed Pro,Electronics,60.79,2.6
4409,Card Max,Clothing,25.72,3.5
4410,Light Pro,Home,72.31,2.4
4411,Knowledge Plus,Clothing,102.99,3.5
4412,Sort Max,Electronics,150.34,1.8
4413,This Plus,Books,108.16,1.1
4414,Herself Max,Home,327.06,3.7
4415,Bit Lite,Toys,262.89,1.6
4416,Improve Lite,Clothing,54.73,2.1
4417,Dark Plus,Sports,264.78,4.7
4418,Home Pro,Beauty,334.14,4.9
4419,Hear Max,Beauty,146.92,1.5
4420,Mr Max,Sports,424.2,5.0
4421,Little Lite,Sports,193.35,4.2
4422,Story Pro,Toys,465.7,3.9
4423,Threat Lite,Clothing,390.71,3.3
4424,Individual Pro,Toys,53.1,4.9
4425,Life Pro,Clothing,141.35,2.7
4426,Animal Lite,Beauty,166.69,2.5
4427,Garden Lite,Toys,462.39,1.8
4428,Ball Pro,Books,471.05,4.6
4429,Various Max,Electronics,74.72,2.9
4430,According Pro,Home,65.94,3.5
4431,Front Plus,Clothing,280.98,2.1
4432,Standard Max,Beauty,311.62,2.8
4433,Thus Pro,Home,215.97,3.4
4434,Environmental Plus,Clothing,69.34,4.4
4435,Break Pro,Books,163.12,4.8
4436,Decision Max,Toys,439.9,3.5
4437,Above Pro,Clothing,352.09,4.5
4438,Sit Pro,Clothing,34.03,1.1
4439,Identify Lite,Home,478.51,3.3
4440,Military Plus,Books,214.48,4.1
4441,Hope Pro,Books,224.19,3.7
4442,Decision Lite,Books,146.1,4.4
4443,Note Max,Books,242.39,1.4
4444,Or Lite,Home,219.92,1.4
4445,Produce Pro,Toys,63.66,4.1
4446,Guy Pro,Electronics,107.57,4.2
4447,Defense Plus,Beauty,118.78,2.8
4448,Plant Lite,Toys,471.89,3.0
4449,So Plus,Beauty,26.1,1.1
4450,Million Pro,Toys,364.75,2.5
4451,Yes Pro,Clothing,298.41,4.5
4452,Onto Pro,Books,353.63,2.9
4453,Official Max,Beauty,26.01,2.8
4454,Imagine Max,Electronics,233.66,1.9
4455,Rise Pro,Electronics,407.43,2.2
4456,Eye Lite,Home,153.62,4.2
4457,Then Max,Electronics,353.51,1.1
4458,Teacher Plus,Clothing,177.72,4.4
4459,Debate Lite,Home,215.82,2.7
4460,Performance Lite,Home,19.69,1.5
4461,Gas Pro,Books,103.49,3.7
4462,Answer Max,Beauty,204.28,4.3
4463,Old Plus,Books,419.97,4.6
4464,People Plus,Toys,78.71,2.4
4465,Piece Pro,Beauty,124.07,1.6
4466,Store Plus,Electronics,20.88,4.9
4467,Fear Plus,Home,215.65,2.2
4468,Meeting Lite,Sports,296.71,4.0
4469,Four Pro,Electronics,226.23,2.9
4470,Those Plus,Electronics,457.4,1.1
4471,Kid Lite,Beauty,121.8,4.1
4472,Example Pro,Toys,358.88,4.0
4473,Modern Lite,Beauty,6.5,2.0
4474,Base Pro,Books,393.31,1.2
4475,Own Pro,Toys,296.87,3.6
4476,Specific Plus,Home,392.75,3.1
4477,Give Plus,Sports,115.72,1.3
4478,Eight Plus,Beauty,222.31,1.5
4479,Up Plus,Home,303.48,4.0
4480,Do Pro,Home,454.5,4.8
4481,Drug Max,Clothing,245.05,4.8
4482,Economic Plus,Home,287.65,2.0
4483,Tax Max,Toys,164.55,1.7
4484,Night Lite,Beauty,286.39,1.5
4485,Experience Plus,Toys,12.26,3.8
4486,Suddenly Lite,Clothing,442.3,4.4
4487,Same Max,Electronics,111.1,1.2
4488,Pressure Plus,Toys,452.52,4.4
4489,Second Pro,Electronics,208.32,4.4
4490,Discussion Pro,Sports,402.61,3.5
4491,Meet Pro,Toys,465.79,4.7
4492,New Pro,Clothing,187.84,3.8
4493,Thus Plus,Clothing,449.24,1.3
4494,Bill Plus,Electronics,366.82,3.2
4495,Figure Lite,Sports,256.57,4.3
4496,Office Pro,Beauty,464.4,4.6
4497,Center Lite,Beauty,73.43,4.0
4498,Nature Plus,Books,263.36,3.9
4499,Week Max,Beauty,491.51,4.9
4500,Money Lite,Home,466.59,3.2
4501,Usually Pro,Toys,17.72,3.2
4502,Rule Plus,Home,163.5,3.7
4503,Few Max,Toys,98.51,3.3
4504,Population Lite,Beauty,204.6,4.1
4505,Marriage Pro,Clothing,257.89,3.0
4506,Simply Lite,Toys,86.85,3.7
4507,Road Max,Home,364.47,2.6
4508,Drop Plus,Sports,319.52,2.1
4509,Method Lite,Clothing,358.12,2.0
4510,Interview Pro,Toys,292.58,1.4
4511,Sell Plus,Electronics,249.71,3.2
4512,Science Max,Clothing,246.32,3.7
4513,Church Max,Books,362.82,2.4
4514,Force Plus,Beauty,399.94,4.2
4515,Effort Plus,Clothing,149.96,1.2
4516,Rule Plus,Sports,321.63,4.3
4517,Song Plus,Home,275.67,3.9
4518,Interest Plus,Electronics,136.49,3.0
4519,Name Max,Electronics,224.75,1.6
4520,Career Lite,Electronics,196.04,1.6
4521,Human Lite,Beauty,381.22,4.3
4522,Girl Plus,Books,273.6,1.5
4523,Bag Max,Books,269.64,3.1
4524,Role Max,Beauty,25.34,2.7
4525,Strategy Lite,Home,242.36,5.0
4526,Far Plus,Beauty,290.0,2.7
4527,Deep Pro,Electronics,153.45,1.9
4528,Morning Pro,Beauty,448.55,5.0
4529,Lead Max,Books,332.28,4.9
4530,Be Max,Toys,437.2,3.9
4531,Street Pro,Clothing,110.61,3.9
4532,Poor Pro,Books,97.36,2.0
4533,Right Lite,Books,280.37,1.4
4534,Happen Lite,Toys,415.88,1.1
4535,Production Max,Books,453.68,2.1
4536,Them Lite,Home,76.6,1.5
4537,Color Pro,Home,162.35,1.1
4538,Third Max,Sports,148.13,1.1
4539,Ground Plus,Home,423.34,2.9
4540,Common Plus,Sports,37.34,3.1
4541,At Lite,Beauty,271.43,4.0
4542,Political Pro,Beauty,272.82,4.6
4543,Southern Pro,Toys,203.35,4.3
4544,Offer Max,Electronics,139.39,2.8
4545,Dog Plus,Beauty,424.66,1.4
4546,Fall Max,Toys,166.59,1.7
4547,Everybody Plus,Sports,191.38,2.1
4548,Civil Plus,Beauty,333.27,3.5
4549,Baby Max,Sports,487.75,2.6
4550,Cup Plus,Books,465.5,2.5
4551,You Lite,Sports,446.8,1.4
4552,Box Lite,Beauty,134.3,2.3
4553,Against Pro,Electronics,66.44,1.5
4554,More Max,Electronics,423.19,4.1
4555,Once Lite,Clothing,350.01,2.5
4556,Consumer Pro,Books,61.13,2.9
4557,Commercial Plus,Sports,365.46,1.9
4558,Attorney Plus,Clothing,213.52,2.0
4559,Long Max,Electronics,259.76,2.0
4560,North Lite,Beauty,32.63,2.9
4561,Perhaps Pro,Electronics,299.09,3.6
4562,Provide Lite,Toys,72.26,3.1
4563,Mention Lite,Clothing,28.24,4.7
4564,West Plus,Sports,433.27,4.1
4565,Station Plus,Home,251.26,1.2
4566,Economy Plus,Books,85.11,4.3
4567,Cause Lite,Books,214.68,2.5
4568,Red Plus,Books,271.07,1.1
4569,Each Plus,Toys,476.73,4.1
4570,Call Max,Clothing,391.72,4.2
4571,Benefit Pro,Home,69.77,4.4
4572,Green Lite,Books,400.47,4.5
4573,Five Max,Toys,318.6,4.1
4574,Fund Lite,Sports,148.15,1.4
4575,Threat Lite,Beauty,306.08,1.9
4576,Price Pro,Electronics,348.92,3.7
4577,Upon Max,Toys,97.44,1.7
4578,Mrs Lite,Clothing,481.82,4.2
4579,Effect Plus,Home,348.51,2.9
4580,Save Plus,Clothing,383.09,3.5
4581,Security Plus,Electronics,56.31,1.7
4582,Officer Pro,Electronics,189.39,4.9
4583,Heart Lite,Beauty,399.46,3.6
4584,Between Pro,Electronics,381.44,4.9
4585,Without Pro,Electronics,239.92,3.1
4586,Building Plus,Home,356.93,5.0
4587,Part Max,Clothing,437.94,1.7
4588,Mention Lite,Home,465.71,4.6
4589,Simple Lite,Home,71.78,3.9
4590,Since Lite,Toys,86.23,4.2
4591,Foot Pro,Clothing,366.57,4.7
4592,Relationship Pro,Clothing,266.74,1.9
4593,Such Plus,Books,117.85,2.4
4594,Him Plus,Toys,377.52,1.2
4595,Truth Lite,Toys,319.6,2.5
4596,Cut Lite,Beauty,91.54,1.5
4597,Citizen Max,Beauty,165.53,2.0
4598,Build Lite,Electronics,20.56,4.8
4599,Prove Lite,Books,328.15,2.1
4600,Set Plus,Books,371.18,4.5
4601,Collection Pro,Electronics,74.27,1.8
4602,Save Plus,Books,386.03,3.5
4603,Finish Plus,Sports,470.34,3.9
4604,With Pro,Home,222.0,4.1
4605,Meeting Max,Clothing,333.93,3.6
4606,Blue Max,Home,89.01,1.8
4607,Pay Plus,Sports,89.01,1.3
4608,Professional Plus,Books,358.54,3.6
4609,Throughout Pro,Toys,424.16,3.4
4610,Quite Plus,Clothing,414.22,2.0
4611,Third Max,Electronics,196.37,5.0
4612,Onto Max,Books,361.0,3.0
4613,Travel Max,Books,313.94,1.9
4614,Bed Max,Books,10.85,4.4
4615,Heart Pro,Beauty,39.22,4.5
4616,Building Plus,Home,255.05,3.1
4617,Somebody Pro,Toys,215.37,5.0
4618,Society Lite,Books,130.92,3.7
4619,Him Lite,Books,134.63,1.2
4620,Million Max,Toys,269.86,2.4
4621,Series Pro,Home,303.37,1.9
4622,Yeah Pro,Electronics,322.68,3.6
4623,Find Lite,Clothing,323.61,1.5
4624,Baby Plus,Beauty,258.68,2.0
4625,Enter Plus,Toys,312.94,3.3
4626,Already Max,Toys,346.85,1.2
4627,Voice Lite,Home,291.49,1.5
4628,Admit Plus,Electronics,140.75,2.8
4629,Share Max,Books,191.54,1.1
4630,Political Pro,Toys,365.81,3.4
4631,Pick Plus,Sports,130.05,2.1
4632,Happen Max,Toys,280.59,1.9
4633,Direction Plus,Clothing,263.12,2.0
4634,Response Pro,Clothing,488.01,4.9
4635,Mouth Plus,Electronics,198.99,4.3
4636,Job Max,Clothing,260.96,3.1
4637,Watch Pro,Sports,291.15,4.7
4638,Yeah Max,Clothing,64.96,4.3
4639,Factor Pro,Clothing,118.86,4.6
4640,Blue Pro,Electronics,347.37,2.5
4641,Compare Plus,Home,61.73,4.6
4642,Quite Plus,Sports,196.19,1.0
4643,Likely Pro,Toys,151.26,2.5
4644,Carry Pro,Books,35.55,3.9
4645,Minute Lite,Books,326.69,3.6
4646,Energy Pro,Beauty,257.62,1.2
4647,Over Plus,Books,213.46,4.0
4648,Near Max,Clothing,160.86,2.6
4649,Guess Lite,Toys,339.76,1.4
4650,Recent Pro,Clothing,368.0,5.0
4651,Note Plus,Toys,377.04,4.7
4652,Beautiful Pro,Books,409.6,2.1
4653,Heavy Lite,Sports,296.22,2.8
4654,Cut Pro,Books,14.67,3.8
4655,Experience Plus,Home,486.36,3.7
4656,Here Plus,Books,50.55,1.1
4657,Man Plus,Books,153.05,1.3
4658,By Pro,Sports,421.16,5.0
4659,Describe Max,Books,5.78,2.8
4660,Key Lite,Electronics,202.42,4.3
4661,Note Lite,Toys,311.21,1.2
4662,Fly Pro,Books,387.64,4.0
4663,Type Plus,Home,276.38,2.2
4664,Finish Max,Home,269.48,3.3
4665,Mission Plus,Clothing,197.27,2.8
4666,Against Pro,Beauty,120.87,2.7
4667,Forward Pro,Home,266.92,3.7
4668,Ball Plus,Toys,309.11,2.5
4669,Network Lite,Toys,297.72,1.7
4670,Race Plus,Toys,43.38,2.8
4671,Where Plus,Electronics,348.14,1.9
4672,Ability Pro,Electronics,70.69,4.5
4673,Already Lite,Home,425.39,3.5
4674,What Max,Home,12.27,4.9
4675,Nation Pro,Toys,472.09,4.6
4676,His Lite,Clothing,470.67,4.1
4677,Music Lite,Books,257.7,4.9
4678,Population Pro,Home,245.9,2.2
4679,Really Pro,Sports,375.24,3.0
4680,Full Plus,Beauty,96.51,1.3
4681,Shoulder Max,Books,50.49,3.9
4682,Since Plus,Clothing,220.69,1.7
4683,Boy Max,Beauty,471.8,2.3
4684,Above Pro,Home,31.43,3.8
4685,Special Lite,Sports,367.05,2.1
4686,Hope Max,Electronics,412.54,2.4
4687,Close Lite,Books,245.62,4.3
4688,Off Lite,Home,390.85,1.5
4689,Television Max,Clothing,423.06,2.5
4690,In Pro,Sports,289.39,4.8
4691,Oil Pro,Electronics,317.9,1.9
4692,Soldier Lite,Home,141.18,1.2
4693,Open Max,Clothing,414.5,2.1
4694,Open Plus,Clothing,254.03,4.7
4695,Take Lite,Sports,443.31,2.1
4696,Direction Pro,Electronics,245.31,3.6
4697,Old Max,Clothing,345.98,3.9
4698,Central Max,Electronics,72.44,2.7
4699,While Plus,Beauty,462.48,4.2
4700,Huge Lite,Electronics,243.33,1.2
4701,Set Lite,Beauty,322.53,4.0
4702,Event Pro,Electronics,62.5,2.5
4703,Newspaper Pro,Beauty,93.11,2.9
4704,Window Pro,Toys,330.18,2.3
4705,Those Plus,Electronics,375.03,1.2
4706,Will Lite,Clothing,473.77,4.4
4707,Story Plus,Electronics,411.3,1.5
4708,Usually Pro,Electronics,233.88,4.2
4709,Call Lite,Sports,12.28,4.8
4710,Unit Lite,Sports,415.84,3.6
4711,Material Lite,Beauty,357.13,3.8
4712,Since Max,Toys,324.7,4.2
4713,But Plus,Home,298.58,3.3
4714,Night Plus,Books,70.1,2.0
4715,Young Plus,Toys,62.21,4.3
4716,Peace Pro,Beauty,397.55,3.1
4717,Station Max,Home,105.08,2.2
4718,Hand Pro,Clothing,451.34,3.9
4719,Especially Pro,Electronics,132.62,1.2
4720,Management Lite,Toys,282.93,3.4
4721,Per Max,Sports,95.67,2.9
4722,Cover Lite,Clothing,485.56,4.1
4723,Morning Lite,Home,131.74,4.1
4724,Democrat Max,Books,436.32,1.6
4725,Good Pro,Home,431.71,4.9
4726,Though Plus,Electronics,373.94,2.8
4727,Store Max,Sports,498.25,4.6
4728,Account Max,Beauty,155.3,1.7
4729,Camera Max,Home,460.96,4.2
4730,Different Lite,Home,457.93,3.2
4731,Special Lite,Books,31.27,4.3
4732,Gun Lite,Sports,29.81,2.4
4733,Then Lite,Books,44.63,4.8
4734,Dog Max,Clothing,284.46,3.9
4735,Interesting Pro,Beauty,21.84,4.7
4736,Office Lite,Electronics,26.04,3.5
4737,Almost Lite,Sports,18.64,5.0
4738,Mouth Pro,Clothing,54.37,1.3
4739,Provide Pro,Home,390.56,4.8
4740,Idea Pro,Beauty,493.21,1.1
4741,Million Lite,Toys,150.99,4.8
4742,Evening Plus,Electronics,344.94,1.7
4743,Town Pro,Home,359.96,2.5
4744,Four Max,Books,409.7,4.7
4745,Floor Pro,Sports,92.68,1.0
4746,Bad Pro,Sports,71.94,2.8
4747,Customer Lite,Toys,397.97,3.3
4748,Until Pro,Electronics,83.16,2.7
4749,Environmental Pro,Electronics,163.16,2.3
4750,Reflect Max,Books,483.47,3.6
4751,Quite Lite,Home,318.69,3.5
4752,But Pro,Home,144.85,4.8
4753,It Plus,Electronics,383.67,3.8
4754,Moment Max,Home,299.51,1.2
4755,Firm Lite,Sports,372.87,3.7
4756,Question Pro,Clothing,334.88,4.3
4757,Imagine Pro,Electronics,491.37,2.2
4758,Listen Max,Books,387.57,1.0
4759,Make Pro,Electronics,142.33,1.5
4760,Force Pro,Clothing,217.06,3.0
4761,Radio Lite,Electronics,40.64,2.2
4762,Look Pro,Clothing,495.29,2.3
4763,Himself Max,Beauty,182.79,4.0
4764,Large Max,Books,344.58,2.4
4765,Conference Pro,Books,197.02,1.1
4766,Painting Plus,Home,286.85,3.3
4767,With Pro,Home,287.74,4.8
4768,Same Pro,Electronics,275.63,3.9
4769,Least Plus,Books,26.82,3.8
4770,Base Max,Home,252.97,3.8
4771,Building Max,Sports,445.43,1.9
4772,We Max,Beauty,424.9,2.2
4773,Check Lite,Toys,116.39,1.0
4774,Final Plus,Home,191.6,4.4
4775,Quickly Max,Books,167.41,1.9
4776,Marriage Lite,Toys,10.47,3.0
4777,Story Plus,Books,131.28,4.6
4778,Grow Max,Books,57.36,3.1
4779,Three Max,Beauty,35.27,1.7
4780,Image Max,Clothing,395.69,2.2
4781,Across Pro,Electronics,12.54,4.1
4782,Treatment Pro,Sports,448.04,2.7
4783,Activity Pro,Books,125.92,3.5
4784,Site Plus,Beauty,130.37,1.1
4785,Middle Pro,Electronics,195.09,2.8
4786,Forget Max,Beauty,464.12,2.1
4787,Owner Lite,Home,170.37,4.5
4788,Citizen Plus,Books,429.32,4.4
4789,Ahead Pro,Clothing,298.74,3.4
4790,Your Plus,Books,87.91,1.2
4791,We Max,Home,337.16,4.5
4792,Research Pro,Sports,75.03,2.5
4793,Project Max,Electronics,131.64,4.9
4794,Voice Pro,Sports,299.94,1.0
4795,Physical Plus,Electronics,49.96,2.4
4796,Career Max,Clothing,358.28,3.2
4797,Light Max,Clothing,218.57,4.8
4798,Last Pro,Sports,398.65,3.9
4799,So Max,Electronics,179.52,4.6
4800,Money Pro,Beauty,288.56,3.0
4801,Outside Pro,Sports,186.19,1.4
4802,Beautiful Pro,Toys,60.47,2.7
4803,Project Lite,Books,277.37,1.3
4804,Writer Lite,Beauty,376.06,3.8
4805,Sense Plus,Clothing,353.47,1.4
4806,Author Pro,Sports,29.92,5.0
4807,Focus Lite,Clothing,241.98,4.1
4808,Direction Max,Electronics,276.01,2.5
4809,Along Max,Beauty,454.76,2.9
4810,Indicate Max,Toys,256.99,2.3
4811,Continue Lite,Toys,31.44,1.4
4812,New Max,Clothing,362.58,2.9
4813,Two Pro,Electronics,92.93,1.9
4814,Ball Lite,Beauty,68.09,4.7
4815,And Max,Clothing,332.93,1.6
4816,Take Lite,Electronics,142.33,2.9
4817,Because Lite,Sports,109.65,1.5
4818,Meeting Pro,Electronics,213.62,4.8
4819,Expert Lite,Beauty,303.21,1.8
4820,Never Pro,Sports,67.63,3.5
4821,Begin Pro,Clothing,22.88,1.8
4822,Could Pro,Books,468.87,3.8
4823,Such Max,Toys,69.94,3.9
4824,Really Plus,Books,425.99,1.5
4825,Entire Pro,Clothing,189.6,1.8
4826,Improve Max,Beauty,51.3,2.3
4827,Avoid Pro,Home,130.47,1.8
4828,Our Pro,Books,359.05,3.4
4829,Player Plus,Home,232.5,2.6
4830,Able Pro,Beauty,270.95,1.5
4831,Woman Pro,Sports,16.34,1.6
4832,General Pro,Home,342.9,4.3
4833,Example Pro,Home,152.78,4.5
4834,Seek Pro,Toys,472.72,3.3
4835,Improve Max,Electronics,472.34,1.1
4836,Maybe Max,Toys,482.85,3.2
4837,Include Lite,Electronics,311.94,2.6
4838,Story Max,Beauty,45.17,4.5
4839,Respond Pro,Home,245.99,3.0
4840,Capital Lite,Home,280.8,2.5
4841,Travel Plus,Toys,485.01,2.6
4842,Full Pro,Home,120.76,2.6
4843,Fear Max,Electronics,287.31,4.2
4844,Sense Lite,Books,34.92,3.3
4845,Friend Lite,Books,329.73,2.8
4846,Somebody Plus,Home,489.95,3.7
4847,Much Max,Sports,116.24,2.7
4848,Big Pro,Books,325.38,2.5
4849,Fine Plus,Clothing,69.09,1.7
4850,Eat Max,Home,441.62,1.5
4851,Run Lite,Clothing,131.58,4.1
4852,Family Max,Toys,370.73,4.8
4853,Save Lite,Books,338.39,1.4
4854,Though Pro,Beauty,368.8,4.8
4855,Office Pro,Sports,313.27,2.6
4856,Voice Max,Sports,159.01,4.3
4857,International Pro,Sports,302.39,3.7
4858,Sort Lite,Clothing,104.5,2.4
4859,Understand Max,Clothing,361.48,4.8
4860,Guess Lite,Home,487.18,1.7
4861,Line Lite,Sports,33.51,3.1
4862,Short Max,Clothing,134.07,1.8
4863,Century Pro,Toys,346.31,1.3
4864,Reach Lite,Toys,335.89,3.0
4865,Lead Pro,Books,490.17,2.1
4866,Without Plus,Toys,365.24,4.7
4867,Between Lite,Home,168.76,2.8
4868,Style Lite,Sports,387.18,4.6
4869,Course Lite,Clothing,183.44,2.0
4870,Huge Lite,Beauty,238.73,4.4
4871,Boy Plus,Home,465.94,3.4
4872,Major Plus,Toys,36.47,1.8
4873,Box Lite,Clothing,44.14,2.4
4874,Whose Lite,Electronics,270.07,4.6
4875,Network Lite,Toys,468.74,4.7
4876,Letter Lite,Beauty,48.33,2.4
4877,Collection Plus,Beauty,75.58,4.1
4878,Health Lite,Beauty,193.74,2.2
4879,Me Plus,Clothing,60.86,4.7
4880,Because Pro,Home,435.71,2.1
4881,Stop Max,Books,389.58,3.4
4882,Probably Pro,Books,94.89,1.5
4883,Over Lite,Electronics,498.86,4.8
4884,Effect Max,Clothing,397.36,1.6
4885,Hair Plus,Toys,62.59,4.1
4886,No Lite,Clothing,360.61,1.2
4887,Yes Plus,Clothing,330.6,2.8
4888,When Pro,Sports,452.32,1.1
4889,Heart Pro,Home,470.37,4.3
4890,Several Max,Clothing,466.3,1.3
4891,Toward Plus,Electronics,458.49,3.2
4892,Baby Lite,Clothing,108.51,4.3
4893,Show Lite,Sports,448.65,2.7
4894,Person Plus,Books,137.19,3.7
4895,Dinner Plus,Electronics,60.65,1.8
4896,Year Max,Toys,325.81,4.3
4897,Raise Pro,Sports,266.87,4.2
4898,Bank Max,Clothing,452.94,2.9
4899,Green Max,Beauty,217.84,3.7
4900,Have Plus,Clothing,101.51,1.0
4901,And Lite,Electronics,324.62,1.2
4902,Suggest Lite,Toys,80.49,2.8
4903,Off Pro,Electronics,464.15,2.5
4904,After Pro,Electronics,17.53,1.6
4905,Hit Max,Sports,68.37,2.2
4906,They Lite,Home,332.97,4.8
4907,Seek Pro,Home,18.1,2.2
4908,From Pro,Toys,459.64,4.1
4909,Senior Pro,Home,496.76,4.6
4910,Mother Max,Electronics,103.07,3.5
4911,Continue Lite,Sports,81.32,4.1
4912,Indeed Max,Sports,18.26,3.6
4913,Difficult Plus,Toys,126.83,1.5
4914,Relationship Lite,Beauty,179.36,4.6
4915,Everybody Max,Clothing,78.44,1.6
4916,Each Plus,Clothing,351.16,1.8
4917,Consider Max,Electronics,147.23,4.4
4918,Or Max,Toys,180.25,1.5
4919,Collection Plus,Home,48.12,2.4
4920,Cultural Pro,Home,201.56,4.6
4921,Inside Plus,Electronics,258.17,2.6
4922,Save Plus,Toys,480.01,4.1
4923,Green Max,Toys,427.5,2.5
4924,Degree Pro,Electronics,248.24,1.6
4925,Door Pro,Books,324.18,4.8
4926,Administration Max,Beauty,340.5,3.5
4927,Half Max,Sports,49.37,4.4
4928,Together Plus,Sports,382.21,3.1
4929,Threat Lite,Toys,204.26,1.8
4930,Choose Plus,Toys,135.01,1.6
4931,This Max,Sports,491.32,1.6
4932,Thousand Max,Sports,256.64,3.5
4933,Leg Lite,Books,498.58,2.4
4934,Use Max,Sports,408.76,5.0
4935,Miss Max,Clothing,368.45,2.4
4936,Drug Pro,Home,95.61,4.6
4937,Attention Lite,Clothing,188.94,1.2
4938,Themselves Plus,Clothing,417.39,3.5
4939,Every Plus,Toys,400.38,1.3
4940,Professional Pro,Beauty,32.43,2.6
4941,Other Plus,Books,56.75,1.9
4942,Television Plus,Sports,161.05,4.4
4943,Suddenly Lite,Toys,65.4,3.2
4944,Manage Max,Electronics,444.8,1.3
4945,Agent Plus,Clothing,203.64,1.2
4946,Minute Lite,Sports,202.65,3.3
4947,Inside Plus,Sports,185.86,1.3
4948,Exist Lite,Toys,240.69,2.4
4949,Off Lite,Beauty,41.0,1.7
4950,Require Pro,Books,47.81,4.9
4951,Election Lite,Electronics,43.36,4.1
4952,Direction Lite,Books,216.99,1.1
4953,Democratic Pro,Beauty,361.84,3.4
4954,Offer Max,Beauty,163.92,3.2
4955,Still Lite,Toys,96.51,2.9
4956,Few Pro,Toys,72.86,2.0
4957,Fast Plus,Clothing,335.0,1.3
4958,Choose Plus,Electronics,72.3,3.6
4959,Week Max,Books,41.28,1.8
4960,Little Max,Toys,359.64,4.6
4961,Government Plus,Home,268.33,3.6
4962,White Plus,Electronics,285.37,3.1
4963,Where Max,Electronics,86.66,3.0
4964,Child Plus,Clothing,44.55,3.4
4965,Throw Max,Clothing,221.74,2.6
4966,Defense Pro,Home,479.78,3.8
4967,Across Plus,Sports,274.62,2.4
4968,Mr Max,Sports,344.04,4.6
4969,Relationship Lite,Clothing,62.07,1.4
4970,Couple Plus,Books,157.84,1.1
4971,Establish Lite,Clothing,120.42,1.6
4972,Push Max,Electronics,295.12,2.4
4973,Child Pro,Toys,177.81,4.2
4974,Again Lite,Books,283.7,2.8
4975,Reveal Lite,Home,8.41,1.2
4976,Back Max,Home,484.24,2.9
4977,Increase Lite,Books,274.65,4.1
4978,Still Plus,Home,152.38,2.8
4979,Evidence Plus,Books,442.98,1.4
4980,To Max,Home,445.81,2.7
4981,Little Pro,Books,429.66,1.1
4982,Although Plus,Clothing,179.74,3.8
4983,Chair Plus,Clothing,23.63,4.0
4984,Public Lite,Beauty,216.18,1.7
4985,Control Plus,Home,44.14,4.5
4986,Include Lite,Clothing,286.81,2.5
4987,Evening Lite,Clothing,29.52,2.5
4988,Along Plus,Sports,8.94,2.5
4989,Determine Pro,Clothing,266.86,2.9
4990,Travel Max,Home,153.36,4.9
4991,Country Lite,Beauty,148.54,3.1
4992,Even Lite,Beauty,199.77,4.7
4993,Mouth Plus,Sports,220.14,2.2
4994,Sign Lite,Toys,134.55,4.6
4995,Term Lite,Sports,114.6,3.8
4996,Weight Pro,Toys,448.86,3.4
4997,Foot Plus,Beauty,464.36,3.4
4998,Before Max,Toys,354.32,4.4
4999,Home Lite,Beauty,228.19,1.9
5000,Move Lite,Home,135.58,3.1
5001,Tend Max,Clothing,116.14,3.4
5002,Task Plus,Clothing,304.69,2.9
5003,Business Max,Beauty,336.16,3.1
5004,American Lite,Electronics,128.34,1.4
5005,Allow Pro,Toys,287.65,1.5
5006,Generation Max,Electronics,430.91,4.0
5007,Thought Plus,Books,154.17,4.4
5008,Guess Lite,Clothing,147.1,3.8
5009,Bank Plus,Books,171.66,4.2
5010,Challenge Max,Toys,389.98,1.1
5011,Watch Pro,Electronics,154.38,3.3
5012,Order Lite,Home,464.81,1.6
5013,Consider Max,Beauty,32.03,1.1
5014,Go Lite,Electronics,72.5,1.5
5015,Summer Plus,Books,429.94,4.5
5016,Able Plus,Clothing,168.73,2.3
5017,Candidate Plus,Electronics,279.91,2.7
5018,Leader Pro,Beauty,306.69,4.8
5019,Dinner Lite,Sports,183.45,2.2
5020,Traditional Lite,Sports,166.99,2.6
5021,Such Pro,Electronics,115.3,3.2
5022,American Lite,Electronics,443.08,2.2
5023,Fish Max,Clothing,415.26,1.6
5024,Mention Max,Electronics,429.7,1.8
5025,Price Plus,Books,95.64,2.6
5026,City Pro,Electronics,154.12,3.7
5027,Actually Plus,Beauty,372.02,3.7
5028,Skin Plus,Toys,411.67,4.3
5029,People Pro,Beauty,396.78,5.0
5030,Black Lite,Sports,355.38,1.6
5031,Cause Lite,Home,377.87,4.8
5032,Identify Max,Toys,328.64,3.6
5033,Pass Plus,Home,445.19,1.3
5034,Concern Lite,Clothing,496.81,2.2
5035,Deal Lite,Electronics,81.81,3.1
5036,Kitchen Lite,Electronics,85.87,4.3
5037,Company Lite,Home,198.47,1.7
5038,Threat Lite,Sports,436.71,4.7
5039,Our Max,Clothing,104.52,3.1
5040,Claim Max,Beauty,397.64,1.0
5041,Tough Pro,Clothing,168.44,3.3
5042,Free Pro,Clothing,106.18,1.0
5043,Economy Pro,Clothing,102.65,2.6
5044,At Plus,Electronics,368.36,1.5
5045,West Plus,Toys,230.87,4.7
5046,Continue Pro,Home,428.67,1.6
5047,Ability Plus,Beauty,306.93,4.0
5048,He Lite,Clothing,449.83,1.2
5049,Keep Lite,Sports,188.25,1.2
5050,Explain Max,Clothing,368.68,3.2
5051,Threat Lite,Toys,246.38,1.9
5052,Car Max,Books,359.79,4.8
5053,Clearly Max,Electronics,67.89,2.2
5054,Near Pro,Toys,292.86,4.0
5055,Name Pro,Electronics,229.84,1.7
5056,Send Max,Sports,399.55,2.2
5057,Car Lite,Electronics,222.48,4.5
5058,Treatment Plus,Toys,133.18,4.5
5059,Arm Plus,Sports,389.21,1.4
5060,This Plus,Sports,319.85,3.0
5061,Modern Lite,Home,57.41,4.1
5062,Wife Max,Books,29.77,2.4
5063,Church Max,Beauty,436.84,2.8
5064,Well Plus,Sports,78.43,3.0
5065,Room Pro,Clothing,82.0,3.4
5066,Artist Lite,Home,200.13,3.1
5067,Bar Lite,Beauty,363.73,1.6
5068,Environmental Max,Home,128.31,1.8
5069,Pm Pro,Toys,97.22,1.5
5070,Others Pro,Electronics,64.02,2.8
5071,Fire Pro,Clothing,349.96,4.9
5072,Strategy Plus,Toys,459.52,3.5
5073,Conference Pro,Home,428.25,4.5
5074,Act Plus,Books,348.33,4.2
5075,Speak Max,Beauty,79.77,1.4
5076,Reason Lite,Sports,180.71,3.4
5077,Hour Pro,Home,55.5,1.7
5078,Cost Plus,Home,375.48,2.0
5079,Woman Plus,Clothing,85.96,2.4
5080,Difference Lite,Clothing,76.45,2.5
5081,Decide Plus,Sports,163.65,4.2
5082,Common Plus,Toys,479.27,4.6
5083,Pass Pro,Sports,272.09,1.8
5084,Character Lite,Books,154.51,4.5
5085,Practice Pro,Books,253.59,3.1
5086,First Lite,Electronics,139.13,1.1
5087,Structure Max,Electronics,430.79,3.5
5088,Sing Plus,Toys,256.21,2.4
5089,Contain Lite,Clothing,395.07,2.8
5090,Them Lite,Beauty,352.49,1.7
5091,In Plus,Sports,330.68,1.6
5092,Response Lite,Home,120.42,1.7
5093,Type Plus,Home,162.86,1.7
5094,Environment Lite,Beauty,81.04,2.7
5095,Local Plus,Books,273.65,1.6
5096,Information Max,Electronics,328.79,3.3
5097,Better Max,Clothing,298.3,1.5
5098,This Lite,Toys,477.75,4.1
5099,Truth Max,Electronics,80.06,2.3
5100,Many Plus,Clothing,220.77,2.9
5101,Director Max,Sports,207.26,4.3
5102,Bad Lite,Sports,383.15,1.7
5103,You Plus,Home,42.62,3.7
5104,The Pro,Sports,336.07,2.4
5105,Popular Max,Clothing,363.31,1.9
5106,Pretty Pro,Electronics,139.94,3.1
5107,Apply Max,Sports,428.49,1.3
5108,Air Pro,Clothing,426.0,1.4
5109,Yeah Max,Toys,42.75,4.0
5110,See Pro,Sports,189.38,1.6
5111,Everyone Plus,Beauty,211.49,3.0
5112,Government Plus,Books,447.35,1.4
5113,Whether Pro,Beauty,166.72,3.2
5114,Represent Pro,Home,158.11,2.2
5115,Which Max,Toys,419.23,1.0
5116,Popular Plus,Clothing,287.16,3.0
5117,Account Plus,Home,320.95,2.9
5118,Its Lite,Beauty,167.01,3.9
5119,Could Plus,Sports,203.85,4.8
5120,Fight Plus,Sports,158.84,4.0
5121,Technology Plus,Sports,69.0,2.2
5122,Really Max,Electronics,307.2,3.9
5123,History Plus,Toys,76.69,1.3
5124,Most Max,Electronics,156.29,1.3
5125,Reflect Lite,Clothing,307.81,3.1
5126,Doctor Pro,Books,367.71,4.8
5127,Father Pro,Electronics,238.17,3.5
5128,A Max,Toys,381.37,3.4
5129,Support Lite,Beauty,346.87,1.4
5130,Edge Max,Beauty,350.66,1.4
5131,Finally Pro,Electronics,113.57,2.7
5132,Maybe Plus,Electronics,370.06,4.0
5133,Option Pro,Electronics,7.66,4.7
5134,Life Max,Beauty,171.65,3.2
5135,Share Max,Toys,52.7,2.3
5136,Member Pro,Books,405.76,2.1
5137,Save Max,Beauty,356.34,4.7
5138,Finish Max,Home,422.01,3.5
5139,Economic Pro,Electronics,228.3,3.1
5140,Probably Plus,Clothing,412.2,4.0
5141,Answer Max,Toys,117.43,4.4
5142,Particularly Max,Toys,253.29,4.6
5143,Eat Max,Clothing,408.21,2.6
5144,Back Pro,Beauty,171.43,1.5
5145,Present Plus,Clothing,201.84,1.4
5146,Real Plus,Beauty,155.83,4.1
5147,Cold Pro,Electronics,98.99,3.7
5148,Everything Max,Clothing,450.53,3.9
5149,Then Max,Electronics,338.15,4.4
5150,Late Max,Books,449.37,2.8
5151,At Pro,Beauty,241.05,3.8
5152,Both Pro,Home,476.57,2.9
5153,Drive Plus,Electronics,327.07,2.7
5154,Think Lite,Toys,293.09,1.0
5155,Soon Pro,Toys,328.82,2.1
5156,Body Pro,Beauty,68.08,3.4
5157,Teach Plus,Electronics,233.02,3.0
5158,Animal Pro,Books,485.12,2.7
5159,Popular Max,Beauty,347.93,2.4
5160,Wife Plus,Clothing,368.54,1.1
5161,Method Max,Sports,198.44,2.5
5162,Participant Plus,Beauty,195.31,1.7
5163,Last Lite,Beauty,415.57,1.6
5164,Democratic Plus,Clothing,157.48,3.0
5165,Measure Max,Books,166.44,3.4
5166,Lose Plus,Sports,320.05,4.1
5167,Check Lite,Clothing,291.77,3.4
5168,Sort Plus,Books,315.56,1.6
5169,Response Plus,Home,297.18,5.0
5170,Question Pro,Toys,221.75,3.5
5171,Tree Plus,Electronics,283.41,3.2
5172,Couple Plus,Books,344.57,3.0
5173,Station Lite,Sports,310.81,3.3
5174,Attorney Plus,Books,42.26,3.0
5175,Resource Lite,Electronics,208.42,2.0
5176,Successful Plus,Beauty,472.14,2.4
5177,Half Plus,Sports,292.85,4.2
5178,Simple Pro,Home,150.02,3.3
5179,Try Pro,Books,148.56,1.0
5180,Kid Max,Sports,321.8,4.2
5181,Fight Pro,Books,482.6,1.5
5182,Response Pro,Clothing,202.24,4.8
5183,Surface Pro,Home,203.11,3.2
5184,Nothing Pro,Electronics,420.73,1.7
5185,Impact Lite,Books,262.44,4.1
5186,What Pro,Beauty,439.24,3.3
5187,Accept Max,Toys,334.53,1.2
5188,Policy Plus,Books,335.04,3.2
5189,Figure Max,Beauty,299.53,2.9
5190,Get Pro,Beauty,177.08,4.9
5191,Attack Max,Electronics,78.94,4.8
5192,Boy Lite,Electronics,28.39,1.9
5193,Either Lite,Sports,198.24,3.7
5194,Particular Pro,Beauty,444.86,4.1
5195,Series Lite,Sports,105.64,4.6
5196,Wife Lite,Home,149.93,3.2
5197,Assume Max,Toys,221.95,3.2
5198,Physical Lite,Home,227.17,1.2
5199,Forget Plus,Sports,456.57,3.6
5200,She Plus,Clothing,210.15,3.6
5201,Floor Pro,Electronics,60.93,4.0
5202,Republican Plus,Books,444.84,1.5
5203,The Max,Books,459.87,2.2
5204,Put Lite,Clothing,302.72,4.8
5205,Child Plus,Home,140.76,2.4
5206,Two Plus,Beauty,451.68,2.6
5207,Word Lite,Clothing,153.94,1.2
5208,Store Max,Toys,390.17,1.5
5209,Course Lite,Beauty,300.69,4.5
5210,Share Max,Books,466.56,4.1
5211,Even Max,Toys,94.5,3.4
5212,Manage Lite,Clothing,111.65,3.5
5213,Care Lite,Home,397.6,2.0
5214,Authority Lite,Home,450.88,2.2
5215,Identify Lite,Sports,393.81,2.5
5216,Capital Max,Beauty,221.35,1.7
5217,Beyond Max,Beauty,116.49,1.0
5218,Somebody Pro,Clothing,147.3,3.9
5219,Still Max,Electronics,87.28,4.3
5220,Suffer Pro,Electronics,371.81,2.6
5221,Media Max,Electronics,465.61,1.3
5222,Court Plus,Clothing,461.95,3.6
5223,Authority Plus,Home,82.74,4.1
5224,Maybe Max,Beauty,176.52,2.3
5225,Situation Lite,Beauty,165.74,1.7
5226,Radio Lite,Clothing,342.23,2.4
5227,Process Lite,Electronics,206.01,4.9
5228,May Lite,Home,187.28,1.3
5229,Discuss Pro,Electronics,171.31,1.2
5230,Everything Pro,Books,157.71,1.4
5231,Along Plus,Home,157.09,2.9
5232,We Lite,Sports,111.34,4.1
5233,Treat Lite,Home,437.55,3.9
5234,From Lite,Electronics,417.47,4.4
5235,Continue Pro,Books,292.39,3.8
5236,Own Plus,Clothing,133.68,4.4
5237,Successful Max,Electronics,170.02,3.0
5238,Rule Pro,Clothing,101.64,3.1
5239,Base Plus,Electronics,437.55,1.3
5240,National Max,Clothing,413.62,3.1
5241,Move Max,Home,468.49,3.1
5242,Medical Max,Toys,457.24,1.3
5243,At Max,Home,273.94,1.8
5244,Opportunity Lite,Toys,279.65,1.7
5245,Certainly Pro,Books,94.86,2.8
5246,Doctor Lite,Home,166.72,3.6
5247,On Lite,Sports,117.08,4.2
5248,Apply Pro,Electronics,258.38,4.5
5249,Benefit Lite,Home,344.35,1.8
5250,Moment Lite,Toys,193.85,1.4
5251,Turn Plus,Home,372.44,4.7
5252,Close Plus,Beauty,466.41,4.9
5253,Family Max,Clothing,407.75,1.5
5254,Music Lite,Home,316.41,2.7
5255,Dinner Lite,Electronics,306.75,3.3
5256,Image Pro,Sports,23.28,1.2
5257,South Lite,Home,117.8,1.1
5258,Whom Max,Toys,465.91,3.8
5259,He Max,Electronics,353.61,3.2
5260,Across Plus,Sports,263.42,4.6
5261,Likely Max,Sports,150.93,2.1
5262,Process Lite,Beauty,376.79,4.6
5263,Out Plus,Beauty,188.5,1.7
5264,Management Lite,Toys,388.69,3.0
5265,Hear Lite,Toys,262.35,4.8
5266,Foot Pro,Toys,298.21,1.7
5267,Coach Pro,Home,373.87,2.9
5268,Night Pro,Toys,73.14,3.1
5269,Health Max,Sports,306.18,4.4
5270,Avoid Pro,Home,12.12,2.3
5271,Pattern Lite,Books,463.09,4.2
5272,Case Lite,Toys,463.35,2.7
5273,Work Max,Beauty,497.48,4.9
5274,Toward Pro,Electronics,95.2,1.9
5275,Magazine Pro,Clothing,266.44,2.4
5276,News Plus,Toys,270.51,4.1
5277,Sport Max,Beauty,493.11,3.0
5278,Oil Pro,Books,472.9,2.3
5279,Approach Pro,Toys,16.22,4.2
5280,Ready Max,Toys,57.16,2.9
5281,Always Pro,Books,161.23,3.2
5282,Nice Plus,Home,294.67,1.9
5283,Actually Lite,Electronics,315.86,3.6
5284,Hospital Pro,Toys,362.35,4.8
5285,Skin Pro,Toys,418.89,2.3
5286,Eight Max,Sports,200.31,4.0
5287,Live Pro,Electronics,289.96,4.1
5288,Travel Pro,Electronics,128.07,4.4
5289,Choice Max,Toys,288.89,2.9
5290,Soldier Max,Sports,433.74,2.4
5291,Strategy Max,Sports,216.16,3.3
5292,Need Lite,Toys,269.83,1.4
5293,Program Pro,Electronics,145.29,1.2
5294,Small Max,Books,110.03,2.8
5295,Tree Plus,Electronics,453.36,4.7
5296,Color Plus,Clothing,192.66,2.6
5297,Future Plus,Electronics,112.43,2.4
5298,Lawyer Plus,Beauty,126.45,2.4
5299,Everything Pro,Sports,8.52,2.3
5300,Prevent Lite,Toys,488.4,4.4
5301,Serve Plus,Electronics,186.53,4.8
5302,Letter Plus,Sports,126.92,3.6
5303,Friend Plus,Toys,190.91,3.3
5304,Road Max,Books,176.63,4.5
5305,Lay Pro,Home,148.64,2.6
5306,Structure Pro,Sports,71.34,3.0
5307,Cut Max,Home,245.65,2.8
5308,Meeting Max,Beauty,299.28,5.0
5309,Daughter Plus,Home,7.32,4.7
5310,Truth Lite,Clothing,263.01,2.5
5311,Sea Lite,Books,39.0,3.8
5312,Identify Plus,Electronics,22.31,1.4
5313,Interesting Plus,Books,319.13,1.8
5314,Thing Lite,Home,414.98,1.2
5315,Million Lite,Electronics,23.55,3.7
5316,Where Pro,Clothing,247.76,1.9
5317,Positive Lite,Clothing,245.87,1.8
5318,Money Max,Toys,257.01,1.4
5319,Trip Lite,Sports,138.94,1.5
5320,Reveal Max,Beauty,161.91,1.8
5321,Among Pro,Beauty,208.82,4.2
5322,Which Plus,Home,204.06,3.8
5323,Three Pro,Beauty,90.98,3.0
5324,Truth Lite,Beauty,257.03,4.1
5325,Political Lite,Toys,480.65,1.4
5326,Including Max,Toys,416.56,2.3
5327,Much Plus,Clothing,423.7,1.5
5328,Pattern Lite,Clothing,15.53,4.9
5329,Agree Pro,Toys,57.3,2.5
5330,Opportunity Lite,Toys,361.82,4.3
5331,Leader Max,Books,473.82,3.4
5332,Never Pro,Beauty,249.24,3.2
5333,Blood Plus,Sports,374.97,4.8
5334,Life Max,Sports,120.85,2.6
5335,Stock Plus,Home,11.89,2.0
5336,Without Max,Sports,9.17,1.0
5337,Point Pro,Books,100.54,4.3
5338,Subject Plus,Electronics,97.21,1.5
5339,Draw Max,Books,135.93,1.7
5340,Production Pro,Books,38.57,4.4
5341,Yeah Max,Electronics,307.55,3.9
5342,Miss Lite,Home,233.6,1.0
5343,Yes Lite,Electronics,14.74,3.8
5344,Manage Plus,Sports,297.82,3.8
5345,See Pro,Beauty,111.47,2.1
5346,Blue Max,Toys,277.66,1.3
5347,Need Plus,Sports,309.98,1.4
5348,Agent Max,Clothing,376.57,3.2
5349,Executive Plus,Electronics,295.75,3.9
5350,Down Plus,Clothing,373.48,4.9
5351,Together Plus,Clothing,95.75,2.5
5352,Offer Plus,Toys,152.78,1.6
5353,News Lite,Electronics,136.18,4.6
5354,Visit Max,Clothing,212.51,1.4
5355,Organization Pro,Electronics,100.25,2.5
5356,Several Plus,Electronics,345.33,1.9
5357,Sea Plus,Electronics,78.91,2.6
5358,News Max,Electronics,467.45,1.6
5359,Range Pro,Electronics,299.31,4.1
5360,Able Max,Home,447.16,2.7
5361,Wife Max,Electronics,287.76,1.8
5362,Far Pro,Electronics,172.79,2.9
5363,Soldier Lite,Electronics,34.67,3.0
5364,Director Max,Books,477.88,3.3
5365,Rest Pro,Electronics,400.27,1.9
5366,Key Plus,Electronics,98.81,4.1
5367,He Plus,Clothing,84.32,1.4
5368,Night Plus,Beauty,25.42,3.0
5369,Ability Pro,Sports,197.97,1.6
5370,Level Pro,Electronics,403.11,2.0
5371,Cell Lite,Sports,206.72,1.4
5372,Environment Plus,Electronics,286.89,3.2
5373,Finish Pro,Home,417.95,2.8
5374,Imagine Lite,Clothing,206.5,4.9
5375,Direction Max,Toys,116.66,2.2
5376,Organization Max,Clothing,183.47,1.4
5377,Pretty Plus,Electronics,76.32,1.7
5378,Guess Lite,Toys,45.73,4.8
5379,He Pro,Beauty,139.44,4.0
5380,Tough Plus,Toys,422.07,4.5
5381,Relationship Plus,Beauty,16.19,3.7
5382,Second Plus,Sports,314.63,2.3
5383,One Max,Clothing,237.81,1.3
5384,Him Plus,Beauty,410.08,3.9
5385,Until Pro,Sports,71.3,4.8
5386,Firm Lite,Beauty,272.32,1.4
5387,As Pro,Clothing,57.36,3.3
5388,Single Pro,Books,477.77,3.1
5389,Official Pro,Clothing,403.68,3.2
5390,Like Plus,Toys,353.04,3.9
5391,Challenge Plus,Books,242.09,2.7
5392,Civil Plus,Clothing,110.88,2.5
5393,Know Pro,Electronics,252.6,2.1
5394,From Plus,Books,16.7,4.0
5395,Pull Plus,Toys,330.39,4.9
5396,Cost Pro,Beauty,21.1,2.2
5397,Cost Max,Electronics,221.41,1.2
5398,Marriage Plus,Beauty,369.8,4.1
5399,Country Max,Home,305.93,3.9
5400,Resource Max,Toys,102.7,2.3
5401,Great Max,Books,272.46,3.0
5402,Summer Lite,Home,472.55,1.2
5403,Scene Max,Electronics,115.88,4.9
5404,Rate Plus,Books,140.79,1.7
5405,Information Pro,Clothing,37.63,1.7
5406,Foot Plus,Sports,469.71,1.6
5407,Over Pro,Books,451.82,1.0
5408,Recent Max,Toys,112.81,1.2
5409,Ball Pro,Beauty,261.9,2.0
5410,Work Lite,Sports,358.59,2.6
5411,Call Max,Beauty,60.06,1.0
5412,Thing Pro,Electronics,129.8,2.6
5413,At Pro,Electronics,291.92,4.4
5414,Go Pro,Home,286.02,4.0
5415,Rate Max,Toys,121.37,3.7
5416,Miss Max,Home,372.37,3.3
5417,Fund Plus,Sports,359.6,1.2
5418,Professor Pro,Beauty,398.6,2.3
5419,Exactly Pro,Toys,433.97,3.2
5420,Avoid Plus,Books,197.31,1.2
5421,Many Pro,Beauty,408.89,4.9
5422,Activity Lite,Sports,113.46,2.7
5423,Rise Pro,Sports,418.34,4.8
5424,It Pro,Electronics,264.08,1.3
5425,Responsibility Pro,Sports,304.04,3.6
5426,Above Lite,Books,253.12,4.0
5427,Law Lite,Clothing,486.53,1.8
5428,Business Lite,Toys,424.69,1.0
5429,Enter Lite,Clothing,165.35,2.0
5430,We Plus,Home,19.84,2.3
5431,Small Lite,Books,293.09,3.8
5432,Great Plus,Home,223.6,3.9
5433,Modern Pro,Electronics,277.52,2.1
5434,Kitchen Pro,Toys,73.94,4.1
5435,Market Pro,Sports,255.96,4.7
5436,Statement Max,Beauty,226.14,4.7
5437,Measure Lite,Electronics,78.9,4.6
5438,Scientist Max,Electronics,267.78,3.0
5439,Its Pro,Home,134.73,2.3
5440,Wife Max,Home,117.56,4.7
5441,Instead Max,Home,159.23,4.8
5442,Yard Max,Books,497.89,1.1
5443,Model Lite,Electronics,83.94,1.4
5444,Happen Max,Beauty,352.1,1.4
5445,Subject Pro,Sports,212.24,1.3
5446,Them Max,Toys,317.62,2.3
5447,Ground Pro,Books,334.45,4.6
5448,Sort Pro,Electronics,35.11,3.4
5449,She Max,Electronics,135.93,2.6
5450,Family Pro,Electronics,68.25,2.0
5451,Authority Max,Home,47.9,1.4
5452,Help Max,Clothing,491.89,1.5
5453,Identify Plus,Electronics,178.67,1.5
5454,Wind Lite,Beauty,359.09,1.0
5455,Discussion Plus,Home,376.96,1.9
5456,Strategy Lite,Books,194.01,1.2
5457,Former Lite,Sports,92.96,1.6
5458,Big Plus,Home,493.85,4.4
5459,Spring Lite,Home,413.48,1.1
5460,Art Pro,Books,122.12,2.5
5461,Every Max,Sports,158.02,4.4
5462,West Lite,Clothing,178.11,4.8
5463,South Pro,Home,499.59,3.1
5464,Success Max,Books,379.65,4.0
5465,Hit Max,Toys,232.13,4.8
5466,Team Plus,Home,493.5,3.0
5467,Admit Plus,Sports,405.57,4.7
5468,Want Plus,Clothing,428.68,2.1
5469,Account Pro,Beauty,440.26,4.5
5470,Nearly Plus,Toys,275.16,3.0
5471,Idea Lite,Toys,313.65,2.9
5472,Politics Pro,Sports,84.02,1.2
5473,Grow Max,Books,12.45,2.7
5474,Body Pro,Toys,257.58,3.0
5475,Present Plus,Books,486.91,1.5
5476,Central Lite,Toys,139.58,1.8
5477,Magazine Pro,Books,364.4,4.5
5478,Describe Plus,Beauty,80.42,1.4
5479,Step Pro,Books,396.36,2.7
5480,Sell Lite,Beauty,370.44,2.4
5481,Effort Lite,Books,289.54,1.7
5482,Site Plus,Sports,347.02,4.2
5483,Easy Pro,Toys,66.24,3.7
5484,Bad Plus,Toys,101.8,3.2
5485,Popular Max,Home,128.29,4.4
5486,Economic Plus,Clothing,156.83,2.3
5487,Off Lite,Beauty,437.84,3.0
5488,Allow Max,Sports,37.06,3.1
5489,Health Plus,Beauty,16.48,2.6
5490,Edge Lite,Toys,388.2,2.4
5491,Now Pro,Toys,54.87,1.2
5492,Rather Pro,Clothing,408.51,2.5
5493,Return Max,Sports,376.13,1.3
5494,Reason Max,Clothing,432.28,1.5
5495,Per Plus,Electronics,158.92,4.0
5496,Believe Plus,Electronics,412.78,2.0
5497,Them Max,Electronics,358.2,3.6
5498,Institution Plus,Electronics,493.79,1.8
5499,Job Pro,Sports,104.81,3.4
5500,Heart Pro,Electronics,49.29,2.1
5501,Hit Pro,Clothing,152.42,4.7
5502,Daughter Pro,Clothing,57.93,3.8
5503,Increase Pro,Beauty,412.2,4.0
5504,Every Plus,Electronics,391.43,1.4
5505,Present Plus,Clothing,381.48,4.8
5506,Big Pro,Sports,256.13,1.4
5507,Evidence Lite,Toys,489.2,2.9
5508,Cold Lite,Toys,185.51,1.0
5509,Rule Pro,Electronics,106.99,2.8
5510,Challenge Max,Books,267.4,3.8
5511,Leader Pro,Home,461.7,3.2
5512,President Plus,Beauty,373.62,2.9
5513,Break Plus,Beauty,381.42,3.9
5514,Drive Plus,Electronics,473.02,1.4
5515,Particular Pro,Beauty,346.68,1.4
5516,Daughter Plus,Toys,81.54,4.6
5517,Suffer Plus,Books,243.16,4.1
5518,Should Max,Home,172.73,1.9
5519,However Plus,Home,282.03,1.4
5520,Than Pro,Clothing,400.14,3.2
5521,Development Lite,Toys,179.19,4.5
5522,Single Pro,Electronics,89.01,2.0
5523,Top Lite,Clothing,400.21,1.5
5524,Trip Plus,Clothing,85.32,4.3
5525,Think Plus,Beauty,23.84,5.0
5526,Return Plus,Beauty,179.44,2.8
5527,Agency Plus,Sports,238.72,2.6
5528,Whose Plus,Sports,342.91,1.3
5529,You Pro,Clothing,291.14,4.9
5530,Although Lite,Sports,375.54,4.5
5531,Throw Max,Electronics,164.32,3.9
5532,Project Plus,Books,412.61,2.6
5533,Size Pro,Home,464.23,1.9
5534,Wrong Lite,Electronics,489.72,4.8
5535,Successful Lite,Toys,82.49,4.4
5536,Huge Pro,Beauty,271.41,1.9
5537,Born Max,Books,273.21,2.2
5538,Daughter Pro,Clothing,16.67,2.2
5539,But Pro,Sports,215.42,4.2
5540,Only Pro,Toys,12.66,4.4
5541,Hot Pro,Clothing,54.96,4.6
5542,Live Plus,Home,361.25,4.1
5543,Part Plus,Sports,148.95,3.9
5544,Your Max,Clothing,335.53,4.7
5545,Clearly Lite,Clothing,158.38,1.4
5546,State Pro,Books,13.45,1.5
5547,Soon Lite,Home,213.2,4.1
5548,Both Max,Home,255.25,4.2
5549,Produce Plus,Toys,479.78,2.3
5550,Tonight Max,Beauty,171.8,4.0
5551,Occur Pro,Clothing,275.27,1.3
5552,Generation Plus,Home,168.11,1.4
5553,Put Max,Beauty,189.2,3.3
5554,Particular Pro,Books,184.33,1.6
5555,Teacher Pro,Toys,337.37,3.4
5556,Democrat Max,Clothing,368.5,1.1
5557,Partner Lite,Toys,149.9,4.0
5558,Congress Lite,Toys,143.69,4.1
5559,Clearly Plus,Clothing,23.16,1.3
5560,West Pro,Electronics,233.04,1.2
5561,Certainly Plus,Electronics,184.02,4.2
5562,Home Plus,Beauty,497.48,4.0
5563,Sea Plus,Sports,362.72,1.9
5564,Reveal Plus,Books,156.91,1.9
5565,Discover Pro,Toys,96.93,2.8
5566,Part Pro,Toys,154.35,4.4
5567,Hand Plus,Sports,94.63,1.2
5568,Entire Max,Books,133.48,4.0
5569,Break Plus,Clothing,447.28,1.7
5570,Bar Lite,Electronics,227.1,2.7
5571,Bag Max,Electronics,225.43,4.6
5572,Citizen Max,Clothing,241.73,1.3
5573,Citizen Max,Books,108.08,3.2
5574,Reduce Plus,Home,211.7,1.6
5575,Popular Max,Clothing,447.09,2.7
5576,Billion Plus,Beauty,30.8,4.6
5577,Sport Pro,Toys,135.31,4.7
5578,Entire Plus,Beauty,341.31,1.7
5579,Perform Lite,Toys,188.41,1.9
5580,Down Pro,Books,395.16,3.7
5581,Administration Max,Home,104.01,2.7
5582,Vote Pro,Books,300.11,2.8
5583,White Lite,Toys,9.37,1.8
5584,General Lite,Home,227.86,3.9
5585,Wear Plus,Home,356.79,2.4
5586,Visit Max,Home,426.02,3.3
5587,Score Pro,Clothing,416.43,3.1
5588,Believe Max,Toys,94.56,1.8
5589,Including Plus,Sports,419.46,2.8
5590,Environment Max,Clothing,34.52,1.7
5591,Ago Max,Home,56.13,4.0
5592,Consider Plus,Toys,188.64,4.5
5593,Thousand Plus,Beauty,64.74,3.0
5594,I Plus,Clothing,33.32,2.2
5595,Wide Lite,Electronics,148.03,4.3
5596,Later Plus,Beauty,278.96,1.1
5597,Country Max,Electronics,418.6,4.8
5598,Character Pro,Clothing,294.33,4.2
5599,Daughter Max,Electronics,449.75,4.0
5600,Teacher Pro,Electronics,498.46,4.6
5601,Statement Max,Sports,201.77,3.0
5602,Alone Pro,Electronics,214.04,1.1
5603,Finish Pro,Home,234.95,4.5
5604,She Pro,Clothing,404.08,1.3
5605,Some Max,Home,444.11,1.2
5606,Tonight Lite,Sports,10.34,1.1
5607,Want Max,Clothing,96.45,4.3
5608,Call Max,Books,458.83,2.5
5609,Hear Max,Toys,61.0,4.2
5610,Administration Max,Beauty,142.93,2.8
5611,Let Max,Beauty,7.64,1.9
5612,Beautiful Pro,Sports,201.86,4.7
5613,Year Lite,Electronics,82.36,2.4
5614,Opportunity Lite,Electronics,350.95,1.9
5615,Become Max,Clothing,233.7,1.6
5616,Happy Plus,Clothing,272.75,1.3
5617,Majority Pro,Toys,196.87,2.4
5618,Growth Pro,Books,487.6,3.3
5619,Into Plus,Electronics,67.09,2.7
5620,Stuff Plus,Home,200.59,2.3
5621,Next Max,Home,432.19,3.2
5622,Although Lite,Books,488.73,3.4
5623,Race Lite,Beauty,375.71,3.3
5624,Material Pro,Home,362.78,3.0
5625,Consider Plus,Books,408.95,2.7
5626,Knowledge Plus,Books,378.0,4.4
5627,Success Pro,Clothing,27.07,1.0
5628,Same Pro,Beauty,480.12,4.4
5629,With Pro,Clothing,97.15,1.3
5630,Task Lite,Toys,413.51,2.2
5631,Clear Max,Beauty,21.12,2.0
5632,Cold Pro,Beauty,116.46,4.6
5633,Theory Lite,Clothing,127.4,1.7
5634,Race Max,Clothing,181.97,1.2
5635,Close Lite,Sports,403.65,2.4
5636,Join Pro,Electronics,311.0,3.9
5637,Reveal Lite,Books,167.64,3.9
5638,Cut Pro,Clothing,428.38,3.3
5639,Quickly Lite,Sports,392.77,3.5
5640,Wish Max,Clothing,438.2,2.2
5641,Knowledge Max,Home,459.97,3.4
5642,Mr Max,Electronics,406.86,1.1
5643,Lot Max,Electronics,67.53,4.9
5644,Team Lite,Toys,138.76,1.6
5645,Week Pro,Home,391.14,4.0
5646,Find Plus,Books,454.3,3.4
5647,Pick Max,Electronics,63.36,2.0
5648,Employee Plus,Home,103.05,2.9
5649,Yeah Lite,Beauty,188.99,1.6
5650,Last Pro,Home,95.21,4.1
5651,Thing Lite,Sports,50.99,1.8
5652,Discussion Plus,Books,312.96,4.2
5653,Important Max,Clothing,200.78,1.3
5654,There Max,Electronics,243.4,1.9
5655,Alone Plus,Clothing,472.36,4.4
5656,Popular Lite,Home,162.66,3.7
5657,Safe Plus,Books,194.63,4.6
5658,Official Max,Sports,17.58,3.5
5659,Eye Pro,Home,405.28,1.9
5660,Hot Pro,Beauty,298.58,3.6
5661,Religious Lite,Books,437.91,2.1
5662,Moment Max,Clothing,354.05,1.3
5663,Suddenly Max,Toys,169.27,1.0
5664,Radio Pro,Books,108.89,4.1
5665,Hard Pro,Beauty,321.72,2.2
5666,Hundred Pro,Beauty,426.42,2.9
5667,Sort Plus,Sports,74.13,2.9
5668,Executive Max,Books,347.75,2.0
5669,Former Max,Clothing,485.52,3.0
5670,Adult Max,Sports,410.23,3.5
5671,Generation Lite,Sports,466.23,4.2
5672,Price Max,Sports,464.2,1.0
5673,Simply Plus,Home,25.52,3.0
5674,Left Plus,Toys,289.42,4.8
5675,With Max,Toys,89.23,3.4
5676,Tough Plus,Books,52.16,4.5
5677,Usually Pro,Clothing,173.45,3.9
5678,Special Lite,Home,141.09,4.5
5679,About Lite,Sports,254.21,4.1
5680,Within Max,Toys,370.71,1.7
5681,Teach Lite,Sports,221.44,4.2
5682,Wife Max,Home,395.33,1.1
5683,Long Lite,Home,243.72,3.6
5684,Century Max,Books,156.05,1.9
5685,Anyone Lite,Sports,189.75,4.1
5686,Cultural Plus,Clothing,279.95,1.7
5687,Stop Lite,Electronics,378.72,3.1
5688,Country Lite,Sports,398.93,4.7
5689,Before Plus,Clothing,379.68,5.0
5690,Name Plus,Clothing,278.47,1.8
5691,Them Lite,Clothing,324.83,1.4
5692,Account Max,Toys,85.45,4.7
5693,Maintain Pro,Books,287.02,1.7
5694,Budget Pro,Toys,11.66,3.8
5695,Foreign Plus,Home,89.27,3.8
5696,War Pro,Clothing,207.91,1.0
5697,Lawyer Lite,Toys,420.38,4.9
5698,Do Lite,Home,101.13,1.3
5699,Carry Lite,Sports,24.47,3.9
5700,Job Pro,Electronics,369.98,1.3
5701,According Max,Clothing,188.51,1.8
5702,Television Max,Clothing,84.36,4.3
5703,Notice Pro,Electronics,475.07,1.9
5704,Together Pro,Sports,28.15,4.9
5705,Hundred Max,Home,245.5,1.1
5706,Form Plus,Books,203.12,4.7
5707,Board Plus,Toys,421.07,2.9
5708,As Plus,Toys,69.25,2.1
5709,Choice Lite,Electronics,12.29,2.3
5710,Between Plus,Clothing,103.94,2.7
5711,Sea Plus,Toys,215.68,1.6
5712,Nice Max,Sports,60.11,4.9
5713,Both Max,Toys,208.13,1.0
5714,Wait Lite,Books,357.71,4.9
5715,Appear Lite,Clothing,469.65,3.9
5716,Forget Plus,Books,141.63,4.3
5717,Condition Pro,Sports,102.33,1.7
5718,Arm Plus,Sports,447.91,3.1
5719,No Plus,Home,447.68,4.0
5720,Despite Plus,Toys,347.81,4.2
5721,Under Lite,Clothing,313.72,1.2
5722,Expect Lite,Home,405.38,2.9
5723,Others Lite,Electronics,258.24,2.8
5724,Hold Pro,Toys,423.88,3.5
5725,Billion Max,Clothing,153.39,1.7
5726,Ok Max,Books,282.38,2.8
5727,If Lite,Toys,137.32,4.1
5728,Reach Max,Clothing,137.99,2.7
5729,Of Lite,Toys,102.2,4.3
5730,Skill Lite,Home,287.28,5.0
5731,Even Max,Books,437.7,4.1
5732,Brother Lite,Sports,116.57,4.4
5733,Plant Max,Home,281.91,1.2
5734,Benefit Plus,Clothing,102.94,2.7
5735,Lay Lite,Electronics,328.15,4.9
5736,Position Pro,Beauty,172.76,3.0
5737,Break Lite,Sports,443.39,2.9
5738,Nature Lite,Clothing,50.23,3.9
5739,Though Max,Books,391.21,3.4
5740,Color Pro,Beauty,391.6,2.9
5741,Increase Pro,Books,337.62,1.2
5742,Room Plus,Toys,325.53,2.6
5743,Fact Pro,Books,114.95,3.0
5744,We Lite,Books,110.08,1.2
5745,Along Plus,Electronics,273.4,2.8
5746,Than Lite,Home,131.92,2.7
5747,Guess Plus,Clothing,341.32,2.6
5748,Radio Max,Home,278.96,4.2
5749,Age Pro,Books,331.27,4.5
5750,Hot Pro,Beauty,189.52,3.1
5751,Growth Pro,Electronics,78.83,2.9
5752,Member Max,Beauty,422.35,1.0
5753,Ten Lite,Books,25.3,2.8
5754,Consumer Plus,Electronics,148.58,1.9
5755,Police Plus,Toys,441.74,1.1
5756,Number Pro,Clothing,354.41,2.8
5757,Challenge Plus,Beauty,257.05,1.8
5758,I Plus,Home,324.08,3.7
5759,Feeling Pro,Toys,205.25,3.8
5760,Me Pro,Beauty,466.84,1.7
5761,Old Max,Home,208.1,4.4
5762,Risk Lite,Toys,45.23,1.1
5763,Management Plus,Beauty,325.29,2.7
5764,Structure Max,Beauty,381.16,3.7
5765,Season Pro,Home,238.01,1.8
5766,Author Plus,Clothing,155.82,4.3
5767,Add Plus,Home,16.91,4.4
5768,Figure Lite,Toys,15.84,3.7
5769,Actually Lite,Beauty,73.33,4.3
5770,Page Plus,Electronics,134.87,4.4
5771,Significant Plus,Toys,351.58,1.3
5772,Study Plus,Sports,363.03,1.1
5773,Easy Plus,Clothing,97.48,1.2
5774,Manager Pro,Home,382.69,3.3
5775,You Pro,Home,99.87,4.2
5776,Camera Max,Toys,419.3,4.4
5777,Though Pro,Sports,497.62,4.3
5778,Answer Max,Home,64.4,1.6
5779,Begin Lite,Toys,106.02,4.2
5780,Fast Plus,Electronics,231.48,4.7
5781,Bill Pro,Beauty,214.33,4.3
5782,Let Lite,Clothing,205.59,2.2
5783,Could Pro,Clothing,360.39,3.4
5784,If Max,Electronics,338.91,1.9
5785,Team Lite,Books,345.11,3.6
5786,Remember Pro,Electronics,144.73,4.1
5787,Economic Plus,Home,18.26,2.5
5788,These Max,Electronics,310.38,4.3
5789,Author Plus,Clothing,5.99,2.0
5790,Learn Max,Books,119.84,4.6
5791,Feeling Lite,Sports,394.24,4.2
5792,Could Max,Toys,436.42,3.7
5793,Doctor Pro,Home,363.72,1.4
5794,Seat Plus,Beauty,430.72,1.0
5795,Consider Plus,Sports,139.18,1.9
5796,They Pro,Books,442.1,3.1
5797,Cover Pro,Electronics,192.91,4.4
5798,Continue Max,Toys,328.75,1.4
5799,Tonight Pro,Clothing,470.04,4.1
5800,Quickly Pro,Home,31.93,3.4
5801,This Max,Home,317.25,1.2
5802,Star Pro,Clothing,20.39,3.5
5803,From Pro,Beauty,322.11,4.5
5804,Three Pro,Home,83.87,1.6
5805,Some Max,Beauty,473.21,3.2
5806,Ball Lite,Toys,153.08,3.1
5807,Political Pro,Sports,426.08,2.8
5808,Thousand Lite,Beauty,96.01,3.6
5809,Food Lite,Electronics,42.25,3.2
5810,Suggest Plus,Beauty,344.28,3.9
5811,Also Plus,Toys,59.54,4.2
5812,Class Plus,Home,70.55,3.2
5813,Community Max,Toys,13.29,3.5
5814,Decade Plus,Electronics,319.62,4.2
5815,Class Plus,Clothing,337.9,4.5
5816,Establish Lite,Books,113.08,4.2
5817,Help Plus,Sports,327.23,3.6
5818,Nation Lite,Beauty,341.83,4.5
5819,Fast Pro,Electronics,93.43,3.9
5820,Child Lite,Toys,332.65,3.6
5821,Expert Lite,Clothing,330.53,2.5
5822,Public Plus,Beauty,14.19,1.4
5823,Case Max,Clothing,231.97,2.0
5824,Camera Max,Beauty,455.19,3.3
5825,Step Plus,Toys,409.1,3.8
5826,Across Max,Beauty,191.48,4.0
5827,Continue Pro,Clothing,459.55,2.2
5828,Save Plus,Books,70.81,4.1
5829,Step Lite,Electronics,179.21,1.9
5830,Exactly Plus,Books,253.11,1.3
5831,Level Plus,Toys,186.77,4.8
5832,Discussion Pro,Clothing,437.48,4.3
5833,Also Lite,Toys,439.2,3.0
5834,Investment Max,Electronics,179.38,3.9
5835,Citizen Plus,Home,128.14,2.5
5836,Personal Plus,Home,80.37,1.8
5837,Notice Max,Clothing,216.8,2.5
5838,Price Plus,Beauty,388.85,4.9
5839,Result Plus,Books,294.73,1.5
5840,Skill Lite,Beauty,409.22,4.9
5841,Entire Max,Clothing,375.5,4.8
5842,Particularly Max,Beauty,264.6,1.7
5843,Another Plus,Beauty,311.84,1.0
5844,Personal Plus,Home,40.97,2.8
5845,Population Plus,Clothing,98.63,2.4
5846,Read Max,Beauty,457.83,3.4
5847,Defense Max,Clothing,163.71,3.2
5848,Front Plus,Toys,486.41,3.2
5849,Last Plus,Sports,250.24,3.4
5850,On Lite,Toys,219.75,2.2
5851,Course Max,Books,264.97,1.2
5852,Single Lite,Beauty,407.48,1.4
5853,Student Max,Beauty,266.3,1.8
5854,Position Pro,Clothing,495.57,2.6
5855,Economic Pro,Electronics,448.92,2.2
5856,Weight Pro,Sports,489.55,3.8
5857,Alone Plus,Clothing,420.84,3.9
5858,Total Pro,Toys,155.96,3.6
5859,Manage Max,Toys,21.71,2.1
5860,Usually Pro,Clothing,153.76,1.1
5861,Often Plus,Books,80.39,3.5
5862,Per Plus,Clothing,21.42,3.5
5863,Laugh Plus,Sports,166.98,3.7
5864,Next Lite,Clothing,372.43,3.7
5865,Federal Max,Books,454.75,2.3
5866,Matter Max,Electronics,261.7,1.9
5867,Everybody Max,Electronics,287.26,2.9
5868,Trial Plus,Home,306.27,4.2
5869,Player Lite,Beauty,453.34,2.6
5870,Including Pro,Sports,493.93,2.5
5871,Suddenly Max,Electronics,47.16,3.6
5872,Rest Max,Sports,467.95,2.8
5873,Chair Plus,Home,54.75,3.1
5874,Grow Lite,Home,80.7,4.1
5875,Add Lite,Toys,424.08,2.2
5876,Hospital Lite,Home,132.53,3.8
5877,Popular Lite,Clothing,482.36,3.6
5878,Reality Plus,Sports,311.24,4.4
5879,Shoulder Pro,Electronics,30.66,3.0
5880,Look Max,Sports,88.93,3.0
5881,Miss Lite,Electronics,116.75,1.3
5882,Friend Max,Electronics,77.57,2.3
5883,Seek Pro,Beauty,103.15,2.9
5884,Performance Max,Home,24.96,2.2
5885,Safe Max,Toys,150.49,5.0
5886,Goal Lite,Toys,227.03,3.2
5887,Artist Pro,Toys,139.11,2.7
5888,Charge Plus,Sports,479.59,2.7
5889,Why Max,Toys,116.62,4.9
5890,Bar Pro,Sports,419.29,2.7
5891,Stand Pro,Toys,379.74,1.3
5892,Particularly Plus,Sports,21.89,4.7
5893,Sit Lite,Electronics,244.24,2.0
5894,Involve Max,Toys,271.42,2.4
5895,Summer Lite,Books,194.85,4.9
5896,Mrs Pro,Beauty,407.9,3.2
5897,Type Lite,Beauty,5.72,2.4
5898,Open Pro,Sports,369.62,1.4
5899,Weight Plus,Books,139.27,4.2
5900,Opportunity Plus,Sports,186.04,3.4
5901,Fund Pro,Home,28.21,3.0
5902,Kid Plus,Electronics,30.04,1.0
5903,Want Max,Toys,401.57,3.9
5904,Scene Lite,Books,63.03,2.1
5905,Painting Pro,Toys,128.08,4.7
5906,Person Max,Clothing,45.31,3.2
5907,Treatment Max,Beauty,194.4,4.1
5908,Long Pro,Clothing,259.3,4.7
5909,Film Plus,Sports,474.52,3.5
5910,Speech Pro,Sports,225.18,3.2
5911,Choice Max,Home,164.24,3.4
5912,Pull Lite,Electronics,485.56,2.5
5913,Rate Plus,Sports,302.16,4.5
5914,Body Max,Books,361.81,1.5
5915,Side Pro,Clothing,304.43,2.9
5916,Sense Lite,Toys,15.23,4.6
5917,Product Pro,Toys,385.47,2.7
5918,Until Pro,Beauty,361.32,3.4
5919,Clearly Plus,Electronics,300.31,1.2
5920,Only Pro,Beauty,351.15,1.4
5921,Man Lite,Toys,115.07,1.4
5922,Avoid Max,Toys,197.95,1.4
5923,Sister Lite,Beauty,141.46,2.4
5924,The Pro,Books,85.69,2.6
5925,Him Max,Sports,64.06,3.4
5926,Avoid Plus,Electronics,151.16,2.8
5927,Bill Max,Clothing,13.95,1.9
5928,Her Plus,Sports,8.47,2.9
5929,Outside Lite,Books,357.03,2.2
5930,Grow Pro,Toys,268.25,4.6
5931,These Max,Sports,448.22,1.3
5932,Value Pro,Books,198.25,1.3
5933,Trouble Lite,Sports,125.72,2.1
5934,Guess Plus,Toys,196.81,2.6
5935,Where Plus,Clothing,127.86,3.8
5936,General Plus,Electronics,184.83,4.9
5937,Generation Max,Sports,195.26,4.0
5938,Everybody Lite,Electronics,69.22,2.9
5939,Decision Plus,Electronics,111.96,2.6
5940,Best Plus,Electronics,168.67,4.3
5941,Outside Plus,Clothing,25.56,2.6
5942,Peace Plus,Toys,9.14,1.2
5943,Concern Pro,Sports,318.48,2.1
5944,Boy Pro,Beauty,274.78,1.5
5945,Number Max,Beauty,26.68,1.5
5946,Size Max,Electronics,403.72,1.9
5947,Authority Pro,Clothing,185.59,1.1
5948,Without Lite,Books,83.25,1.8
5949,Future Plus,Toys,188.66,2.9
5950,Vote Lite,Clothing,429.45,3.3
5951,Left Max,Home,25.62,3.5
5952,Share Plus,Electronics,70.86,4.9
5953,Dark Lite,Toys,474.02,4.7
5954,Design Lite,Books,406.6,4.9
5955,Really Max,Electronics,162.92,4.0
5956,Loss Lite,Sports,146.23,2.3
5957,Edge Pro,Electronics,280.93,3.5
5958,Indeed Pro,Sports,276.27,2.6
5959,Enter Lite,Beauty,109.62,4.5
5960,Hot Lite,Toys,168.43,4.9
5961,Reflect Max,Toys,88.1,4.2
5962,Present Lite,Clothing,66.06,3.5
5963,Reach Pro,Books,351.21,2.5
5964,Half Max,Toys,207.15,4.2
5965,Media Max,Books,273.17,1.1
5966,Speak Pro,Books,227.21,3.6
5967,Set Plus,Home,12.94,1.8
5968,Evidence Pro,Books,254.46,1.1
5969,Table Lite,Clothing,342.04,1.3
5970,Take Max,Sports,364.29,4.8
5971,Adult Plus,Home,405.44,2.3
5972,Travel Pro,Books,265.65,3.3
5973,Cover Lite,Clothing,93.73,2.2
5974,Foot Max,Clothing,297.41,2.2
5975,Chair Lite,Electronics,356.28,4.9
5976,Doctor Lite,Clothing,53.05,4.2
5977,Safe Plus,Beauty,31.94,3.9
5978,May Pro,Beauty,467.12,1.3
5979,Decade Plus,Home,482.39,4.7
5980,Statement Plus,Beauty,111.33,2.3
5981,Spend Pro,Beauty,121.35,4.5
5982,Actually Plus,Books,315.46,3.2
5983,Full Plus,Beauty,477.65,2.5
5984,Road Plus,Electronics,387.14,4.9
5985,Meeting Plus,Toys,239.65,3.9
5986,Final Lite,Clothing,428.49,4.2
5987,International Pro,Beauty,96.88,1.1
5988,Who Lite,Home,246.99,1.9
5989,Face Max,Sports,354.7,3.8
5990,Able Max,Toys,342.89,1.8
5991,Three Plus,Books,133.24,1.7
5992,Sort Max,Books,123.84,1.7
5993,Relationship Plus,Toys,448.41,2.8
5994,Opportunity Max,Books,86.84,2.9
5995,Tough Max,Beauty,466.86,1.6
5996,Soon Lite,Sports,74.64,1.5
5997,May Max,Electronics,289.74,2.0
5998,Someone Pro,Electronics,214.52,1.8
5999,Wall Max,Beauty,143.06,1.6
6000,Catch Lite,Home,331.62,3.4
6001,Heavy Max,Beauty,9.5,3.7
6002,Job Lite,Toys,163.94,1.3
6003,Test Lite,Sports,174.34,4.6
6004,Place Pro,Home,165.19,3.3
6005,Hospital Pro,Clothing,277.8,1.9
6006,Alone Pro,Electronics,359.73,2.6
6007,Become Lite,Clothing,110.65,1.6
6008,Beyond Plus,Sports,363.73,1.6
6009,Expect Max,Home,227.45,2.9
6010,Rule Max,Electronics,210.01,3.9
6011,Instead Pro,Home,203.9,2.2
6012,Back Plus,Electronics,463.13,2.8
6013,Occur Max,Beauty,183.95,2.0
6014,Develop Pro,Books,309.11,1.7
6015,Red Lite,Clothing,316.94,1.3
6016,Prevent Pro,Sports,239.09,3.8
6017,Join Pro,Clothing,449.41,2.1
6018,Region Plus,Home,391.84,2.5
6019,Else Max,Home,229.45,1.6
6020,Leave Pro,Toys,463.34,4.3
6021,Class Pro,Toys,24.8,3.8
6022,History Max,Toys,256.64,4.9
6023,Politics Plus,Toys,134.87,2.6
6024,Kid Pro,Books,288.97,2.1
6025,Answer Plus,Sports,295.17,1.4
6026,Quite Max,Beauty,351.0,3.3
6027,Fund Plus,Sports,289.29,3.2
6028,Single Lite,Toys,498.64,4.2
6029,Author Lite,Beauty,457.38,3.0
6030,Any Pro,Beauty,371.35,4.6
6031,North Lite,Electronics,434.05,3.4
6032,Stage Max,Clothing,412.66,4.1
6033,Rock Plus,Books,112.16,1.5
6034,Strategy Max,Beauty,132.34,2.5
6035,Question Max,Electronics,82.69,3.2
6036,Other Pro,Sports,434.18,1.4
6037,Huge Lite,Beauty,466.73,1.9
6038,Relationship Pro,Electronics,351.4,1.7
6039,Hope Plus,Home,371.95,5.0
6040,Lose Max,Clothing,455.26,4.3
6041,Should Lite,Home,153.58,4.3
6042,Ball Max,Books,201.86,2.8
6043,Career Plus,Electronics,424.39,4.1
6044,He Max,Clothing,106.49,3.1
6045,Economic Plus,Electronics,168.26,3.2
6046,Cup Lite,Electronics,197.03,1.2
6047,Anyone Pro,Sports,103.96,3.9
6048,Yeah Lite,Home,156.44,4.0
6049,Newspaper Lite,Home,17.13,3.7
6050,Agree Plus,Sports,224.69,2.1
6051,Well Plus,Clothing,442.38,3.2
6052,Blood Pro,Toys,312.34,4.7
6053,Drive Max,Clothing,200.51,1.5
6054,Culture Pro,Beauty,440.63,2.7
6055,Machine Plus,Home,70.54,1.4
6056,Family Lite,Books,450.93,3.9
6057,Day Plus,Books,168.62,3.7
6058,Cover Plus,Books,167.25,4.0
6059,Animal Plus,Books,54.44,4.9
6060,Ground Lite,Home,218.32,1.0
6061,Job Pro,Home,264.27,2.4
6062,Sense Plus,Toys,267.82,1.5
6063,Race Pro,Books,40.29,2.5
6064,Paper Lite,Books,57.72,1.7
6065,Return Lite,Toys,154.76,1.3
6066,Produce Plus,Books,7.44,4.2
6067,Seem Max,Clothing,267.0,4.6
6068,Result Plus,Electronics,258.72,1.9
6069,Above Lite,Toys,237.63,1.2
6070,Seem Pro,Home,14.84,2.0
6071,Notice Max,Electronics,441.54,2.2
6072,That Lite,Clothing,458.57,3.1
6073,Radio Plus,Electronics,90.81,4.2
6074,Free Lite,Sports,29.01,3.4
6075,Station Max,Electronics,491.64,4.1
6076,Less Lite,Sports,39.24,2.1
6077,Treat Pro,Beauty,386.23,3.6
6078,Rule Plus,Beauty,244.97,4.4
6079,Push Plus,Clothing,421.15,2.3
6080,All Max,Beauty,138.02,1.8
6081,Score Plus,Beauty,138.8,1.1
6082,While Lite,Electronics,234.7,2.4
6083,Today Plus,Toys,347.19,2.2
6084,Wonder Pro,Beauty,164.32,3.6
6085,Require Max,Beauty,129.35,1.1
6086,Report Lite,Beauty,415.05,4.0
6087,Themselves Pro,Clothing,330.64,2.7
6088,City Max,Sports,310.41,2.1
6089,Light Pro,Toys,120.47,1.4
6090,Light Max,Books,262.69,3.4
6091,Remember Pro,Home,99.65,2.2
6092,Free Pro,Clothing,52.7,4.0
6093,Serious Plus,Home,146.42,2.7
6094,End Lite,Beauty,185.82,4.8
6095,Over Lite,Electronics,259.18,2.7
6096,Maintain Lite,Sports,263.73,1.6
6097,War Pro,Beauty,263.38,3.9
6098,Reduce Lite,Toys,322.49,4.5
6099,Among Lite,Electronics,287.42,1.6
6100,Activity Max,Clothing,485.68,2.7
6101,Interesting Lite,Sports,276.57,3.9
6102,Able Lite,Clothing,232.33,4.4
6103,Through Lite,Beauty,108.84,4.4
6104,Majority Plus,Clothing,351.4,2.5
6105,West Max,Toys,297.23,3.6
6106,In Pro,Books,50.67,4.2
6107,Rather Pro,Home,272.74,1.6
6108,Rule Max,Home,412.55,4.3
6109,Outside Lite,Home,313.31,3.4
6110,Eight Pro,Home,464.29,1.9
6111,Follow Plus,Sports,76.48,3.6
6112,Detail Pro,Home,314.21,4.8
6113,Road Pro,Clothing,442.53,1.9
6114,Message Pro,Electronics,355.67,4.2
6115,Natural Plus,Books,412.84,4.5
6116,Group Plus,Electronics,337.19,3.2
6117,Face Plus,Home,292.56,3.8
6118,Job Pro,Sports,396.58,2.7
6119,Big Lite,Books,105.25,3.1
6120,Wear Pro,Toys,228.95,1.8
6121,Expert Pro,Books,293.68,2.3
6122,Always Pro,Beauty,292.61,2.5
6123,In Plus,Clothing,205.47,3.2
6124,Fight Lite,Beauty,258.3,2.6
6125,My Pro,Toys,82.0,1.1
6126,Bag Plus,Home,44.24,2.0
6127,Night Plus,Sports,58.84,1.5
6128,Others Pro,Sports,425.61,4.0
6129,Girl Pro,Clothing,464.56,3.6
6130,Window Plus,Toys,329.55,4.0
6131,Drug Max,Toys,405.17,3.6
6132,Close Plus,Electronics,458.13,2.6
6133,Hold Pro,Toys,63.62,2.8
6134,Record Max,Clothing,243.12,1.6
6135,Necessary Max,Home,278.87,4.6
6136,Wonder Max,Books,453.12,3.0
6137,Ahead Plus,Sports,155.38,4.6
6138,Probably Pro,Clothing,358.35,1.2
6139,Under Plus,Books,232.82,3.5
6140,Strategy Max,Clothing,172.47,3.8
6141,Staff Pro,Toys,245.99,1.9
6142,Pattern Pro,Toys,89.55,4.2
6143,Piece Max,Electronics,164.84,2.4
6144,Music Pro,Sports,422.86,2.3
6145,Send Pro,Books,67.85,1.4
6146,Computer Plus,Beauty,303.73,4.5
6147,Lawyer Max,Beauty,140.55,4.3
6148,For Lite,Electronics,159.03,4.9
6149,Difficult Max,Electronics,486.07,2.2
6150,Knowledge Lite,Home,475.73,3.6
6151,Control Pro,Toys,80.43,1.9
6152,Draw Lite,Toys,29.36,2.6
6153,Book Plus,Electronics,165.53,4.0
6154,Laugh Pro,Sports,23.55,3.6
6155,Because Plus,Beauty,225.97,1.2
6156,Pretty Max,Clothing,321.21,2.2
6157,Month Lite,Books,216.04,2.2
6158,Middle Plus,Home,289.38,2.2
6159,Follow Max,Toys,387.21,3.9
6160,Relationship Plus,Books,408.13,1.3
6161,Reflect Max,Clothing,308.51,2.9
6162,Wonder Plus,Beauty,332.64,4.5
6163,Realize Lite,Beauty,472.73,2.5
6164,Stay Max,Beauty,455.46,3.7
6165,Soon Plus,Clothing,56.71,2.6
6166,Alone Max,Sports,23.68,3.3
6167,Cup Pro,Books,281.81,4.7
6168,Him Lite,Sports,86.02,4.3
6169,Movie Max,Clothing,153.54,2.5
6170,Concern Lite,Electronics,277.25,3.5
6171,Against Lite,Beauty,127.48,2.7
6172,Available Plus,Electronics,473.63,4.6
6173,When Lite,Books,398.38,4.4
6174,Bed Lite,Home,92.46,1.5
6175,Return Lite,Beauty,145.3,1.3
6176,Deep Plus,Books,371.66,4.7
6177,Congress Pro,Home,36.5,1.0
6178,Or Pro,Clothing,449.29,1.3
6179,Foreign Pro,Home,284.45,1.3
6180,Human Lite,Electronics,117.82,4.1
6181,Ask Lite,Sports,242.36,3.8
6182,Firm Pro,Sports,297.45,4.3
6183,Follow Max,Sports,245.99,2.8
6184,Structure Pro,Sports,498.13,3.4
6185,Soldier Max,Beauty,205.51,3.7
6186,On Max,Clothing,386.47,1.1
6187,Indicate Max,Home,481.06,3.5
6188,More Pro,Beauty,364.37,3.3
6189,Sign Max,Electronics,281.13,1.8
6190,Pm Plus,Home,232.54,3.4
6191,Issue Plus,Home,209.86,4.8
6192,Learn Pro,Clothing,498.7,4.0
6193,Analysis Max,Books,91.08,4.8
6194,Unit Pro,Clothing,397.75,4.4
6195,Sport Max,Sports,350.98,1.9
6196,Citizen Pro,Electronics,450.32,1.8
6197,Alone Plus,Home,279.09,4.6
6198,Provide Plus,Books,310.51,1.1
6199,Its Plus,Toys,228.91,1.3
6200,Including Max,Sports,155.69,4.3
6201,Get Pro,Books,150.41,3.5
6202,Behavior Max,Clothing,389.55,2.4
6203,In Plus,Books,426.48,4.6
6204,Beat Plus,Books,74.36,4.2
6205,Onto Pro,Electronics,277.04,2.0
6206,Figure Max,Home,113.0,3.3
6207,Only Lite,Sports,452.77,2.5
6208,Message Lite,Books,293.41,1.6
6209,Look Max,Home,344.23,2.5
6210,Budget Lite,Toys,50.88,3.4
6211,North Pro,Clothing,464.01,4.9
6212,Necessary Lite,Electronics,486.54,4.0
6213,Financial Lite,Books,36.46,3.9
6214,Arrive Max,Toys,468.71,4.9
6215,Space Lite,Sports,131.63,3.2
6216,Exist Plus,Clothing,94.38,4.6
6217,Fact Max,Beauty,5.39,2.9
6218,Meet Max,Clothing,37.72,4.7
6219,Practice Lite,Home,366.95,3.8
6220,Language Lite,Sports,243.69,3.3
6221,Technology Max,Clothing,182.01,1.5
6222,Degree Plus,Beauty,260.94,3.4
6223,Common Lite,Clothing,36.45,4.5
6224,Increase Pro,Books,11.91,2.3
6225,Course Max,Home,250.3,2.7
6226,Put Pro,Beauty,101.19,3.8
6227,Always Lite,Beauty,30.54,1.4
6228,Hope Plus,Clothing,47.46,1.8
6229,Set Pro,Books,50.59,1.3
6230,Near Max,Home,243.28,2.7
6231,Alone Pro,Toys,12.32,4.2
6232,Far Pro,Beauty,230.77,1.2
6233,Him Plus,Sports,264.63,2.7
6234,Commercial Max,Books,381.69,4.4
6235,Full Plus,Sports,276.22,4.4
6236,Would Max,Toys,216.77,3.3
6237,Despite Max,Clothing,462.63,3.9
6238,Film Lite,Books,93.71,4.0
6239,Guess Pro,Home,21.45,1.7
6240,Let Pro,Clothing,479.67,2.7
6241,Concern Lite,Sports,347.23,2.3
6242,Standard Pro,Sports,166.59,4.3
6243,Maintain Max,Books,371.75,1.4
6244,Window Max,Electronics,204.84,2.9
6245,Garden Pro,Books,42.32,2.3
6246,Word Max,Electronics,52.25,4.4
6247,Experience Plus,Clothing,106.87,4.0
6248,Tax Max,Clothing,72.16,1.5
6249,Contain Pro,Electronics,495.65,1.9
6250,Candidate Max,Clothing,334.1,1.2
6251,Personal Plus,Clothing,329.23,1.4
6252,Financial Pro,Toys,42.39,4.0
6253,Detail Lite,Beauty,156.84,1.9
6254,Record Pro,Clothing,117.77,1.7
6255,Cultural Max,Beauty,192.52,4.9
6256,Receive Max,Clothing,125.41,3.4
6257,Sell Lite,Toys,430.66,3.7
6258,Movie Lite,Clothing,112.21,1.7
6259,Until Plus,Books,387.39,2.2
6260,Miss Plus,Home,397.56,1.7
6261,Training Plus,Home,100.7,1.7
6262,Mr Pro,Sports,406.07,4.8
6263,Head Max,Home,376.43,3.5
6264,Include Plus,Sports,452.93,4.3
6265,Would Lite,Sports,288.56,3.5
6266,Garden Lite,Clothing,312.81,4.3
6267,War Lite,Home,418.25,1.4
6268,Task Max,Home,491.01,2.6
6269,House Lite,Beauty,424.3,2.1
6270,Speak Plus,Clothing,188.02,2.0
6271,Consider Pro,Beauty,458.48,2.7
6272,Wear Pro,Books,239.0,5.0
6273,Create Max,Clothing,205.14,3.3
6274,Stage Lite,Clothing,147.83,2.8
6275,Population Lite,Toys,199.93,3.9
6276,Tough Max,Books,108.15,3.3
6277,Throw Plus,Clothing,382.14,4.5
6278,Answer Lite,Sports,128.67,2.2
6279,Opportunity Plus,Home,462.27,1.6
6280,Ready Pro,Books,240.04,1.6
6281,Resource Plus,Toys,324.21,4.7
6282,Onto Max,Sports,314.52,4.7
6283,Pick Lite,Books,110.19,3.6
6284,Goal Plus,Beauty,167.62,4.0
6285,Play Max,Sports,290.99,2.7
6286,Pretty Pro,Home,366.71,1.6
6287,Hit Plus,Beauty,321.26,3.5
6288,Tv Pro,Home,52.61,4.4
6289,Instead Pro,Electronics,199.86,4.1
6290,Real Max,Sports,233.64,1.1
6291,Seven Pro,Home,404.17,2.9
6292,Sign Plus,Electronics,238.41,1.7
6293,Part Pro,Electronics,140.57,3.5
6294,There Plus,Beauty,452.4,1.1
6295,Scientist Max,Home,367.3,3.3
6296,Any Pro,Clothing,489.71,4.9
6297,Run Plus,Toys,102.25,4.1
6298,Economy Plus,Home,96.05,3.6
6299,Already Max,Sports,291.19,4.3
6300,When Max,Home,422.01,2.2
6301,Pattern Plus,Clothing,458.99,1.8
6302,Training Pro,Home,73.65,4.7
6303,Process Lite,Electronics,111.54,4.3
6304,Participant Lite,Beauty,424.01,1.3
6305,Worker Pro,Clothing,322.81,3.8
6306,Sell Plus,Sports,149.61,2.8
6307,Himself Plus,Home,494.84,1.1
6308,State Max,Clothing,167.68,3.4
6309,It Pro,Electronics,478.19,1.4
6310,Training Lite,Toys,387.81,1.1
6311,Hospital Plus,Toys,360.62,3.3
6312,Size Lite,Sports,294.63,4.0
6313,Find Pro,Clothing,117.08,2.1
6314,Day Lite,Clothing,240.74,3.7
6315,Section Plus,Sports,401.05,4.8
6316,Painting Lite,Beauty,398.31,2.1
6317,Large Lite,Electronics,365.54,4.8
6318,Under Plus,Home,302.25,1.2
6319,Never Lite,Beauty,50.11,2.6
6320,Use Lite,Beauty,328.95,3.4
6321,Window Pro,Toys,17.33,4.4
6322,Challenge Max,Electronics,79.51,3.2
6323,Value Plus,Toys,211.41,1.5
6324,Reason Pro,Sports,482.58,4.5
6325,Reduce Pro,Clothing,149.53,1.5
6326,Major Max,Books,253.46,4.0
6327,Chair Lite,Books,278.99,4.6
6328,Happen Pro,Clothing,163.03,1.3
6329,North Pro,Sports,241.64,4.9
6330,News Pro,Home,419.48,4.7
6331,Air Pro,Clothing,460.79,2.5
6332,Information Pro,Books,394.67,1.4
6333,Off Pro,Toys,250.28,1.8
6334,Bank Max,Toys,354.19,3.3
6335,High Lite,Toys,409.37,5.0
6336,Adult Lite,Home,336.16,1.0
6337,Meeting Pro,Books,50.55,1.5
6338,Than Plus,Toys,317.84,2.3
6339,Any Plus,Sports,42.17,4.7
6340,But Max,Home,240.84,3.0
6341,Scene Plus,Home,150.81,2.7
6342,Should Pro,Clothing,279.28,4.9
6343,Mr Pro,Sports,252.16,3.5
6344,Experience Pro,Sports,493.01,1.5
6345,Political Lite,Clothing,128.5,1.6
6346,Probably Lite,Books,439.1,1.3
6347,Tell Max,Electronics,460.44,1.9
6348,Size Pro,Home,300.42,2.7
6349,Computer Max,Home,37.88,3.2
6350,Professor Lite,Books,87.77,2.3
6351,Institution Plus,Sports,159.38,1.3
6352,Environment Max,Sports,184.83,2.9
6353,Apply Pro,Sports,235.94,3.2
6354,Study Lite,Beauty,265.23,4.6
6355,Party Plus,Home,304.23,3.0
6356,Citizen Max,Electronics,20.16,1.4
6357,Show Lite,Home,228.45,4.8
6358,Practice Plus,Clothing,185.98,4.1
6359,Wall Lite,Clothing,426.61,1.7
6360,Model Pro,Home,82.25,2.6
6361,She Lite,Home,186.64,2.0
6362,Our Pro,Home,16.16,1.2
6363,Speech Lite,Toys,499.47,4.7
6364,Garden Pro,Toys,115.13,4.9
6365,Doctor Plus,Beauty,325.9,4.8
6366,Stop Max,Books,25.06,3.8
6367,Room Plus,Toys,404.97,4.5
6368,Western Pro,Sports,490.33,2.6
6369,Sell Pro,Sports,139.61,4.9
6370,Ask Pro,Home,72.11,1.6
6371,Which Plus,Home,88.41,3.0
6372,Something Pro,Electronics,178.83,4.2
6373,Fire Max,Clothing,118.54,3.2
6374,Name Max,Clothing,280.25,2.1
6375,Vote Lite,Home,166.74,1.6
6376,Word Max,Books,499.96,3.4
6377,Campaign Lite,Electronics,5.64,1.4
6378,Nothing Lite,Home,304.64,1.5
6379,Even Lite,Toys,55.38,1.5
6380,Base Max,Books,335.17,4.3
6381,Star Lite,Clothing,162.75,4.1
6382,Manager Plus,Clothing,86.54,3.6
6383,Bring Max,Toys,8.79,4.7
6384,Best Lite,Electronics,321.58,4.7
6385,Everybody Lite,Home,280.48,1.2
6386,North Plus,Beauty,123.93,1.5
6387,More Pro,Toys,41.03,4.6
6388,These Pro,Beauty,147.41,4.5
6389,Realize Lite,Clothing,154.13,3.5
6390,Very Max,Toys,382.25,4.0
6391,Ability Pro,Sports,135.01,2.9
6392,Know Plus,Toys,229.8,3.9
6393,Blue Max,Beauty,23.02,1.3
6394,Until Max,Electronics,195.84,4.0
6395,So Plus,Beauty,323.03,4.9
6396,Truth Max,Home,281.36,4.1
6397,Anyone Max,Electronics,114.85,3.6
6398,Above Plus,Books,465.93,4.6
6399,Four Plus,Beauty,289.98,2.3
6400,Six Lite,Beauty,164.97,2.4
6401,Rule Plus,Toys,189.18,3.3
6402,Near Pro,Beauty,380.98,1.7
6403,Adult Pro,Toys,212.46,4.9
6404,Less Pro,Sports,152.53,4.6
6405,Interview Plus,Electronics,191.74,3.9
6406,Possible Plus,Books,213.09,2.0
6407,Way Plus,Toys,140.32,2.8
6408,Person Pro,Electronics,202.54,1.6
6409,These Plus,Electronics,463.59,2.7
6410,Floor Pro,Books,295.93,3.2
6411,Recently Max,Books,113.88,1.1
6412,Wall Lite,Clothing,242.06,2.6
6413,Among Max,Sports,308.37,2.6
6414,Especially Lite,Books,232.62,4.3
6415,Paper Max,Books,402.34,4.2
6416,Technology Lite,Sports,96.17,4.0
6417,Miss Lite,Clothing,110.23,3.0
6418,Look Pro,Books,44.61,3.8
6419,Glass Lite,Electronics,361.47,2.4
6420,Left Plus,Beauty,58.47,3.1
6421,Dark Lite,Home,144.49,4.8
6422,Cell Pro,Home,91.19,3.0
6423,Boy Plus,Electronics,85.27,1.7
6424,Have Plus,Electronics,123.39,4.1
6425,True Max,Sports,76.48,4.2
6426,Ok Lite,Books,94.74,1.9
6427,When Pro,Books,321.82,4.7
6428,Never Max,Beauty,196.5,1.2
6429,Rock Pro,Toys,74.21,2.7
6430,Firm Max,Sports,310.53,1.4
6431,Effect Max,Electronics,245.26,4.8
6432,Risk Max,Toys,69.86,2.2
6433,Second Plus,Home,273.08,4.1
6434,Require Pro,Books,343.83,3.4
6435,Point Plus,Home,304.04,2.9
6436,Add Pro,Home,114.54,1.5
6437,Manager Lite,Toys,21.34,1.9
6438,Particularly Max,Beauty,82.66,1.2
6439,Choice Lite,Electronics,96.55,1.2
6440,Wonder Pro,Sports,294.59,1.4
6441,Thing Max,Sports,125.54,2.5
6442,Push Max,Home,304.08,1.3
6443,Why Pro,Electronics,33.78,1.1
6444,Already Lite,Home,54.23,1.6
6445,Reality Lite,Home,359.19,3.7
6446,Employee Plus,Electronics,259.49,2.5
6447,Draw Lite,Electronics,364.91,3.3
6448,Manage Max,Clothing,5.23,4.2
6449,Often Lite,Sports,402.88,1.9
6450,Lot Max,Electronics,481.37,3.6
6451,Door Plus,Home,458.44,3.1
6452,Most Pro,Books,169.09,2.2
6453,Team Lite,Toys,126.31,1.1
6454,Might Pro,Beauty,151.38,4.0
6455,Service Max,Sports,309.07,4.6
6456,School Pro,Sports,228.42,3.0
6457,Among Plus,Sports,216.87,1.2
6458,Interview Max,Sports,238.11,4.6
6459,Over Plus,Electronics,66.89,4.1
6460,Else Max,Beauty,47.84,3.8
6461,Through Lite,Home,275.98,2.6
6462,Which Pro,Toys,362.07,1.2
6463,Attorney Max,Clothing,39.28,1.5
6464,Take Plus,Sports,275.81,4.7
6465,Reflect Pro,Home,316.45,2.9
6466,Building Plus,Clothing,170.97,1.5
6467,Develop Max,Sports,245.72,3.2
6468,Add Max,Electronics,435.16,2.5
6469,Debate Lite,Sports,258.75,2.7
6470,Even Plus,Electronics,46.15,4.4
6471,Above Lite,Clothing,15.68,1.1
6472,Worker Max,Home,415.94,4.1
6473,Space Max,Beauty,377.41,3.3
6474,Task Max,Toys,125.43,3.8
6475,Whose Max,Clothing,133.53,2.4
6476,Truth Plus,Home,308.24,1.5
6477,Inside Plus,Toys,482.4,3.9
6478,Indicate Pro,Home,331.26,1.8
6479,Debate Plus,Home,174.54,1.3
6480,Issue Lite,Clothing,460.08,1.6
6481,Learn Pro,Electronics,390.58,3.7
6482,Fact Pro,Toys,196.98,2.4
6483,Experience Plus,Home,149.95,2.7
6484,Small Max,Toys,444.31,1.3
6485,End Max,Home,95.62,2.1
6486,Physical Lite,Clothing,481.31,4.6
6487,Establish Plus,Toys,185.89,2.6
6488,Past Plus,Beauty,237.28,2.6
6489,Peace Plus,Beauty,150.29,2.7
6490,Goal Max,Books,408.0,3.3
6491,Investment Lite,Toys,64.56,2.2
6492,Evidence Max,Books,7.88,2.7
6493,Picture Max,Beauty,212.31,2.5
6494,Name Lite,Toys,59.38,4.3
6495,Some Pro,Toys,213.74,1.5
6496,Science Plus,Home,356.93,1.7
6497,Career Max,Sports,163.19,1.1
6498,Media Plus,Beauty,389.92,2.0
6499,Smile Lite,Toys,73.55,1.5
6500,Road Pro,Books,221.36,4.1
6501,Clearly Lite,Electronics,97.09,4.1
6502,Political Lite,Home,233.43,4.9
6503,Learn Pro,Books,455.8,4.9
6504,Body Plus,Toys,439.22,2.5
6505,Water Lite,Sports,329.44,2.8
6506,Character Max,Clothing,326.62,3.1
6507,Should Pro,Books,229.13,3.7
6508,Candidate Max,Toys,125.29,2.8
6509,Condition Max,Sports,32.77,3.3
6510,I Lite,Books,36.7,4.7
6511,Nothing Plus,Home,384.14,2.8
6512,Always Plus,Clothing,206.46,1.9
6513,Form Max,Toys,432.13,4.9
6514,Even Plus,Clothing,7.15,1.3
6515,Station Max,Toys,413.59,1.1
6516,Serious Pro,Sports,339.57,2.2
6517,Network Lite,Clothing,196.91,2.0
6518,Moment Max,Clothing,496.46,1.9
6519,Enough Plus,Sports,290.25,1.1
6520,Event Max,Sports,272.43,2.6
6521,Skill Pro,Sports,107.39,1.0
6522,Eat Lite,Sports,340.2,3.4
6523,Executive Lite,Home,438.97,3.4
6524,Site Pro,Beauty,492.76,4.7
6525,Blood Lite,Beauty,359.02,1.2
6526,Thing Max,Clothing,134.47,2.5
6527,Individual Pro,Beauty,465.61,2.5
6528,Anything Pro,Electronics,58.6,2.3
6529,Much Plus,Electronics,240.22,4.1
6530,Bring Pro,Beauty,439.5,1.9
6531,Major Pro,Books,131.36,1.3
6532,Cost Lite,Electronics,139.61,1.3
6533,Same Plus,Home,447.34,2.4
6534,Home Max,Toys,168.44,3.1
6535,Thank Pro,Books,259.95,1.9
6536,By Lite,Home,163.26,3.0
6537,Many Max,Electronics,314.11,1.0
6538,Head Plus,Beauty,466.04,2.5
6539,Left Plus,Electronics,246.09,4.3
6540,After Lite,Electronics,50.15,4.7
6541,Weight Pro,Clothing,444.85,4.2
6542,Financial Pro,Home,449.24,3.1
6543,Beyond Max,Home,352.35,2.7
6544,Baby Pro,Books,260.4,2.6
6545,Outside Plus,Electronics,47.17,3.3
6546,Some Plus,Home,181.34,3.9
6547,Impact Max,Sports,103.61,2.7
6548,Family Plus,Toys,25.63,2.3
6549,Cultural Pro,Books,484.98,3.1
6550,Pay Lite,Clothing,131.51,3.6
6551,Camera Pro,Beauty,177.15,2.3
6552,Husband Max,Beauty,187.96,2.5
6553,Company Max,Clothing,291.36,3.4
6554,Forward Max,Books,83.82,2.6
6555,Not Max,Electronics,236.72,4.1
6556,Want Plus,Books,281.98,1.3
6557,Even Lite,Beauty,408.12,4.7
6558,Must Plus,Beauty,245.01,4.5
6559,Ago Pro,Toys,438.11,1.8
6560,Support Max,Toys,260.14,1.8
6561,Herself Plus,Clothing,242.1,2.5
6562,Start Max,Books,161.74,3.6
6563,Law Pro,Clothing,163.37,4.5
6564,Travel Lite,Books,216.1,4.9
6565,Message Pro,Toys,274.46,4.3
6566,Discussion Pro,Beauty,458.47,4.7
6567,Result Max,Sports,421.97,3.6
6568,Financial Max,Beauty,433.19,4.4
6569,Imagine Plus,Toys,240.18,2.8
6570,Wait Pro,Electronics,440.02,3.0
6571,Kid Max,Books,68.49,3.9
6572,Industry Plus,Clothing,5.54,3.4
6573,Miss Pro,Home,454.16,1.6
6574,Base Pro,Toys,75.07,4.4
6575,Them Max,Clothing,151.13,2.2
6576,Dog Max,Sports,482.33,2.4
6577,Sense Plus,Toys,411.72,3.6
6578,Report Plus,Electronics,379.91,4.3
6579,Upon Plus,Electronics,340.54,3.3
6580,American Plus,Electronics,191.22,3.8
6581,Trial Plus,Books,387.08,2.6
6582,Group Plus,Home,151.52,3.4
6583,Score Plus,Beauty,428.07,1.8
6584,Clearly Lite,Electronics,13.65,3.9
6585,Room Max,Clothing,468.4,4.4
6586,Anyone Max,Sports,193.03,3.9
6587,Throughout Max,Toys,232.15,1.8
6588,Need Max,Clothing,419.71,3.3
6589,Decision Lite,Clothing,492.12,3.8
6590,Radio Plus,Electronics,184.11,2.1
6591,Century Max,Home,29.78,1.5
6592,Coach Plus,Toys,322.07,1.5
6593,Her Lite,Electronics,373.88,1.4
6594,Bit Pro,Home,355.88,4.6
6595,School Plus,Electronics,20.21,1.1
6596,Conference Plus,Books,282.46,3.9
6597,Throw Lite,Toys,237.02,2.3
6598,Brother Plus,Toys,280.37,4.4
6599,Allow Max,Books,148.07,3.0
6600,Kitchen Max,Books,248.54,1.4
6601,There Max,Electronics,145.43,2.6
6602,Hope Pro,Toys,129.81,2.0
6603,Yes Plus,Sports,196.73,2.1
6604,Hope Max,Toys,82.1,4.5
6605,From Pro,Home,347.87,4.3
6606,Which Plus,Home,185.61,4.1
6607,Politics Max,Books,199.46,2.3
6608,New Max,Sports,251.54,1.5
6609,Mean Pro,Electronics,406.37,3.8
6610,Attack Max,Electronics,275.32,3.7
6611,Early Pro,Books,334.94,2.5
6612,Share Pro,Books,47.58,1.1
6613,Score Lite,Books,108.19,1.6
6614,Most Pro,Home,477.41,1.8
6615,Feel Pro,Sports,349.56,1.8
6616,About Max,Books,449.81,4.4
6617,Power Max,Home,301.14,4.1
6618,Evidence Max,Toys,11.37,4.6
6619,Realize Pro,Sports,23.67,1.2
6620,Age Max,Electronics,278.76,3.1
6621,Risk Pro,Toys,470.55,4.4
6622,Garden Pro,Clothing,265.73,4.9
6623,Return Max,Books,351.02,2.1
6624,System Lite,Beauty,440.99,3.4
6625,Media Max,Beauty,343.06,3.5
6626,Build Max,Electronics,462.11,3.8
6627,Police Plus,Home,215.23,2.0
6628,They Plus,Home,89.34,4.7
6629,Activity Pro,Beauty,395.49,1.3
6630,Art Max,Sports,319.42,3.1
6631,Tree Lite,Toys,492.15,4.0
6632,These Lite,Toys,232.14,3.8
6633,Production Lite,Toys,231.71,1.0
6634,Claim Lite,Sports,114.04,5.0
6635,Dark Pro,Electronics,489.84,3.7
6636,Remain Max,Sports,390.98,2.0
6637,Decade Plus,Home,465.28,3.4
6638,Key Lite,Clothing,51.86,3.3
6639,Bar Pro,Sports,157.67,3.7
6640,Close Max,Home,499.36,3.9
6641,Paper Lite,Sports,19.25,3.9
6642,Mention Plus,Toys,245.48,2.9
6643,Truth Pro,Beauty,250.14,2.6
6644,Nice Max,Sports,267.73,4.2
6645,Car Max,Home,463.78,2.7
6646,From Lite,Electronics,48.45,3.6
6647,Director Max,Home,462.54,1.7
6648,Skin Max,Clothing,215.43,2.7
6649,Also Pro,Beauty,351.12,1.8
6650,Certain Plus,Electronics,475.05,5.0
6651,Do Lite,Clothing,97.69,4.7
6652,Strong Pro,Home,149.26,3.3
6653,Professor Lite,Beauty,270.05,1.5
6654,Available Lite,Beauty,240.93,2.9
6655,Least Plus,Books,487.39,4.3
6656,Poor Plus,Books,17.34,4.4
6657,Subject Lite,Sports,268.44,2.3
6658,Memory Pro,Sports,470.89,2.2
6659,Fund Plus,Electronics,446.51,4.1
6660,Arrive Lite,Home,277.96,1.8
6661,News Pro,Toys,73.84,4.8
6662,Among Lite,Toys,201.26,4.2
6663,Idea Plus,Electronics,325.9,4.4
6664,Under Lite,Beauty,217.12,1.2
6665,This Lite,Toys,26.58,3.9
6666,Affect Max,Books,138.54,3.8
6667,Gas Max,Beauty,474.21,3.2
6668,Expert Plus,Books,321.53,5.0
6669,Entire Max,Sports,13.25,1.6
6670,Price Max,Electronics,66.13,3.9
6671,Remember Max,Books,318.64,1.3
6672,Her Plus,Toys,314.65,3.0
6673,Career Max,Beauty,378.35,1.1
6674,Mrs Lite,Clothing,497.75,1.6
6675,Compare Max,Home,304.34,4.3
6676,Just Pro,Home,88.23,1.2
6677,Run Plus,Sports,101.8,4.8
6678,Administration Lite,Toys,90.52,2.5
6679,Senior Plus,Clothing,133.48,4.2
6680,And Plus,Books,123.41,4.8
6681,Usually Lite,Electronics,350.16,2.3
6682,Worker Pro,Toys,322.79,2.1
6683,Bed Plus,Sports,480.71,2.5
6684,Build Plus,Sports,389.6,3.0
6685,Great Pro,Sports,193.31,4.6
6686,Address Max,Books,324.74,2.0
6687,Want Lite,Clothing,130.92,3.9
6688,Up Lite,Home,329.38,4.6
6689,Certainly Plus,Books,464.1,3.1
6690,Customer Lite,Beauty,103.16,2.2
6691,Add Max,Sports,470.19,2.4
6692,Nor Plus,Sports,84.21,2.7
6693,Economy Plus,Clothing,219.92,2.6
6694,Do Lite,Beauty,160.03,1.6
6695,Hospital Plus,Home,185.63,2.9
6696,Within Lite,Clothing,83.74,4.5
6697,Agreement Plus,Toys,403.07,3.2
6698,Research Lite,Books,125.71,4.9
6699,Black Plus,Beauty,346.8,4.5
6700,End Pro,Books,16.77,3.9
6701,Likely Lite,Books,400.86,2.4
6702,Foreign Pro,Beauty,91.56,2.1
6703,Fast Plus,Clothing,367.74,1.0
6704,Leave Plus,Clothing,143.78,4.7
6705,Role Max,Beauty,27.61,2.9
6706,Suddenly Max,Sports,247.56,1.6
6707,Color Lite,Books,319.29,4.7
6708,Free Pro,Clothing,283.3,1.1
6709,Production Plus,Clothing,170.87,5.0
6710,Quickly Pro,Books,24.03,1.5
6711,Go Pro,Books,496.27,1.1
6712,Generation Max,Beauty,51.64,1.8
6713,Create Max,Electronics,73.94,2.9
6714,Prove Lite,Toys,343.47,3.7
6715,Thus Max,Toys,115.78,3.0
6716,Hour Lite,Clothing,43.94,3.9
6717,Suffer Pro,Electronics,75.41,3.6
6718,Anyone Pro,Books,496.91,1.7
6719,Five Lite,Clothing,443.04,4.3
6720,Sister Max,Beauty,219.89,3.7
6721,Security Max,Toys,335.58,1.4
6722,Modern Pro,Beauty,184.92,1.9
6723,Space Max,Beauty,358.88,2.4
6724,Message Lite,Books,477.51,2.0
6725,Two Plus,Electronics,400.1,4.3
6726,Study Pro,Beauty,119.91,1.4
6727,Wonder Plus,Sports,451.43,2.2
6728,Author Lite,Books,379.12,1.9
6729,Even Plus,Sports,20.47,4.1
6730,Hospital Max,Home,97.31,4.4
6731,Short Plus,Home,103.9,2.8
6732,Present Plus,Electronics,498.86,1.6
6733,Down Pro,Sports,162.14,2.9
6734,Join Plus,Sports,362.35,4.5
6735,Possible Max,Toys,215.57,4.5
6736,Because Max,Toys,215.04,3.1
6737,Place Pro,Beauty,487.97,3.6
6738,Stock Plus,Clothing,11.99,3.5
6739,Professor Pro,Home,287.65,1.3
6740,Through Plus,Clothing,14.99,4.4
6741,Entire Lite,Electronics,220.73,3.0
6742,Other Pro,Books,171.12,3.8
6743,Hair Max,Toys,66.9,3.7
6744,Lose Plus,Home,117.64,4.2
6745,Owner Max,Toys,111.58,4.1
6746,Fine Pro,Books,253.53,4.4
6747,Large Pro,Sports,149.42,1.6
6748,Nearly Max,Books,305.86,2.0
6749,Age Lite,Books,27.87,3.7
6750,Forget Max,Toys,362.56,1.4
6751,Thing Lite,Clothing,238.33,4.1
6752,Each Plus,Home,235.95,3.4
6753,Data Pro,Electronics,360.58,2.2
6754,Pull Pro,Sports,146.19,2.0
6755,Exist Pro,Beauty,426.17,1.8
6756,Ground Lite,Clothing,220.76,3.5
6757,One Max,Toys,46.86,1.2
6758,Director Max,Sports,490.75,2.9
6759,Method Pro,Sports,323.05,2.3
6760,Power Plus,Clothing,343.24,1.5
6761,Cause Plus,Beauty,67.62,4.6
6762,Quite Lite,Toys,36.79,2.8
6763,Or Max,Beauty,60.21,2.7
6764,Difficult Pro,Sports,31.52,3.0
6765,Candidate Max,Toys,311.18,1.6
6766,Almost Max,Home,285.76,1.3
6767,Carry Lite,Home,112.83,2.8
6768,Quickly Plus,Electronics,387.57,2.4
6769,Sure Plus,Home,5.48,3.6
6770,Brother Lite,Toys,299.45,3.5
6771,Pressure Pro,Books,432.38,1.2
6772,Generation Lite,Books,30.3,4.2
6773,Student Max,Electronics,69.81,3.6
6774,Word Max,Beauty,249.71,3.5
6775,Response Max,Sports,470.37,3.6
6776,Picture Pro,Clothing,299.25,3.0
6777,Everyone Plus,Toys,201.32,2.0
6778,Without Pro,Books,9.21,4.1
6779,Improve Max,Books,207.0,3.8
6780,Head Lite,Books,314.59,3.1
6781,Next Max,Clothing,395.46,3.2
6782,Group Pro,Electronics,42.38,2.0
6783,Image Max,Home,90.4,1.2
6784,Career Lite,Electronics,125.62,2.1
6785,Tv Pro,Electronics,275.02,1.6
6786,Clearly Pro,Electronics,121.34,3.6
6787,Court Max,Books,399.07,1.7
6788,Like Max,Sports,366.95,4.5
6789,View Plus,Beauty,65.17,4.1
6790,Major Plus,Clothing,210.59,1.0
6791,Including Pro,Sports,469.51,2.9
6792,Arrive Max,Sports,193.29,1.1
6793,Find Lite,Sports,245.62,2.9
6794,Toward Pro,Electronics,16.45,1.5
6795,Pull Lite,Sports,360.05,4.1
6796,White Plus,Electronics,231.09,2.7
6797,Language Lite,Beauty,185.77,4.2
6798,Human Lite,Electronics,94.25,2.8
6799,Reason Lite,Electronics,383.55,4.5
6800,Individual Pro,Beauty,136.09,3.6
6801,We Lite,Books,467.7,2.7
6802,Where Plus,Clothing,310.33,2.4
6803,Participant Plus,Toys,61.87,1.7
6804,Hotel Plus,Home,43.73,2.8
6805,Memory Pro,Sports,378.85,3.0
6806,Industry Plus,Toys,74.98,2.7
6807,Loss Lite,Home,57.74,4.0
6808,Pm Plus,Toys,223.11,1.9
6809,Offer Pro,Books,184.91,1.8
6810,Grow Pro,Clothing,274.51,4.4
6811,Cut Plus,Sports,146.82,5.0
6812,Federal Max,Sports,74.2,3.7
6813,Wear Lite,Sports,193.49,1.3
6814,Civil Lite,Toys,198.54,2.5
6815,Point Plus,Home,106.37,1.9
6816,Expert Lite,Sports,59.67,4.2
6817,Instead Plus,Toys,52.9,2.2
6818,Worker Pro,Books,96.86,3.0
6819,Small Pro,Beauty,201.41,3.1
6820,Include Plus,Clothing,444.15,2.7
6821,Want Plus,Electronics,421.65,2.6
6822,Her Plus,Beauty,488.59,2.5
6823,Great Plus,Electronics,112.14,3.2
6824,Try Max,Electronics,19.01,3.2
6825,Watch Plus,Sports,303.66,3.6
6826,Animal Plus,Sports,117.37,4.4
6827,Future Lite,Beauty,487.89,4.0
6828,Church Max,Toys,477.7,5.0
6829,Budget Pro,Sports,323.71,2.9
6830,Same Pro,Home,168.27,1.9
6831,Deep Pro,Electronics,454.38,1.2
6832,White Max,Beauty,51.62,3.2
6833,That Max,Clothing,259.21,2.1
6834,Method Pro,Beauty,100.33,1.4
6835,Amount Pro,Home,349.78,4.1
6836,Friend Plus,Sports,31.45,4.3
6837,State Lite,Sports,226.86,3.5
6838,Memory Lite,Toys,290.39,4.6
6839,Fact Plus,Beauty,302.13,2.3
6840,Be Max,Electronics,247.71,1.4
6841,Do Plus,Toys,171.2,2.7
6842,Practice Pro,Beauty,311.81,3.7
6843,Employee Pro,Home,43.1,1.8
6844,Everybody Lite,Home,431.48,1.4
6845,Particularly Plus,Clothing,415.4,1.7
6846,Data Plus,Books,417.24,2.8
6847,Part Max,Sports,434.03,2.7
6848,Between Plus,Beauty,156.02,2.6
6849,Cause Plus,Beauty,256.02,1.4
6850,Argue Max,Beauty,427.21,3.8
6851,Art Pro,Home,267.55,4.8
6852,Executive Pro,Electronics,382.99,3.6
6853,Rest Pro,Home,43.05,5.0
6854,Book Lite,Clothing,398.7,3.8
6855,Their Pro,Home,114.79,4.9
6856,Huge Max,Home,460.86,4.2
6857,Because Max,Electronics,237.75,4.4
6858,How Lite,Books,291.31,4.0
6859,Leader Pro,Books,346.18,4.3
6860,Chair Max,Home,337.91,3.4
6861,Scientist Lite,Books,260.36,2.3
6862,Well Max,Books,348.95,4.6
6863,Game Max,Sports,300.86,3.3
6864,Hope Pro,Clothing,243.51,2.1
6865,Practice Max,Beauty,317.9,1.6
6866,Throughout Lite,Toys,480.73,2.4
6867,Car Plus,Toys,139.8,4.3
6868,Little Max,Books,281.04,4.5
6869,Soldier Lite,Toys,249.3,2.7
6870,View Max,Electronics,410.36,5.0
6871,Guy Max,Home,406.49,1.5
6872,Outside Plus,Clothing,287.87,2.0
6873,Account Lite,Electronics,413.28,3.9
6874,Half Lite,Books,120.71,2.3
6875,Rest Max,Toys,31.1,2.0
6876,Member Plus,Beauty,202.97,3.6
6877,Fact Lite,Toys,479.18,1.2
6878,Capital Plus,Sports,332.49,2.4
6879,But Plus,Clothing,316.67,4.7
6880,Executive Pro,Beauty,492.71,3.4
6881,Around Max,Sports,58.27,2.9
6882,Civil Max,Books,327.17,4.0
6883,Manage Pro,Home,203.23,1.3
6884,Do Max,Clothing,481.68,2.9
6885,Recent Plus,Home,19.25,3.8
6886,Rock Pro,Home,330.15,3.8
6887,Federal Pro,Sports,460.34,2.2
6888,Join Max,Sports,89.51,4.4
6889,Picture Lite,Electronics,345.73,3.1
6890,Challenge Max,Toys,405.64,2.6
6891,Budget Max,Clothing,368.09,2.7
6892,Maybe Lite,Electronics,51.6,3.2
6893,Write Lite,Books,137.89,2.2
6894,Gas Lite,Clothing,336.35,3.7
6895,Major Max,Sports,143.36,4.2
6896,Party Lite,Electronics,350.36,2.2
6897,Result Plus,Books,352.27,4.8
6898,Follow Pro,Sports,369.24,2.7
6899,Win Pro,Books,211.18,2.1
6900,Military Lite,Electronics,157.92,2.4
6901,Theory Pro,Clothing,236.39,2.3
6902,Know Max,Books,420.19,5.0
6903,Side Pro,Beauty,455.1,1.7
6904,Culture Pro,Sports,451.4,4.1
6905,Similar Pro,Sports,103.82,2.5
6906,Customer Lite,Clothing,375.93,3.4
6907,Chair Max,Electronics,318.92,1.7
6908,From Plus,Home,357.01,2.7
6909,Even Plus,Beauty,90.77,1.7
6910,Spring Lite,Clothing,119.7,2.5
6911,Admit Lite,Electronics,418.21,3.5
6912,Stage Max,Beauty,340.02,4.3
6913,Who Max,Toys,398.03,1.5
6914,Tv Max,Books,6.09,2.7
6915,Shoulder Max,Beauty,373.62,2.1
6916,First Max,Clothing,403.95,3.7
6917,Republican Max,Clothing,132.39,2.9
6918,Structure Pro,Sports,265.77,2.7
6919,Executive Lite,Sports,23.45,2.7
6920,Laugh Lite,Toys,147.55,2.1
6921,Somebody Max,Home,472.17,4.8
6922,Group Lite,Books,15.31,2.1
6923,It Lite,Toys,417.27,3.3
6924,Top Lite,Clothing,487.17,4.4
6925,Finish Lite,Beauty,139.63,4.9
6926,Reason Plus,Toys,317.62,1.0
6927,Seat Plus,Toys,452.63,4.5
6928,Notice Plus,Books,166.75,2.3
6929,Better Pro,Toys,431.63,2.6
6930,Along Pro,Books,231.66,4.2
6931,Training Max,Electronics,23.63,3.4
6932,Them Lite,Books,72.51,3.0
6933,Treat Plus,Clothing,467.61,4.9
6934,Increase Plus,Sports,191.76,4.9
6935,Consider Plus,Home,296.58,3.4
6936,Husband Lite,Home,13.12,3.8
6937,Brother Plus,Sports,427.41,3.6
6938,Avoid Plus,Beauty,30.49,4.4
6939,Maintain Plus,Electronics,44.99,4.9
6940,Per Max,Toys,264.18,4.2
6941,Eat Plus,Electronics,171.68,2.9
6942,All Lite,Home,218.91,2.3
6943,Their Lite,Electronics,273.7,3.0
6944,Economy Pro,Sports,52.48,3.0
6945,Sometimes Lite,Books,283.67,3.9
6946,Popular Max,Clothing,145.62,1.8
6947,Have Lite,Beauty,444.36,4.9
6948,Argue Lite,Electronics,442.06,5.0
6949,Half Lite,Books,380.94,1.1
6950,Him Lite,Toys,207.44,4.4
6951,International Max,Home,174.86,1.2
6952,Offer Lite,Clothing,398.73,2.7
6953,Significant Plus,Toys,352.99,3.4
6954,Nothing Lite,Toys,225.62,2.2
6955,Easy Pro,Toys,69.38,1.2
6956,Receive Max,Beauty,165.24,3.8
6957,Summer Plus,Home,373.56,4.0
6958,Huge Lite,Beauty,496.39,1.3
6959,Type Plus,Toys,379.16,3.1
6960,Hard Lite,Beauty,126.02,4.0
6961,Real Pro,Sports,195.75,2.3
6962,Hand Lite,Clothing,14.38,4.4
6963,Even Pro,Toys,44.34,4.1
6964,Tell Plus,Beauty,291.16,3.4
6965,Effect Pro,Toys,307.14,1.8
6966,Who Lite,Sports,460.73,4.4
6967,Scientist Max,Toys,452.33,3.0
6968,Since Lite,Beauty,191.14,2.9
6969,Campaign Max,Home,167.14,1.6
6970,Medical Max,Sports,214.12,2.0
6971,Time Lite,Clothing,316.29,2.0
6972,Ask Plus,Sports,370.68,2.0
6973,Property Pro,Beauty,40.61,4.9
6974,Work Max,Clothing,188.54,3.7
6975,Join Pro,Home,358.46,4.0
6976,Main Pro,Home,441.98,4.4
6977,Apply Plus,Books,143.57,2.4
6978,Son Plus,Home,90.66,2.7
6979,Check Max,Home,126.28,2.6
6980,Imagine Lite,Sports,25.36,3.5
6981,Government Plus,Toys,250.47,4.1
6982,Defense Lite,Beauty,139.94,2.1
6983,Performance Max,Books,420.46,3.9
6984,Reach Max,Beauty,180.3,1.8
6985,Far Plus,Toys,130.61,4.3
6986,Force Pro,Toys,393.08,2.9
6987,People Plus,Home,281.0,2.1
6988,Skill Lite,Toys,79.4,4.8
6989,Performance Plus,Home,236.29,1.3
6990,Why Plus,Books,103.86,1.4
6991,Also Lite,Toys,238.24,1.8
6992,Space Max,Electronics,312.89,1.2
6993,Really Pro,Sports,360.23,3.3
6994,Wonder Lite,Sports,21.58,2.6
6995,Mean Plus,Books,364.36,1.6
6996,Present Lite,Sports,135.38,2.0
6997,Stand Lite,Sports,330.33,2.5
6998,Within Lite,Clothing,457.33,4.5
6999,Beat Max,Home,217.77,1.1
7000,Situation Pro,Toys,479.2,2.0
7001,Someone Pro,Toys,499.77,3.9
7002,Without Pro,Electronics,369.13,4.3
7003,Total Lite,Toys,213.6,1.3
7004,Expect Plus,Toys,160.61,1.3
7005,Matter Pro,Sports,443.93,3.0
7006,Throw Plus,Toys,464.93,2.6
7007,Good Pro,Books,366.43,2.9
7008,Hope Plus,Electronics,257.81,4.1
7009,Knowledge Plus,Beauty,246.0,1.0
7010,Everybody Plus,Sports,293.86,2.6
7011,Themselves Plus,Beauty,443.29,3.8
7012,Today Pro,Sports,189.57,1.5
7013,Environment Plus,Books,489.09,3.3
7014,Wait Pro,Beauty,322.74,1.3
7015,Commercial Max,Sports,120.17,1.9
7016,Guess Max,Beauty,353.66,3.0
7017,Close Lite,Toys,13.59,2.1
7018,Many Plus,Sports,124.77,3.1
7019,Less Max,Clothing,38.21,1.2
7020,Same Pro,Clothing,438.46,3.1
7021,Ready Plus,Electronics,157.62,2.2
7022,Investment Max,Clothing,278.12,4.4
7023,Agree Lite,Home,367.95,3.0
7024,Her Max,Books,230.33,4.5
7025,Ready Max,Electronics,98.05,3.4
7026,Could Lite,Electronics,13.26,4.6
7027,Office Max,Sports,116.84,3.0
7028,Fill Max,Toys,181.89,1.3
7029,Lot Plus,Home,158.5,4.5
7030,Wonder Plus,Home,154.71,1.8
7031,Benefit Max,Books,42.8,3.7
7032,Total Pro,Clothing,180.89,2.5
7033,Open Lite,Home,387.36,3.1
7034,Modern Pro,Books,108.97,3.5
7035,Cup Lite,Sports,88.05,1.5
7036,Offer Lite,Books,439.03,4.2
7037,Close Pro,Toys,290.78,2.2
7038,Every Pro,Clothing,485.71,3.2
7039,Floor Plus,Books,183.7,3.1
7040,Too Pro,Home,233.05,4.0
7041,Month Max,Clothing,271.33,4.8
7042,Bag Pro,Beauty,114.07,3.1
7043,Herself Pro,Beauty,446.31,4.1
7044,Who Pro,Clothing,480.46,1.3
7045,Speech Lite,Toys,195.66,2.0
7046,Life Max,Books,457.79,1.4
7047,Fight Lite,Beauty,234.34,4.4
7048,Born Pro,Toys,295.88,4.7
7049,Tree Max,Electronics,259.93,1.6
7050,Prepare Max,Books,49.89,1.3
7051,Old Plus,Electronics,102.34,1.3
7052,Project Lite,Books,101.91,1.2
7053,My Pro,Books,115.61,1.8
7054,Network Lite,Books,10.08,2.8
7055,Can Pro,Sports,357.54,4.6
7056,Us Plus,Books,308.89,2.2
7057,Simply Lite,Books,231.03,4.0
7058,Near Plus,Clothing,375.91,2.2
7059,Politics Lite,Electronics,392.63,4.0
7060,Option Max,Beauty,297.55,1.6
7061,Way Lite,Books,80.59,2.7
7062,Mother Pro,Beauty,459.09,4.2
7063,Really Pro,Home,485.99,4.7
7064,Machine Plus,Sports,193.37,3.5
7065,Two Pro,Electronics,448.11,4.6
7066,Notice Max,Clothing,333.76,1.5
7067,Ball Pro,Home,270.1,2.7
7068,Sell Max,Clothing,345.07,3.5
7069,Model Plus,Books,464.3,2.6
7070,All Plus,Toys,311.05,4.1
7071,True Max,Electronics,266.89,3.5
7072,Write Plus,Beauty,400.82,3.8
7073,Practice Pro,Electronics,175.91,1.9
7074,Practice Lite,Home,69.11,1.5
7075,When Plus,Electronics,353.21,1.6
7076,Painting Pro,Electronics,480.28,3.6
7077,Vote Lite,Beauty,173.1,3.0
7078,Debate Max,Books,403.51,3.2
7079,Your Pro,Clothing,306.98,1.4
7080,Likely Lite,Clothing,450.98,4.2
7081,Population Lite,Sports,497.95,4.5
7082,Exist Pro,Sports,465.23,4.7
7083,Just Plus,Electronics,403.98,1.2
7084,Less Pro,Clothing,396.69,4.3
7085,Fire Lite,Electronics,212.16,2.4
7086,Group Lite,Home,135.43,4.8
7087,Within Plus,Sports,489.97,4.9
7088,Expect Pro,Sports,291.89,2.0
7089,Affect Pro,Sports,253.82,3.9
7090,Change Lite,Home,199.11,3.8
7091,Difficult Max,Electronics,51.42,2.6
7092,Level Lite,Home,403.6,1.9
7093,Painting Plus,Beauty,256.79,3.0
7094,Scientist Plus,Books,215.66,4.9
7095,Half Max,Electronics,106.97,3.6
7096,Director Pro,Home,325.34,4.5
7097,Arrive Max,Toys,297.83,4.5
7098,Must Pro,Toys,364.82,1.8
7099,Walk Plus,Electronics,461.44,2.9
7100,Development Lite,Sports,377.85,4.6
7101,Religious Pro,Toys,290.82,1.1
7102,Use Pro,Clothing,167.99,4.0
7103,Animal Lite,Toys,497.42,3.3
7104,Easy Lite,Sports,126.72,1.7
7105,Room Lite,Books,41.34,3.8
7106,Rich Pro,Books,232.5,3.3
7107,Fund Pro,Books,120.51,2.8
7108,Operation Max,Beauty,182.41,1.4
7109,Rather Plus,Home,111.45,1.2
7110,Example Lite,Sports,114.43,3.6
7111,Class Plus,Home,8.87,3.2
7112,Involve Plus,Toys,315.26,4.0
7113,Southern Plus,Toys,400.84,2.5
7114,Station Max,Beauty,446.0,2.5
7115,Energy Max,Toys,443.52,3.1
7116,Trip Max,Sports,270.58,1.0
7117,Seven Pro,Beauty,113.08,2.0
7118,Its Max,Electronics,221.21,3.0
7119,Foot Lite,Home,269.91,2.2
7120,Natural Plus,Home,453.79,3.6
7121,Hundred Pro,Beauty,474.8,2.1
7122,Store Max,Home,486.92,3.9
7123,Energy Lite,Toys,289.55,2.3
7124,Deal Pro,Clothing,181.92,1.8
7125,Night Plus,Books,449.13,3.7
7126,Race Lite,Beauty,316.11,4.7
7127,Task Plus,Books,271.04,2.8
7128,Hot Lite,Electronics,483.65,1.3
7129,Somebody Lite,Beauty,195.96,4.5
7130,Big Max,Home,224.66,4.0
7131,Person Pro,Toys,310.46,3.0
7132,General Lite,Books,115.89,3.5
7133,Change Lite,Toys,162.56,4.1
7134,That Plus,Books,443.93,3.4
7135,Treatment Plus,Beauty,301.43,2.0
7136,Play Pro,Toys,29.66,4.8
7137,Before Lite,Sports,254.64,1.7
7138,Need Pro,Home,393.22,4.3
7139,Pressure Pro,Toys,369.52,3.3
7140,End Max,Clothing,461.37,1.6
7141,Line Lite,Toys,273.02,4.0
7142,Only Lite,Toys,333.1,1.7
7143,System Plus,Home,278.88,3.3
7144,Scientist Lite,Home,329.18,1.2
7145,Let Pro,Toys,318.72,3.0
7146,Admit Pro,Books,9.01,1.8
7147,Their Lite,Beauty,7.48,4.4
7148,Together Lite,Toys,113.49,4.0
7149,Quickly Lite,Toys,441.17,2.6
7150,Blood Plus,Electronics,464.63,2.3
7151,Because Lite,Home,440.97,2.4
7152,Glass Max,Home,25.25,4.6
7153,Friend Plus,Toys,137.33,4.0
7154,Especially Plus,Sports,351.75,3.0
7155,Treat Pro,Sports,169.72,1.8
7156,Senior Lite,Beauty,288.83,1.4
7157,Behind Max,Sports,267.7,4.9
7158,Thousand Plus,Home,370.75,4.7
7159,He Max,Toys,253.15,4.0
7160,Other Max,Electronics,440.34,4.8
7161,Beautiful Lite,Sports,443.6,4.1
7162,Garden Max,Beauty,126.72,1.1
7163,Leg Plus,Home,173.39,2.3
7164,Speech Max,Electronics,457.52,2.5
7165,Stuff Plus,Books,112.68,3.4
7166,Contain Plus,Home,322.47,2.1
7167,Hear Plus,Electronics,225.68,3.4
7168,Last Pro,Toys,242.85,2.4
7169,Save Pro,Beauty,254.91,2.8
7170,Instead Lite,Books,38.92,3.3
7171,In Lite,Books,52.51,2.2
7172,Information Max,Books,106.97,1.4
7173,Arm Lite,Beauty,273.04,3.1
7174,Wear Max,Beauty,391.41,2.3
7175,Nearly Plus,Books,222.79,2.7
7176,Air Plus,Toys,163.02,4.6
7177,Writer Plus,Electronics,184.01,2.2
7178,Off Lite,Sports,397.93,1.8
7179,Guy Lite,Clothing,492.08,2.7
7180,Indeed Plus,Sports,248.85,2.3
7181,Assume Plus,Toys,284.02,4.8
7182,Whole Pro,Toys,293.22,4.1
7183,Forget Pro,Home,205.43,4.8
7184,Condition Max,Books,433.24,2.4
7185,Argue Lite,Beauty,234.59,1.5
7186,Role Pro,Sports,28.63,1.5
7187,Pull Lite,Sports,129.87,2.8
7188,Whole Max,Toys,147.43,4.8
7189,Local Max,Sports,40.52,4.6
7190,Peace Lite,Sports,270.6,1.5
7191,West Lite,Books,236.81,3.0
7192,Matter Plus,Books,56.41,2.4
7193,Pretty Plus,Books,52.14,3.1
7194,Manager Lite,Home,110.93,3.7
7195,Contain Max,Clothing,431.05,3.1
7196,Group Lite,Books,278.58,4.3
7197,General Lite,Home,374.68,2.2
7198,Mother Plus,Books,464.34,1.4
7199,Thing Plus,Home,26.93,4.1
7200,Century Lite,Sports,321.94,4.1
7201,Rather Plus,Clothing,122.98,4.0
7202,Model Lite,Home,5.93,1.1
7203,Hospital Pro,Books,203.22,3.4
7204,Prove Plus,Sports,359.58,2.0
7205,Activity Plus,Sports,296.98,3.9
7206,Tax Max,Books,66.62,2.4
7207,Hundred Lite,Beauty,173.32,1.2
7208,Describe Max,Home,469.72,2.5
7209,Window Plus,Electronics,65.72,1.1
7210,First Plus,Electronics,14.55,2.8
7211,Apply Pro,Sports,423.96,4.0
7212,North Plus,Sports,22.46,2.5
7213,Others Lite,Beauty,21.55,3.2
7214,Keep Max,Beauty,159.74,3.7
7215,Factor Plus,Sports,82.27,4.0
7216,People Lite,Beauty,406.16,1.9
7217,Just Plus,Home,203.89,2.0
7218,Several Max,Toys,217.08,5.0
7219,Fire Lite,Sports,398.81,3.8
7220,Rule Plus,Electronics,247.08,2.8
7221,Floor Max,Beauty,271.47,2.1
7222,Guy Pro,Clothing,119.09,2.4
7223,Western Pro,Toys,100.96,1.0
7224,Themselves Lite,Clothing,28.33,2.9
7225,Effect Lite,Clothing,248.79,2.2
7226,Clearly Max,Home,205.57,3.7
7227,Fine Max,Books,242.49,4.1
7228,Film Plus,Home,385.47,4.5
7229,Including Lite,Beauty,481.82,1.8
7230,Play Pro,Sports,30.52,2.8
7231,Subject Max,Toys,185.28,3.5
7232,Method Lite,Beauty,407.81,2.6
7233,Major Pro,Beauty,91.18,4.4
7234,Fish Max,Sports,210.46,4.6
7235,Religious Plus,Toys,297.69,2.1
7236,Sometimes Pro,Clothing,443.75,4.5
7237,Court Plus,Home,469.79,1.4
7238,Likely Max,Sports,68.57,1.8
7239,Quality Max,Electronics,135.61,3.6
7240,Guy Lite,Toys,83.74,2.5
7241,More Pro,Beauty,247.17,3.6
7242,Many Max,Toys,169.91,3.5
7243,Study Lite,Home,488.49,4.0
7244,Whom Plus,Books,316.44,2.1
7245,Member Lite,Sports,111.31,2.5
7246,By Lite,Books,146.77,1.3
7247,Measure Pro,Toys,387.37,3.1
7248,Man Lite,Electronics,110.85,4.7
7249,Kind Max,Beauty,483.35,3.7
7250,Long Max,Electronics,107.01,4.3
7251,Worry Pro,Sports,298.59,2.8
7252,Plan Plus,Beauty,153.95,1.4
7253,Set Lite,Toys,250.84,1.3
7254,Blood Plus,Sports,71.62,1.1
7255,Agree Pro,Books,332.63,2.0
7256,Generation Max,Books,137.15,1.2
7257,Safe Pro,Electronics,96.37,1.7
7258,Special Max,Home,10.65,1.0
7259,Realize Plus,Toys,200.47,2.2
7260,Push Plus,Electronics,367.5,1.0
7261,Across Plus,Sports,334.18,2.7
7262,Media Max,Toys,235.19,1.6
7263,Nice Lite,Electronics,244.18,3.6
7264,Top Pro,Sports,210.94,4.8
7265,Bring Plus,Clothing,25.69,3.2
7266,Remember Plus,Beauty,29.42,2.2
7267,Nor Plus,Toys,289.28,1.2
7268,Public Max,Home,423.25,3.6
7269,Only Plus,Books,309.31,2.9
7270,Yet Pro,Beauty,308.37,2.6
7271,Vote Lite,Sports,453.57,4.0
7272,Recently Pro,Home,393.39,2.0
7273,Travel Pro,Beauty,361.06,4.0
7274,Example Pro,Clothing,152.69,2.3
7275,Physical Pro,Sports,480.86,2.8
7276,Task Pro,Electronics,278.39,3.9
7277,Concern Lite,Beauty,289.06,1.8
7278,Theory Max,Beauty,198.67,4.8
7279,Be Plus,Books,91.7,4.8
7280,Process Max,Electronics,301.19,3.6
7281,Difficult Plus,Sports,73.58,4.5
7282,Road Max,Home,398.97,1.6
7283,Senior Pro,Home,287.84,4.7
7284,Late Pro,Beauty,355.38,2.8
7285,Behavior Lite,Beauty,10.18,4.5
7286,We Max,Clothing,387.49,2.5
7287,Page Max,Toys,254.23,2.2
7288,During Pro,Electronics,207.09,2.8
7289,Concern Lite,Toys,46.81,2.2
7290,Phone Lite,Home,289.09,4.1
7291,Be Lite,Electronics,17.87,1.7
7292,Film Pro,Books,28.31,4.2
7293,Military Pro,Clothing,455.89,2.0
7294,Job Pro,Beauty,168.56,3.1
7295,Partner Plus,Beauty,291.2,4.7
7296,Night Lite,Toys,380.39,3.4
7297,Attention Pro,Home,464.83,1.3
7298,To Plus,Sports,18.28,1.1
7299,Serve Plus,Beauty,228.69,1.2
7300,Including Lite,Electronics,69.14,4.6
7301,Sure Plus,Electronics,168.33,4.9
7302,Work Lite,Beauty,405.53,4.0
7303,As Lite,Clothing,123.34,2.5
7304,Make Lite,Electronics,379.25,2.8
7305,Teacher Plus,Home,235.07,3.7
7306,Evening Pro,Electronics,196.95,1.9
7307,While Lite,Sports,422.18,4.7
7308,Easy Plus,Sports,319.34,4.4
7309,Chance Pro,Sports,382.47,4.0
7310,Rich Pro,Clothing,116.77,2.1
7311,Inside Plus,Sports,415.22,3.9
7312,Focus Lite,Toys,491.9,4.6
7313,Order Lite,Toys,173.44,4.1
7314,Network Lite,Beauty,144.05,3.1
7315,Blue Pro,Beauty,155.22,4.5
7316,Result Plus,Sports,401.99,4.4
7317,Wide Pro,Books,196.57,4.4
7318,Door Lite,Clothing,244.41,2.8
7319,Size Lite,Toys,291.96,4.6
7320,Know Plus,Home,416.82,1.4
7321,Adult Pro,Home,476.91,3.3
7322,Door Plus,Books,441.15,2.4
7323,Serve Lite,Home,174.0,1.6
7324,Morning Plus,Clothing,87.38,3.7
7325,Protect Max,Books,255.92,2.1
7326,Reflect Pro,Toys,105.59,1.0
7327,Form Lite,Sports,193.21,4.4
7328,Attack Plus,Electronics,422.21,2.5
7329,Fill Max,Toys,477.16,3.9
7330,Never Plus,Electronics,113.15,1.5
7331,Page Plus,Toys,276.19,1.1
7332,Challenge Plus,Home,445.73,2.8
7333,His Lite,Home,25.24,3.6
7334,Somebody Plus,Clothing,191.24,3.0
7335,Arrive Max,Sports,404.91,4.7
7336,So Pro,Sports,393.74,1.2
7337,Rest Plus,Toys,122.99,2.4
7338,Research Max,Beauty,300.55,1.7
7339,Push Pro,Home,272.12,4.6
7340,Notice Max,Books,104.85,1.9
7341,Stand Max,Electronics,394.96,1.9
7342,Trial Max,Books,143.56,1.1
7343,Public Plus,Toys,355.64,1.1
7344,By Plus,Beauty,492.53,2.0
7345,Medical Max,Sports,458.98,2.6
7346,Total Lite,Sports,69.6,2.4
7347,Responsibility Plus,Books,390.37,3.4
7348,Fight Pro,Clothing,255.39,2.0
7349,Idea Pro,Electronics,393.81,4.4
7350,Of Lite,Books,267.88,4.3
7351,Guy Lite,Books,268.2,4.1
7352,Book Lite,Clothing,57.78,4.8
7353,Listen Pro,Books,87.53,2.4
7354,All Lite,Clothing,267.06,1.0
7355,Song Max,Home,208.05,5.0
7356,Within Max,Books,169.85,1.1
7357,Answer Plus,Beauty,267.37,4.8
7358,Dream Plus,Electronics,340.97,1.2
7359,Various Max,Clothing,65.56,4.6
7360,Second Plus,Electronics,451.47,1.4
7361,Relate Lite,Beauty,203.64,2.7
7362,Test Max,Beauty,388.96,3.6
7363,She Plus,Beauty,264.62,2.9
7364,Evening Plus,Clothing,414.05,3.8
7365,Painting Lite,Toys,82.97,2.2
7366,Data Lite,Toys,207.3,3.3
7367,Moment Pro,Home,458.28,3.3
7368,Current Lite,Books,61.85,1.0
7369,Late Max,Toys,95.46,3.2
7370,Program Pro,Home,7.22,2.3
7371,Become Pro,Clothing,265.9,2.2
7372,Worry Pro,Clothing,469.8,1.6
7373,Able Max,Sports,353.14,4.0
7374,Grow Pro,Sports,444.29,2.4
7375,Common Lite,Books,38.08,2.1
7376,Small Plus,Beauty,73.06,4.5
7377,Themselves Pro,Electronics,434.88,2.1
7378,Current Plus,Clothing,437.85,2.3
7379,Man Pro,Toys,53.35,1.7
7380,Parent Plus,Books,141.51,4.3
7381,Service Max,Toys,362.05,1.2
7382,Civil Lite,Books,368.8,4.7
7383,Not Max,Clothing,11.63,4.9
7384,Operation Plus,Clothing,451.53,3.8
7385,Author Max,Home,269.78,3.6
7386,Accept Plus,Electronics,398.83,4.5
7387,Instead Lite,Home,489.02,1.6
7388,Season Max,Home,245.29,2.1
7389,Hold Lite,Beauty,353.33,3.5
7390,Ok Plus,Electronics,52.35,1.2
7391,Story Pro,Beauty,218.98,3.4
7392,Day Plus,Sports,70.46,3.5
7393,Out Lite,Electronics,287.87,1.2
7394,Single Max,Beauty,363.29,2.4
7395,Wait Max,Clothing,353.99,4.9
7396,What Plus,Toys,6.86,2.1
7397,Develop Max,Toys,240.93,2.4
7398,Produce Max,Beauty,455.2,2.4
7399,Mention Lite,Books,406.22,1.3
7400,Character Max,Toys,304.16,2.8
7401,Mission Lite,Beauty,86.61,1.1
7402,Allow Plus,Books,416.09,2.8
7403,Middle Pro,Toys,481.77,4.7
7404,Movement Lite,Beauty,406.3,4.3
7405,Task Plus,Clothing,195.81,2.4
7406,Political Pro,Beauty,463.21,2.0
7407,Blood Pro,Clothing,153.69,3.3
7408,Name Plus,Sports,227.52,4.0
7409,Method Plus,Sports,395.75,2.9
7410,Analysis Lite,Books,99.68,2.2
7411,Future Lite,Toys,155.63,4.6
7412,Detail Plus,Clothing,303.78,4.5
7413,Fire Lite,Home,59.61,4.6
7414,Statement Lite,Clothing,447.69,4.5
7415,Keep Pro,Toys,82.56,4.7
7416,Create Pro,Toys,404.01,2.1
7417,Major Pro,Sports,151.93,2.2
7418,Account Plus,Electronics,315.11,3.9
7419,Few Lite,Electronics,302.7,2.7
7420,Yard Lite,Home,117.89,2.7
7421,They Lite,Clothing,205.73,3.8
7422,Miss Max,Clothing,186.15,3.4
7423,Magazine Pro,Clothing,209.23,3.4
7424,Nothing Pro,Beauty,381.43,3.9
7425,Project Lite,Toys,316.62,1.2
7426,Sing Pro,Sports,169.38,2.9
7427,Goal Pro,Sports,61.26,2.8
7428,Choose Max,Home,158.82,1.3
7429,Least Plus,Toys,167.49,3.3
7430,Daughter Pro,Electronics,318.9,3.1
7431,Probably Max,Beauty,399.61,1.9
7432,As Lite,Beauty,266.11,3.9
7433,Could Plus,Toys,156.56,1.6
7434,Street Max,Toys,398.0,4.0
7435,Oil Lite,Beauty,211.54,2.7
7436,Health Plus,Toys,240.95,4.7
7437,Thought Lite,Clothing,432.21,1.1
7438,Animal Max,Clothing,218.48,4.7
7439,Sing Lite,Home,365.65,1.9
7440,Write Lite,Electronics,26.14,1.8
7441,Allow Pro,Beauty,23.78,4.9
7442,House Pro,Home,153.8,2.8
7443,Role Pro,Toys,421.15,2.2
7444,Rule Max,Home,254.1,2.0
7445,Character Lite,Books,133.6,4.8
7446,Dream Lite,Clothing,322.44,1.5
7447,Democratic Plus,Beauty,76.09,3.8
7448,Member Pro,Sports,219.27,4.8
7449,Without Lite,Beauty,116.19,1.8
7450,Morning Max,Sports,289.41,3.3
7451,Maintain Lite,Books,427.57,4.0
7452,System Max,Toys,495.71,2.4
7453,Science Plus,Beauty,348.49,2.3
7454,Short Max,Clothing,414.48,4.3
7455,Only Pro,Clothing,126.91,4.7
7456,Medical Max,Books,173.49,3.5
7457,General Max,Electronics,94.49,1.9
7458,Forget Lite,Electronics,423.34,1.6
7459,Peace Plus,Books,15.71,3.3
7460,Score Lite,Clothing,358.72,2.8
7461,Also Pro,Clothing,118.92,1.2
7462,Cold Pro,Home,28.86,2.0
7463,Stop Max,Books,52.44,1.1
7464,Difficult Pro,Books,473.87,2.3
7465,Such Plus,Electronics,402.97,4.8
7466,Technology Lite,Sports,498.85,1.2
7467,Seem Max,Clothing,448.2,4.3
7468,Ahead Lite,Books,199.67,1.3
7469,My Max,Books,407.44,4.4
7470,Knowledge Max,Books,120.12,4.2
7471,Speak Pro,Home,386.49,1.3
7472,Than Pro,Toys,128.49,4.9
7473,Improve Lite,Electronics,177.9,4.0
7474,Order Lite,Beauty,480.69,4.7
7475,Big Pro,Beauty,357.91,2.9
7476,Nice Lite,Sports,251.12,4.0
7477,Hot Lite,Home,474.95,4.6
7478,Process Plus,Home,399.78,1.7
7479,Whole Max,Books,207.74,1.1
7480,Training Plus,Electronics,373.77,1.5
7481,Move Pro,Sports,336.46,3.1
7482,Program Lite,Sports,219.12,2.3
7483,Suddenly Pro,Toys,390.66,2.8
7484,Individual Pro,Books,25.56,1.6
7485,Dog Lite,Beauty,283.38,2.5
7486,Theory Lite,Sports,327.8,3.4
7487,Compare Plus,Electronics,156.51,3.7
7488,Receive Plus,Electronics,456.89,3.0
7489,Fall Pro,Electronics,26.85,4.7
7490,Data Plus,Sports,52.54,1.2
7491,Hour Max,Beauty,78.66,4.3
7492,Article Pro,Beauty,298.98,1.2
7493,Discuss Plus,Sports,61.72,4.8
7494,Skin Pro,Home,483.61,2.9
7495,See Lite,Electronics,266.08,3.7
7496,Moment Plus,Beauty,27.64,2.4
7497,Time Pro,Sports,297.65,2.3
7498,Might Plus,Toys,280.62,4.0
7499,Anything Plus,Home,92.17,1.1
7500,Many Plus,Clothing,358.7,1.6
7501,Night Pro,Sports,320.97,3.2
7502,Short Lite,Home,81.4,1.8
7503,Because Max,Books,212.89,1.1
7504,Interesting Max,Sports,363.59,4.1
7505,Story Max,Electronics,385.48,3.4
7506,Want Lite,Electronics,322.56,2.4
7507,Individual Lite,Beauty,276.57,2.6
7508,Smile Pro,Books,196.83,2.1
7509,North Pro,Home,192.56,3.1
7510,Lot Plus,Home,189.42,4.5
7511,Blue Lite,Toys,248.25,1.4
7512,Prevent Plus,Books,180.39,1.2
7513,Impact Lite,Toys,204.07,5.0
7514,Become Max,Toys,49.26,1.2
7515,Sell Plus,Clothing,296.34,1.6
7516,Reach Pro,Clothing,178.0,4.3
7517,Claim Lite,Home,168.98,4.2
7518,Do Max,Toys,237.51,2.9
7519,Value Max,Electronics,340.12,1.4
7520,Full Plus,Sports,280.82,1.4
7521,Second Max,Toys,210.76,2.5
7522,Admit Plus,Sports,81.08,4.4
7523,Before Max,Books,334.07,1.6
7524,Nearly Lite,Toys,148.59,2.3
7525,Catch Pro,Books,151.41,5.0
7526,Bed Pro,Sports,283.97,4.7
7527,Wait Max,Beauty,424.08,2.6
7528,Benefit Plus,Clothing,262.61,2.9
7529,Republican Lite,Home,53.21,1.9
7530,Sort Max,Toys,397.81,2.1
7531,Southern Max,Toys,337.27,1.1
7532,Table Pro,Books,115.58,1.6
7533,Buy Lite,Beauty,468.74,4.9
7534,In Plus,Sports,486.96,2.1
7535,Condition Plus,Beauty,285.36,3.6
7536,Direction Lite,Books,209.59,2.5
7537,Tend Plus,Sports,101.35,1.4
7538,Cost Plus,Clothing,76.91,1.6
7539,Choose Lite,Sports,205.09,1.0
7540,Wind Max,Clothing,23.49,1.9
7541,Father Lite,Electronics,189.28,4.0
7542,Value Plus,Toys,424.76,4.8
7543,Fill Max,Books,44.01,2.5
7544,Key Pro,Toys,134.89,4.7
7545,Use Max,Toys,431.72,4.5
7546,Near Pro,Books,39.38,2.6
7547,Space Pro,Sports,273.42,1.5
7548,Medical Max,Clothing,291.66,3.0
7549,Start Lite,Toys,141.33,3.5
7550,Simple Pro,Beauty,280.65,4.2
7551,Involve Plus,Electronics,166.56,2.9
7552,Price Lite,Toys,278.07,4.2
7553,Particular Lite,Books,154.95,1.1
7554,Forget Max,Toys,488.66,3.8
7555,School Max,Books,270.66,4.3
7556,Choose Max,Sports,39.9,4.5
7557,Become Max,Home,43.02,2.5
7558,Will Max,Electronics,419.61,4.5
7559,Term Pro,Sports,80.49,3.7
7560,Challenge Pro,Books,395.05,3.4
7561,Floor Max,Sports,289.01,1.0
7562,Issue Pro,Electronics,135.53,4.7
7563,Some Pro,Toys,253.17,4.3
7564,Account Pro,Toys,55.46,3.3
7565,Animal Max,Sports,161.09,4.8
7566,Public Max,Books,364.51,2.6
7567,Stay Max,Books,36.38,1.2
7568,Throw Lite,Electronics,144.05,1.8
7569,Skill Pro,Beauty,56.3,4.8
7570,Discover Pro,Books,9.81,4.9
7571,Pass Pro,Sports,353.42,1.6
7572,Past Pro,Home,437.57,3.7
7573,Mention Lite,Books,227.97,3.0
7574,Bank Plus,Electronics,288.4,2.1
7575,Prepare Pro,Toys,499.67,2.5
7576,Field Pro,Books,331.99,3.0
7577,Impact Max,Electronics,15.78,1.4
7578,Adult Lite,Toys,455.66,2.1
7579,Small Plus,Clothing,473.45,1.6
7580,Raise Lite,Sports,488.47,3.4
7581,Police Pro,Home,364.19,1.1
7582,Capital Max,Toys,496.6,2.8
7583,Assume Lite,Beauty,315.56,3.5
7584,Since Plus,Electronics,304.11,1.9
7585,Blood Pro,Sports,118.24,4.0
7586,Laugh Lite,Electronics,96.98,3.5
7587,Wonder Lite,Electronics,7.13,2.5
7588,Law Max,Clothing,216.18,4.2
7589,Federal Lite,Clothing,470.45,3.8
7590,Piece Pro,Books,247.01,4.8
7591,Particularly Max,Electronics,344.3,1.1
7592,Beautiful Pro,Beauty,303.27,3.6
7593,Second Lite,Home,394.47,1.7
7594,Name Max,Home,23.54,4.7
7595,Mouth Pro,Electronics,144.04,2.2
7596,Develop Plus,Home,301.73,4.5
7597,American Plus,Toys,319.61,3.3
7598,So Lite,Beauty,129.9,1.3
7599,Animal Pro,Sports,127.0,4.2
7600,Less Pro,Electronics,461.07,2.8
7601,Onto Plus,Electronics,377.98,2.8
7602,None Max,Sports,242.83,3.3
7603,Amount Lite,Beauty,102.65,1.8
7604,Quickly Pro,Home,266.26,1.4
7605,Administration Pro,Home,57.78,3.8
7606,At Plus,Toys,30.78,1.1
7607,Career Pro,Clothing,461.35,2.1
7608,Scene Lite,Electronics,472.68,4.2
7609,Security Lite,Toys,298.0,2.8
7610,Bill Max,Clothing,120.48,3.6
7611,Young Lite,Sports,284.5,2.6
7612,Director Lite,Books,470.36,1.9
7613,Dinner Pro,Home,389.2,1.1
7614,Heavy Max,Sports,120.9,2.0
7615,Civil Pro,Toys,32.42,3.5
7616,Government Max,Home,315.12,4.9
7617,Ago Max,Sports,196.03,1.4
7618,Try Plus,Sports,416.58,1.9
7619,Fight Plus,Clothing,480.96,4.5
7620,Social Plus,Sports,456.95,2.1
7621,Believe Plus,Sports,362.77,4.7
7622,Front Max,Toys,374.39,3.2
7623,Their Lite,Toys,265.4,4.4
7624,Keep Max,Toys,312.76,4.5
7625,Later Plus,Beauty,229.35,1.4
7626,Draw Pro,Clothing,140.37,1.8
7627,Candidate Pro,Toys,243.39,3.4
7628,School Plus,Electronics,218.06,2.5
7629,Eye Pro,Home,436.99,4.3
7630,Later Plus,Beauty,67.02,4.5
7631,For Pro,Home,72.44,1.1
7632,Assume Max,Books,376.31,2.6
7633,Sound Plus,Clothing,410.71,3.1
7634,Long Plus,Electronics,55.3,2.2
7635,Use Lite,Books,245.57,4.4
7636,Play Max,Beauty,360.09,2.0
7637,Attention Max,Home,349.33,4.9
7638,All Plus,Home,477.11,3.3
7639,Resource Max,Books,164.47,3.4
7640,Sound Pro,Books,16.81,4.7
7641,One Plus,Electronics,8.51,3.7
7642,Every Pro,Sports,386.51,1.2
7643,Heavy Lite,Home,41.53,1.3
7644,Parent Plus,Clothing,283.11,4.2
7645,Remain Pro,Clothing,474.04,4.4
7646,Service Pro,Electronics,337.93,3.2
7647,Hand Max,Sports,383.07,3.1
7648,Point Lite,Sports,485.9,4.3
7649,Town Pro,Toys,341.8,4.8
7650,Above Plus,Home,68.29,3.7
7651,Phone Max,Electronics,35.37,3.7
7652,Woman Pro,Home,339.75,4.8
7653,Page Plus,Sports,126.28,5.0
7654,Speak Lite,Books,363.7,1.3
7655,Another Max,Clothing,493.97,4.1
7656,National Max,Clothing,15.39,1.9
7657,Cut Pro,Beauty,364.98,2.6
7658,Television Lite,Electronics,242.94,1.3
7659,Wife Max,Toys,19.38,1.8
7660,Maybe Lite,Toys,62.6,3.5
7661,Ok Max,Home,255.84,2.3
7662,Environmental Pro,Home,424.57,2.7
7663,Beat Pro,Toys,125.69,1.9
7664,President Pro,Sports,287.92,1.9
7665,Economic Max,Books,74.26,4.6
7666,Season Max,Sports,403.5,4.2
7667,Land Pro,Clothing,193.36,3.4
7668,Night Plus,Beauty,133.72,4.4
7669,Party Lite,Toys,430.74,4.7
7670,Responsibility Lite,Clothing,453.96,2.7
7671,Single Lite,Books,154.14,3.1
7672,Whole Max,Toys,461.29,3.5
7673,Three Plus,Beauty,60.92,4.9
7674,Real Pro,Electronics,158.01,4.9
7675,Available Max,Electronics,215.91,1.1
7676,Summer Pro,Books,283.15,2.9
7677,She Lite,Books,352.73,3.4
7678,Style Pro,Toys,321.95,2.6
7679,Off Max,Toys,243.33,2.9
7680,Group Pro,Clothing,461.54,3.3
7681,Throughout Max,Electronics,358.05,2.1
7682,Character Plus,Clothing,236.64,1.5
7683,Magazine Max,Sports,483.48,2.6
7684,Something Pro,Clothing,77.15,2.3
7685,Draw Lite,Electronics,269.92,1.0
7686,Well Lite,Books,330.66,3.4
7687,Space Plus,Home,385.93,3.9
7688,Blue Max,Beauty,416.14,4.9
7689,Partner Lite,Toys,176.4,3.3
7690,Husband Max,Books,361.31,2.1
7691,Very Pro,Electronics,36.87,3.7
7692,Share Plus,Home,10.87,3.8
7693,Happen Plus,Clothing,480.84,2.6
7694,Spend Plus,Toys,218.39,1.4
7695,Happen Lite,Beauty,149.37,4.4
7696,Prepare Max,Clothing,20.16,1.1
7697,Lay Pro,Books,201.97,2.0
7698,Happy Max,Beauty,482.18,3.5
7699,As Max,Beauty,235.84,4.8
7700,Around Max,Toys,59.76,4.6
7701,Trip Max,Electronics,90.02,2.8
7702,Bit Plus,Books,382.44,2.2
7703,Economic Lite,Clothing,96.03,2.9
7704,Indeed Pro,Electronics,310.51,4.4
7705,Investment Lite,Clothing,274.66,2.0
7706,Other Pro,Home,342.53,1.6
7707,With Plus,Toys,444.57,3.5
7708,Finally Lite,Electronics,82.72,3.9
7709,Future Lite,Books,169.35,3.7
7710,Health Pro,Electronics,478.71,4.5
7711,Would Pro,Beauty,61.84,2.2
7712,Just Lite,Sports,68.8,2.7
7713,List Max,Clothing,346.59,1.1
7714,Only Plus,Electronics,498.04,1.5
7715,Community Max,Books,23.95,4.0
7716,Rest Max,Electronics,354.17,1.8
7717,Within Lite,Sports,75.46,4.3
7718,Far Lite,Clothing,497.9,2.3
7719,Ahead Max,Beauty,61.79,2.7
7720,Main Max,Toys,478.57,1.1
7721,Although Pro,Toys,210.69,2.6
7722,For Pro,Home,420.92,4.1
7723,While Plus,Toys,281.29,3.9
7724,Early Lite,Electronics,128.12,4.4
7725,It Lite,Books,142.83,2.0
7726,Think Pro,Home,54.3,2.6
7727,Base Plus,Electronics,20.16,3.2
7728,Onto Lite,Toys,368.52,3.2
7729,Shake Pro,Books,365.79,1.4
7730,Instead Plus,Books,75.64,4.8
7731,Cut Max,Beauty,6.78,1.5
7732,Before Pro,Electronics,182.54,2.3
7733,Get Pro,Sports,306.87,4.2
7734,Area Plus,Electronics,366.75,4.1
7735,Stage Pro,Books,419.05,3.8
7736,Such Lite,Clothing,350.57,3.8
7737,Example Max,Sports,397.63,3.2
7738,Up Pro,Books,254.09,3.2
7739,Office Plus,Sports,225.3,2.2
7740,Base Lite,Books,371.38,4.8
7741,Far Lite,Home,497.55,1.7
7742,Former Lite,Sports,435.83,1.8
7743,Citizen Lite,Electronics,386.94,1.3
7744,Policy Lite,Toys,83.78,2.3
7745,Agree Plus,Toys,94.88,2.8
7746,Difference Max,Home,24.99,1.3
7747,Develop Plus,Books,268.1,1.1
7748,True Max,Electronics,131.09,4.9
7749,Local Pro,Sports,380.82,2.9
7750,Budget Plus,Electronics,400.64,4.4
7751,Boy Lite,Toys,451.04,1.7
7752,Human Max,Books,478.85,2.3
7753,Decide Lite,Sports,366.76,3.4
7754,Onto Max,Electronics,166.36,4.2
7755,Movement Plus,Home,163.98,3.0
7756,Per Pro,Electronics,341.91,4.1
7757,Something Max,Electronics,355.78,4.0
7758,Similar Plus,Home,485.93,2.8
7759,Benefit Lite,Books,384.69,3.7
7760,Offer Pro,Home,5.28,3.3
7761,Break Lite,Beauty,287.37,4.6
7762,Per Pro,Toys,379.47,4.5
7763,Third Max,Clothing,62.56,1.8
7764,Box Plus,Sports,263.24,4.1
7765,Analysis Pro,Electronics,458.13,1.8
7766,Take Plus,Home,341.98,1.3
7767,Our Max,Electronics,345.0,4.7
7768,Because Lite,Home,451.74,4.0
7769,Guess Max,Sports,419.37,3.4
7770,Everybody Plus,Beauty,442.51,4.4
7771,The Max,Home,57.04,4.6
7772,World Lite,Sports,200.0,1.2
7773,Same Max,Clothing,262.83,2.9
7774,Middle Lite,Toys,77.04,2.5
7775,Shoulder Plus,Beauty,327.72,3.2
7776,Magazine Lite,Toys,121.25,3.3
7777,Trade Plus,Sports,125.14,3.8
7778,Real Pro,Sports,7.02,1.9
7779,Various Lite,Beauty,293.28,3.4
7780,Quite Lite,Toys,141.96,2.9
7781,Friend Lite,Toys,400.99,2.1
7782,Space Pro,Home,204.48,4.6
7783,Improve Max,Sports,215.89,2.5
7784,Safe Lite,Books,328.83,2.2
7785,Best Plus,Toys,180.55,3.3
7786,Wish Plus,Electronics,468.66,3.9
7787,Music Max,Books,291.97,4.7
7788,Debate Max,Beauty,260.28,4.8
7789,Appear Pro,Home,407.13,3.8
7790,Prevent Plus,Books,255.61,2.3
7791,Speech Max,Sports,250.96,2.7
7792,Spring Pro,Home,241.09,2.2
7793,Laugh Max,Books,340.21,3.0
7794,Accept Max,Electronics,498.06,3.6
7795,Capital Pro,Toys,344.92,2.9
7796,City Plus,Electronics,440.68,3.7
7797,Food Max,Books,330.51,3.6
7798,Be Pro,Home,256.39,1.9
7799,Item Max,Clothing,99.42,3.9
7800,Amount Lite,Books,11.76,4.6
7801,Until Plus,Beauty,295.99,2.4
7802,Service Lite,Sports,384.08,3.9
7803,Little Max,Electronics,383.66,4.8
7804,Information Plus,Books,101.81,2.8
7805,Bank Lite,Sports,337.13,2.3
7806,Most Pro,Books,313.42,1.6
7807,Knowledge Pro,Clothing,74.13,1.5
7808,Leader Lite,Home,246.21,2.2
7809,Record Lite,Electronics,294.65,3.8
7810,Produce Lite,Books,175.61,2.8
7811,Arrive Pro,Clothing,23.19,2.6
7812,Course Plus,Books,41.45,2.7
7813,No Lite,Books,468.82,4.2
7814,Far Lite,Toys,237.7,2.6
7815,Still Max,Electronics,277.75,2.0
7816,Heart Pro,Sports,78.0,3.7
7817,Whose Pro,Toys,212.15,1.1
7818,Hotel Plus,Electronics,453.53,1.7
7819,Use Max,Beauty,326.31,3.6
7820,Day Pro,Books,196.17,2.1
7821,Defense Lite,Clothing,337.24,4.7
7822,Newspaper Lite,Books,165.3,4.8
7823,Those Lite,Electronics,67.4,2.6
7824,Next Lite,Home,8.28,3.0
7825,Bag Lite,Toys,112.11,3.6
7826,During Plus,Home,429.62,1.8
7827,Ask Pro,Books,340.8,2.6
7828,Water Pro,Beauty,93.08,4.0
7829,Artist Max,Home,284.95,3.9
7830,Glass Max,Home,445.45,3.3
7831,Wall Max,Sports,95.96,1.2
7832,Least Plus,Books,474.7,3.7
7833,Shoulder Plus,Electronics,231.67,3.4
7834,Claim Plus,Sports,469.58,2.8
7835,Computer Pro,Books,340.72,1.7
7836,Drop Pro,Clothing,294.09,1.8
7837,Bed Lite,Beauty,21.42,2.7
7838,Red Plus,Clothing,456.62,2.5
7839,Grow Pro,Beauty,326.28,3.7
7840,Respond Max,Beauty,368.67,4.4
7841,Hit Pro,Sports,300.15,3.3
7842,Sell Plus,Toys,326.16,1.6
7843,Only Pro,Toys,171.9,1.1
7844,Once Pro,Clothing,90.8,2.7
7845,More Pro,Beauty,67.33,1.6
7846,Economy Max,Sports,234.33,4.0
7847,Into Max,Home,390.8,2.3
7848,Condition Lite,Home,368.99,3.1
7849,Free Plus,Toys,87.42,3.2
7850,Success Max,Electronics,203.11,1.6
7851,Receive Pro,Electronics,490.52,1.7
7852,Support Pro,Books,133.05,3.8
7853,Subject Lite,Beauty,291.9,1.5
7854,Point Lite,Home,207.13,4.4
7855,Draw Plus,Toys,347.84,1.1
7856,Science Plus,Toys,475.65,2.8
7857,How Lite,Toys,499.67,1.7
7858,Expect Plus,Clothing,229.26,2.9
7859,Mouth Lite,Home,249.93,4.6
7860,Ground Lite,Electronics,223.55,4.2
7861,Western Lite,Home,162.45,2.9
7862,Visit Pro,Home,47.77,4.6
7863,Long Plus,Clothing,275.15,1.6
7864,Audience Pro,Toys,301.38,3.1
7865,Know Max,Home,345.07,1.3
7866,Then Plus,Books,64.17,1.1
7867,With Lite,Clothing,433.51,1.3
7868,Spring Plus,Electronics,170.67,3.9
7869,Whole Plus,Beauty,260.08,4.2
7870,Also Pro,Sports,420.47,3.6
7871,Quite Plus,Books,499.73,4.9
7872,Then Lite,Sports,36.73,2.9
7873,President Max,Electronics,440.66,4.0
7874,Bill Lite,Clothing,280.54,2.4
7875,Store Lite,Sports,344.41,1.3
7876,Indeed Plus,Toys,13.91,3.3
7877,Fall Pro,Beauty,280.4,2.0
7878,Impact Pro,Beauty,222.8,4.7
7879,All Pro,Home,5.58,3.1
7880,Toward Plus,Home,436.75,1.4
7881,Line Max,Electronics,242.37,3.6
7882,Lead Pro,Home,414.37,1.2
7883,Training Max,Clothing,215.2,3.2
7884,Reflect Lite,Sports,224.1,2.5
7885,Black Max,Sports,456.45,2.6
7886,Their Pro,Books,487.35,1.4
7887,People Pro,Electronics,339.76,1.2
7888,Finish Pro,Home,279.86,2.4
7889,Rule Max,Electronics,189.25,1.6
7890,Since Lite,Beauty,239.41,3.7
7891,Benefit Max,Sports,342.93,1.7
7892,Than Pro,Electronics,494.93,1.7
7893,Those Plus,Books,452.71,4.2
7894,Blue Plus,Books,325.97,3.7
7895,Only Lite,Sports,118.88,3.4
7896,Best Lite,Beauty,434.2,5.0
7897,Much Lite,Books,416.55,1.7
7898,Range Max,Home,333.24,3.7
7899,Use Lite,Sports,325.98,1.2
7900,Game Pro,Home,145.69,2.4
7901,Off Max,Home,149.4,4.8
7902,Including Lite,Electronics,450.73,5.0
7903,Grow Max,Home,469.03,4.9
7904,Lawyer Max,Toys,224.85,2.7
7905,Performance Plus,Sports,288.85,4.1
7906,Public Plus,Home,269.12,4.0
7907,Take Plus,Toys,459.03,4.3
7908,Memory Lite,Books,250.72,1.4
7909,Child Plus,Books,301.36,1.2
7910,Anything Lite,Beauty,152.65,3.9
7911,Rest Pro,Books,140.07,3.4
7912,Machine Pro,Clothing,478.22,4.2
7913,Choice Plus,Clothing,145.2,1.2
7914,Charge Lite,Home,131.47,2.3
7915,Attorney Plus,Clothing,95.42,2.5
7916,Book Max,Books,76.95,2.8
7917,Door Pro,Electronics,451.17,1.4
7918,Situation Pro,Sports,261.45,4.2
7919,Throughout Pro,Beauty,128.89,3.7
7920,Sister Lite,Beauty,115.07,1.7
7921,Indeed Max,Books,414.24,2.6
7922,Commercial Max,Electronics,410.27,2.8
7923,Summer Max,Sports,141.12,4.7
7924,Field Pro,Toys,24.74,1.6
7925,Past Plus,Books,81.66,3.5
7926,Since Plus,Sports,466.55,1.0
7927,Treatment Lite,Books,275.59,1.7
7928,Man Plus,Toys,276.29,1.4
7929,Wrong Max,Electronics,427.66,4.2
7930,Win Plus,Sports,131.42,3.9
7931,The Lite,Home,156.0,1.0
7932,Challenge Max,Beauty,127.71,2.8
7933,Worry Pro,Home,361.92,4.7
7934,Particular Plus,Toys,440.39,1.3
7935,Class Plus,Electronics,231.72,3.0
7936,List Pro,Toys,139.35,4.2
7937,Number Max,Home,225.78,4.8
7938,Seek Plus,Beauty,460.14,3.1
7939,Every Plus,Beauty,496.61,3.1
7940,Animal Plus,Books,150.13,2.3
7941,However Lite,Home,380.45,4.9
7942,If Max,Books,7.11,4.7
7943,Action Max,Sports,468.13,5.0
7944,Without Max,Home,497.39,4.7
7945,Study Lite,Beauty,220.31,3.8
7946,Assume Lite,Sports,495.57,5.0
7947,Let Max,Books,191.55,2.0
7948,Chance Pro,Electronics,80.83,2.1
7949,Rate Lite,Toys,150.83,3.4
7950,Player Plus,Sports,395.22,2.4
7951,Determine Pro,Electronics,490.69,2.6
7952,Kind Plus,Clothing,354.1,3.8
7953,Benefit Max,Toys,448.65,4.9
7954,New Plus,Electronics,330.33,2.3
7955,Certainly Lite,Beauty,19.98,2.3
7956,Eat Max,Electronics,192.49,1.5
7957,Remember Max,Home,319.65,2.2
7958,Enter Max,Electronics,110.52,2.8
7959,Race Max,Toys,443.05,3.6
7960,Future Plus,Electronics,270.76,3.5
7961,Wish Max,Books,152.63,4.5
7962,Not Lite,Home,98.09,1.3
7963,Today Pro,Clothing,314.64,1.8
7964,Fast Pro,Home,274.54,1.7
7965,Nice Plus,Beauty,380.36,1.2
7966,People Plus,Home,43.4,3.8
7967,Law Lite,Books,313.18,3.0
7968,Imagine Plus,Home,119.67,2.7
7969,Upon Lite,Electronics,263.83,1.1
7970,Trial Max,Books,74.06,4.8
7971,Senior Plus,Home,294.08,4.6
7972,Democrat Lite,Toys,476.38,2.1
7973,Probably Lite,Clothing,270.74,4.6
7974,Natural Lite,Home,442.3,2.3
7975,Performance Pro,Clothing,44.23,1.9
7976,Nearly Max,Toys,310.36,3.2
7977,Cause Plus,Electronics,397.37,4.0
7978,Wrong Max,Clothing,374.17,4.7
7979,Main Max,Toys,219.13,2.5
7980,Writer Plus,Books,67.75,2.8
7981,Interest Plus,Beauty,197.65,2.7
7982,Pass Lite,Clothing,238.24,3.1
7983,Network Plus,Electronics,362.58,1.6
7984,Room Plus,Home,282.71,4.3
7985,Western Plus,Electronics,478.51,1.0
7986,Fly Max,Sports,270.79,4.3
7987,Police Lite,Sports,318.48,4.3
7988,Campaign Lite,Home,125.15,4.6
7989,Bar Max,Clothing,477.25,1.5
7990,Run Plus,Home,323.94,4.1
7991,Water Pro,Books,168.64,2.4
7992,Star Lite,Sports,294.09,1.9
7993,Understand Max,Toys,233.83,4.0
7994,Executive Max,Clothing,277.62,4.3
7995,Social Plus,Electronics,159.53,1.7
7996,Author Lite,Electronics,382.83,4.9
7997,Such Lite,Books,172.19,4.6
7998,Peace Max,Beauty,398.9,4.6
7999,Parent Plus,Sports,24.15,1.4
8000,Yet Plus,Home,485.68,3.1
8001,Under Pro,Books,395.41,2.7
8002,Notice Lite,Home,435.38,2.8
8003,Onto Plus,Toys,394.45,4.5
8004,Room Plus,Beauty,10.03,4.9
8005,Design Lite,Beauty,337.25,4.6
8006,Why Plus,Home,374.32,1.8
8007,Believe Max,Beauty,424.83,4.9
8008,Relationship Max,Books,274.46,2.3
8009,Network Plus,Sports,221.66,1.0
8010,Wish Plus,Clothing,123.38,3.5
8011,Machine Lite,Beauty,420.95,3.7
8012,Race Lite,Clothing,213.76,1.1
8013,Ten Plus,Electronics,319.91,3.4
8014,Son Max,Electronics,47.15,4.8
8015,Above Pro,Clothing,430.43,2.0
8016,Say Pro,Sports,63.08,3.9
8017,President Plus,Electronics,434.24,2.5
8018,Vote Max,Clothing,181.15,3.2
8019,Including Pro,Books,446.09,3.2
8020,Party Pro,Electronics,272.71,1.1
8021,Bag Pro,Books,410.21,1.8
8022,Miss Lite,Toys,405.02,2.3
8023,Couple Plus,Electronics,69.0,3.6
8024,House Plus,Clothing,258.19,2.8
8025,Perhaps Lite,Home,186.08,2.7
8026,Local Lite,Home,349.93,3.3
8027,Popular Lite,Books,480.55,2.4
8028,Later Lite,Beauty,287.17,4.9
8029,Cup Pro,Books,165.48,3.6
8030,For Plus,Clothing,283.76,3.5
8031,Whatever Plus,Electronics,153.68,2.5
8032,Provide Lite,Electronics,281.78,3.5
8033,Himself Max,Sports,159.91,4.0
8034,History Lite,Clothing,405.46,1.2
8035,Four Plus,Sports,387.95,3.6
8036,Small Max,Toys,380.86,2.6
8037,Third Lite,Electronics,437.46,3.4
8038,Operation Max,Electronics,153.19,4.6
8039,She Plus,Books,356.71,2.3
8040,As Pro,Toys,106.23,4.2
8041,Truth Max,Home,317.18,4.1
8042,Better Lite,Home,105.23,3.1
8043,Call Max,Books,475.78,1.8
8044,Financial Lite,Sports,429.83,1.7
8045,Traditional Pro,Toys,88.42,5.0
8046,Crime Lite,Electronics,369.71,1.7
8047,Any Max,Toys,221.07,2.2
8048,Figure Pro,Beauty,129.0,1.7
8049,Real Pro,Toys,278.08,1.2
8050,Affect Max,Books,241.71,2.3
8051,Senior Pro,Sports,18.32,4.7
8052,With Plus,Beauty,456.98,1.4
8053,Spring Max,Clothing,165.83,2.6
8054,Hour Pro,Beauty,450.52,1.3
8055,Wide Pro,Clothing,400.96,4.0
8056,Activity Max,Books,401.52,3.8
8057,Couple Plus,Electronics,105.05,3.4
8058,Stuff Plus,Sports,92.07,2.8
8059,Owner Plus,Electronics,96.89,2.0
8060,Republican Max,Electronics,385.16,1.6
8061,Dream Max,Beauty,47.72,3.8
8062,Break Max,Beauty,46.37,1.9
8063,Investment Pro,Books,298.07,2.2
8064,Too Pro,Clothing,310.94,4.8
8065,Hair Pro,Beauty,274.79,3.1
8066,Despite Pro,Beauty,193.02,2.6
8067,Able Lite,Clothing,98.19,4.3
8068,Believe Pro,Sports,289.98,3.4
8069,Modern Max,Electronics,337.0,1.8
8070,Tell Plus,Beauty,364.89,3.8
8071,Quality Pro,Home,479.75,1.9
8072,Expert Plus,Toys,314.89,3.0
8073,Every Lite,Sports,440.6,5.0
8074,Fly Plus,Electronics,10.62,3.6
8075,Reflect Pro,Beauty,62.0,3.0
8076,That Plus,Books,22.7,4.3
8077,Through Pro,Electronics,123.39,1.8
8078,Plant Max,Electronics,382.9,4.9
8079,Republican Lite,Toys,135.43,2.5
8080,Check Pro,Home,42.92,4.6
8081,Perform Plus,Toys,198.47,1.2
8082,Instead Plus,Home,176.64,3.8
8083,For Lite,Sports,430.53,2.8
8084,Require Max,Electronics,413.63,4.0
8085,Cut Max,Electronics,200.22,4.3
8086,Material Plus,Sports,254.4,1.3
8087,Indeed Pro,Books,386.42,3.8
8088,Method Plus,Toys,485.67,4.8
8089,Set Plus,Toys,386.89,1.2
8090,Without Plus,Toys,233.52,1.1
8091,Against Lite,Home,457.43,4.5
8092,High Plus,Home,344.78,2.0
8093,Memory Max,Toys,127.67,3.8
8094,Save Pro,Electronics,249.11,4.0
8095,Game Lite,Beauty,410.3,4.1
8096,Speak Plus,Toys,456.97,2.1
8097,Weight Pro,Beauty,213.32,2.0
8098,Finish Max,Books,111.67,1.1
8099,Speech Plus,Books,445.33,4.1
8100,Foot Lite,Books,441.43,3.2
8101,Not Max,Beauty,438.26,1.7
8102,Military Plus,Books,301.89,1.0
8103,Analysis Plus,Clothing,75.36,4.4
8104,Sing Lite,Beauty,420.04,1.6
8105,Result Lite,Beauty,473.05,4.0
8106,Already Lite,Books,499.47,1.5
8107,Message Pro,Beauty,477.63,4.1
8108,Do Max,Books,262.09,1.7
8109,Perform Max,Home,250.33,3.2
8110,Shoulder Max,Beauty,356.67,1.8
8111,Gas Max,Clothing,476.66,3.1
8112,Few Pro,Books,348.95,2.6
8113,Wind Plus,Books,261.85,2.7
8114,Consider Lite,Beauty,218.21,2.9
8115,Effort Lite,Electronics,199.48,3.0
8116,Speak Pro,Clothing,24.1,1.9
8117,Time Plus,Books,175.88,1.7
8118,Large Plus,Home,202.82,1.5
8119,Finally Lite,Beauty,154.45,3.1
8120,So Pro,Sports,389.25,2.0
8121,Box Pro,Books,222.51,3.2
8122,Speak Lite,Sports,111.02,2.5
8123,Law Pro,Electronics,209.97,2.5
8124,Arrive Pro,Books,196.42,1.1
8125,Sport Max,Home,42.68,3.1
8126,Later Max,Home,375.52,1.1
8127,Employee Lite,Books,173.19,3.5
8128,Amount Plus,Books,455.33,1.7
8129,Billion Plus,Beauty,485.04,2.5
8130,Without Lite,Toys,471.83,4.9
8131,Above Max,Home,228.78,5.0
8132,Record Pro,Clothing,148.58,4.2
8133,Future Lite,Sports,344.56,2.1
8134,Write Lite,Toys,285.47,3.7
8135,Husband Plus,Electronics,9.39,5.0
8136,Test Pro,Electronics,302.48,2.7
8137,Others Max,Clothing,250.79,1.6
8138,Near Max,Beauty,191.32,3.3
8139,Finish Lite,Sports,67.23,1.4
8140,Million Plus,Sports,436.78,1.8
8141,Clear Max,Beauty,186.99,4.1
8142,House Pro,Beauty,165.8,3.7
8143,Technology Plus,Electronics,490.02,3.3
8144,Hit Lite,Electronics,391.54,3.4
8145,Point Pro,Home,343.07,4.6
8146,Thousand Pro,Beauty,61.18,1.8
8147,Edge Lite,Toys,446.34,4.1
8148,Ready Pro,Clothing,141.17,3.1
8149,Including Lite,Beauty,139.65,4.5
8150,Usually Plus,Toys,234.38,1.1
8151,Value Plus,Clothing,406.18,4.7
8152,Sound Lite,Sports,332.08,2.3
8153,Program Pro,Books,406.59,3.4
8154,Dog Lite,Books,146.12,4.0
8155,Anyone Plus,Beauty,168.01,1.6
8156,Watch Pro,Sports,377.03,2.9
8157,Mrs Lite,Toys,220.39,2.9
8158,Red Max,Beauty,8.84,1.0
8159,Ahead Plus,Sports,445.05,4.6
8160,Sport Pro,Sports,496.45,1.8
8161,Protect Lite,Home,292.08,4.1
8162,Best Lite,Beauty,96.14,2.3
8163,Visit Pro,Toys,207.6,1.9
8164,Seven Max,Toys,85.34,2.1
8165,Argue Plus,Sports,50.09,4.8
8166,Technology Pro,Electronics,49.8,1.1
8167,Room Pro,Clothing,343.13,3.5
8168,Specific Lite,Home,205.49,1.3
8169,Take Max,Electronics,428.94,4.5
8170,Gas Lite,Beauty,144.51,3.8
8171,Space Lite,Clothing,314.63,4.6
8172,Kind Max,Books,358.25,4.1
8173,Him Max,Sports,110.57,1.7
8174,Specific Plus,Sports,182.8,2.6
8175,Understand Plus,Beauty,496.81,1.5
8176,Father Max,Electronics,459.56,2.7
8177,Thousand Lite,Home,140.59,2.8
8178,Open Plus,Electronics,414.83,2.4
8179,After Max,Sports,365.83,1.3
8180,Knowledge Plus,Electronics,339.19,3.1
8181,Next Lite,Electronics,466.52,4.7
8182,Month Plus,Sports,290.54,1.5
8183,If Plus,Electronics,42.65,4.7
8184,Relationship Lite,Books,194.0,3.6
8185,Pretty Pro,Beauty,428.85,2.0
8186,Fill Plus,Books,401.12,1.7
8187,Course Lite,Toys,459.56,1.9
8188,Wife Lite,Sports,96.44,3.0
8189,Recently Plus,Books,281.99,4.4
8190,Soon Plus,Home,7.34,2.9
8191,Anything Pro,Sports,77.78,2.0
8192,Huge Lite,Electronics,82.63,4.0
8193,Task Pro,Beauty,484.61,4.0
8194,Age Plus,Home,288.02,3.3
8195,Both Plus,Sports,205.9,3.9
8196,Truth Max,Beauty,218.04,4.6
8197,Himself Max,Beauty,496.41,4.3
8198,Prove Lite,Home,36.27,2.2
8199,Red Max,Electronics,385.43,1.0
8200,Live Pro,Clothing,343.02,4.0
8201,Leg Pro,Toys,379.72,3.4
8202,Sometimes Pro,Home,28.09,2.0
8203,Beautiful Pro,Beauty,317.6,4.0
8204,Relate Plus,Sports,354.0,2.7
8205,Can Max,Clothing,23.11,4.2
8206,Decide Pro,Beauty,482.13,4.6
8207,From Max,Books,254.78,3.4
8208,Support Plus,Home,362.66,3.2
8209,Might Plus,Sports,92.12,2.6
8210,System Pro,Toys,240.01,2.1
8211,Involve Lite,Toys,173.46,2.3
8212,Free Max,Home,238.09,2.4
8213,Week Lite,Electronics,387.84,3.0
8214,Check Pro,Home,498.98,2.1
8215,Write Plus,Beauty,178.26,4.4
8216,Economy Pro,Clothing,157.13,4.1
8217,Evening Max,Electronics,97.02,4.9
8218,Set Plus,Beauty,495.89,1.9
8219,Play Max,Clothing,423.35,2.6
8220,Once Lite,Books,90.06,4.7
8221,How Plus,Clothing,124.55,3.4
8222,Skill Pro,Home,377.98,4.3
8223,Soon Pro,Sports,193.64,2.3
8224,Movement Plus,Beauty,174.7,3.6
8225,Serious Lite,Home,202.86,2.9
8226,Themselves Pro,Clothing,174.59,3.2
8227,Nation Plus,Toys,318.27,3.4
8228,Believe Pro,Electronics,361.46,2.4
8229,Determine Max,Home,363.05,4.1
8230,Notice Max,Clothing,72.32,2.7
8231,Believe Max,Books,69.11,3.1
8232,Movement Lite,Sports,203.12,4.1
8233,Return Max,Home,74.21,4.1
8234,Respond Max,Home,338.71,1.7
8235,Southern Max,Electronics,22.5,4.2
8236,Former Plus,Toys,384.58,3.8
8237,News Pro,Electronics,273.89,3.3
8238,Across Max,Sports,107.77,4.7
8239,Charge Pro,Clothing,372.82,1.0
8240,Seem Max,Clothing,120.44,4.0
8241,Follow Pro,Sports,315.24,4.5
8242,Blood Max,Beauty,144.06,2.6
8243,Agency Pro,Clothing,183.22,2.9
8244,Herself Pro,Books,235.05,2.8
8245,Together Lite,Toys,467.95,3.7
8246,Better Plus,Home,287.83,2.5
8247,Also Pro,Sports,315.78,2.2
8248,Item Lite,Books,154.71,4.3
8249,Focus Max,Electronics,186.99,3.7
8250,Unit Max,Home,312.26,1.6
8251,Product Lite,Electronics,164.99,3.9
8252,Between Plus,Clothing,325.61,5.0
8253,Letter Plus,Beauty,267.01,3.5
8254,In Lite,Sports,480.97,3.1
8255,Set Max,Sports,402.38,1.2
8256,Serious Plus,Beauty,455.54,2.9
8257,Method Max,Sports,109.56,3.8
8258,Church Pro,Clothing,86.67,3.4
8259,Trial Lite,Toys,292.92,3.7
8260,Particular Lite,Toys,184.59,1.3
8261,Beautiful Pro,Clothing,169.15,2.6
8262,Hard Plus,Sports,326.43,2.6
8263,Total Pro,Home,324.89,1.9
8264,Team Lite,Home,211.69,1.4
8265,Task Lite,Toys,286.28,3.7
8266,American Plus,Clothing,75.45,3.3
8267,Instead Pro,Sports,5.48,3.1
8268,Unit Max,Books,77.59,2.9
8269,Attack Max,Clothing,56.07,2.4
8270,Care Plus,Clothing,454.23,2.8
8271,Anyone Max,Beauty,339.95,2.7
8272,Opportunity Lite,Beauty,171.72,3.4
8273,Into Pro,Clothing,280.38,2.4
8274,Sense Lite,Home,184.34,4.1
8275,Room Lite,Clothing,41.87,1.2
8276,Finish Plus,Clothing,20.5,1.6
8277,Defense Pro,Electronics,332.78,3.9
8278,Five Plus,Clothing,193.18,2.5
8279,Cold Max,Books,369.24,3.6
8280,Wind Plus,Clothing,361.31,4.3
8281,Source Max,Sports,106.23,4.7
8282,Organization Plus,Books,284.32,3.4
8283,Listen Pro,Home,335.43,1.0
8284,Such Pro,Beauty,66.3,3.4
8285,Real Lite,Beauty,262.1,2.6
8286,Song Pro,Sports,223.97,4.9
8287,Visit Max,Home,158.22,4.7
8288,Phone Plus,Toys,385.55,4.5
8289,Customer Max,Sports,237.17,2.4
8290,Glass Lite,Sports,470.03,1.4
8291,Often Plus,Toys,33.85,4.3
8292,Dog Pro,Beauty,102.92,1.4
8293,Edge Plus,Books,458.07,4.1
8294,Exist Lite,Sports,475.05,1.4
8295,Whether Lite,Books,376.86,4.3
8296,Strong Lite,Home,220.49,3.3
8297,Others Lite,Books,457.51,4.2
8298,With Max,Beauty,223.04,3.2
8299,Wide Pro,Sports,386.64,4.6
8300,Under Lite,Clothing,253.08,3.3
8301,We Lite,Home,221.19,4.7
8302,Tax Pro,Beauty,99.73,3.2
8303,Tax Lite,Sports,227.43,1.4
8304,For Max,Home,140.35,4.3
8305,Source Lite,Electronics,305.08,2.6
8306,Turn Lite,Beauty,111.09,1.2
8307,Reflect Max,Sports,165.07,1.6
8308,Understand Pro,Beauty,430.98,3.6
8309,Mr Plus,Books,199.67,3.4
8310,Always Max,Books,465.52,2.2
8311,Business Max,Books,129.31,2.6
8312,Something Lite,Clothing,498.39,1.7
8313,Free Pro,Sports,181.06,1.1
8314,Someone Max,Beauty,228.68,1.0
8315,Eat Pro,Clothing,168.41,2.2
8316,Crime Lite,Home,216.45,4.6
8317,Read Pro,Clothing,241.09,2.0
8318,Lay Lite,Home,218.0,4.7
8319,Green Pro,Sports,372.13,1.3
8320,Huge Pro,Clothing,92.82,4.2
8321,Public Pro,Toys,122.68,3.3
8322,Morning Plus,Sports,159.94,2.4
8323,Finish Plus,Sports,253.84,4.7
8324,Road Pro,Sports,283.7,3.6
8325,Reduce Pro,Toys,415.13,1.5
8326,Certainly Max,Clothing,112.25,1.5
8327,Stop Plus,Sports,358.99,2.6
8328,National Pro,Toys,115.6,2.3
8329,Series Pro,Toys,431.99,1.7
8330,Best Lite,Toys,428.02,1.8
8331,Realize Pro,Electronics,495.8,4.5
8332,Employee Pro,Clothing,428.51,4.2
8333,North Plus,Electronics,481.74,1.4
8334,Figure Lite,Beauty,32.13,4.0
8335,Lot Pro,Beauty,151.13,3.3
8336,Car Pro,Clothing,457.11,3.5
8337,Best Lite,Electronics,439.16,2.3
8338,Truth Pro,Sports,407.42,4.2
8339,Serious Max,Toys,464.71,2.6
8340,Heart Plus,Electronics,253.32,4.2
8341,Head Plus,Electronics,244.1,3.1
8342,There Lite,Beauty,474.22,3.4
8343,Beautiful Max,Sports,85.65,4.3
8344,School Lite,Electronics,247.75,4.6
8345,Different Pro,Beauty,214.17,1.6
8346,Smile Max,Clothing,407.33,1.3
8347,Develop Max,Books,290.36,1.7
8348,Room Max,Electronics,283.46,4.8
8349,Memory Lite,Electronics,334.53,4.8
8350,Mind Max,Home,437.03,1.3
8351,On Plus,Home,184.79,3.2
8352,Type Plus,Clothing,359.59,2.0
8353,Challenge Pro,Home,202.72,1.3
8354,Mouth Max,Home,395.55,4.0
8355,Language Pro,Sports,118.63,1.2
8356,Partner Plus,Beauty,498.34,2.5
8357,Before Pro,Home,162.41,3.7
8358,Amount Max,Electronics,63.35,2.7
8359,Traditional Pro,Beauty,45.53,1.5
8360,Attack Max,Toys,335.75,3.6
8361,Activity Max,Toys,341.38,4.4
8362,Because Max,Clothing,34.35,2.3
8363,Type Plus,Beauty,361.72,1.5
8364,Several Plus,Toys,79.57,1.5
8365,Wide Lite,Toys,333.06,3.4
8366,Wish Pro,Toys,14.98,3.3
8367,Report Plus,Sports,58.33,4.1
8368,Large Pro,Books,182.86,2.4
8369,Phone Pro,Electronics,74.79,1.2
8370,Style Max,Toys,213.99,3.1
8371,College Plus,Toys,140.67,1.4
8372,Commercial Pro,Books,131.28,4.2
8373,Clear Plus,Toys,26.04,3.2
8374,Join Pro,Sports,307.54,4.6
8375,According Lite,Electronics,403.2,3.2
8376,His Max,Books,215.3,2.3
8377,Fine Lite,Beauty,438.26,1.1
8378,Plant Plus,Electronics,297.36,4.2
8379,Wait Lite,Toys,454.8,3.0
8380,Nor Plus,Toys,70.19,4.8
8381,Without Lite,Books,202.2,3.4
8382,Huge Max,Sports,311.03,3.2
8383,Various Lite,Beauty,328.66,2.9
8384,Officer Max,Beauty,491.49,1.3
8385,Street Max,Sports,311.24,1.1
8386,Everyone Lite,Home,465.31,5.0
8387,When Plus,Home,93.68,4.4
8388,Memory Lite,Home,206.09,2.6
8389,Yeah Pro,Beauty,404.18,1.8
8390,Piece Pro,Home,469.39,4.9
8391,Speak Plus,Clothing,264.6,3.5
8392,Quickly Pro,Home,494.67,3.7
8393,Large Plus,Beauty,163.48,4.6
8394,Entire Max,Toys,481.16,2.5
8395,Center Plus,Home,46.98,4.0
8396,Community Plus,Clothing,385.52,3.2
8397,Memory Plus,Electronics,385.16,2.2
8398,East Max,Books,404.92,2.6
8399,Require Plus,Home,326.98,1.5
8400,As Lite,Home,82.91,3.0
8401,Past Plus,Toys,343.49,1.2
8402,Force Pro,Books,411.82,3.0
8403,Finish Max,Clothing,47.93,4.8
8404,Crime Lite,Clothing,140.39,4.8
8405,Per Lite,Clothing,174.08,4.0
8406,Like Pro,Electronics,262.89,4.0
8407,Same Lite,Beauty,198.29,1.3
8408,Food Max,Electronics,184.17,4.4
8409,Cause Lite,Toys,79.35,3.5
8410,Control Max,Books,103.61,1.4
8411,Up Pro,Beauty,139.74,4.7
8412,Discussion Pro,Books,308.25,4.3
8413,Action Max,Books,333.62,2.0
8414,Project Max,Sports,360.33,1.5
8415,Gun Pro,Clothing,461.07,3.3
8416,Recognize Lite,Sports,116.98,1.4
8417,Along Lite,Sports,322.13,1.3
8418,Continue Pro,Toys,452.16,4.7
8419,But Plus,Beauty,115.11,3.8
8420,Ask Max,Sports,422.2,2.9
8421,Why Plus,Beauty,382.22,1.6
8422,Trial Lite,Electronics,379.38,1.4
8423,Program Pro,Home,465.63,1.6
8424,Up Pro,Clothing,248.58,4.8
8425,Effect Pro,Beauty,58.98,1.1
8426,Behind Pro,Toys,342.13,2.5
8427,Low Lite,Clothing,486.84,2.4
8428,Do Plus,Beauty,387.32,4.0
8429,Long Plus,Toys,112.44,2.3
8430,Space Plus,Home,486.34,4.1
8431,Minute Lite,Toys,68.11,1.9
8432,Senior Lite,Beauty,263.73,3.1
8433,Provide Max,Sports,379.81,3.0
8434,Morning Max,Books,158.85,4.0
8435,Herself Max,Sports,164.36,2.3
8436,Attorney Pro,Home,485.15,3.7
8437,Couple Max,Beauty,17.49,1.2
8438,Give Max,Books,171.52,1.9
8439,Citizen Max,Beauty,481.28,1.6
8440,Step Lite,Home,201.37,2.7
8441,A Plus,Sports,26.91,1.5
8442,Skill Plus,Books,163.87,3.8
8443,Various Plus,Electronics,362.86,1.5
8444,Since Plus,Books,107.77,3.7
8445,Quickly Max,Sports,456.1,3.2
8446,Possible Max,Electronics,188.85,4.0
8447,Campaign Max,Home,68.56,3.6
8448,Less Pro,Home,421.49,3.8
8449,Glass Pro,Books,396.22,2.1
8450,Too Pro,Sports,410.42,1.1
8451,Success Plus,Electronics,142.29,2.1
8452,Decision Max,Beauty,395.28,3.4
8453,Discuss Lite,Books,355.37,2.2
8454,Measure Max,Clothing,39.22,4.2
8455,Close Plus,Electronics,406.33,3.7
8456,Book Lite,Clothing,117.41,2.0
8457,Language Lite,Toys,292.41,2.8
8458,Alone Plus,Toys,309.56,1.1
8459,Allow Pro,Toys,27.63,1.8
8460,Break Lite,Clothing,150.77,3.4
8461,Approach Plus,Books,370.75,3.2
8462,Parent Lite,Toys,278.02,2.7
8463,Home Pro,Sports,267.69,3.0
8464,Officer Plus,Beauty,204.72,4.8
8465,House Max,Electronics,186.35,3.4
8466,Must Plus,Beauty,131.29,2.8
8467,Attack Max,Beauty,68.14,4.6
8468,Too Pro,Clothing,111.12,1.6
8469,Card Max,Clothing,436.12,2.3
8470,But Pro,Home,11.82,2.8
8471,Attack Pro,Books,367.26,4.5
8472,Sport Max,Toys,201.19,2.9
8473,Key Plus,Home,362.91,3.0
8474,Want Pro,Home,13.91,2.6
8475,Decision Plus,Toys,499.02,4.0
8476,Example Plus,Electronics,6.85,4.9
8477,Clear Plus,Sports,73.93,4.4
8478,Building Max,Electronics,433.4,1.7
8479,Herself Max,Electronics,292.61,4.7
8480,Step Plus,Toys,479.4,1.7
8481,Once Lite,Toys,222.98,2.7
8482,Even Max,Beauty,106.97,4.4
8483,Apply Lite,Sports,390.73,3.6
8484,View Plus,Beauty,87.22,4.0
8485,Prevent Plus,Home,331.77,2.6
8486,Inside Lite,Beauty,179.4,1.9
8487,Become Max,Clothing,129.93,4.7
8488,Attack Max,Books,262.92,3.9
8489,Left Pro,Electronics,483.46,3.6
8490,Avoid Plus,Books,53.55,4.9
8491,Type Max,Electronics,19.4,2.6
8492,Evening Max,Home,280.88,1.4
8493,Same Pro,Books,281.76,3.9
8494,Military Max,Toys,191.25,3.5
8495,Plan Pro,Electronics,346.2,3.9
8496,Rule Lite,Books,370.37,4.3
8497,Pm Lite,Beauty,466.37,1.7
8498,Design Max,Home,289.04,1.8
8499,Concern Pro,Clothing,382.72,2.6
8500,Foot Plus,Books,290.22,1.7
8501,Leave Plus,Home,216.7,3.0
8502,Watch Plus,Books,286.14,2.4
8503,Food Plus,Electronics,108.27,4.1
8504,Building Pro,Home,132.14,3.4
8505,Local Lite,Clothing,388.34,5.0
8506,Project Pro,Beauty,327.92,4.2
8507,Threat Max,Home,394.38,4.4
8508,Position Max,Clothing,305.86,1.1
8509,Prove Plus,Toys,205.99,2.5
8510,Produce Pro,Electronics,51.52,1.3
8511,Say Pro,Books,157.43,4.9
8512,Anything Lite,Books,95.8,1.8
8513,Something Lite,Home,311.14,4.0
8514,Fly Lite,Beauty,303.84,1.3
8515,Laugh Plus,Electronics,401.11,2.5
8516,Side Lite,Toys,232.83,3.4
8517,Try Lite,Toys,316.28,4.2
8518,Trade Pro,Books,490.71,2.9
8519,Without Pro,Home,229.82,4.8
8520,Option Plus,Home,334.82,2.5
8521,Future Max,Electronics,294.1,2.6
8522,Stay Pro,Toys,94.71,1.8
8523,Anyone Max,Home,156.25,3.7
8524,General Pro,Books,256.91,2.5
8525,Bad Plus,Clothing,448.42,4.6
8526,Exactly Plus,Electronics,333.96,4.0
8527,Pattern Lite,Books,457.93,2.8
8528,Final Max,Clothing,385.27,3.0
8529,Yeah Pro,Electronics,62.24,2.3
8530,Determine Pro,Toys,482.71,3.7
8531,Mr Max,Sports,405.15,3.9
8532,Director Plus,Electronics,409.49,3.3
8533,Fly Lite,Home,256.65,3.8
8534,Majority Plus,Toys,36.1,4.7
8535,Level Lite,Sports,304.45,1.8
8536,In Lite,Beauty,192.36,4.9
8537,May Lite,Toys,110.21,3.8
8538,Grow Max,Toys,208.31,2.1
8539,Clearly Plus,Electronics,88.27,1.8
8540,Free Plus,Home,420.63,3.6
8541,Poor Lite,Beauty,199.89,4.5
8542,Policy Lite,Sports,170.72,2.8
8543,Skill Plus,Home,311.42,4.3
8544,Garden Lite,Home,373.57,2.4
8545,Set Max,Books,427.57,4.6
8546,Moment Lite,Sports,22.86,3.6
8547,Possible Lite,Electronics,388.45,2.0
8548,Power Plus,Clothing,302.26,1.0
8549,Road Lite,Sports,416.72,3.1
8550,Reveal Plus,Books,439.86,3.6
8551,Grow Lite,Books,439.38,1.9
8552,Well Lite,Books,279.21,4.8
8553,Show Plus,Beauty,8.61,1.9
8554,Admit Max,Clothing,366.05,2.5
8555,Usually Plus,Beauty,98.3,3.9
8556,Probably Pro,Clothing,206.51,2.5
8557,Spend Pro,Sports,459.81,4.2
8558,At Pro,Home,114.6,1.8
8559,Issue Lite,Electronics,179.12,3.9
8560,Measure Plus,Clothing,92.46,5.0
8561,Style Lite,Toys,19.51,1.4
8562,Half Max,Home,183.68,1.9
8563,Actually Plus,Sports,292.81,1.8
8564,Mother Lite,Home,236.3,3.6
8565,Class Lite,Sports,491.81,4.2
8566,Operation Plus,Toys,218.78,1.1
8567,Statement Max,Toys,429.27,1.5
8568,Live Plus,Clothing,412.01,3.3
8569,Task Plus,Books,60.17,3.4
8570,Project Pro,Sports,477.69,3.3
8571,Quality Pro,Electronics,439.18,1.1
8572,Teacher Plus,Home,27.24,4.2
8573,Indeed Pro,Sports,437.56,2.3
8574,Room Plus,Books,488.49,2.0
8575,Still Plus,Home,285.06,2.9
8576,Piece Max,Clothing,432.21,1.1
8577,National Pro,Books,129.55,4.6
8578,Theory Plus,Toys,329.37,2.1
8579,Some Plus,Beauty,297.07,4.4
8580,Whom Pro,Toys,456.09,3.7
8581,Box Max,Home,20.69,4.0
8582,Fear Pro,Sports,204.73,3.1
8583,Just Lite,Home,379.33,1.2
8584,Quality Pro,Sports,423.84,3.8
8585,Too Pro,Clothing,301.86,2.0
8586,Television Plus,Electronics,432.03,3.3
8587,Record Max,Clothing,248.53,2.0
8588,International Lite,Sports,55.71,3.9
8589,Character Max,Clothing,251.62,4.7
8590,Indeed Plus,Electronics,170.56,3.8
8591,Visit Pro,Home,291.5,4.0
8592,Most Plus,Toys,322.38,1.5
8593,Present Pro,Toys,216.52,1.2
8594,Computer Pro,Home,266.22,4.0
8595,Arrive Lite,Home,267.8,2.1
8596,Role Max,Toys,10.26,2.0
8597,Magazine Lite,Home,110.47,4.7
8598,Either Lite,Sports,145.95,3.7
8599,Wall Lite,Books,311.99,2.9
8600,Hard Pro,Beauty,9.9,1.5
8601,Area Plus,Beauty,435.22,3.0
8602,From Plus,Toys,493.08,2.0
8603,Action Pro,Home,248.76,3.1
8604,Full Lite,Books,496.95,4.6
8605,Dinner Lite,Sports,295.87,1.1
8606,Should Max,Sports,21.67,3.5
8607,Answer Lite,Home,7.51,3.9
8608,Single Lite,Clothing,214.55,3.5
8609,Person Pro,Electronics,372.89,1.6
8610,Operation Pro,Clothing,305.49,3.4
8611,Reality Plus,Home,101.94,1.1
8612,Hard Max,Clothing,182.32,4.9
8613,Us Lite,Books,484.68,4.9
8614,Front Pro,Home,300.63,3.4
8615,Care Lite,Books,403.52,4.4
8616,Minute Max,Sports,234.14,4.7
8617,Personal Pro,Electronics,77.25,4.9
8618,Little Lite,Clothing,51.24,4.9
8619,Drop Lite,Electronics,15.89,1.5
8620,Lawyer Pro,Sports,473.95,1.6
8621,Expect Pro,Toys,498.37,4.4
8622,Final Max,Toys,454.74,2.2
8623,Including Pro,Toys,348.09,3.3
8624,Pm Pro,Books,152.17,2.2
8625,Try Plus,Clothing,458.03,2.4
8626,Picture Plus,Beauty,226.3,1.8
8627,Marriage Max,Books,416.36,2.3
8628,Live Lite,Clothing,265.5,1.4
8629,State Pro,Beauty,82.62,1.6
8630,Me Max,Toys,260.03,1.6
8631,Agree Lite,Toys,70.09,2.4
8632,Throw Pro,Beauty,174.93,4.5
8633,Would Lite,Sports,236.18,2.7
8634,Power Pro,Books,453.11,3.4
8635,Tend Max,Electronics,468.75,1.5
8636,Cover Plus,Sports,364.73,4.3
8637,Page Lite,Toys,155.15,4.0
8638,Continue Plus,Home,56.14,4.2
8639,Another Pro,Toys,355.76,2.2
8640,Page Lite,Beauty,371.03,4.5
8641,Remember Lite,Sports,20.07,3.3
8642,True Lite,Books,206.57,2.2
8643,Generation Max,Books,18.25,4.7
8644,Arm Plus,Beauty,465.49,2.4
8645,Level Lite,Beauty,350.4,4.1
8646,Buy Max,Books,431.17,3.0
8647,Expect Pro,Toys,35.69,4.0
8648,Her Max,Sports,80.51,2.8
8649,Worry Lite,Books,226.28,4.3
8650,Thus Plus,Home,139.4,3.3
8651,Policy Max,Books,145.52,3.8
8652,These Max,Clothing,259.59,1.6
8653,Through Lite,Sports,295.46,4.2
8654,Record Plus,Beauty,237.62,1.2
8655,Prepare Plus,Electronics,356.79,4.5
8656,To Lite,Beauty,491.72,3.2
8657,In Lite,Beauty,345.55,2.7
8658,Several Lite,Sports,423.5,1.4
8659,Identify Plus,Clothing,102.75,3.3
8660,Responsibility Plus,Sports,423.5,1.5
8661,Sister Lite,Books,295.13,2.4
8662,Call Pro,Clothing,389.38,2.7
8663,Consumer Lite,Beauty,368.45,1.1
8664,Rise Lite,Electronics,392.21,4.6
8665,Like Max,Home,78.03,2.9
8666,One Lite,Clothing,403.61,4.8
8667,Congress Lite,Electronics,348.25,1.8
8668,Whether Pro,Home,453.67,3.5
8669,Loss Pro,Electronics,172.8,4.8
8670,Early Lite,Beauty,124.13,2.2
8671,Drop Lite,Beauty,481.9,4.6
8672,Need Lite,Home,401.7,4.8
8673,Soon Plus,Beauty,478.37,3.7
8674,Fall Max,Books,398.19,4.7
8675,Member Plus,Sports,485.42,4.1
8676,Fast Plus,Beauty,31.71,4.3
8677,Part Lite,Toys,8.85,5.0
8678,Rise Pro,Electronics,253.86,4.0
8679,Dream Pro,Books,104.46,2.9
8680,Study Lite,Books,341.84,3.2
8681,Food Max,Electronics,314.74,3.3
8682,Security Max,Clothing,198.53,2.5
8683,Reality Pro,Toys,469.37,3.7
8684,Significant Max,Toys,38.94,3.7
8685,Area Pro,Beauty,290.0,4.9
8686,At Lite,Sports,341.21,4.9
8687,Key Pro,Books,189.04,4.0
8688,Recent Max,Beauty,43.75,1.4
8689,Race Max,Clothing,26.64,2.6
8690,He Pro,Electronics,307.49,1.8
8691,Same Max,Sports,112.48,3.3
8692,Well Max,Home,295.78,1.7
8693,Consider Pro,Sports,336.21,1.9
8694,Television Plus,Beauty,88.93,3.6
8695,Certainly Pro,Beauty,268.49,1.8
8696,Station Lite,Books,476.53,2.8
8697,Significant Pro,Toys,379.18,4.1
8698,Writer Plus,Home,127.99,4.5
8699,Behavior Max,Sports,8.91,1.9
8700,Buy Pro,Clothing,150.5,4.0
8701,Possible Plus,Home,149.59,2.1
8702,Shake Plus,Books,141.03,1.1
8703,Join Plus,Sports,281.61,4.1
8704,Themselves Max,Toys,249.98,4.3
8705,Suggest Plus,Clothing,223.96,4.1
8706,Best Lite,Beauty,51.0,3.8
8707,Agreement Plus,Home,413.27,2.2
8708,Contain Max,Books,197.14,2.8
8709,Movie Pro,Books,466.47,2.0
8710,Pull Max,Toys,286.67,3.8
8711,Body Max,Electronics,406.13,2.3
8712,Shoulder Plus,Home,158.92,1.6
8713,Social Lite,Electronics,471.07,3.5
8714,Former Pro,Toys,279.98,3.3
8715,Fill Plus,Books,384.01,3.4
8716,Assume Plus,Home,335.5,4.2
8717,Reason Pro,Electronics,332.34,3.2
8718,Draw Max,Beauty,391.84,1.6
8719,Almost Max,Books,194.94,3.0
8720,Woman Max,Electronics,117.15,1.8
8721,Far Plus,Sports,281.21,2.1
8722,Concern Plus,Sports,357.59,1.8
8723,Heart Plus,Home,460.36,3.8
8724,Pass Lite,Home,253.21,1.2
8725,Check Lite,Toys,168.2,3.3
8726,Edge Lite,Sports,388.9,3.7
8727,Floor Lite,Toys,401.57,3.0
8728,Strategy Pro,Electronics,443.91,2.3
8729,Score Max,Home,320.41,2.9
8730,City Plus,Books,321.38,4.8
8731,Between Lite,Clothing,484.22,4.7
8732,Time Max,Home,23.03,2.6
8733,Us Lite,Home,180.79,4.5
8734,Up Lite,Clothing,25.94,2.2
8735,Everyone Pro,Sports,257.5,2.8
8736,Now Plus,Sports,54.38,2.5
8737,Ahead Pro,Clothing,166.27,3.5
8738,Trial Pro,Beauty,485.65,2.4
8739,Law Pro,Toys,173.46,2.5
8740,Necessary Pro,Clothing,115.78,4.5
8741,Now Lite,Electronics,273.99,3.5
8742,Side Max,Clothing,417.31,3.8
8743,Work Plus,Home,208.32,5.0
8744,Wind Max,Toys,247.53,3.4
8745,Strategy Pro,Toys,143.18,1.8
8746,Evening Pro,Electronics,204.09,4.7
8747,Home Pro,Sports,412.62,1.2
8748,Daughter Lite,Clothing,67.82,1.3
8749,Official Lite,Books,232.27,4.4
8750,Use Lite,Beauty,416.78,2.6
8751,Including Pro,Books,424.39,2.9
8752,Management Max,Books,310.13,2.7
8753,Trial Pro,Toys,148.52,2.3
8754,Movie Max,Electronics,159.5,4.5
8755,Increase Plus,Home,367.13,4.0
8756,Age Lite,Electronics,114.31,2.7
8757,Past Pro,Beauty,376.83,4.6
8758,Rule Max,Electronics,203.72,3.4
8759,Assume Lite,Books,402.77,1.8
8760,Call Plus,Electronics,144.85,2.8
8761,Night Max,Electronics,145.29,1.3
8762,Campaign Max,Home,144.59,4.2
8763,Suggest Max,Home,215.37,2.4
8764,East Pro,Clothing,114.72,2.6
8765,Teacher Plus,Books,173.18,1.1
8766,Chance Max,Books,229.58,2.3
8767,Wall Max,Home,231.17,1.6
8768,Society Pro,Sports,124.77,3.5
8769,Such Plus,Sports,33.43,2.8
8770,Former Lite,Electronics,8.82,4.6
8771,Energy Lite,Sports,423.5,4.7
8772,Rock Plus,Beauty,246.28,2.7
8773,Sister Pro,Books,233.87,1.3
8774,Else Pro,Clothing,46.2,3.1
8775,Can Plus,Home,435.4,3.4
8776,Outside Max,Clothing,185.66,4.2
8777,Poor Max,Toys,349.65,1.9
8778,Find Lite,Books,267.21,3.9
8779,Nothing Lite,Electronics,436.08,2.7
8780,Help Plus,Toys,32.75,2.8
8781,Movement Lite,Clothing,76.91,1.4
8782,Rate Max,Electronics,78.21,1.7
8783,Late Lite,Home,376.19,4.1
8784,Sort Lite,Sports,59.63,1.1
8785,Work Pro,Books,39.07,4.1
8786,His Pro,Books,356.5,3.2
8787,Wind Pro,Toys,161.45,1.2
8788,Relationship Max,Clothing,145.79,4.1
8789,Shake Max,Clothing,490.36,1.8
8790,By Max,Electronics,161.28,3.8
8791,Then Lite,Sports,154.81,2.9
8792,Teach Pro,Electronics,290.93,3.2
8793,Others Lite,Electronics,205.78,5.0
8794,Consider Max,Home,464.89,1.1
8795,Item Max,Electronics,394.21,1.0
8796,Region Lite,Home,35.44,4.3
8797,Short Lite,Sports,351.54,3.5
8798,Early Max,Toys,110.02,4.6
8799,Hundred Plus,Electronics,227.29,4.4
8800,Bank Lite,Home,266.95,2.8
8801,That Plus,Books,23.22,3.4
8802,Grow Plus,Sports,122.19,3.8
8803,My Max,Electronics,382.92,1.3
8804,See Pro,Sports,176.84,2.5
8805,Paper Pro,Toys,192.32,4.1
8806,Write Max,Clothing,360.15,1.3
8807,Six Max,Home,147.32,3.0
8808,Statement Lite,Sports,153.49,2.5
8809,Method Lite,Toys,180.7,1.6
8810,Together Lite,Beauty,105.3,4.4
8811,Cup Plus,Electronics,333.65,4.4
8812,More Plus,Toys,187.49,3.3
8813,Only Plus,Clothing,435.33,2.9
8814,Dark Lite,Home,77.87,4.8
8815,Live Max,Home,59.78,3.6
8816,Surface Max,Home,17.9,1.5
8817,Least Plus,Toys,371.11,4.8
8818,Hotel Pro,Beauty,220.87,4.4
8819,Threat Pro,Sports,63.18,5.0
8820,Let Max,Home,420.03,3.4
8821,Hear Pro,Beauty,142.78,3.3
8822,Include Pro,Sports,236.34,1.2
8823,Return Max,Clothing,252.3,2.6
8824,Talk Max,Beauty,16.94,4.7
8825,Billion Plus,Home,412.52,4.4
8826,Or Pro,Electronics,142.38,3.4
8827,Present Max,Sports,195.92,1.5
8828,Seem Pro,Electronics,283.77,2.7
8829,Think Plus,Books,219.84,4.9
8830,Deal Plus,Clothing,319.69,4.8
8831,Audience Lite,Home,349.21,3.3
8832,Could Pro,Beauty,409.63,1.6
8833,One Lite,Toys,408.9,4.4
8834,With Max,Books,203.63,4.4
8835,Light Plus,Toys,144.74,3.1
8836,Star Max,Books,27.22,3.0
8837,Customer Pro,Home,236.15,2.1
8838,Center Plus,Sports,239.08,2.5
8839,Responsibility Pro,Beauty,69.71,1.5
8840,Strong Plus,Books,257.25,4.8
8841,Remember Lite,Home,228.31,2.0
8842,Unit Lite,Sports,277.28,1.9
8843,Surface Max,Books,196.38,3.3
8844,Strategy Plus,Toys,66.48,2.4
8845,Possible Pro,Toys,44.73,1.8
8846,Animal Plus,Books,215.76,3.3
8847,Important Max,Home,405.88,1.4
8848,Usually Pro,Beauty,213.01,3.3
8849,Accept Max,Clothing,187.93,3.7
8850,Phone Max,Sports,42.77,4.1
8851,Fall Plus,Beauty,112.29,2.3
8852,Occur Plus,Beauty,70.64,4.2
8853,Home Plus,Books,119.91,2.3
8854,Take Lite,Clothing,214.65,1.7
8855,True Max,Beauty,339.39,4.1
8856,Product Plus,Books,242.63,1.5
8857,Gas Max,Beauty,83.03,3.4
8858,Ago Max,Books,374.27,1.5
8859,Fear Max,Beauty,486.91,4.2
8860,Together Max,Beauty,114.41,2.8
8861,Career Plus,Beauty,218.59,4.6
8862,Away Pro,Toys,125.93,3.6
8863,Size Plus,Books,419.07,3.6
8864,Either Pro,Books,166.2,2.9
8865,Money Plus,Sports,243.85,4.4
8866,Walk Pro,Home,153.82,1.3
8867,Student Max,Sports,154.13,2.2
8868,Father Lite,Clothing,178.12,3.0
8869,Reality Pro,Electronics,346.52,3.0
8870,Account Pro,Toys,295.87,4.6
8871,Family Plus,Clothing,29.83,2.1
8872,Off Pro,Sports,394.67,2.5
8873,Site Lite,Home,323.61,5.0
8874,Executive Max,Beauty,132.01,1.8
8875,Begin Pro,Home,270.24,4.6
8876,Well Plus,Electronics,404.26,3.1
8877,Game Lite,Electronics,202.87,4.0
8878,Surface Max,Toys,461.76,3.6
8879,Article Lite,Books,401.92,1.2
8880,Deal Pro,Electronics,153.42,4.4
8881,On Plus,Books,313.01,2.4
8882,Bit Max,Electronics,460.81,1.0
8883,Above Pro,Beauty,275.12,3.6
8884,Dream Plus,Beauty,447.36,3.5
8885,Democratic Pro,Clothing,479.9,4.1
8886,Politics Max,Books,226.91,4.8
8887,House Max,Beauty,156.81,3.0
8888,Budget Pro,Electronics,49.13,3.9
8889,Attorney Pro,Toys,98.38,2.8
8890,Necessary Plus,Electronics,323.3,4.5
8891,Mean Plus,Books,421.57,4.5
8892,Whose Max,Home,97.75,4.3
8893,Congress Lite,Books,145.5,5.0
8894,Program Pro,Clothing,480.95,4.3
8895,Hard Lite,Sports,129.08,2.6
8896,Against Max,Clothing,333.49,3.3
8897,Reflect Pro,Home,419.08,1.3
8898,Region Plus,Clothing,334.87,1.9
8899,Into Plus,Home,456.97,4.7
8900,Tonight Lite,Toys,463.46,2.9
8901,Over Pro,Sports,332.69,2.7
8902,Born Max,Beauty,265.12,4.9
8903,Our Pro,Home,291.15,4.1
8904,Argue Pro,Home,98.99,1.5
8905,Seem Lite,Sports,382.46,1.3
8906,News Max,Electronics,456.75,1.7
8907,Political Pro,Home,172.29,1.3
8908,Discuss Pro,Beauty,172.03,2.0
8909,Citizen Pro,Beauty,367.31,4.6
8910,Western Lite,Electronics,99.91,3.7
8911,Sit Plus,Home,183.03,4.2
8912,Avoid Max,Beauty,173.57,4.8
8913,Do Pro,Books,452.87,3.8
8914,Suffer Lite,Beauty,62.7,3.6
8915,None Pro,Sports,189.74,2.9
8916,Least Max,Beauty,34.47,2.3
8917,Price Lite,Beauty,93.25,1.3
8918,Study Pro,Sports,344.36,3.6
8919,Avoid Max,Beauty,293.53,3.4
8920,That Pro,Books,59.53,1.0
8921,Suggest Pro,Clothing,408.71,4.8
8922,Again Plus,Beauty,292.64,3.3
8923,Skill Lite,Toys,88.36,2.3
8924,Beat Pro,Electronics,415.28,4.3
8925,Act Pro,Electronics,227.86,4.6
8926,Assume Max,Electronics,311.54,3.0
8927,Senior Lite,Sports,157.08,3.5
8928,Specific Plus,Home,185.17,2.2
8929,Task Pro,Sports,273.52,2.9
8930,Off Pro,Clothing,332.73,2.8
8931,To Lite,Beauty,476.06,4.7
8932,Note Lite,Books,348.46,3.3
8933,Stop Lite,Clothing,398.97,3.9
8934,Fill Pro,Electronics,53.7,1.2
8935,Parent Lite,Clothing,112.78,2.4
8936,Voice Max,Clothing,148.46,3.2
8937,Poor Pro,Sports,67.07,4.5
8938,Source Lite,Home,91.21,2.6
8939,Represent Pro,Sports,125.13,4.1
8940,Opportunity Pro,Clothing,160.0,4.7
8941,General Lite,Clothing,124.66,2.7
8942,Let Pro,Toys,226.85,2.5
8943,Note Lite,Toys,71.63,4.7
8944,Candidate Max,Sports,496.46,4.7
8945,Tonight Plus,Sports,354.51,4.6
8946,List Plus,Home,154.68,4.9
8947,Remain Plus,Home,432.31,1.3
8948,Bring Plus,Sports,172.33,4.2
8949,Everybody Pro,Electronics,124.35,1.9
8950,Wrong Pro,Toys,188.33,1.3
8951,Court Plus,Clothing,145.41,2.8
8952,Source Max,Books,141.87,2.7
8953,Practice Lite,Electronics,221.25,4.2
8954,Civil Max,Beauty,93.05,5.0
8955,Better Plus,Toys,363.34,4.0
8956,Evening Max,Beauty,277.7,3.8
8957,Parent Max,Beauty,330.49,4.2
8958,Election Max,Toys,464.31,3.3
8959,Event Plus,Sports,99.89,3.7
8960,Magazine Max,Toys,417.93,3.2
8961,Forward Plus,Beauty,15.56,4.5
8962,Future Pro,Books,94.42,4.5
8963,Bill Lite,Home,387.77,1.9
8964,Drop Lite,Beauty,121.46,4.3
8965,Technology Plus,Sports,291.41,1.7
8966,Summer Pro,Sports,99.63,2.0
8967,Be Plus,Sports,33.23,1.0
8968,Year Plus,Toys,498.35,1.0
8969,Often Plus,Books,8.03,3.2
8970,Seem Lite,Beauty,144.86,3.3
8971,Claim Plus,Clothing,392.21,2.8
8972,Only Plus,Sports,479.3,1.5
8973,Analysis Pro,Clothing,275.68,1.0
8974,Trade Lite,Beauty,182.41,3.4
8975,Whatever Lite,Beauty,143.34,2.4
8976,One Max,Clothing,450.61,3.3
8977,Difficult Lite,Electronics,102.09,4.4
8978,Rich Max,Sports,22.11,2.3
8979,Again Pro,Books,150.6,3.3
8980,Former Max,Sports,345.94,1.4
8981,Six Pro,Electronics,300.34,3.0
8982,Project Lite,Electronics,337.9,4.9
8983,Senior Plus,Clothing,203.94,2.4
8984,Teacher Pro,Toys,170.91,1.1
8985,Large Pro,Home,122.49,4.5
8986,Often Max,Clothing,122.44,1.5
8987,Fill Plus,Toys,253.65,4.2
8988,Civil Pro,Sports,103.37,4.8
8989,Relate Max,Clothing,318.48,3.2
8990,Science Max,Beauty,44.69,1.3
8991,Very Max,Books,472.54,2.2
8992,Teacher Plus,Sports,342.59,4.0
8993,Authority Max,Toys,64.4,4.6
8994,Bill Plus,Sports,162.0,3.3
8995,Head Max,Toys,429.03,4.6
8996,Or Max,Electronics,48.4,3.4
8997,Station Max,Clothing,495.31,1.4
8998,Defense Pro,Beauty,254.41,1.6
8999,Six Max,Electronics,409.12,3.9
9000,Before Lite,Toys,485.69,4.6
9001,Sometimes Pro,Electronics,121.26,4.7
9002,Budget Pro,Beauty,401.58,2.0
9003,Maybe Plus,Books,275.84,2.5
9004,Class Pro,Sports,23.53,1.2
9005,Consider Pro,Beauty,80.77,1.3
9006,Determine Lite,Electronics,274.27,2.8
9007,Hospital Max,Beauty,134.59,2.7
9008,South Plus,Sports,277.33,3.1
9009,Us Max,Clothing,380.95,2.1
9010,Western Plus,Toys,457.81,1.0
9011,Anyone Max,Electronics,143.65,3.6
9012,Happen Plus,Books,110.46,1.8
9013,Full Lite,Clothing,56.71,2.6
9014,Way Pro,Toys,27.27,1.1
9015,Indeed Plus,Electronics,37.49,3.5
9016,Third Pro,Clothing,65.37,2.3
9017,Room Lite,Sports,230.33,2.2
9018,Join Pro,Sports,238.82,4.9
9019,Top Max,Sports,342.08,3.7
9020,I Lite,Home,378.74,5.0
9021,Avoid Plus,Clothing,330.18,3.0
9022,Husband Pro,Sports,263.75,4.1
9023,Paper Plus,Sports,279.09,4.4
9024,Behind Plus,Home,214.64,3.9
9025,Open Lite,Toys,36.47,3.0
9026,Wear Plus,Sports,42.85,4.2
9027,Town Pro,Beauty,485.63,1.9
9028,Second Plus,Sports,319.75,1.6
9029,Miss Lite,Beauty,240.89,1.2
9030,Leg Lite,Electronics,295.53,2.3
9031,Short Plus,Beauty,405.2,1.3
9032,Provide Plus,Toys,363.47,2.1
9033,Worry Pro,Home,481.11,3.3
9034,Administration Plus,Toys,159.29,3.7
9035,Describe Max,Sports,318.67,1.4
9036,Throw Plus,Toys,162.9,2.3
9037,Have Max,Beauty,57.49,4.9
9038,This Lite,Clothing,332.53,3.9
9039,Bed Pro,Books,450.76,4.3
9040,Glass Max,Toys,121.59,1.7
9041,Approach Pro,Sports,283.95,2.0
9042,However Plus,Clothing,260.7,4.4
9043,Role Plus,Electronics,74.43,1.2
9044,Hand Plus,Sports,41.98,2.4
9045,Fall Plus,Beauty,330.08,1.7
9046,Wish Lite,Books,342.81,2.4
9047,Popular Lite,Toys,113.43,2.3
9048,Plant Lite,Toys,425.46,2.8
9049,Oil Plus,Home,236.65,4.9
9050,Painting Max,Sports,359.32,3.9
9051,Resource Pro,Toys,462.87,4.0
9052,Final Plus,Toys,74.22,3.7
9053,Stage Lite,Electronics,385.67,3.5
9054,None Plus,Toys,485.1,4.9
9055,Ready Max,Books,204.25,3.8
9056,Single Lite,Sports,248.43,3.8
9057,Check Lite,Electronics,471.59,1.1
9058,Avoid Lite,Beauty,216.62,2.9
9059,Record Plus,Books,475.76,1.6
9060,Week Plus,Clothing,385.95,2.2
9061,Leader Plus,Electronics,349.37,3.3
9062,Exactly Plus,Home,45.67,4.2
9063,Admit Pro,Beauty,234.28,4.1
9064,Knowledge Max,Clothing,82.73,2.9
9065,Authority Pro,Sports,146.21,2.2
9066,Candidate Pro,Home,125.92,2.2
9067,Subject Plus,Sports,214.46,3.1
9068,Let Plus,Sports,446.61,3.4
9069,Store Pro,Toys,110.83,4.1
9070,Sea Lite,Toys,480.45,3.1
9071,Carry Pro,Toys,234.7,3.5
9072,Never Max,Books,204.95,3.3
9073,Value Lite,Home,16.05,4.4
9074,Wide Pro,Electronics,464.9,3.7
9075,Onto Pro,Electronics,258.27,4.1
9076,Standard Lite,Clothing,72.27,1.3
9077,Almost Lite,Books,346.22,4.3
9078,Reflect Pro,Beauty,394.64,1.7
9079,Produce Lite,Beauty,44.93,4.3
9080,Cost Pro,Electronics,126.64,2.0
9081,Argue Plus,Books,102.92,4.4
9082,If Lite,Home,404.0,2.9
9083,Next Pro,Toys,398.0,4.1
9084,Focus Lite,Clothing,193.07,2.3
9085,Marriage Max,Clothing,66.12,4.3
9086,Buy Lite,Electronics,320.31,1.5
9087,Reality Pro,Sports,73.07,2.5
9088,Cold Plus,Electronics,127.68,2.6
9089,Similar Max,Electronics,393.11,2.4
9090,Scene Max,Clothing,42.32,3.7
9091,Service Lite,Clothing,325.13,2.7
9092,How Plus,Sports,493.23,2.0
9093,Director Lite,Toys,104.08,2.1
9094,Off Max,Books,388.6,1.5
9095,Focus Plus,Electronics,481.84,2.3
9096,Raise Lite,Books,368.61,2.7
9097,Point Pro,Beauty,141.23,4.3
9098,Message Lite,Clothing,222.1,4.1
9099,You Lite,Beauty,485.76,2.6
9100,Occur Max,Sports,322.37,2.5
9101,Science Pro,Books,426.5,3.3
9102,System Lite,Electronics,95.57,1.8
9103,Give Max,Books,279.8,3.4
9104,Against Lite,Beauty,32.7,1.8
9105,Together Lite,Sports,89.84,3.1
9106,Item Lite,Electronics,463.4,3.0
9107,Brother Pro,Toys,251.05,3.7
9108,Keep Pro,Beauty,344.63,4.6
9109,Middle Plus,Toys,109.85,2.0
9110,Industry Lite,Clothing,182.27,2.1
9111,Join Plus,Home,246.89,2.0
9112,Door Lite,Beauty,198.31,4.2
9113,Pull Max,Electronics,156.53,2.1
9114,Year Pro,Electronics,220.21,2.5
9115,Property Max,Home,152.34,2.7
9116,Back Plus,Books,404.08,4.2
9117,Arm Plus,Home,298.88,4.1
9118,Table Lite,Sports,433.35,3.6
9119,Account Plus,Electronics,293.49,1.6
9120,Customer Pro,Toys,130.81,2.9
9121,Add Lite,Books,405.86,2.4
9122,Ready Max,Beauty,220.36,1.4
9123,Community Plus,Electronics,288.88,5.0
9124,Final Max,Clothing,421.99,4.0
9125,Lead Plus,Electronics,222.98,1.6
9126,Often Max,Books,335.87,4.6
9127,Majority Pro,Sports,241.08,1.8
9128,Around Plus,Toys,33.1,1.5
9129,Market Pro,Sports,413.49,4.0
9130,Major Lite,Clothing,338.62,3.4
9131,Increase Lite,Books,469.23,2.8
9132,Suffer Lite,Clothing,344.41,2.0
9133,Amount Pro,Toys,426.33,3.4
9134,Strategy Lite,Beauty,210.0,2.1
9135,Above Lite,Beauty,350.83,4.6
9136,Clear Lite,Toys,230.93,3.0
9137,Brother Pro,Clothing,227.07,1.8
9138,Still Pro,Home,356.27,2.2
9139,Arrive Max,Home,366.03,3.1
9140,Drop Max,Toys,76.81,3.7
9141,Share Pro,Clothing,110.57,4.9
9142,Senior Plus,Toys,334.5,1.5
9143,The Plus,Electronics,233.53,4.7
9144,Campaign Lite,Sports,20.05,3.7
9145,Trouble Pro,Books,365.56,2.6
9146,Student Lite,Electronics,44.98,3.2
9147,Medical Max,Beauty,44.33,1.5
9148,Bit Pro,Books,8.24,1.5
9149,Participant Max,Beauty,360.64,1.6
9150,Be Plus,Toys,326.68,3.7
9151,Teach Lite,Beauty,181.47,4.2
9152,Realize Max,Home,391.02,4.6
9153,On Plus,Home,398.32,1.7
9154,Their Max,Books,351.11,1.9
9155,High Max,Toys,321.18,4.5
9156,Different Max,Sports,394.83,3.9
9157,Have Max,Beauty,212.02,4.0
9158,Project Max,Electronics,413.31,2.4
9159,Society Pro,Electronics,73.29,1.0
9160,Sister Plus,Toys,86.74,2.0
9161,Often Lite,Sports,263.35,4.8
9162,Environmental Plus,Toys,463.59,2.4
9163,Front Plus,Electronics,183.79,2.4
9164,Seven Max,Electronics,484.95,2.4
9165,Imagine Pro,Beauty,286.06,1.8
9166,Fact Plus,Clothing,20.01,4.2
9167,Body Lite,Electronics,240.77,1.8
9168,Often Max,Home,227.4,4.3
9169,Minute Max,Electronics,491.29,3.4
9170,Item Max,Books,470.96,4.0
9171,Skin Lite,Electronics,447.39,4.1
9172,South Plus,Sports,456.66,2.5
9173,Accept Pro,Beauty,78.94,3.2
9174,Chance Pro,Electronics,305.71,2.9
9175,Five Max,Electronics,282.58,3.5
9176,Cover Pro,Toys,82.53,4.0
9177,Bag Lite,Books,94.09,3.4
9178,Drug Lite,Beauty,209.7,1.2
9179,Central Max,Clothing,42.32,2.3
9180,Break Plus,Books,61.92,2.4
9181,Admit Pro,Clothing,87.84,1.1
9182,Group Pro,Toys,219.8,1.0
9183,Former Lite,Electronics,235.1,1.0
9184,Whatever Lite,Electronics,473.67,4.7
9185,Let Pro,Home,259.05,3.2
9186,No Plus,Sports,178.03,3.8
9187,Risk Plus,Books,173.63,3.2
9188,Capital Pro,Beauty,172.7,4.0
9189,War Lite,Books,26.33,3.5
9190,Worker Plus,Clothing,451.12,2.6
9191,East Lite,Sports,199.71,2.8
9192,Budget Plus,Books,56.67,4.6
9193,Cup Lite,Toys,346.45,1.2
9194,Perhaps Max,Sports,278.95,4.1
9195,Despite Lite,Electronics,342.58,3.8
9196,Consumer Plus,Clothing,57.49,4.5
9197,Develop Lite,Sports,100.72,2.2
9198,Store Max,Toys,289.13,2.1
9199,Drop Plus,Toys,440.02,4.8
9200,School Plus,Home,131.92,1.1
9201,View Plus,Beauty,257.82,4.3
9202,Recently Lite,Beauty,160.76,2.1
9203,Term Pro,Toys,47.59,2.6
9204,Hundred Plus,Home,322.35,4.9
9205,Member Lite,Electronics,254.48,3.5
9206,Even Plus,Beauty,307.52,2.3
9207,Production Plus,Home,30.93,4.9
9208,Black Lite,Beauty,110.32,4.4
9209,Return Plus,Sports,136.66,3.7
9210,Force Max,Books,491.18,4.9
9211,Source Plus,Beauty,12.22,2.8
9212,Parent Lite,Electronics,243.82,3.4
9213,Too Plus,Books,38.79,3.0
9214,Relationship Plus,Books,199.99,3.3
9215,Fight Plus,Sports,451.87,1.6
9216,Pick Pro,Toys,485.53,4.1
9217,Director Max,Sports,484.67,3.9
9218,Anything Plus,Clothing,482.13,4.1
9219,Since Pro,Clothing,185.28,4.6
9220,Woman Max,Electronics,81.38,2.0
9221,Court Pro,Beauty,391.31,2.8
9222,Cold Lite,Toys,295.55,2.5
9223,Role Max,Sports,155.94,2.4
9224,Follow Plus,Home,14.76,3.3
9225,Then Pro,Toys,170.15,3.0
9226,Or Max,Home,328.41,1.2
9227,Wait Max,Electronics,105.08,4.6
9228,Specific Pro,Toys,455.56,2.0
9229,Sure Plus,Books,328.85,1.5
9230,Message Lite,Home,367.48,3.1
9231,Head Plus,Toys,361.46,2.8
9232,Some Pro,Sports,251.68,1.2
9233,Method Pro,Electronics,251.87,4.8
9234,Factor Pro,Toys,142.61,2.0
9235,Ok Plus,Electronics,496.47,4.1
9236,Summer Pro,Sports,434.5,3.0
9237,Short Lite,Books,102.5,3.2
9238,Action Pro,Sports,365.46,4.3
9239,Seven Plus,Clothing,254.35,3.8
9240,Decide Plus,Clothing,438.12,4.6
9241,Hold Plus,Sports,247.45,2.2
9242,Husband Pro,Sports,165.89,4.9
9243,Born Plus,Home,65.36,1.6
9244,Participant Plus,Books,38.2,1.7
9245,Measure Lite,Clothing,315.74,2.0
9246,Inside Plus,Clothing,212.04,3.8
9247,Receive Max,Electronics,318.33,1.5
9248,Draw Max,Beauty,435.41,4.3
9249,Figure Max,Electronics,160.45,4.1
9250,Me Pro,Home,350.84,1.5
9251,Suffer Max,Sports,349.54,2.2
9252,Whose Lite,Beauty,132.99,4.1
9253,Whose Plus,Home,462.21,2.9
9254,Wife Lite,Toys,414.68,2.1
9255,Often Plus,Sports,349.39,2.6
9256,For Lite,Books,211.76,3.4
9257,Lot Max,Beauty,46.84,1.4
9258,Why Lite,Books,222.88,2.6
9259,Write Plus,Toys,408.22,4.7
9260,Spring Plus,Sports,219.35,2.6
9261,Card Lite,Home,486.47,1.2
9262,Ask Lite,Clothing,9.17,3.7
9263,Seek Lite,Toys,322.18,3.3
9264,Social Lite,Books,440.83,4.7
9265,Miss Pro,Home,185.06,2.2
9266,Financial Plus,Beauty,71.51,3.2
9267,Week Plus,Clothing,236.67,2.2
9268,Really Lite,Clothing,87.47,2.7
9269,Box Lite,Sports,25.09,4.6
9270,Note Max,Beauty,414.3,2.9
9271,Fear Max,Sports,265.46,4.1
9272,Prevent Lite,Electronics,35.54,4.2
9273,Difficult Max,Books,210.37,4.8
9274,Effect Max,Beauty,23.52,1.6
9275,Pressure Pro,Books,127.35,1.8
9276,Best Max,Beauty,411.28,2.0
9277,Price Pro,Electronics,58.7,1.4
9278,Week Lite,Sports,15.62,2.4
9279,Cover Lite,Books,263.92,2.3
9280,Key Max,Sports,148.33,1.6
9281,Sense Plus,Electronics,175.08,2.1
9282,Far Plus,Beauty,231.44,2.0
9283,Reflect Plus,Sports,477.08,1.8
9284,Recent Pro,Home,479.03,4.5
9285,Soon Max,Sports,253.33,3.9
9286,Standard Pro,Sports,124.56,2.4
9287,Game Plus,Home,457.36,2.7
9288,Really Max,Sports,493.57,4.2
9289,Test Lite,Sports,443.19,3.1
9290,Single Lite,Electronics,234.67,3.1
9291,Control Max,Books,472.55,2.5
9292,Drug Pro,Sports,65.72,3.5
9293,Detail Pro,Toys,412.0,3.9
9294,Tend Max,Books,431.05,4.7
9295,Modern Lite,Sports,237.91,3.8
9296,Sit Max,Beauty,101.98,4.2
9297,Near Lite,Clothing,218.65,4.4
9298,Form Pro,Home,483.22,2.8
9299,Election Plus,Home,284.47,4.4
9300,Blue Pro,Electronics,407.26,1.0
9301,The Plus,Toys,43.15,4.0
9302,Own Lite,Toys,361.55,3.7
9303,Brother Max,Toys,9.47,3.2
9304,Attention Plus,Clothing,54.93,1.5
9305,Society Lite,Sports,42.24,1.2
9306,Understand Lite,Books,366.85,2.5
9307,Daughter Lite,Toys,493.18,2.1
9308,Occur Max,Clothing,22.65,2.6
9309,Executive Plus,Home,112.45,4.2
9310,Goal Max,Sports,179.64,3.1
9311,Attack Lite,Clothing,367.24,2.5
9312,Table Lite,Clothing,338.43,1.4
9313,Summer Lite,Electronics,121.33,3.6
9314,Often Lite,Books,472.48,3.4
9315,Hard Lite,Electronics,337.92,4.6
9316,Tree Pro,Clothing,442.65,3.1
9317,Work Max,Toys,474.29,1.2
9318,Member Lite,Books,12.17,4.8
9319,Material Max,Sports,434.22,4.8
9320,Nation Pro,Toys,294.21,4.8
9321,Thought Plus,Electronics,74.16,2.1
9322,Address Lite,Toys,105.09,1.1
9323,Either Pro,Home,244.69,3.7
9324,Team Max,Clothing,340.45,3.8
9325,Series Max,Clothing,379.46,3.0
9326,Front Max,Home,220.9,2.4
9327,Technology Plus,Home,37.11,1.5
9328,Represent Lite,Home,473.77,2.4
9329,Approach Lite,Beauty,463.74,2.2
9330,Mission Pro,Clothing,455.02,2.6
9331,Natural Pro,Books,446.2,2.0
9332,Letter Max,Toys,387.09,4.0
9333,Whose Max,Beauty,136.8,2.9
9334,Cold Pro,Toys,73.72,1.3
9335,Wrong Pro,Sports,53.62,4.5
9336,During Max,Sports,128.53,1.2
9337,Two Max,Home,311.27,4.0
9338,Mother Lite,Beauty,94.56,2.2
9339,Tree Plus,Home,98.53,3.8
9340,Buy Pro,Toys,70.14,4.5
9341,Court Pro,Clothing,227.71,1.4
9342,Manage Pro,Clothing,493.27,2.4
9343,Message Max,Beauty,349.92,2.5
9344,Decide Plus,Sports,460.44,4.8
9345,Summer Max,Electronics,395.94,1.4
9346,Seat Max,Clothing,21.63,4.7
9347,Maybe Plus,Toys,328.46,3.7
9348,Among Pro,Electronics,6.91,2.1
9349,Its Lite,Clothing,199.97,4.5
9350,Audience Plus,Books,148.6,1.8
9351,Scene Max,Sports,390.18,4.2
9352,Hard Plus,Beauty,50.99,1.6
9353,Wonder Pro,Sports,32.91,3.5
9354,Man Max,Home,202.0,3.0
9355,Official Lite,Clothing,233.6,1.2
9356,Throughout Plus,Beauty,163.21,2.9
9357,Student Pro,Beauty,458.42,1.8
9358,Key Lite,Clothing,24.55,1.2
9359,Top Pro,Electronics,334.47,1.8
9360,Modern Max,Books,259.67,4.4
9361,Billion Plus,Home,442.93,2.1
9362,Up Lite,Beauty,209.53,2.9
9363,Chair Lite,Home,328.84,2.0
9364,Any Lite,Toys,213.47,1.9
9365,Red Max,Sports,147.09,2.5
9366,World Plus,Toys,432.61,2.1
9367,Fill Pro,Books,151.86,2.6
9368,Try Max,Books,64.94,2.3
9369,Study Max,Books,486.57,4.0
9370,Wife Lite,Electronics,394.87,4.4
9371,Hit Plus,Home,286.6,2.5
9372,Lawyer Lite,Beauty,207.15,4.2
9373,Above Pro,Electronics,393.89,3.6
9374,Everything Max,Sports,113.37,4.0
9375,Often Max,Clothing,286.84,2.6
9376,Occur Lite,Beauty,131.86,1.6
9377,Them Pro,Beauty,84.08,4.9
9378,Condition Max,Books,50.83,2.1
9379,Girl Lite,Home,459.32,3.5
9380,Style Max,Home,322.38,1.9
9381,Feel Plus,Home,27.31,1.3
9382,Claim Max,Home,156.91,1.2
9383,Become Plus,Electronics,274.84,1.9
9384,Animal Plus,Clothing,93.57,3.2
9385,Those Pro,Electronics,311.87,1.8
9386,Point Max,Books,446.78,3.7
9387,Yard Max,Clothing,305.64,2.5
9388,Republican Pro,Sports,494.68,3.7
9389,Number Lite,Beauty,200.09,1.5
9390,Sit Lite,Electronics,233.13,2.7
9391,Prove Lite,Clothing,303.71,4.7
9392,Half Plus,Beauty,467.25,3.6
9393,Money Lite,Toys,251.92,2.8
9394,Fact Pro,Electronics,475.69,2.8
9395,Produce Max,Books,155.21,2.7
9396,Three Plus,Home,305.75,3.8
9397,Address Max,Home,465.0,4.3
9398,Test Lite,Clothing,261.43,3.0
9399,Size Lite,Sports,13.12,2.3
9400,Wife Max,Books,394.63,2.7
9401,If Plus,Toys,96.26,2.5
9402,Garden Max,Clothing,404.56,4.1
9403,Director Lite,Home,368.53,1.6
9404,Listen Max,Sports,473.01,3.9
9405,Develop Plus,Beauty,410.92,3.4
9406,Phone Max,Home,480.67,3.9
9407,Perhaps Lite,Home,92.53,4.1
9408,Cover Max,Books,320.83,4.5
9409,Current Plus,Home,201.89,1.2
9410,Ability Pro,Books,301.75,4.0
9411,Mrs Pro,Beauty,28.86,2.5
9412,Head Plus,Clothing,253.57,3.2
9413,Finally Plus,Beauty,483.65,2.1
9414,Conference Lite,Beauty,447.6,2.0
9415,Community Pro,Toys,126.68,4.7
9416,Response Lite,Electronics,262.47,2.7
9417,Certainly Lite,Home,401.0,1.9
9418,Popular Lite,Books,28.29,3.2
9419,Film Max,Sports,329.61,4.5
9420,Line Max,Beauty,18.69,2.6
9421,Movie Max,Books,237.11,3.3
9422,Economic Max,Sports,417.13,4.7
9423,Grow Plus,Home,303.22,4.1
9424,Here Pro,Electronics,389.07,4.5
9425,Approach Max,Toys,18.76,2.5
9426,Course Pro,Beauty,383.37,1.7
9427,When Pro,Sports,80.88,3.3
9428,View Lite,Clothing,112.04,4.7
9429,Financial Max,Toys,413.86,3.5
9430,Note Max,Sports,37.95,4.1
9431,Drive Max,Electronics,88.14,1.2
9432,Crime Max,Electronics,276.89,4.7
9433,Officer Plus,Clothing,22.31,1.4
9434,Factor Lite,Beauty,13.99,4.4
9435,Help Max,Electronics,333.23,2.8
9436,Top Lite,Home,452.5,3.8
9437,Defense Pro,Electronics,351.08,3.8
9438,Easy Pro,Home,191.23,2.4
9439,Kitchen Max,Toys,380.09,4.8
9440,Bed Lite,Beauty,123.04,5.0
9441,Word Plus,Electronics,189.5,1.3
9442,Four Lite,Sports,248.94,2.7
9443,Whatever Pro,Electronics,235.27,3.5
9444,Box Plus,Electronics,71.02,1.6
9445,Learn Max,Electronics,422.66,1.2
9446,Phone Max,Sports,495.68,3.9
9447,Many Pro,Toys,435.44,4.7
9448,Door Max,Books,315.41,3.3
9449,Today Pro,Clothing,419.5,1.7
9450,Red Plus,Sports,342.23,1.1
9451,History Max,Clothing,136.32,1.3
9452,Everybody Max,Clothing,343.2,4.0
9453,Article Max,Sports,228.18,1.6
9454,Control Max,Sports,435.13,4.5
9455,But Pro,Clothing,60.29,2.7
9456,Happy Lite,Sports,148.62,3.1
9457,Behavior Max,Clothing,445.82,3.0
9458,Base Pro,Electronics,375.9,1.3
9459,Forget Plus,Beauty,59.85,4.2
9460,And Plus,Toys,415.52,3.1
9461,Receive Max,Beauty,8.49,2.3
9462,Air Lite,Clothing,256.06,4.5
9463,Media Max,Home,224.0,4.1
9464,Seat Max,Clothing,25.19,3.3
9465,Stay Pro,Home,344.46,4.7
9466,Accept Lite,Clothing,322.15,1.1
9467,Hour Pro,Books,397.01,1.3
9468,Reason Lite,Toys,41.76,3.7
9469,Quite Pro,Home,164.56,2.3
9470,By Lite,Beauty,163.36,3.2
9471,Rest Plus,Home,226.06,1.9
9472,Question Plus,Beauty,129.0,2.8
9473,Town Plus,Electronics,368.25,3.2
9474,Choose Max,Electronics,326.95,2.6
9475,Forward Lite,Toys,24.97,4.7
9476,Scientist Max,Books,167.2,4.6
9477,Run Pro,Home,451.87,2.8
9478,Hear Plus,Sports,299.5,2.8
9479,Piece Max,Beauty,97.76,1.1
9480,End Max,Clothing,10.39,1.4
9481,From Max,Electronics,414.08,2.0
9482,Turn Plus,Clothing,425.67,3.1
9483,Issue Pro,Beauty,300.29,2.5
9484,Later Max,Books,25.52,2.3
9485,Page Pro,Sports,237.19,3.9
9486,Several Lite,Toys,475.73,4.2
9487,Staff Pro,Home,29.27,2.6
9488,By Lite,Toys,429.61,3.3
9489,Fight Plus,Clothing,317.22,1.4
9490,Boy Lite,Toys,32.73,4.0
9491,Few Pro,Books,319.19,3.2
9492,Stuff Pro,Clothing,273.49,3.6
9493,Apply Pro,Beauty,35.91,1.5
9494,Break Lite,Toys,454.85,3.8
9495,Collection Plus,Toys,349.13,2.9
9496,Enjoy Plus,Electronics,294.31,2.4
9497,One Lite,Beauty,202.56,1.1
9498,Method Plus,Electronics,286.28,4.2
9499,Chair Plus,Home,156.68,1.3
9500,Conference Plus,Toys,474.08,4.0
9501,Social Pro,Clothing,442.73,3.7
9502,Across Pro,Books,353.46,2.4
9503,Southern Max,Books,228.8,4.5
9504,Son Plus,Home,330.27,2.3
9505,Use Max,Sports,78.64,3.5
9506,Change Lite,Sports,296.09,3.8
9507,Play Lite,Beauty,284.19,2.9
9508,Production Max,Books,355.83,3.0
9509,Against Plus,Clothing,311.6,4.5
9510,Traditional Max,Clothing,316.17,2.4
9511,Million Plus,Sports,315.37,1.7
9512,Camera Lite,Electronics,447.67,3.4
9513,Single Plus,Sports,214.73,3.9
9514,Car Lite,Toys,195.14,3.1
9515,Hospital Lite,Clothing,340.28,2.0
9516,Federal Max,Books,362.8,2.6
9517,Drive Lite,Clothing,356.51,3.4
9518,Exist Plus,Sports,229.72,1.7
9519,City Max,Home,128.22,4.9
9520,Range Max,Toys,121.16,2.2
9521,Too Pro,Home,317.23,1.2
9522,He Pro,Home,214.94,2.0
9523,Final Pro,Electronics,134.59,4.5
9524,Past Pro,Books,202.19,1.8
9525,Idea Lite,Clothing,486.28,2.7
9526,Level Plus,Clothing,400.86,3.1
9527,Firm Plus,Clothing,444.01,1.8
9528,There Plus,Electronics,145.24,2.1
9529,Policy Lite,Toys,359.72,4.0
9530,Cost Lite,Clothing,139.09,2.2
9531,Something Max,Electronics,43.36,2.9
9532,Remember Lite,Beauty,136.16,5.0
9533,Building Lite,Home,322.56,1.7
9534,Me Pro,Sports,279.34,3.9
9535,Age Max,Toys,314.6,2.2
9536,Easy Max,Beauty,59.28,2.5
9537,Doctor Max,Beauty,60.07,4.9
9538,Area Plus,Books,377.45,3.6
9539,Since Max,Books,332.01,2.2
9540,Lawyer Plus,Clothing,130.33,3.9
9541,Base Lite,Clothing,327.65,3.5
9542,At Plus,Books,383.51,3.3
9543,This Pro,Books,123.73,1.0
9544,Year Plus,Books,405.71,2.0
9545,Wait Pro,Toys,266.87,4.4
9546,Common Plus,Beauty,92.82,3.7
9547,Forget Max,Electronics,173.1,2.9
9548,Hospital Max,Books,165.52,1.8
9549,While Pro,Electronics,363.49,1.4
9550,Early Lite,Home,489.95,4.6
9551,Again Max,Sports,241.81,3.6
9552,Exactly Plus,Clothing,157.73,4.0
9553,However Pro,Books,317.79,1.1
9554,Three Plus,Sports,373.01,2.6
9555,Deal Pro,Home,405.46,3.4
9556,Stop Plus,Clothing,376.23,4.7
9557,Special Pro,Toys,77.78,4.4
9558,Why Pro,Beauty,456.87,3.4
9559,Nothing Pro,Home,172.39,2.7
9560,Stand Lite,Home,46.34,3.3
9561,Industry Pro,Electronics,450.69,2.3
9562,Ago Max,Sports,495.51,1.3
9563,Contain Pro,Electronics,455.34,4.0
9564,Drop Max,Home,86.7,4.7
9565,Simple Plus,Toys,497.54,4.4
9566,Class Max,Sports,71.16,4.7
9567,This Pro,Beauty,198.6,1.3
9568,Security Lite,Clothing,189.1,4.4
9569,Identify Plus,Toys,193.46,3.4
9570,For Plus,Beauty,438.17,1.7
9571,Cold Pro,Sports,38.39,1.3
9572,Join Lite,Clothing,132.41,1.1
9573,Defense Plus,Clothing,421.88,1.7
9574,Boy Plus,Electronics,360.61,2.4
9575,Practice Lite,Clothing,261.82,4.7
9576,Role Lite,Sports,301.49,4.5
9577,People Lite,Home,487.77,3.6
9578,Result Plus,Clothing,448.22,4.6
9579,Opportunity Max,Beauty,118.66,2.4
9580,Owner Plus,Home,289.52,3.6
9581,Room Max,Home,224.57,1.1
9582,Say Lite,Sports,314.74,1.2
9583,Decide Max,Beauty,139.93,3.7
9584,Western Pro,Books,7.2,2.1
9585,Company Max,Beauty,32.56,1.9
9586,Control Plus,Sports,17.58,1.5
9587,True Lite,Toys,278.01,2.6
9588,Without Plus,Home,359.76,4.4
9589,Key Plus,Clothing,181.83,3.7
9590,Wrong Plus,Electronics,453.84,2.3
9591,Maybe Pro,Toys,89.85,1.2
9592,Improve Lite,Clothing,197.76,3.7
9593,Seek Plus,Books,420.04,2.1
9594,Near Pro,Beauty,16.55,4.1
9595,Leave Lite,Books,293.3,1.2
9596,Explain Lite,Toys,305.24,1.9
9597,Maintain Plus,Books,124.0,1.6
9598,Important Lite,Sports,125.87,4.1
9599,That Lite,Electronics,412.36,3.9
9600,Authority Plus,Sports,463.64,4.1
9601,Project Lite,Home,448.55,2.9
9602,Study Lite,Beauty,407.15,4.2
9603,Hand Lite,Sports,460.64,1.6
9604,Meeting Pro,Clothing,89.41,2.3
9605,Whether Lite,Home,231.69,3.4
9606,Painting Pro,Electronics,331.54,4.2
9607,Thank Max,Toys,83.11,2.9
9608,Street Max,Beauty,140.51,3.7
9609,Individual Plus,Books,439.3,1.8
9610,New Plus,Home,131.12,4.5
9611,Indicate Pro,Clothing,34.81,1.9
9612,Above Lite,Books,23.83,1.0
9613,Let Lite,Toys,49.39,3.3
9614,Guy Pro,Clothing,145.02,2.7
9615,Wall Lite,Home,445.03,1.9
9616,Number Lite,Electronics,355.05,1.8
9617,Contain Plus,Home,354.19,2.3
9618,Language Lite,Home,39.81,1.5
9619,Box Plus,Sports,87.95,2.1
9620,Often Lite,Clothing,16.1,4.2
9621,Fish Max,Books,443.15,1.3
9622,Wind Plus,Beauty,250.53,2.8
9623,Talk Max,Sports,194.29,2.4
9624,Drug Max,Sports,113.16,3.0
9625,Person Lite,Electronics,357.39,3.5
9626,Culture Plus,Electronics,403.2,4.2
9627,Trade Pro,Clothing,105.15,4.3
9628,Avoid Max,Electronics,254.78,2.5
9629,Draw Lite,Electronics,266.92,2.2
9630,Lay Plus,Sports,403.15,2.7
9631,Eight Max,Sports,12.87,3.4
9632,Write Max,Electronics,115.15,4.6
9633,Short Pro,Sports,83.38,4.6
9634,Them Pro,Beauty,123.95,2.7
9635,Score Plus,Home,470.07,4.1
9636,We Plus,Clothing,427.39,2.4
9637,Might Plus,Home,159.02,2.4
9638,State Lite,Beauty,443.38,1.8
9639,Similar Pro,Beauty,168.76,4.4
9640,Political Lite,Clothing,182.32,4.0
9641,Order Pro,Electronics,451.36,1.6
9642,Difficult Max,Beauty,160.99,1.8
9643,Health Pro,Beauty,311.04,4.0
9644,Religious Max,Sports,128.5,3.6
9645,Begin Pro,Clothing,185.79,4.0
9646,Capital Pro,Books,487.03,3.1
9647,Peace Lite,Sports,393.81,2.9
9648,Appear Max,Home,128.95,2.7
9649,Prevent Plus,Electronics,195.83,2.1
9650,Throw Pro,Books,317.96,1.5
9651,Wear Lite,Books,408.41,2.9
9652,Set Max,Electronics,466.61,4.6
9653,Develop Plus,Books,283.43,2.0
9654,Argue Lite,Sports,72.23,3.8
9655,Site Plus,Clothing,31.99,3.3
9656,Cup Pro,Home,285.56,4.3
9657,Team Max,Books,88.03,1.1
9658,Me Max,Sports,399.82,4.8
9659,Country Max,Home,233.74,1.4
9660,Weight Lite,Beauty,94.46,2.1
9661,Meet Pro,Beauty,336.6,4.3
9662,Maybe Lite,Toys,303.66,4.8
9663,Man Plus,Sports,363.99,3.5
9664,Human Pro,Sports,354.9,3.3
9665,See Lite,Toys,409.17,3.6
9666,Son Lite,Books,219.12,4.1
9667,Information Max,Clothing,413.21,1.0
9668,Medical Lite,Electronics,484.42,1.7
9669,Quite Max,Toys,370.02,2.5
9670,Enjoy Lite,Books,131.54,4.6
9671,Rise Pro,Beauty,296.02,4.0
9672,Board Lite,Toys,27.3,4.6
9673,Show Lite,Home,228.46,1.2
9674,Value Max,Home,247.6,4.0
9675,Scientist Lite,Electronics,372.74,4.6
9676,To Pro,Electronics,399.74,2.2
9677,Goal Pro,Home,244.36,3.8
9678,Bit Plus,Clothing,138.58,4.4
9679,Ready Pro,Sports,127.85,2.7
9680,Should Max,Sports,152.55,4.0
9681,Start Max,Toys,344.19,1.4
9682,Must Lite,Books,243.31,4.4
9683,Event Plus,Books,147.85,1.7
9684,Artist Max,Toys,67.12,3.2
9685,Water Plus,Home,345.2,3.0
9686,Every Pro,Books,341.63,2.7
9687,List Plus,Beauty,468.09,1.3
9688,Building Lite,Sports,236.71,3.8
9689,Inside Lite,Toys,210.86,2.7
9690,Economy Plus,Home,282.04,3.3
9691,Subject Lite,Electronics,285.01,2.7
9692,Wall Max,Home,129.19,3.6
9693,Energy Lite,Beauty,441.89,2.3
9694,Under Plus,Electronics,432.49,1.3
9695,Happen Max,Beauty,170.44,4.9
9696,Worry Max,Clothing,134.1,2.5
9697,Right Pro,Beauty,78.55,2.6
9698,Draw Plus,Electronics,298.76,1.3
9699,Eat Max,Sports,355.97,4.6
9700,Chance Plus,Toys,370.84,2.2
9701,Than Plus,Beauty,245.61,2.2
9702,Share Plus,Beauty,378.06,3.0
9703,Debate Plus,Sports,103.11,3.3
9704,Property Max,Electronics,177.01,3.0
9705,Firm Pro,Books,355.77,2.6
9706,Attention Max,Clothing,382.15,4.3
9707,First Pro,Home,128.97,1.9
9708,Letter Pro,Clothing,243.93,2.6
9709,End Pro,Electronics,246.49,1.8
9710,Actually Pro,Toys,304.94,3.3
9711,Phone Plus,Clothing,236.01,3.7
9712,Very Pro,Toys,264.46,3.7
9713,Include Max,Toys,197.21,2.7
9714,Able Max,Clothing,100.36,2.7
9715,Myself Lite,Home,237.87,3.6
9716,Finish Lite,Home,230.11,2.6
9717,Way Lite,Clothing,384.34,3.1
9718,Rock Pro,Electronics,400.63,4.5
9719,Population Pro,Clothing,428.3,1.6
9720,Quickly Max,Electronics,112.91,1.5
9721,Nearly Max,Sports,225.02,4.5
9722,Animal Plus,Clothing,375.33,2.3
9723,Order Max,Toys,174.06,2.7
9724,Century Pro,Beauty,259.85,4.0
9725,Director Pro,Clothing,418.23,3.2
9726,Save Plus,Toys,413.02,3.8
9727,However Lite,Beauty,334.77,2.7
9728,Position Max,Sports,38.22,2.3
9729,Ability Pro,Sports,55.97,3.6
9730,Perhaps Max,Beauty,382.24,2.9
9731,Those Pro,Toys,469.93,3.6
9732,Responsibility Plus,Home,199.66,2.6
9733,Fight Lite,Home,91.72,1.3
9734,Put Max,Clothing,210.0,4.4
9735,Court Lite,Books,10.03,1.8
9736,Own Plus,Beauty,29.38,1.7
9737,Environment Lite,Electronics,417.14,3.0
9738,Lose Max,Books,318.31,1.8
9739,Lay Pro,Sports,104.43,3.8
9740,Help Lite,Clothing,423.48,2.8
9741,Dark Lite,Home,228.56,1.4
9742,Whatever Lite,Electronics,407.58,4.3
9743,Able Max,Electronics,187.73,3.0
9744,Foreign Pro,Home,395.89,1.5
9745,Gun Plus,Books,80.12,4.4
9746,Region Lite,Toys,273.2,1.3
9747,Different Lite,Clothing,400.66,3.4
9748,Eight Max,Beauty,253.88,1.7
9749,Impact Pro,Sports,41.55,1.5
9750,Region Plus,Home,250.84,2.1
9751,Mr Pro,Clothing,202.98,1.3
9752,Garden Lite,Home,209.9,2.4
9753,Along Max,Clothing,353.05,4.2
9754,Tonight Plus,Electronics,420.64,3.6
9755,Reason Lite,Sports,464.84,3.7
9756,Home Pro,Toys,478.71,3.3
9757,Shake Lite,Beauty,390.45,1.8
9758,Herself Lite,Sports,429.9,2.8
9759,Game Plus,Toys,200.57,3.9
9760,Discussion Max,Beauty,270.35,2.7
9761,Loss Lite,Electronics,389.59,4.8
9762,Democratic Pro,Sports,447.92,4.4
9763,Pattern Lite,Beauty,176.61,2.6
9764,Star Plus,Beauty,97.82,4.8
9765,Too Lite,Toys,297.62,1.8
9766,Member Pro,Electronics,291.69,2.1
9767,Really Max,Sports,232.54,2.7
9768,Maybe Pro,Beauty,388.63,3.7
9769,Series Plus,Electronics,354.21,3.0
9770,Employee Pro,Home,72.23,3.7
9771,Leader Pro,Toys,452.08,4.7
9772,We Max,Beauty,470.21,1.4
9773,Pay Pro,Clothing,10.65,4.7
9774,Star Plus,Home,426.95,2.7
9775,But Max,Home,86.13,1.1
9776,Black Plus,Clothing,151.14,2.0
9777,Decide Max,Home,183.99,2.9
9778,Begin Plus,Sports,54.82,3.5
9779,Anything Pro,Books,205.79,4.4
9780,Feel Plus,Toys,147.07,4.4
9781,For Max,Beauty,206.98,2.9
9782,Something Lite,Books,198.59,2.8
9783,Wrong Max,Electronics,199.27,3.9
9784,City Pro,Beauty,473.41,5.0
9785,Per Lite,Home,447.66,3.6
9786,Five Plus,Sports,483.63,3.9
9787,Ready Pro,Toys,180.12,4.9
9788,Professor Plus,Beauty,66.63,4.4
9789,Or Lite,Clothing,490.61,1.5
9790,Nothing Max,Home,420.36,2.7
9791,Pretty Lite,Books,492.3,4.1
9792,Get Pro,Sports,21.17,2.3
9793,Similar Pro,Books,11.99,1.4
9794,Possible Lite,Home,65.46,2.3
9795,Show Plus,Toys,367.99,1.2
9796,Rise Pro,Beauty,337.4,4.9
9797,Investment Pro,Home,108.77,3.0
9798,Serve Lite,Books,199.28,4.7
9799,Painting Max,Sports,157.97,3.0
9800,Song Max,Toys,203.93,3.3
9801,Effort Pro,Beauty,304.17,1.4
9802,Agent Pro,Beauty,267.91,4.8
9803,Fire Plus,Home,38.5,1.9
9804,Goal Pro,Clothing,479.73,2.4
9805,These Max,Sports,273.07,2.0
9806,Fish Max,Books,316.98,1.4
9807,Leader Pro,Clothing,379.07,3.4
9808,Whether Pro,Beauty,150.43,3.6
9809,Range Lite,Electronics,413.72,2.3
9810,Suggest Plus,Beauty,314.3,4.3
9811,Yourself Pro,Sports,343.2,4.0
9812,Financial Max,Clothing,281.12,3.8
9813,Follow Plus,Home,197.65,2.7
9814,Cut Plus,Toys,86.83,3.9
9815,Turn Lite,Toys,40.16,1.8
9816,All Lite,Electronics,325.59,3.3
9817,Manage Plus,Beauty,112.84,2.8
9818,Kid Lite,Sports,351.36,1.8
9819,Population Pro,Beauty,102.29,2.0
9820,During Max,Sports,313.62,3.7
9821,Worker Plus,Sports,9.22,2.5
9822,Perform Plus,Clothing,257.35,4.5
9823,Camera Plus,Electronics,177.38,2.2
9824,We Pro,Beauty,166.22,1.9
9825,Step Pro,Electronics,407.29,3.0
9826,Quickly Pro,Books,221.67,2.8
9827,Property Plus,Home,40.38,1.5
9828,Conference Max,Toys,21.52,1.9
9829,Resource Max,Beauty,485.21,5.0
9830,Join Lite,Toys,221.74,1.1
9831,Think Max,Clothing,341.39,1.1
9832,Far Plus,Electronics,192.15,3.0
9833,List Plus,Electronics,299.34,3.6
9834,Bring Lite,Toys,300.56,3.6
9835,Early Max,Home,165.2,4.0
9836,Two Plus,Electronics,98.72,2.6
9837,Try Plus,Home,474.27,3.8
9838,Develop Pro,Sports,373.82,2.3
9839,Trip Plus,Books,383.93,2.4
9840,Chance Lite,Toys,152.1,4.2
9841,Take Max,Toys,164.95,3.9
9842,Remain Pro,Sports,60.69,3.1
9843,Book Pro,Toys,463.12,4.3
9844,Already Lite,Sports,219.23,4.6
9845,Require Max,Beauty,432.98,1.3
9846,Growth Plus,Home,146.99,2.7
9847,Picture Pro,Sports,187.29,3.6
9848,Yard Pro,Beauty,274.58,3.0
9849,Lot Max,Electronics,430.44,1.9
9850,Force Plus,Books,352.76,1.7
9851,Personal Plus,Books,257.03,2.7
9852,Use Max,Sports,153.1,4.0
9853,Very Lite,Home,105.36,2.0
9854,Back Max,Toys,272.54,1.6
9855,Get Lite,Beauty,485.93,2.4
9856,Director Lite,Toys,163.91,1.2
9857,Small Pro,Books,432.47,4.5
9858,Identify Plus,Toys,267.58,4.8
9859,Try Max,Home,100.23,3.2
9860,Experience Max,Toys,87.26,2.1
9861,Professor Max,Home,48.89,1.4
9862,Artist Plus,Toys,84.55,4.7
9863,Change Plus,Beauty,468.08,4.8
9864,Indicate Lite,Home,211.89,4.2
9865,Sell Max,Sports,237.35,1.8
9866,People Lite,Sports,496.82,2.9
9867,Pay Plus,Toys,435.78,1.7
9868,True Pro,Beauty,495.48,1.8
9869,Explain Pro,Toys,307.3,1.7
9870,Who Lite,Electronics,387.09,3.9
9871,Certain Max,Sports,115.35,3.0
9872,Will Pro,Toys,469.82,5.0
9873,American Plus,Clothing,177.52,3.7
9874,Success Lite,Toys,367.51,4.6
9875,Adult Lite,Books,174.15,2.1
9876,Off Max,Books,271.69,3.1
9877,Reason Max,Electronics,134.33,1.0
9878,Last Max,Books,204.16,1.1
9879,Use Max,Beauty,79.58,2.9
9880,Feeling Lite,Sports,154.87,3.4
9881,But Lite,Home,291.89,4.0
9882,Threat Plus,Books,224.3,2.7
9883,Magazine Plus,Sports,73.94,1.8
9884,Matter Lite,Electronics,264.63,1.7
9885,Spring Plus,Beauty,160.3,2.2
9886,Situation Max,Books,221.94,1.2
9887,Town Max,Clothing,15.04,1.7
9888,People Lite,Beauty,222.48,3.1
9889,Finally Lite,Home,236.08,4.5
9890,Off Max,Home,108.62,2.6
9891,View Max,Electronics,426.71,2.2
9892,Sell Pro,Electronics,237.2,4.0
9893,Time Max,Beauty,385.9,1.9
9894,Challenge Max,Sports,445.82,2.2
9895,Hope Pro,Beauty,413.56,2.1
9896,Authority Plus,Books,287.63,3.5
9897,Since Plus,Toys,499.38,2.0
9898,Program Max,Toys,498.63,1.1
9899,Series Pro,Electronics,358.1,3.8
9900,Property Plus,Home,121.26,2.5
9901,Letter Max,Toys,485.69,3.1
9902,Score Lite,Toys,162.49,1.3
9903,Democrat Pro,Beauty,319.65,2.8
9904,Probably Plus,Clothing,85.61,3.3
9905,Road Pro,Toys,419.58,3.5
9906,Their Lite,Beauty,216.36,1.1
9907,Standard Plus,Sports,26.66,3.6
9908,Worry Pro,Clothing,433.82,4.6
9909,Now Lite,Home,297.61,3.5
9910,Study Plus,Books,308.18,2.3
9911,Family Pro,Toys,360.93,4.6
9912,Store Max,Books,142.34,4.9
9913,Another Plus,Home,315.11,3.2
9914,Simple Lite,Books,493.44,4.5
9915,Trial Max,Toys,414.72,4.6
9916,Enough Plus,Books,32.71,1.7
9917,Third Lite,Clothing,448.97,4.1
9918,Later Max,Books,136.71,2.0
9919,Fly Pro,Home,42.75,1.3
9920,Police Pro,Sports,234.71,1.7
9921,Party Lite,Electronics,88.62,3.6
9922,Positive Pro,Books,321.15,4.0
9923,Toward Plus,Home,225.03,2.0
9924,Year Lite,Clothing,465.4,3.6
9925,Middle Pro,Home,383.16,2.0
9926,Difference Lite,Books,131.46,4.2
9927,Pattern Max,Beauty,459.96,4.5
9928,Billion Max,Books,378.1,3.3
9929,Agreement Max,Electronics,411.24,1.7
9930,Become Pro,Books,394.14,1.7
9931,Now Lite,Clothing,59.78,2.8
9932,Prevent Plus,Beauty,6.77,4.9
9933,International Max,Home,305.6,1.7
9934,Could Pro,Toys,167.17,1.2
9935,Have Max,Sports,72.26,4.0
9936,Agreement Pro,Clothing,444.26,2.2
9937,Really Pro,Clothing,410.08,3.8
9938,Like Max,Books,27.68,4.0
9939,Past Plus,Books,302.18,4.3
9940,Lead Max,Beauty,119.03,4.8
9941,Adult Lite,Electronics,380.55,4.7
9942,Than Max,Home,322.97,2.4
9943,Partner Max,Beauty,294.1,2.1
9944,Can Lite,Sports,264.65,1.8
9945,Success Pro,Beauty,208.39,2.0
9946,Part Pro,Books,280.53,3.6
9947,Few Max,Beauty,326.18,3.1
9948,Tv Pro,Books,487.43,4.0
9949,Culture Lite,Sports,258.02,3.0
9950,Participant Pro,Books,294.35,4.3
9951,Might Pro,Beauty,67.0,1.8
9952,Second Plus,Clothing,56.86,3.5
9953,Consumer Plus,Books,148.03,2.9
9954,Thought Max,Beauty,58.07,1.3
9955,Piece Pro,Home,470.13,4.4
9956,Stand Pro,Electronics,104.2,2.0
9957,Best Plus,Beauty,341.4,3.0
9958,Example Lite,Beauty,201.08,3.7
9959,Center Plus,Toys,108.01,2.2
9960,Possible Lite,Beauty,192.29,2.5
9961,Decade Pro,Home,71.87,2.6
9962,Themselves Pro,Toys,149.63,4.5
9963,Technology Plus,Books,56.25,1.0
9964,Service Pro,Beauty,5.78,2.7
9965,Might Max,Beauty,321.51,2.4
9966,Family Max,Toys,269.07,4.8
9967,Art Lite,Electronics,156.54,3.3
9968,Foot Lite,Electronics,204.07,1.5
9969,Whether Lite,Home,487.27,2.5
9970,Various Plus,Home,282.52,4.8
9971,Board Pro,Clothing,334.89,1.4
9972,Edge Max,Home,237.59,1.3
9973,Sure Lite,Clothing,134.5,3.6
9974,You Pro,Clothing,172.46,2.9
9975,Example Lite,Clothing,306.86,4.5
9976,Staff Max,Toys,308.57,1.0
9977,Gun Lite,Clothing,301.71,1.5
9978,Happen Plus,Electronics,263.35,3.1
9979,Concern Lite,Clothing,94.52,4.2
9980,Decide Plus,Clothing,148.69,4.5
9981,Case Pro,Electronics,130.71,4.2
9982,Really Plus,Toys,361.3,2.8
9983,Already Lite,Books,365.12,1.8
9984,Arm Plus,Toys,234.29,2.1
9985,Sport Pro,Beauty,491.55,2.8
9986,Pay Pro,Beauty,158.46,4.3
9987,Citizen Plus,Toys,171.51,2.9
9988,Support Plus,Clothing,306.75,1.4
9989,Site Pro,Sports,104.28,3.7
9990,Single Pro,Books,237.72,4.6
9991,World Plus,Beauty,452.45,3.9
9992,Might Pro,Electronics,261.85,4.0
9993,Less Lite,Toys,59.21,3.7
9994,Main Lite,Home,314.33,2.1
9995,At Max,Electronics,239.53,3.9
9996,Woman Max,Toys,56.52,3.7
9997,New Plus,Sports,229.69,1.3
9998,My Plus,Beauty,296.16,2.5
9999,Or Plus,Clothing,119.64,2.0
10000,After Pro,Electronics,20.86,3.2
10001,Like Lite,Home,498.38,4.7
10002,Page Plus,Home,466.86,1.4
10003,Represent Max,Home,167.21,2.9
10004,Just Max,Beauty,416.8,3.2
10005,Agent Max,Toys,386.25,4.4
10006,New Max,Toys,247.82,3.2
10007,Need Lite,Sports,86.48,3.3
10008,Piece Pro,Beauty,440.2,1.1
10009,Manager Lite,Electronics,360.93,2.4
10010,Cut Lite,Books,100.68,3.9
10011,Road Pro,Sports,398.43,1.9
10012,Pm Plus,Clothing,66.37,2.3
10013,Image Plus,Home,15.79,4.3
10014,Including Plus,Toys,313.02,2.0
10015,Population Pro,Books,376.12,1.0
10016,Woman Pro,Sports,368.45,1.1
10017,Me Plus,Books,208.1,1.6
10018,College Pro,Electronics,364.66,2.2
10019,Go Pro,Home,385.52,3.4
10020,Hospital Max,Beauty,208.51,4.0
10021,Look Max,Sports,283.1,3.6
10022,Item Lite,Sports,397.05,1.6
10023,Support Max,Sports,137.35,5.0
10024,College Plus,Beauty,412.3,3.4
10025,War Lite,Electronics,399.5,3.6
10026,Local Plus,Sports,101.48,2.6
10027,Add Lite,Books,225.45,4.8
10028,Health Plus,Toys,282.34,4.9
10029,Individual Max,Sports,244.74,1.3
10030,Hand Pro,Toys,351.92,1.8
10031,Such Max,Books,325.54,3.4
10032,To Plus,Sports,404.26,2.8
10033,Part Lite,Clothing,358.78,1.0
10034,True Pro,Home,148.29,1.9
10035,Despite Pro,Books,35.33,4.7
10036,Government Lite,Home,477.28,1.2
10037,Into Lite,Electronics,104.48,1.4
10038,Will Plus,Toys,249.63,2.4
10039,Modern Plus,Toys,499.83,2.8
10040,Everyone Max,Home,289.95,3.8
10041,In Plus,Electronics,222.34,1.9
10042,Certainly Lite,Electronics,208.17,4.2
10043,Call Lite,Clothing,499.79,2.8
10044,Father Pro,Sports,150.58,3.0
10045,Career Pro,Home,454.68,2.6
10046,Know Plus,Clothing,466.8,1.7
10047,Government Plus,Electronics,76.2,2.4
10048,Born Max,Electronics,201.15,4.9
10049,Serious Max,Beauty,38.04,3.0
10050,Above Plus,Books,443.47,1.5
10051,Moment Plus,Electronics,413.95,2.5
10052,Something Plus,Beauty,83.0,3.6
10053,National Max,Home,312.08,2.6
10054,Per Pro,Books,356.46,3.8
10055,Measure Pro,Sports,407.5,2.6
10056,Fast Pro,Clothing,132.4,3.8
10057,Admit Plus,Clothing,51.33,1.5
10058,Unit Pro,Toys,407.9,2.7
10059,Push Plus,Home,205.94,2.3
10060,Everybody Pro,Books,120.98,3.5
10061,Social Lite,Clothing,315.47,3.6
10062,Manage Plus,Beauty,142.38,2.3
10063,Son Max,Beauty,373.98,4.7
10064,Parent Plus,Beauty,334.44,2.5
10065,Scientist Pro,Clothing,488.12,3.1
10066,Phone Lite,Home,116.05,1.5
10067,Career Plus,Toys,404.2,4.4
10068,Maybe Plus,Books,181.66,4.3
10069,Success Max,Home,59.56,1.5
10070,Suddenly Plus,Electronics,496.49,2.4
10071,Defense Lite,Home,9.16,4.9
10072,Relate Max,Beauty,473.4,1.1
10073,Attorney Plus,Beauty,248.89,4.2
10074,Effect Lite,Electronics,67.72,1.8
10075,Nice Plus,Sports,90.8,4.7
10076,Beautiful Plus,Beauty,79.48,2.6
10077,Any Lite,Home,17.35,2.5
10078,Local Max,Books,334.43,1.3
10079,Whether Pro,Home,401.17,4.8
10080,Challenge Plus,Sports,476.3,1.3
10081,Become Max,Home,439.36,2.0
10082,Wait Lite,Clothing,38.12,4.9
10083,Usually Plus,Toys,102.95,4.1
10084,Guess Lite,Toys,434.72,3.1
10085,Measure Pro,Sports,37.74,5.0
10086,Likely Plus,Sports,83.95,1.8
10087,Series Lite,Home,382.83,2.6
10088,Yes Plus,Electronics,163.32,4.8
10089,Run Plus,Toys,171.02,1.6
10090,Discover Max,Clothing,424.19,4.2
10091,Different Plus,Electronics,372.02,3.0
10092,Receive Pro,Electronics,138.54,3.8
10093,Beyond Max,Beauty,361.67,1.3
10094,Along Lite,Electronics,388.32,3.2
10095,Well Lite,Clothing,226.48,4.2
10096,Operation Lite,Beauty,334.68,4.7
10097,Them Pro,Toys,72.2,2.6
10098,Site Pro,Home,378.27,3.4
10099,Image Pro,Sports,12.03,4.4
10100,Develop Lite,Beauty,273.21,3.4
10101,Top Pro,Books,427.12,4.6
10102,This Pro,Beauty,64.77,1.1
10103,Head Max,Books,357.64,1.1
10104,Care Pro,Beauty,420.23,1.4
10105,The Pro,Books,191.44,4.8
10106,Could Max,Books,478.81,3.1
10107,Officer Plus,Toys,402.0,3.4
10108,Effect Max,Electronics,390.06,5.0
10109,Culture Pro,Home,352.32,3.3
10110,Without Plus,Electronics,445.41,4.8
10111,It Pro,Clothing,456.73,4.5
10112,Remain Plus,Home,415.58,4.1
10113,Product Max,Beauty,61.8,3.8
10114,Major Lite,Beauty,264.22,1.8
10115,Say Max,Electronics,231.23,4.2
10116,Another Lite,Beauty,451.22,3.9
10117,Onto Pro,Toys,90.22,1.0
10118,Social Max,Electronics,126.12,1.3
10119,Character Lite,Sports,219.2,2.7
10120,With Lite,Home,359.14,4.5
10121,Scientist Plus,Home,180.44,4.4
10122,Truth Pro,Clothing,16.24,4.9
10123,Water Lite,Toys,33.38,1.9
10124,Low Plus,Books,326.38,2.6
10125,Election Lite,Electronics,266.54,1.6
10126,Least Lite,Clothing,398.18,1.5
10127,Inside Max,Toys,116.92,2.9
10128,System Max,Books,447.21,4.9
10129,Open Plus,Home,131.06,4.7
10130,Might Plus,Electronics,446.84,3.7
10131,Ten Lite,Toys,420.69,4.1
10132,Least Plus,Books,163.69,2.6
10133,Right Pro,Sports,164.84,3.0
10134,War Max,Books,442.83,1.1
10135,Carry Max,Books,139.29,4.3
10136,Bill Lite,Toys,74.68,3.6
10137,Minute Lite,Beauty,275.13,3.0
10138,Coach Max,Electronics,219.52,2.5
10139,Thus Plus,Beauty,102.09,2.5
10140,Reveal Plus,Toys,75.33,2.8
10141,Able Max,Clothing,123.8,3.2
10142,Administration Pro,Toys,91.14,2.4
10143,Everybody Lite,Electronics,268.55,3.5
10144,Huge Lite,Books,319.22,2.9
10145,Head Pro,Clothing,453.02,4.1
10146,Week Max,Beauty,13.79,4.4
10147,Actually Plus,Electronics,340.58,1.1
10148,Deep Max,Beauty,151.62,4.5
10149,Control Pro,Clothing,375.71,3.6
10150,Piece Lite,Books,230.14,4.1
10151,Necessary Max,Books,52.26,4.5
10152,Popular Lite,Sports,127.12,1.3
10153,It Max,Clothing,475.14,3.9
10154,Give Pro,Toys,266.65,4.4
10155,Source Plus,Home,429.09,3.5
10156,Memory Plus,Home,321.67,4.8
10157,Former Lite,Home,243.62,3.5
10158,Determine Pro,Sports,463.73,1.3
10159,Camera Pro,Books,5.76,1.9
10160,For Lite,Clothing,372.13,4.4
10161,Despite Max,Home,13.83,1.3
10162,Vote Plus,Home,357.23,4.1
10163,Authority Lite,Sports,114.74,4.5
10164,Partner Lite,Clothing,70.96,1.8
10165,Owner Max,Beauty,69.19,2.1
10166,Deal Lite,Toys,248.81,2.8
10167,Remain Max,Home,230.81,2.4
10168,Road Lite,Electronics,86.6,1.4
10169,Policy Lite,Clothing,51.15,4.7
10170,Product Lite,Beauty,157.96,5.0
10171,Shake Max,Sports,192.34,3.1
10172,Open Plus,Sports,384.1,3.0
10173,Security Lite,Clothing,406.61,1.1
10174,Everyone Lite,Home,168.96,3.8
10175,Camera Max,Books,333.38,4.2
10176,Line Lite,Home,377.64,1.2
10177,Form Plus,Beauty,352.27,3.9
10178,Her Max,Sports,296.92,3.1
10179,Significant Max,Clothing,324.38,1.2
10180,Raise Lite,Books,206.61,4.4
10181,Tell Plus,Beauty,475.38,2.6
10182,Quite Plus,Sports,228.87,3.7
10183,Lay Pro,Beauty,496.86,3.3
10184,Accept Plus,Clothing,360.2,4.0
10185,State Pro,Toys,116.29,3.3
10186,Another Lite,Toys,320.42,4.9
10187,Dark Max,Sports,486.32,1.5
10188,Painting Lite,Sports,221.92,1.9
10189,Almost Lite,Sports,30.57,3.5
10190,Citizen Plus,Clothing,249.69,3.3
10191,Strong Max,Home,338.97,3.0
10192,Trial Plus,Toys,179.77,4.1
10193,Attention Plus,Sports,235.06,1.3
10194,Indeed Plus,Beauty,315.39,1.6
10195,Spring Max,Electronics,26.78,3.9
10196,Everything Pro,Electronics,395.55,1.4
10197,Question Lite,Clothing,254.78,2.6
10198,Teach Plus,Beauty,33.57,1.7
10199,Capital Pro,Books,246.78,3.3
10200,Edge Pro,Books,434.19,4.1
10201,Dinner Pro,Beauty,351.15,2.8
10202,Age Pro,Sports,258.07,1.0
10203,Home Lite,Sports,470.34,3.1
10204,Mind Plus,Clothing,140.08,3.6
10205,Usually Plus,Toys,338.33,3.6
10206,Again Plus,Home,178.04,3.6
10207,Form Lite,Toys,260.56,4.4
10208,Offer Lite,Electronics,231.04,3.3
10209,Share Max,Sports,169.28,1.7
10210,Able Max,Toys,455.49,1.8
10211,Similar Max,Books,119.85,2.7
10212,Manager Lite,Sports,226.51,2.9
10213,Positive Plus,Clothing,129.09,3.9
10214,Throughout Max,Home,400.59,4.1
10215,More Plus,Books,28.8,3.7
10216,Happen Pro,Books,355.89,3.4
10217,Film Pro,Books,5.5,4.6
10218,Call Pro,Sports,448.24,3.5
10219,Wrong Pro,Toys,209.4,4.8
10220,Individual Pro,Home,421.97,5.0
10221,Into Plus,Sports,489.78,3.4
10222,Direction Plus,Toys,335.91,2.9
10223,Bill Pro,Home,64.25,4.7
10224,Particularly Lite,Toys,118.98,2.6
10225,Baby Max,Toys,494.84,1.2
10226,Design Max,Books,379.8,2.5
10227,Must Lite,Sports,76.48,2.4
10228,Authority Plus,Sports,369.28,2.5
10229,Enjoy Max,Books,366.0,2.9
10230,Interesting Pro,Sports,32.42,3.0
10231,Beyond Max,Sports,299.72,4.2
10232,Nation Plus,Books,473.91,2.7
10233,So Pro,Clothing,341.53,1.4
10234,Since Max,Sports,205.42,4.7
10235,Trouble Pro,Toys,288.69,1.7
10236,Account Plus,Books,200.26,2.2
10237,Rest Max,Beauty,434.41,1.2
10238,Any Lite,Electronics,316.63,4.3
10239,Discover Plus,Home,112.77,1.1
10240,Son Plus,Clothing,198.08,3.8
10241,Wall Pro,Toys,495.34,2.4
10242,Special Pro,Home,133.19,2.8
10243,Would Plus,Toys,371.78,4.8
10244,Voice Pro,Toys,153.73,4.6
10245,Hotel Pro,Electronics,106.22,3.6
10246,Responsibility Max,Toys,466.43,3.9
10247,Push Max,Beauty,210.73,4.7
10248,College Plus,Sports,443.99,4.1
10249,Drop Lite,Beauty,375.9,2.6
10250,Possible Plus,Home,350.0,2.3
10251,Parent Lite,Beauty,298.4,3.9
10252,The Pro,Home,49.14,1.7
10253,Arm Plus,Beauty,383.96,4.7
10254,Care Lite,Books,353.38,1.7
10255,Explain Plus,Electronics,29.56,1.5
10256,Attorney Max,Clothing,389.09,4.3
10257,Event Max,Clothing,198.59,3.3
10258,Beyond Plus,Toys,134.6,1.1
10259,Official Pro,Clothing,220.11,3.2
10260,Know Lite,Electronics,183.05,2.9
10261,Ground Max,Sports,305.73,1.3
10262,Think Lite,Clothing,351.69,3.6
10263,Agent Pro,Sports,297.27,4.2
10264,Eat Pro,Home,220.69,5.0
10265,On Lite,Books,281.2,1.6
10266,Claim Max,Sports,187.46,4.5
10267,Usually Lite,Beauty,247.67,1.1
10268,Stand Plus,Clothing,7.84,3.7
10269,Writer Max,Beauty,390.23,3.9
10270,Note Max,Toys,121.59,4.8
10271,Consider Plus,Beauty,308.17,1.4
10272,Marriage Max,Books,402.4,3.4
10273,Recently Plus,Books,244.79,1.6
10274,Tree Lite,Toys,370.07,2.1
10275,Energy Lite,Sports,183.17,1.1
10276,Inside Max,Beauty,126.47,4.0
10277,Store Pro,Beauty,474.85,3.9
10278,Fact Pro,Beauty,275.43,4.7
10279,City Plus,Books,204.55,2.2
10280,Would Lite,Toys,17.65,3.7
10281,In Pro,Sports,10.93,3.1
10282,Culture Pro,Electronics,283.2,3.6
10283,Wear Plus,Home,299.3,4.2
10284,Interest Lite,Books,252.28,1.3
10285,Off Max,Home,268.04,4.1
10286,Democrat Plus,Home,100.96,2.5
10287,In Lite,Home,382.58,2.0
10288,Toward Max,Clothing,153.67,2.8
10289,Know Lite,Sports,289.17,4.9
10290,Do Max,Home,290.69,4.4
10291,Line Max,Toys,433.33,3.8
10292,About Max,Beauty,61.65,4.7
10293,General Lite,Electronics,94.75,2.9
10294,Western Max,Beauty,443.6,3.0
10295,Recent Lite,Books,29.89,4.9
10296,Degree Pro,Beauty,148.45,2.3
10297,Reduce Pro,Books,239.25,4.0
10298,Deal Pro,Beauty,241.71,4.6
10299,Answer Plus,Clothing,299.61,2.1
10300,Either Plus,Home,121.94,4.9
10301,Feeling Plus,Electronics,288.21,4.0
10302,Official Lite,Beauty,61.85,3.2
10303,Property Plus,Toys,152.53,4.9
10304,Agreement Max,Home,220.74,1.8
10305,Enough Plus,Sports,266.72,2.4
10306,Cut Plus,Toys,153.22,4.0
10307,Discussion Lite,Sports,436.69,2.8
10308,Staff Max,Electronics,400.9,3.4
10309,Relate Lite,Books,135.65,4.2
10310,Finally Plus,Electronics,459.82,2.0
10311,Story Lite,Clothing,172.78,2.0
10312,Back Plus,Home,142.45,2.8
10313,Figure Max,Electronics,75.09,3.0
10314,But Plus,Home,187.75,4.6
10315,Conference Pro,Toys,429.31,3.5
10316,Difference Plus,Books,189.79,3.4
10317,Significant Max,Clothing,366.58,4.3
10318,Specific Pro,Sports,390.59,4.7
10319,Training Lite,Beauty,11.09,2.1
10320,Offer Pro,Home,118.91,2.3
10321,Visit Lite,Books,21.05,3.9
10322,Movie Pro,Beauty,115.94,2.2
10323,Far Max,Books,207.33,4.4
10324,According Plus,Electronics,490.43,1.8
10325,Structure Max,Clothing,469.18,4.6
10326,Such Plus,Books,122.19,2.5
10327,Car Max,Sports,187.37,4.8
10328,He Lite,Toys,294.73,3.2
10329,Value Plus,Toys,82.43,1.7
10330,Recently Pro,Beauty,204.65,1.0
10331,Yes Plus,Beauty,246.95,3.5
10332,Knowledge Plus,Beauty,327.56,3.2
10333,Their Plus,Clothing,235.21,4.8
10334,Sometimes Max,Electronics,296.05,2.9
10335,Decade Max,Beauty,322.41,3.1
10336,For Max,Toys,221.49,2.5
10337,Moment Pro,Beauty,252.26,3.3
10338,Present Plus,Beauty,406.15,4.7
10339,Company Pro,Toys,440.32,1.2
10340,Citizen Lite,Books,498.0,3.6
10341,History Plus,Sports,74.55,2.6
10342,Be Pro,Sports,45.44,4.7
10343,Low Max,Sports,95.07,4.8
10344,Smile Plus,Books,78.12,3.1
10345,Partner Lite,Books,195.98,1.1
10346,Identify Lite,Sports,43.81,2.4
10347,Ground Plus,Electronics,38.51,2.8
10348,Most Max,Beauty,277.82,4.1
10349,Mind Plus,Clothing,142.59,3.6
10350,Mouth Pro,Sports,440.24,4.1
10351,Power Plus,Sports,21.98,3.0
10352,Officer Lite,Electronics,249.95,3.8
10353,Product Max,Sports,277.56,1.0
10354,Mother Max,Sports,198.98,3.5
10355,Discuss Plus,Clothing,221.5,1.9
10356,Message Lite,Electronics,385.86,4.0
10357,Want Pro,Books,45.63,1.8
10358,Direction Pro,Home,304.97,2.8
10359,Deal Pro,Toys,68.6,1.4
10360,Water Plus,Beauty,124.95,2.8
10361,Knowledge Pro,Toys,465.96,2.9
10362,Positive Lite,Clothing,227.65,4.5
10363,Hear Max,Electronics,147.95,4.8
10364,Any Max,Books,46.81,2.9
10365,Member Plus,Clothing,6.25,4.5
10366,Matter Max,Beauty,22.49,4.8
10367,Case Lite,Beauty,111.8,2.6
10368,Inside Lite,Sports,461.06,1.8
10369,Bill Plus,Toys,467.04,3.1
10370,Will Pro,Home,224.31,1.8
10371,Society Plus,Home,171.31,2.7
10372,General Plus,Home,242.97,5.0
10373,Training Lite,Beauty,181.08,4.1
10374,Blue Lite,Books,54.74,1.0
10375,Thousand Plus,Home,450.6,1.5
10376,Fall Pro,Books,24.35,2.3
10377,Section Pro,Electronics,315.95,4.6
10378,Computer Lite,Beauty,226.54,1.8
10379,History Plus,Beauty,149.52,2.4
10380,Fund Plus,Sports,78.74,3.1
10381,Hold Max,Books,470.89,1.1
10382,South Lite,Electronics,188.08,4.2
10383,Catch Lite,Beauty,126.12,2.6
10384,Social Pro,Beauty,337.2,2.7
10385,Catch Pro,Electronics,174.92,2.5
10386,Word Plus,Home,49.22,3.6
10387,Read Pro,Sports,141.37,3.7
10388,Head Lite,Electronics,25.84,4.5
10389,Few Lite,Books,278.24,1.1
10390,Suddenly Max,Clothing,314.97,1.1
10391,Board Pro,Sports,195.29,3.4
10392,American Lite,Beauty,124.79,2.7
10393,Off Lite,Sports,349.53,4.6
10394,Together Pro,Sports,116.51,3.6
10395,Chair Max,Beauty,112.68,2.2
10396,Again Max,Toys,86.55,2.5
10397,Set Pro,Home,24.0,3.9
10398,Success Max,Books,36.99,4.1
10399,Parent Lite,Toys,323.2,1.7
10400,Develop Lite,Sports,319.85,4.1
10401,Training Plus,Home,352.66,3.7
10402,Despite Pro,Toys,25.11,1.1
10403,Section Lite,Clothing,297.89,4.8
10404,Technology Pro,Books,352.23,4.5
10405,Check Plus,Home,317.82,4.4
10406,Return Pro,Books,10.07,3.3
10407,Us Pro,Sports,221.58,3.3
10408,Seat Plus,Clothing,41.39,4.3
10409,Now Pro,Home,484.97,4.8
10410,Class Pro,Clothing,447.19,1.9
10411,Still Lite,Home,303.36,3.7
10412,There Pro,Books,32.05,2.5
10413,Teacher Lite,Books,464.1,2.5
10414,Stage Max,Books,222.4,1.4
10415,Car Lite,Clothing,213.74,1.5
10416,Wife Plus,Beauty,252.79,2.6
10417,Support Max,Toys,379.18,4.5
10418,Magazine Lite,Home,396.93,3.6
10419,Care Lite,Home,143.65,1.1
10420,Appear Pro,Sports,284.21,3.0
10421,Focus Plus,Electronics,235.79,1.9
10422,Type Max,Electronics,380.43,4.1
10423,Rule Pro,Home,23.23,2.1
10424,Throw Plus,Toys,45.83,4.3
10425,Assume Lite,Home,48.34,2.7
10426,Election Pro,Toys,136.13,4.1
10427,Owner Lite,Clothing,217.92,2.1
10428,Be Lite,Sports,331.5,4.0
10429,Structure Max,Beauty,451.95,2.7
10430,Law Lite,Sports,493.08,2.0
10431,Operation Pro,Toys,113.5,3.9
10432,Great Plus,Beauty,27.05,3.4
10433,Green Plus,Toys,217.14,1.1
10434,Report Max,Toys,276.05,1.8
10435,Top Max,Beauty,199.13,2.3
10436,Issue Max,Books,449.98,4.3
10437,Over Plus,Electronics,353.99,2.9
10438,Big Pro,Books,221.1,4.4
10439,Fast Lite,Electronics,399.39,2.7
10440,Matter Pro,Clothing,179.39,2.1
10441,Question Lite,Books,174.04,1.3
10442,Nation Max,Clothing,409.54,2.7
10443,Chance Max,Toys,48.7,3.1
10444,Matter Pro,Toys,345.53,2.4
10445,Clearly Pro,Beauty,335.17,2.1
10446,Throw Max,Toys,484.03,2.4
10447,Expect Max,Toys,243.22,1.0
10448,Resource Plus,Beauty,254.14,1.2
10449,Civil Lite,Sports,439.02,4.7
10450,Memory Pro,Home,82.4,1.3
10451,Condition Plus,Clothing,106.73,1.1
10452,Successful Max,Sports,311.06,3.0
10453,Rest Pro,Sports,392.59,1.6
10454,View Plus,Clothing,228.39,2.0
10455,High Plus,Clothing,227.17,4.7
10456,Despite Plus,Home,149.25,4.5
10457,Able Lite,Beauty,397.78,4.4
10458,Building Lite,Toys,195.48,4.9
10459,Institution Plus,Toys,150.64,3.7
10460,Source Lite,Books,305.51,1.8
10461,Conference Pro,Clothing,211.46,2.4
10462,Civil Plus,Clothing,494.15,4.3
10463,South Plus,Home,254.79,3.8
10464,Technology Pro,Sports,168.52,2.6
10465,Whatever Plus,Home,324.85,1.8
10466,Issue Max,Electronics,99.74,2.6
10467,Executive Max,Toys,58.12,2.8
10468,Responsibility Pro,Books,125.45,1.2
10469,White Max,Beauty,341.89,1.9
10470,Want Max,Electronics,328.82,4.2
10471,Laugh Pro,Beauty,12.78,2.6
10472,Budget Lite,Beauty,409.81,1.6
10473,Yet Plus,Clothing,271.18,4.5
10474,Color Max,Beauty,266.61,3.8
10475,Protect Lite,Clothing,40.62,2.4
10476,Poor Max,Beauty,244.59,4.6
10477,Draw Lite,Home,126.8,4.2
10478,Material Lite,Beauty,402.72,1.1
10479,Close Plus,Toys,216.02,3.0
10480,Teacher Max,Clothing,359.28,2.4
10481,Pull Lite,Home,23.75,1.6
10482,Describe Max,Toys,76.06,4.5
10483,Myself Plus,Beauty,321.35,1.5
10484,Represent Lite,Electronics,320.97,3.2
10485,Laugh Max,Toys,479.35,2.7
10486,There Pro,Toys,389.29,2.3
10487,Sit Plus,Clothing,37.2,3.1
10488,As Pro,Electronics,164.92,2.9
10489,Wear Plus,Sports,13.74,1.5
10490,Win Pro,Electronics,284.34,3.4
10491,Join Lite,Clothing,434.29,2.7
10492,Dog Plus,Home,466.73,1.2
10493,Common Max,Home,278.41,4.1
10494,Inside Max,Electronics,149.0,2.8
10495,Available Max,Home,492.89,1.2
10496,Model Plus,Electronics,462.15,4.0
10497,Parent Pro,Clothing,311.46,3.4
10498,Change Max,Electronics,457.14,2.4
10499,Affect Plus,Clothing,201.91,1.2
10500,Speak Pro,Sports,92.75,3.6
10501,Enjoy Lite,Home,146.28,4.3
10502,Sport Plus,Beauty,264.1,3.1
10503,Road Max,Electronics,119.36,2.8
10504,Later Pro,Books,469.95,1.6
10505,Source Max,Clothing,71.92,2.8
10506,Reality Max,Toys,167.35,1.1
10507,Expert Lite,Beauty,337.03,3.7
10508,Interview Lite,Home,386.57,2.5
10509,These Max,Sports,47.23,3.1
10510,Direction Lite,Books,302.08,2.8
10511,Make Pro,Electronics,240.4,3.5
10512,Hope Max,Sports,491.26,4.0
10513,Back Max,Home,208.49,3.4
10514,Project Max,Home,421.92,2.4
10515,Plan Lite,Sports,13.45,4.3
10516,Agent Lite,Beauty,125.78,3.0
10517,Southern Pro,Electronics,437.88,3.0
10518,President Plus,Electronics,310.45,1.2
10519,Pm Max,Electronics,224.68,1.6
10520,They Pro,Toys,117.38,2.5
10521,Around Pro,Books,100.51,1.9
10522,Young Lite,Sports,213.2,2.7
10523,House Pro,Electronics,29.14,2.2
10524,Course Pro,Electronics,443.89,3.7
10525,Speech Max,Books,96.87,4.4
10526,Artist Plus,Clothing,493.18,4.2
10527,Nation Plus,Electronics,344.85,1.8
10528,According Plus,Sports,141.78,4.0
10529,Bed Plus,Toys,468.75,1.9
10530,Soon Plus,Electronics,149.95,4.6
10531,Lot Max,Clothing,57.17,1.3
10532,Particularly Pro,Sports,227.19,3.4
10533,Father Lite,Books,235.23,4.0
10534,News Pro,Books,382.39,3.4
10535,So Lite,Electronics,279.27,3.4
10536,Door Pro,Electronics,421.55,4.0
10537,Bill Lite,Home,386.82,4.2
10538,Have Max,Sports,182.26,4.2
10539,Image Max,Books,301.06,1.3
10540,Continue Plus,Clothing,183.95,2.1
10541,Nearly Max,Sports,472.89,1.6
10542,Total Max,Toys,464.59,3.1
10543,It Plus,Home,497.15,1.2
10544,Company Plus,Books,372.53,1.1
10545,Development Lite,Beauty,87.97,1.8
10546,Interesting Plus,Home,224.68,1.3
10547,Set Lite,Beauty,26.7,2.9
10548,Of Plus,Books,99.86,1.5
10549,Mother Plus,Toys,342.72,4.7
10550,Ever Plus,Sports,397.23,4.1
10551,Admit Max,Home,492.59,2.3
10552,Various Plus,Beauty,314.1,4.6
10553,Evidence Pro,Home,408.76,3.2
10554,Enough Max,Electronics,241.29,1.4
10555,Camera Pro,Electronics,38.01,1.6
10556,Treatment Lite,Electronics,82.82,3.8
10557,Clearly Lite,Books,443.98,4.9
10558,Already Plus,Clothing,41.81,3.7
10559,Election Max,Home,41.81,4.0
10560,Until Lite,Electronics,288.82,4.7
10561,Us Plus,Home,300.57,2.2
10562,Sort Lite,Sports,31.48,2.4
10563,Next Pro,Clothing,130.81,4.6
10564,Home Pro,Home,204.64,4.6
10565,Dinner Plus,Electronics,196.54,1.8
10566,Property Pro,Electronics,56.25,1.5
10567,Range Max,Beauty,114.72,1.4
10568,Especially Pro,Home,85.35,4.8
10569,Rate Lite,Home,295.63,2.4
10570,Might Plus,Books,11.05,1.3
10571,After Pro,Sports,388.42,3.6
10572,Resource Lite,Books,428.61,4.1
10573,Subject Pro,Sports,447.7,2.8
10574,Themselves Max,Toys,149.0,1.5
10575,Take Lite,Clothing,139.26,3.8
10576,Participant Lite,Sports,355.15,4.4
10577,Through Pro,Books,439.87,2.9
10578,Society Lite,Sports,200.9,2.7
10579,Another Lite,Toys,266.44,1.5
10580,Near Pro,Sports,215.59,5.0
10581,Public Lite,Clothing,372.46,4.2
10582,Represent Plus,Beauty,134.55,1.2
10583,Feel Lite,Electronics,315.82,2.4
10584,Commercial Max,Clothing,143.14,3.8
10585,Individual Plus,Books,77.7,4.4
10586,Responsibility Plus,Books,215.22,2.3
10587,Usually Max,Electronics,473.55,4.0
10588,Source Lite,Beauty,397.29,1.0
10589,Cell Pro,Toys,165.17,4.3
10590,Late Pro,Electronics,347.06,1.9
10591,Yet Pro,Clothing,322.72,2.2
10592,Person Plus,Sports,442.97,2.0
10593,Beautiful Pro,Toys,343.38,4.8
10594,Include Pro,Sports,244.35,2.7
10595,Of Lite,Home,375.11,1.2
10596,Real Max,Electronics,140.77,3.8
10597,Say Lite,Sports,430.04,2.1
10598,Everything Lite,Home,156.69,3.0
10599,Find Max,Books,352.56,2.5
10600,Leave Plus,Clothing,218.85,3.4
10601,Place Pro,Electronics,334.1,3.0
10602,Early Lite,Clothing,418.87,2.5
10603,Believe Max,Electronics,334.55,4.4
10604,Type Plus,Toys,431.99,1.2
10605,Officer Pro,Toys,283.94,2.9
10606,Reach Pro,Sports,62.21,2.3
10607,Remember Plus,Beauty,288.29,2.8
10608,Someone Pro,Sports,311.98,1.7
10609,West Pro,Books,363.51,3.6
10610,Reduce Lite,Electronics,301.49,2.9
10611,Let Max,Beauty,38.37,2.1
10612,Owner Max,Home,202.12,1.2
10613,Sort Max,Sports,439.99,3.4
10614,Training Max,Books,43.1,4.8
10615,Control Pro,Electronics,300.43,4.4
10616,Dark Pro,Toys,346.55,3.9
10617,Control Plus,Clothing,371.14,3.1
10618,Author Pro,Beauty,488.65,5.0
10619,Address Pro,Home,253.64,1.8
10620,Middle Pro,Clothing,480.21,4.3
10621,Drop Plus,Beauty,169.46,1.6
10622,Suffer Max,Toys,413.87,1.6
10623,Dark Max,Electronics,96.76,2.6
10624,Through Plus,Clothing,176.38,4.3
10625,Along Max,Beauty,426.4,4.8
10626,Conference Plus,Electronics,215.19,3.8
10627,Agency Pro,Books,50.5,2.1
10628,Enough Max,Home,328.09,3.0
10629,Top Max,Clothing,161.2,3.0
10630,Left Plus,Toys,130.92,4.6
10631,Maybe Pro,Sports,448.47,3.9
10632,Hot Pro,Beauty,130.05,1.1
10633,Talk Max,Home,134.15,2.5
10634,Population Plus,Electronics,310.72,3.5
10635,Assume Max,Books,29.96,4.4
10636,Wrong Lite,Beauty,72.29,4.8
10637,She Lite,Clothing,476.4,4.6
10638,Simple Pro,Toys,384.21,2.5
10639,Interview Plus,Home,305.86,4.9
10640,Most Max,Home,151.21,4.1
10641,Now Plus,Clothing,232.86,2.4
10642,Congress Max,Clothing,262.68,3.5
10643,Police Plus,Sports,393.51,1.3
10644,Society Max,Electronics,123.48,1.4
10645,Treat Pro,Clothing,329.52,1.2
10646,Almost Pro,Home,167.45,2.5
10647,City Pro,Clothing,434.89,2.6
10648,Else Lite,Beauty,416.98,4.3
10649,Southern Pro,Clothing,109.51,4.3
10650,Truth Max,Clothing,117.93,1.7
10651,Story Pro,Beauty,244.63,2.0
10652,Election Lite,Sports,430.75,2.9
10653,Crime Lite,Clothing,294.46,4.3
10654,Rate Max,Home,10.91,3.1
10655,Seek Lite,Beauty,439.6,4.8
10656,Process Max,Home,310.9,1.5
10657,Quite Pro,Home,408.8,4.0
10658,Goal Max,Clothing,191.01,1.2
10659,Little Pro,Beauty,497.78,3.4
10660,Notice Plus,Electronics,189.33,3.5
10661,Indicate Pro,Home,422.01,2.2
10662,Government Max,Beauty,6.54,2.8
10663,Employee Lite,Sports,221.65,4.0
10664,Report Max,Beauty,66.03,1.9
10665,Organization Max,Home,35.29,2.0
10666,School Lite,Home,88.68,4.4
10667,Something Lite,Books,20.43,4.4
10668,Address Pro,Electronics,163.83,1.9
10669,Option Lite,Books,326.76,3.0
10670,Mouth Max,Toys,106.21,2.1
10671,More Pro,Sports,66.54,3.0
10672,Project Max,Beauty,327.7,1.9
10673,Meeting Lite,Electronics,403.96,1.5
10674,Give Lite,Home,243.22,4.9
10675,Seem Max,Books,260.15,3.9
10676,Remain Max,Home,39.72,2.5
10677,Nearly Lite,Electronics,163.96,4.4
10678,Others Max,Clothing,373.03,2.8
10679,Unit Pro,Home,208.43,3.7
10680,Maybe Plus,Electronics,324.09,3.7
10681,Each Plus,Clothing,383.95,1.9
10682,Natural Pro,Beauty,395.44,1.3
10683,Themselves Plus,Sports,51.18,1.4
10684,Who Lite,Books,373.06,1.1
10685,Summer Max,Home,106.75,1.5
10686,Day Max,Books,344.16,1.9
10687,Decade Plus,Beauty,43.2,2.9
10688,Strategy Max,Home,288.26,3.6
10689,Pressure Pro,Home,53.27,3.2
10690,Shake Max,Electronics,448.6,2.1
10691,Instead Lite,Beauty,69.15,2.9
10692,Factor Pro,Home,95.34,2.1
10693,Prove Lite,Clothing,152.78,3.2
10694,About Plus,Clothing,77.98,4.5
10695,Sure Lite,Electronics,385.05,4.8
10696,Push Max,Beauty,331.98,1.1
10697,Commercial Max,Home,404.5,4.8
10698,Machine Pro,Clothing,16.99,2.8
10699,Child Max,Sports,365.49,3.5
10700,Boy Plus,Beauty,407.29,4.9
10701,Shoulder Pro,Toys,120.91,3.8
10702,Nor Lite,Electronics,460.59,3.1
10703,Order Plus,Beauty,430.55,4.8
10704,Behind Lite,Books,164.31,2.3
10705,Feel Plus,Sports,350.03,3.2
10706,Simply Pro,Toys,365.93,2.1
10707,Usually Max,Electronics,485.02,2.0
10708,Story Lite,Electronics,487.0,4.7
10709,Development Lite,Home,244.75,4.9
10710,Remain Pro,Beauty,394.6,1.2
10711,Instead Plus,Sports,251.72,2.3
10712,Name Max,Electronics,462.75,1.1
10713,Way Max,Books,432.73,1.3
10714,Poor Pro,Books,370.17,3.2
10715,Quite Plus,Sports,241.98,3.3
10716,Large Lite,Toys,393.67,4.8
10717,Yet Lite,Books,261.98,1.0
10718,Produce Pro,Electronics,24.9,2.2
10719,Quite Pro,Books,358.04,2.0
10720,Security Lite,Books,313.52,2.5
10721,Dark Max,Books,367.24,3.1
10722,Soon Plus,Books,89.35,2.6
10723,Expect Lite,Beauty,292.58,1.6
10724,During Lite,Home,215.37,2.3
10725,Conference Plus,Electronics,46.16,1.8
10726,Food Pro,Sports,237.9,2.3
10727,Law Pro,Electronics,493.93,1.4
10728,Responsibility Pro,Toys,408.14,2.4
10729,Really Lite,Electronics,280.65,1.5
10730,Free Lite,Beauty,16.14,2.0
10731,Do Lite,Electronics,222.4,4.4
10732,House Pro,Toys,251.14,1.3
10733,Firm Plus,Sports,140.89,4.8
10734,Wait Plus,Toys,384.29,3.9
10735,Fly Plus,Clothing,410.19,4.3
10736,Base Pro,Sports,24.74,4.8
10737,Into Max,Toys,412.38,3.8
10738,Theory Pro,Beauty,231.99,2.9
10739,Nature Max,Books,157.11,2.5
10740,Professional Plus,Beauty,130.72,2.2
10741,Newspaper Plus,Beauty,212.61,2.5
10742,Drug Max,Books,343.18,1.3
10743,Over Max,Clothing,256.7,4.1
10744,Democrat Pro,Toys,400.52,2.0
10745,Contain Plus,Sports,67.86,4.8
10746,Discussion Lite,Toys,249.09,3.8
10747,Amount Max,Toys,291.25,4.0
10748,Beautiful Lite,Beauty,50.7,4.4
10749,Story Lite,Beauty,455.2,3.3
10750,Common Lite,Electronics,445.09,3.3
10751,Business Lite,Home,173.18,4.0
10752,Wife Lite,Home,121.14,4.9
10753,Available Max,Sports,375.64,3.2
10754,Face Plus,Beauty,14.05,4.8
10755,Scientist Max,Home,201.66,3.6
10756,Help Plus,Home,402.39,4.4
10757,Age Plus,Clothing,229.12,1.2
10758,Present Max,Books,428.95,2.4
10759,Executive Pro,Toys,271.32,1.5
10760,High Max,Toys,271.42,2.8
10761,Grow Plus,Home,404.33,2.7
10762,Off Plus,Toys,33.4,3.4
10763,Never Pro,Beauty,98.91,2.5
10764,Night Plus,Toys,130.29,2.4
10765,Enjoy Max,Electronics,226.92,4.5
10766,Case Plus,Toys,464.53,1.1
10767,Wonder Lite,Home,377.25,2.8
10768,Fact Pro,Electronics,316.03,4.4
10769,Shoulder Plus,Sports,394.19,4.2
10770,Most Plus,Home,27.97,2.2
10771,Everyone Lite,Toys,225.44,4.9
10772,Any Pro,Books,21.85,4.2
10773,Four Plus,Electronics,71.71,2.5
10774,Friend Pro,Sports,47.35,2.5
10775,Trip Lite,Books,310.76,1.1
10776,North Lite,Home,407.06,1.5
10777,Recent Plus,Sports,112.15,2.0
10778,Economy Lite,Sports,277.04,2.4
10779,Bad Lite,Sports,336.21,2.9
10780,Board Plus,Clothing,124.8,2.4
10781,Buy Lite,Clothing,6.6,4.6
10782,Growth Lite,Electronics,499.85,4.6
10783,Young Max,Toys,9.88,2.8
10784,Bag Plus,Sports,237.72,3.1
10785,War Max,Home,197.59,2.3
10786,Group Plus,Electronics,473.64,3.2
10787,Send Lite,Toys,469.5,1.6
10788,Loss Plus,Toys,204.53,1.9
10789,Continue Plus,Toys,307.01,1.1
10790,Young Max,Toys,235.02,3.7
10791,Finally Lite,Books,272.77,3.6
10792,As Lite,Clothing,347.52,1.2
10793,Happen Plus,Beauty,416.37,4.2
10794,Author Plus,Books,115.85,3.0
10795,Sell Plus,Sports,265.12,1.6
10796,Send Plus,Electronics,212.94,2.2
10797,Miss Pro,Beauty,60.29,1.8
10798,Travel Plus,Beauty,170.17,4.4
10799,Space Plus,Toys,90.93,3.4
10800,System Lite,Electronics,54.06,3.4
10801,Family Lite,Home,308.46,3.1
10802,Situation Plus,Beauty,257.26,1.8
10803,Themselves Plus,Sports,27.81,3.1
10804,Require Max,Clothing,378.34,4.0
10805,Enough Pro,Clothing,108.21,4.1
10806,Approach Lite,Clothing,93.04,4.9
10807,Receive Max,Toys,391.12,3.5
10808,Recognize Pro,Beauty,6.87,3.8
10809,Hair Lite,Beauty,308.52,1.5
10810,Director Max,Beauty,424.29,2.7
10811,Market Lite,Electronics,127.4,5.0
10812,Newspaper Max,Beauty,233.76,3.4
10813,Others Pro,Books,220.15,2.4
10814,That Lite,Electronics,488.76,3.6
10815,Course Pro,Toys,98.34,1.9
10816,Character Pro,Books,303.36,2.5
10817,Pm Plus,Sports,219.19,3.3
10818,Manage Max,Clothing,289.11,4.7
10819,Order Max,Beauty,339.45,3.9
10820,Political Lite,Toys,339.59,4.5
10821,Happy Lite,Clothing,267.3,2.2
10822,Arm Max,Home,361.16,2.0
10823,Responsibility Lite,Electronics,368.88,1.0
10824,Catch Max,Toys,227.03,4.2
10825,Science Pro,Home,289.85,4.3
10826,Sing Plus,Clothing,182.09,4.8
10827,Modern Lite,Books,102.94,2.7
10828,Third Max,Books,431.65,3.6
10829,Them Lite,Sports,388.14,3.0
10830,Mr Plus,Clothing,200.31,3.2
10831,Speak Plus,Toys,355.16,3.4
10832,Hope Max,Sports,257.55,3.7
10833,Decade Lite,Toys,299.28,4.2
10834,Drop Plus,Home,87.04,3.0
10835,Gas Lite,Home,395.28,2.5
10836,Knowledge Pro,Electronics,150.81,2.8
10837,How Max,Beauty,191.69,3.5
10838,Cause Plus,Books,95.41,4.0
10839,Affect Pro,Sports,161.79,1.9
10840,Speak Pro,Clothing,14.03,1.1
10841,Everything Pro,Sports,448.43,2.8
10842,Even Pro,Beauty,39.19,3.4
10843,Board Lite,Clothing,394.42,2.0
10844,Thousand Pro,Clothing,214.05,2.8
10845,Contain Pro,Books,312.06,1.9
10846,Attack Lite,Books,19.83,3.3
10847,Then Lite,Clothing,451.81,3.6
10848,Peace Pro,Electronics,361.04,3.0
10849,Amount Lite,Home,224.25,1.9
10850,Within Pro,Toys,113.36,1.2
10851,Ever Pro,Sports,350.19,1.3
10852,Media Plus,Books,285.78,1.4
10853,Chance Plus,Books,210.35,1.1
10854,Parent Plus,Clothing,8.37,4.8
10855,Easy Plus,Clothing,229.31,1.9
10856,Write Plus,Toys,318.64,1.2
10857,Indicate Pro,Electronics,331.96,4.8
10858,Move Max,Home,82.46,4.3
10859,Political Max,Toys,83.85,3.9
10860,Radio Lite,Electronics,491.5,2.7
10861,Think Max,Beauty,193.73,2.1
10862,Reason Plus,Home,31.24,4.7
10863,Deep Lite,Toys,47.08,4.8
10864,Though Max,Books,273.53,1.2
10865,Country Lite,Toys,238.13,1.3
10866,Week Pro,Toys,21.11,2.2
10867,Production Pro,Electronics,447.62,4.0
10868,Image Pro,Sports,60.69,4.8
10869,Box Plus,Electronics,416.11,1.6
10870,Economic Plus,Beauty,391.33,4.2
10871,End Lite,Toys,463.84,4.0
10872,Kind Plus,Beauty,221.33,1.2
10873,Anything Lite,Books,456.82,4.4
10874,American Lite,Home,79.09,2.9
10875,Happy Pro,Toys,140.32,1.7
10876,Skin Plus,Toys,134.16,1.2
10877,Financial Lite,Sports,374.35,3.0
10878,Law Pro,Toys,365.81,3.0
10879,Work Lite,Electronics,370.67,1.6
10880,Example Plus,Electronics,397.7,2.2
10881,Movement Pro,Home,32.48,4.9
10882,Since Pro,Electronics,285.92,3.7
10883,Instead Lite,Books,455.69,1.2
10884,Through Max,Home,248.49,3.2
10885,Fight Lite,Electronics,135.01,3.9
10886,Never Pro,Books,453.54,2.1
10887,Call Max,Beauty,486.6,2.0
10888,Prevent Max,Sports,205.18,4.2
10889,Force Pro,Beauty,271.72,3.8
10890,Live Pro,Electronics,167.56,1.5
10891,Score Plus,Sports,258.34,2.7
10892,Quite Max,Home,257.37,4.5
10893,Amount Plus,Electronics,150.19,2.0
10894,Mr Plus,Sports,283.9,3.0
10895,Crime Lite,Clothing,437.68,4.7
10896,Bit Plus,Home,331.44,1.3
10897,Resource Pro,Electronics,217.44,1.3
10898,Born Lite,Clothing,215.84,3.3
10899,Risk Max,Sports,466.28,3.4
10900,Purpose Plus,Home,208.5,1.4
10901,International Pro,Books,129.53,4.5
10902,Without Pro,Books,23.69,4.2
10903,After Plus,Electronics,44.76,4.3
10904,Time Plus,Books,380.1,1.4
10905,Animal Pro,Electronics,450.07,4.7
10906,Apply Lite,Clothing,255.92,4.9
10907,Couple Lite,Home,221.22,3.1
10908,Trip Plus,Home,243.7,1.2
10909,Discover Plus,Home,69.96,1.4
10910,Past Max,Toys,414.65,3.2
10911,Radio Max,Books,295.17,1.5
10912,Time Max,Electronics,475.59,3.4
10913,Machine Max,Electronics,184.38,2.8
10914,Statement Max,Sports,184.95,2.9
10915,Could Max,Clothing,214.3,4.3
10916,Democratic Lite,Toys,345.62,4.6
10917,Keep Pro,Clothing,345.05,1.2
10918,Decade Lite,Toys,146.85,2.9
10919,Society Plus,Beauty,368.58,3.1
10920,Energy Pro,Electronics,92.3,4.1
10921,Material Lite,Toys,205.48,1.5
10922,Her Max,Home,52.54,1.1
10923,Similar Pro,Clothing,182.05,4.3
10924,Draw Pro,Toys,39.58,2.6
10925,Ball Max,Sports,28.4,3.6
10926,Well Max,Home,35.82,4.6
10927,Charge Lite,Beauty,179.11,4.5
10928,Example Pro,Books,66.01,2.8
10929,Pass Plus,Toys,43.06,3.8
10930,Particular Max,Beauty,205.91,4.2
10931,However Lite,Beauty,430.53,4.7
10932,Real Max,Home,428.66,1.2
10933,Still Lite,Clothing,490.5,2.5
10934,Former Plus,Clothing,463.43,4.2
10935,Kitchen Max,Clothing,166.48,2.1
10936,Could Pro,Toys,277.04,4.8
10937,Peace Pro,Home,309.15,1.1
10938,Economy Plus,Beauty,401.37,2.9
10939,Pressure Max,Toys,479.51,3.6
10940,Know Plus,Electronics,409.53,3.1
10941,None Max,Sports,444.95,4.6
10942,Data Pro,Electronics,321.66,2.7
10943,Way Lite,Beauty,149.97,2.1
10944,Write Max,Toys,357.19,4.2
10945,Begin Max,Electronics,379.45,2.1
10946,Remain Pro,Clothing,352.27,2.3
10947,More Plus,Electronics,355.92,3.4
10948,Strategy Plus,Electronics,194.99,3.3
10949,May Max,Home,189.62,4.2
10950,Painting Lite,Books,236.4,3.4
10951,Live Pro,Sports,416.02,2.3
10952,Cold Max,Electronics,135.09,1.1
10953,Man Plus,Sports,267.24,1.1
10954,Animal Plus,Home,135.13,1.5
10955,Animal Max,Electronics,344.39,4.1
10956,Parent Lite,Sports,398.56,4.6
10957,Mean Pro,Beauty,274.98,4.8
10958,Truth Plus,Books,152.9,1.8
10959,Develop Pro,Beauty,144.96,2.9
10960,Total Pro,Home,84.16,1.7
10961,Film Lite,Toys,6.32,1.7
10962,To Lite,Clothing,95.97,2.5
10963,Draw Max,Beauty,183.56,2.3
10964,Style Lite,Electronics,62.95,2.3
10965,Drive Lite,Home,44.91,4.2
10966,Claim Plus,Sports,381.58,4.1
10967,Painting Pro,Sports,183.91,1.8
10968,Measure Pro,Beauty,319.38,1.4
10969,Baby Pro,Books,375.59,4.3
10970,Bad Pro,Clothing,15.92,3.9
10971,Religious Pro,Home,132.85,4.7
10972,Song Lite,Sports,488.82,1.3
10973,Still Plus,Beauty,303.84,4.4
10974,Production Max,Toys,386.99,2.9
10975,Investment Max,Toys,388.28,3.2
10976,Appear Lite,Home,116.93,2.9
10977,Book Max,Electronics,285.84,1.6
10978,Model Lite,Clothing,426.13,3.4
10979,Will Plus,Electronics,186.65,1.8
10980,Agree Pro,Home,45.07,2.2
10981,Letter Pro,Clothing,241.2,3.4
10982,Pass Lite,Beauty,47.84,3.6
10983,Country Pro,Beauty,114.8,2.7
10984,Wind Lite,Toys,98.9,2.2
10985,Strong Plus,Books,340.6,1.8
10986,Hotel Lite,Sports,484.52,3.8
10987,But Lite,Books,476.4,3.2
10988,Institution Pro,Books,20.71,3.2
10989,Eight Lite,Electronics,458.49,2.5
10990,Better Max,Toys,328.28,4.9
10991,Price Plus,Beauty,277.54,2.9
10992,Edge Plus,Toys,117.99,4.9
10993,Wall Pro,Clothing,103.25,2.1
10994,Offer Max,Clothing,407.4,3.8
10995,Above Max,Electronics,332.4,2.5
10996,Wonder Max,Books,18.41,3.9
10997,Her Max,Home,13.0,1.0
10998,Measure Lite,Clothing,388.52,3.2
10999,Type Plus,Home,217.23,2.2
11000,Compare Pro,Toys,252.32,1.6
11001,Network Pro,Sports,84.3,2.3
11002,Reach Plus,Home,105.26,3.0
11003,Listen Lite,Clothing,485.63,2.9
11004,Large Pro,Toys,279.6,3.1
11005,Either Max,Clothing,99.0,4.4
11006,Exist Plus,Electronics,51.22,4.2
11007,Task Max,Books,234.75,1.2
11008,His Plus,Books,54.14,3.8
11009,Speech Plus,Clothing,56.63,3.3
11010,Fact Plus,Toys,98.12,2.8
11011,Line Max,Beauty,326.21,1.3
11012,Door Plus,Beauty,473.98,2.5
11013,Than Pro,Home,388.64,4.6
11014,Suggest Pro,Clothing,245.74,1.2
11015,Marriage Max,Books,90.07,3.7
11016,Condition Plus,Books,254.27,1.1
11017,Way Pro,Sports,227.55,1.5
11018,Agent Lite,Electronics,334.58,3.4
11019,Safe Plus,Beauty,224.22,1.9
11020,Vote Pro,Beauty,35.83,1.8
11021,Protect Pro,Beauty,275.3,4.4
11022,Choose Lite,Books,454.62,4.9
11023,Build Pro,Toys,400.18,2.1
11024,Not Max,Clothing,131.21,4.6
11025,Fight Lite,Beauty,191.69,3.8
11026,Trade Max,Home,34.64,1.4
11027,Skill Pro,Sports,497.93,3.8
11028,Reach Plus,Sports,214.14,3.9
11029,Even Lite,Electronics,163.49,3.6
11030,Floor Plus,Sports,343.46,1.9
11031,Ahead Pro,Beauty,251.86,3.2
11032,Song Max,Home,264.4,4.7
11033,Goal Lite,Sports,461.37,2.0
11034,Debate Pro,Clothing,212.04,4.5
11035,Ahead Plus,Electronics,147.23,4.6
11036,Friend Lite,Toys,477.57,2.9
11037,Of Pro,Clothing,317.71,2.8
11038,But Pro,Books,410.18,4.9
11039,Talk Pro,Toys,241.62,2.4
11040,Up Max,Books,242.83,3.4
11041,Standard Lite,Clothing,102.21,1.4
11042,Save Max,Home,116.89,4.2
11043,Place Lite,Sports,432.69,2.9
11044,Build Plus,Clothing,20.85,2.2
11045,Realize Pro,Home,262.82,3.9
11046,Important Plus,Books,448.96,4.1
11047,Relationship Lite,Home,227.27,2.6
11048,Treat Plus,Clothing,62.84,3.5
11049,Debate Plus,Beauty,332.79,4.4
11050,Smile Lite,Sports,66.98,4.6
11051,Rest Lite,Clothing,135.22,3.2
11052,Success Plus,Home,229.94,3.4
11053,Hotel Pro,Home,85.2,4.9
11054,Short Plus,Home,309.87,1.2
11055,Key Pro,Electronics,160.64,4.1
11056,We Pro,Clothing,260.8,2.8
11057,Trouble Max,Beauty,206.54,3.2
11058,General Max,Clothing,309.99,4.2
11059,Clear Plus,Clothing,81.79,3.6
11060,Kind Lite,Home,326.35,4.0
11061,Talk Max,Beauty,209.08,2.7
11062,New Pro,Electronics,117.19,2.6
11063,Thought Plus,Books,322.51,1.2
11064,Might Lite,Clothing,247.85,4.7
11065,Stop Lite,Toys,387.15,1.6
11066,Responsibility Max,Home,119.75,2.5
11067,Late Plus,Electronics,30.88,1.3
11068,Ball Plus,Home,431.58,4.4
11069,Fish Pro,Beauty,400.69,1.3
11070,Pick Pro,Beauty,454.0,1.3
11071,Back Pro,Beauty,57.66,2.6
11072,Return Lite,Books,173.21,2.2
11073,Behind Max,Electronics,32.07,2.9
11074,Score Lite,Toys,203.07,3.6
11075,Difficult Plus,Sports,152.57,4.0
11076,Inside Max,Toys,412.02,4.6
11077,Woman Lite,Clothing,411.57,1.5
11078,Person Plus,Sports,465.67,1.8
11079,Back Plus,Toys,479.35,1.6
11080,Attorney Plus,Home,189.89,4.1
11081,Every Plus,Beauty,443.88,1.2
11082,Once Plus,Electronics,315.46,3.7
11083,Away Plus,Toys,454.3,4.5
11084,Cover Plus,Electronics,110.63,4.7
11085,Like Pro,Sports,77.68,1.1
11086,Easy Pro,Home,138.52,1.6
11087,List Plus,Home,454.54,2.0
11088,Truth Lite,Toys,289.78,2.2
11089,Subject Plus,Books,74.37,2.7
11090,Onto Lite,Electronics,424.45,4.9
11091,Sister Lite,Home,444.94,3.7
11092,Deep Lite,Electronics,45.44,2.6
11093,Information Max,Beauty,190.13,3.3
11094,With Lite,Clothing,359.94,4.9
11095,Fine Plus,Books,182.78,3.6
11096,State Plus,Books,284.07,4.0
11097,Line Pro,Books,363.2,3.7
11098,Rule Lite,Clothing,481.32,4.9
11099,Tv Max,Toys,118.06,4.2
11100,Network Pro,Home,462.2,2.1
11101,Project Max,Electronics,455.59,2.0
11102,Republican Max,Beauty,479.98,2.8
11103,Who Lite,Books,323.47,2.1
11104,Despite Max,Toys,360.19,1.6
11105,Myself Lite,Books,341.16,3.1
11106,Computer Plus,Sports,323.56,2.1
11107,Event Pro,Books,498.57,4.6
11108,Own Plus,Clothing,134.6,3.5
11109,Show Plus,Sports,140.6,3.5
11110,Weight Max,Toys,434.59,4.0
11111,Catch Max,Sports,387.91,1.4
11112,Population Pro,Home,228.09,4.6
11113,Drive Pro,Electronics,20.93,3.3
11114,Room Lite,Books,492.22,3.5
11115,Ahead Max,Beauty,287.11,1.3
11116,New Lite,Clothing,64.95,3.0
11117,Trade Plus,Books,255.43,4.8
11118,Two Plus,Toys,29.9,4.7
11119,Never Max,Books,260.28,1.3
11120,Local Lite,Sports,185.05,3.3
11121,Wide Pro,Books,384.67,4.3
11122,Authority Lite,Clothing,135.93,5.0
11123,Debate Plus,Books,480.82,3.6
11124,Consumer Max,Books,106.26,2.1
11125,Month Pro,Sports,435.24,3.8
11126,Sort Pro,Home,427.39,1.9
11127,Total Max,Beauty,167.75,3.6
11128,For Max,Books,466.81,3.2
11129,By Lite,Toys,166.44,1.1
11130,Decide Plus,Clothing,498.42,3.9
11131,Study Pro,Clothing,263.91,1.3
11132,Stage Pro,Toys,40.33,2.6
11133,In Max,Electronics,486.2,3.0
11134,Outside Lite,Books,134.98,3.0
11135,Soldier Max,Toys,234.88,4.9
11136,Attack Pro,Home,33.83,4.4
11137,Position Plus,Electronics,312.75,4.8
11138,Both Pro,Sports,204.08,1.5
11139,Protect Max,Clothing,224.67,1.7
11140,By Lite,Sports,330.1,4.1
11141,Property Max,Clothing,216.57,2.8
11142,Role Pro,Toys,250.54,3.1
11143,She Lite,Sports,248.09,2.9
11144,Vote Max,Home,304.11,3.1
11145,Collection Plus,Sports,167.76,3.8
11146,Air Max,Beauty,296.51,2.7
11147,Group Max,Home,285.03,1.4
11148,Structure Lite,Books,142.17,1.4
11149,Represent Max,Beauty,457.67,2.8
11150,History Max,Beauty,86.96,4.2
11151,Section Pro,Electronics,212.61,4.7
11152,Purpose Pro,Books,303.62,3.3
11153,Also Max,Home,464.62,2.8
11154,Dog Plus,Electronics,183.75,2.3
11155,Five Max,Clothing,480.79,1.3
11156,National Plus,Beauty,470.69,1.9
11157,Wish Max,Sports,152.89,3.0
11158,Sing Plus,Electronics,310.05,2.7
11159,Evidence Pro,Toys,235.07,2.4
11160,Send Pro,Clothing,60.72,1.1
11161,Same Pro,Toys,26.45,3.0
11162,South Plus,Books,333.14,4.1
11163,Medical Lite,Toys,411.73,3.7
11164,Minute Plus,Electronics,385.38,2.4
11165,New Max,Books,117.52,4.6
11166,Hear Pro,Toys,326.58,2.7
11167,Hope Pro,Beauty,351.59,2.3
11168,Month Max,Home,418.17,2.5
11169,Mr Max,Clothing,366.44,2.9
11170,Movement Max,Sports,436.14,4.8
11171,Class Lite,Sports,422.06,2.5
11172,Weight Max,Clothing,200.63,3.1
11173,Same Plus,Books,101.25,1.3
11174,Type Lite,Clothing,335.83,4.0
11175,Lay Max,Beauty,248.54,4.4
11176,Lay Pro,Home,165.96,3.4
11177,Police Pro,Books,431.25,2.2
11178,High Lite,Toys,392.58,1.5
11179,Food Plus,Sports,138.73,4.9
11180,Half Plus,Clothing,318.33,3.7
11181,Protect Lite,Electronics,483.1,4.8
11182,Medical Max,Toys,249.12,4.8
11183,Rule Pro,Toys,180.6,4.4
11184,Born Max,Sports,319.9,3.1
11185,Into Pro,Sports,225.13,2.3
11186,Good Pro,Beauty,82.25,1.4
11187,Personal Pro,Toys,20.11,1.8
11188,Really Plus,Home,69.64,1.1
11189,Eight Lite,Beauty,57.18,2.1
11190,During Lite,Home,217.67,4.6
11191,Such Plus,Toys,204.2,2.8
11192,Indeed Plus,Toys,9.73,1.4
11193,Look Lite,Electronics,359.61,1.9
11194,Wind Pro,Toys,45.18,4.9
11195,Safe Plus,Sports,189.16,2.8
11196,Create Lite,Home,188.22,4.4
11197,Seat Plus,Books,374.29,4.5
11198,Class Max,Beauty,323.23,2.9
11199,Four Lite,Electronics,383.43,2.4
11200,Customer Plus,Beauty,165.59,1.1
11201,View Max,Clothing,125.61,3.4
11202,Same Lite,Toys,215.98,3.8
11203,Into Pro,Books,352.97,3.5
11204,Relate Plus,Toys,53.35,2.5
11205,Significant Lite,Clothing,425.63,4.6
11206,On Max,Toys,418.49,1.1
11207,Hand Max,Toys,438.22,2.2
11208,Tough Pro,Home,356.12,1.3
11209,Bad Plus,Clothing,291.5,1.2
11210,Attorney Plus,Electronics,179.05,1.2
11211,Mother Pro,Toys,421.9,2.7
11212,Able Pro,Home,303.93,1.9
11213,Make Plus,Electronics,169.17,1.2
11214,Focus Pro,Electronics,232.76,4.4
11215,Which Plus,Home,306.35,3.7
11216,Line Pro,Beauty,289.75,2.1
11217,Very Plus,Electronics,286.02,3.5
11218,Develop Pro,Beauty,233.29,3.5
11219,End Pro,Toys,78.62,3.4
11220,Very Max,Electronics,258.99,4.0
11221,Improve Lite,Sports,237.2,4.4
11222,Station Max,Books,389.95,2.8
11223,Main Plus,Beauty,371.7,3.2
11224,Any Plus,Clothing,226.26,2.0
11225,Also Max,Sports,120.99,4.5
11226,Current Pro,Beauty,357.95,1.3
11227,Drug Lite,Books,246.62,2.3
11228,Source Lite,Electronics,62.25,5.0
11229,Hundred Max,Home,228.9,1.6
11230,Back Pro,Electronics,418.47,2.5
11231,Help Pro,Books,13.79,1.6
11232,Class Max,Books,377.41,2.6
11233,Fish Pro,Sports,123.79,1.3
11234,Happy Lite,Electronics,286.11,3.7
11235,Let Max,Sports,406.07,1.9
11236,Push Pro,Books,453.63,2.6
11237,Almost Max,Home,491.78,1.3
11238,Situation Max,Electronics,441.58,4.3
11239,Mind Pro,Books,57.57,3.9
11240,Every Max,Home,404.54,4.2
11241,Agreement Pro,Books,451.84,3.4
11242,Before Lite,Home,368.16,2.1
11243,Continue Lite,Electronics,386.14,3.7
11244,But Pro,Books,53.63,4.0
11245,Represent Lite,Clothing,249.78,3.3
11246,Past Pro,Toys,353.14,4.9
11247,Carry Max,Home,395.86,3.1
11248,Alone Pro,Electronics,313.7,4.4
11249,Television Plus,Sports,29.74,2.7
11250,Listen Pro,Toys,149.29,4.4
11251,Make Plus,Sports,216.19,3.9
11252,Hair Pro,Electronics,241.07,2.9
11253,Somebody Max,Toys,306.61,1.7
11254,Have Pro,Home,444.85,2.9
11255,Audience Pro,Books,371.49,4.0
11256,Concern Lite,Beauty,81.02,5.0
11257,Assume Pro,Books,313.42,2.9
11258,Commercial Lite,Sports,244.66,2.1
11259,Small Pro,Electronics,119.08,1.8
11260,They Lite,Electronics,374.48,3.1
11261,Imagine Plus,Electronics,226.43,3.4
11262,Fill Plus,Clothing,387.72,3.7
11263,Direction Lite,Sports,465.3,2.7
11264,Method Pro,Beauty,138.89,4.9
11265,Energy Lite,Toys,255.5,1.8
11266,Argue Lite,Electronics,301.55,1.2
11267,Power Pro,Clothing,431.14,4.2
11268,Reflect Max,Clothing,134.87,3.5
11269,Couple Max,Clothing,224.32,4.0
11270,Politics Plus,Electronics,268.09,3.3
11271,Sit Max,Home,255.55,1.9
11272,Always Lite,Sports,188.51,1.8
11273,Many Lite,Books,271.41,1.7
11274,Research Max,Beauty,318.63,1.5
11275,Either Lite,Sports,429.56,2.9
11276,Eight Lite,Toys,54.33,4.9
11277,Themselves Pro,Clothing,313.17,4.1
11278,Be Lite,Books,403.96,2.0
11279,Level Max,Home,184.0,3.0
11280,Remember Max,Beauty,250.01,1.5
11281,Message Lite,Clothing,408.83,1.6
11282,Market Max,Clothing,142.99,2.0
11283,Mouth Max,Electronics,370.69,3.3
11284,Coach Plus,Toys,290.17,2.7
11285,Break Plus,Clothing,278.1,3.0
11286,Before Max,Books,14.41,2.7
11287,Sound Lite,Toys,346.94,4.1
11288,Network Pro,Books,392.05,1.7
11289,Parent Lite,Electronics,240.55,3.7
11290,Popular Max,Beauty,192.63,2.5
11291,Organization Lite,Beauty,223.14,1.7
11292,Decade Max,Toys,367.61,2.8
11293,Lead Plus,Toys,82.83,3.6
11294,Behind Plus,Sports,112.7,1.1
11295,Speech Pro,Books,179.27,1.5
11296,Mrs Max,Home,76.08,1.8
11297,He Pro,Home,496.84,2.5
11298,Down Pro,Electronics,46.76,1.8
11299,Which Max,Sports,470.86,4.0
11300,Through Max,Toys,153.87,1.4
11301,Walk Lite,Home,241.02,2.3
11302,Story Plus,Toys,350.49,3.0
11303,Off Plus,Clothing,369.37,1.4
11304,Support Plus,Beauty,295.99,2.9
11305,Buy Pro,Toys,405.35,4.9
11306,Stuff Lite,Clothing,255.41,3.2
11307,Do Pro,Toys,92.04,1.6
11308,Painting Max,Sports,435.1,2.6
11309,Into Lite,Home,345.53,2.5
11310,Section Max,Toys,324.35,4.2
11311,Know Plus,Books,404.19,2.3
11312,Movie Max,Sports,167.21,2.5
11313,Teacher Max,Clothing,10.95,4.9
11314,Notice Max,Toys,143.91,2.6
11315,Medical Lite,Sports,138.07,4.9
11316,Feeling Plus,Electronics,108.8,1.2
11317,Power Pro,Beauty,340.5,4.8
11318,Stock Pro,Sports,219.1,3.4
11319,Local Max,Beauty,301.42,2.4
11320,Environment Pro,Home,330.72,3.1
11321,Such Max,Beauty,74.74,2.5
11322,Pm Plus,Electronics,156.53,1.7
11323,Our Lite,Sports,250.21,4.2
11324,Provide Pro,Clothing,213.65,1.8
11325,South Pro,Books,191.42,2.3
11326,Threat Plus,Clothing,161.41,1.1
11327,Outside Plus,Beauty,153.54,1.6
11328,Foreign Lite,Clothing,275.82,3.2
11329,Become Pro,Sports,483.27,3.2
11330,Politics Plus,Toys,20.37,1.3
11331,Sit Pro,Home,54.23,3.4
11332,Happy Max,Clothing,353.48,1.1
11333,Type Plus,Beauty,19.53,3.6
11334,Yourself Lite,Books,392.12,2.1
11335,Worry Plus,Clothing,390.89,4.4
11336,Response Max,Home,430.15,3.9
11337,May Plus,Home,427.57,1.8
11338,Sort Max,Toys,471.66,3.9
11339,Person Pro,Sports,461.51,1.2
11340,Anything Lite,Clothing,258.68,2.2
11341,Public Max,Electronics,386.71,4.9
11342,Themselves Plus,Books,479.48,2.5
11343,Worker Lite,Clothing,63.04,1.5
11344,Probably Pro,Electronics,406.31,4.4
11345,Compare Plus,Books,234.01,3.4
11346,Glass Max,Electronics,65.91,4.9
11347,Church Lite,Beauty,347.42,2.2
11348,Right Pro,Clothing,33.34,3.7
11349,Relationship Pro,Clothing,40.72,3.1
11350,Watch Plus,Toys,376.84,2.2
11351,Minute Max,Toys,74.58,4.4
11352,Attack Pro,Toys,44.28,2.3
11353,Security Max,Electronics,210.18,1.1
11354,Choose Lite,Electronics,193.62,1.5
11355,Particular Plus,Clothing,439.02,1.4
11356,Black Pro,Electronics,289.52,1.9
11357,Us Pro,Electronics,486.92,4.3
11358,Himself Plus,Beauty,331.11,1.7
11359,Table Lite,Electronics,116.62,4.5
11360,Travel Max,Clothing,101.51,3.6
11361,Like Pro,Clothing,332.94,4.8
11362,Growth Max,Electronics,426.03,3.6
11363,Find Pro,Toys,300.39,1.0
11364,Drop Lite,Home,309.98,1.3
11365,Investment Max,Toys,204.48,4.7
11366,Wife Plus,Clothing,447.77,1.6
11367,Employee Lite,Books,29.04,3.9
11368,Quality Pro,Home,369.23,4.6
11369,Message Lite,Clothing,124.28,1.8
11370,Fall Pro,Electronics,477.59,3.8
11371,Character Plus,Clothing,166.1,1.3
11372,Teacher Lite,Toys,417.6,2.1
11373,Mr Pro,Home,125.91,4.5
11374,Organization Lite,Sports,41.94,3.9
11375,Main Lite,Electronics,107.44,3.6
11376,News Pro,Beauty,200.92,1.8
11377,Course Max,Books,487.85,2.9
11378,Baby Pro,Sports,422.03,2.4
11379,Social Plus,Home,172.03,1.9
11380,Movie Pro,Clothing,398.7,1.9
11381,By Lite,Home,142.59,1.9
11382,Heart Pro,Beauty,163.44,3.0
11383,Next Pro,Electronics,398.73,2.2
11384,More Plus,Clothing,342.42,3.0
11385,Leader Pro,Electronics,358.12,2.7
11386,Trade Max,Sports,65.03,2.6
11387,Suggest Pro,Toys,391.88,1.9
11388,Subject Lite,Toys,318.4,4.9
11389,Rate Lite,Beauty,359.72,3.9
11390,Away Lite,Home,430.87,2.2
11391,Allow Max,Electronics,53.35,1.4
11392,Mother Pro,Clothing,110.74,1.0
11393,Animal Plus,Books,57.05,3.1
11394,Born Pro,Home,373.34,4.4
11395,Fast Pro,Toys,245.87,2.4
11396,Trouble Plus,Books,64.39,4.9
11397,Old Max,Home,408.3,2.8
11398,Line Lite,Toys,15.34,2.6
11399,So Plus,Sports,83.95,1.6
11400,Contain Lite,Clothing,368.02,3.7
11401,Event Lite,Home,271.28,4.0
11402,Rock Plus,Toys,478.62,1.0
11403,Car Pro,Books,423.43,4.8
11404,Heavy Plus,Electronics,445.43,4.3
11405,Leader Plus,Toys,338.44,1.9
11406,Any Plus,Home,377.28,1.4
11407,Suggest Lite,Toys,75.61,4.9
11408,Care Plus,Electronics,344.68,3.3
11409,Myself Plus,Books,171.87,1.3
11410,Cold Lite,Books,292.33,2.4
11411,Nearly Pro,Electronics,76.85,3.5
11412,Support Pro,Home,360.86,2.4
11413,Sister Plus,Clothing,487.07,2.7
11414,Media Lite,Clothing,406.67,3.8
11415,Language Lite,Clothing,209.35,1.4
11416,The Pro,Beauty,262.75,1.6
11417,Vote Lite,Electronics,324.26,1.5
11418,Face Plus,Sports,152.08,1.2
11419,Kid Max,Home,7.99,2.2
11420,Fear Plus,Electronics,393.25,1.1
11421,Measure Max,Books,89.05,2.3
11422,Effect Max,Sports,330.92,1.8
11423,Natural Pro,Home,213.52,5.0
11424,Enjoy Pro,Beauty,176.48,4.7
11425,Turn Plus,Books,136.62,1.1
11426,Behind Plus,Clothing,488.85,2.8
11427,At Pro,Books,386.82,2.1
11428,Clear Max,Beauty,61.24,1.8
11429,Mr Max,Clothing,378.8,3.4
11430,Total Plus,Beauty,317.14,1.4
11431,Big Max,Toys,294.6,3.6
11432,Listen Lite,Home,476.35,1.5
11433,Television Pro,Toys,421.17,2.5
11434,Century Plus,Books,361.82,4.3
11435,Happen Plus,Home,133.56,3.2
11436,Positive Lite,Home,88.94,4.6
11437,Television Lite,Books,33.69,3.7
11438,Across Lite,Clothing,398.18,4.3
11439,Fund Max,Books,236.91,1.1
11440,With Max,Beauty,218.81,1.0
11441,Peace Lite,Sports,170.8,4.3
11442,Be Lite,Clothing,266.71,4.4
11443,Family Lite,Sports,170.11,1.0
11444,Certain Max,Sports,435.17,3.2
11445,Child Plus,Books,417.28,1.5
11446,Answer Pro,Toys,420.41,4.2
11447,Important Pro,Toys,177.7,3.1
11448,Case Max,Toys,304.34,5.0
11449,Leave Pro,Toys,431.13,1.8
11450,Common Plus,Home,113.56,1.1
11451,Difficult Max,Toys,31.28,3.2
11452,Reality Lite,Electronics,56.78,2.7
11453,Forward Plus,Home,396.92,3.4
11454,Fill Pro,Beauty,433.21,1.5
11455,Trial Pro,Books,11.29,3.0
11456,Record Pro,Beauty,231.81,3.4
11457,Close Plus,Books,485.92,4.0
11458,Tough Lite,Sports,142.29,4.4
11459,Office Pro,Books,127.38,2.8
11460,American Plus,Home,107.59,3.6
11461,After Max,Electronics,387.0,4.7
11462,Growth Lite,Sports,401.49,2.7
11463,Early Plus,Beauty,160.66,4.7
11464,Anyone Max,Beauty,191.68,3.9
11465,Project Max,Clothing,359.42,1.9
11466,Second Lite,Clothing,247.07,1.2
11467,Girl Pro,Beauty,335.05,1.2
11468,Create Plus,Home,383.57,3.7
11469,Herself Pro,Books,36.13,1.9
11470,Side Max,Electronics,446.93,2.6
11471,Officer Max,Clothing,474.92,4.1
11472,Product Plus,Home,406.28,3.2
11473,Relate Plus,Electronics,466.64,4.2
11474,Certain Pro,Beauty,56.12,4.2
11475,West Max,Sports,137.67,4.5
11476,Approach Plus,Sports,123.96,2.0
11477,Participant Max,Home,128.44,1.2
11478,Mrs Max,Electronics,265.14,2.1
11479,Certainly Lite,Electronics,98.28,4.4
11480,Late Plus,Sports,64.06,2.7
11481,Attention Max,Home,66.55,1.4
11482,Thousand Lite,Home,193.97,4.6
11483,Yourself Pro,Home,106.46,2.8
11484,Usually Plus,Toys,376.31,3.9
11485,Whatever Lite,Electronics,143.88,4.9
11486,Very Lite,Toys,467.51,4.5
11487,Begin Plus,Clothing,36.78,1.4
11488,Public Plus,Beauty,269.23,3.4
11489,Must Plus,Home,119.54,3.5
11490,Nor Pro,Electronics,274.99,3.6
11491,Despite Lite,Clothing,276.67,1.2
11492,Hold Lite,Beauty,335.61,2.9
11493,Up Pro,Home,189.89,2.7
11494,Wind Pro,Sports,397.14,2.1
11495,Street Pro,Beauty,343.47,1.2
11496,Mrs Max,Books,145.74,2.6
11497,Catch Max,Beauty,265.79,1.7
11498,Military Pro,Home,106.59,3.8
11499,Dark Pro,Toys,274.83,1.9
11500,Place Plus,Toys,104.8,2.0
11501,Present Max,Sports,51.38,1.3
11502,Network Plus,Clothing,382.74,3.4
11503,At Max,Beauty,373.49,1.0
11504,Arrive Lite,Electronics,326.72,1.0
11505,I Max,Books,286.0,3.6
11506,Interview Plus,Books,247.59,2.0
11507,Network Max,Sports,241.25,3.2
11508,Spend Plus,Beauty,405.9,1.8
11509,Wide Max,Sports,240.16,1.5
11510,Very Max,Sports,246.25,3.8
11511,Foot Pro,Beauty,42.22,2.4
11512,Itself Max,Sports,291.92,2.5
11513,Improve Max,Electronics,466.6,1.4
11514,Poor Plus,Home,36.41,1.2
11515,Else Max,Clothing,254.31,1.3
11516,Line Plus,Toys,262.95,2.6
11517,Today Max,Beauty,249.09,3.4
11518,Family Pro,Home,84.13,4.7
11519,During Lite,Beauty,256.86,1.0
11520,Bank Pro,Clothing,295.89,2.7
11521,Fear Pro,Clothing,267.89,3.7
11522,Blue Plus,Beauty,318.68,3.4
11523,Magazine Lite,Sports,285.83,4.8
11524,Now Pro,Toys,280.3,1.6
11525,Adult Max,Toys,226.78,4.8
11526,Wide Pro,Books,215.72,2.4
11527,According Lite,Clothing,414.63,2.7
11528,Cell Max,Clothing,473.48,4.1
11529,Everybody Pro,Home,87.86,2.2
11530,Near Plus,Electronics,430.61,1.3
11531,Federal Plus,Toys,445.25,4.3
11532,Fish Max,Clothing,496.73,4.3
11533,Five Plus,Home,278.51,1.3
11534,In Lite,Home,248.15,5.0
11535,After Lite,Sports,491.89,4.4
11536,Current Pro,Books,150.95,1.4
11537,Stand Max,Electronics,493.67,1.8
11538,Dinner Plus,Clothing,146.06,2.8
11539,Others Lite,Home,96.98,4.3
11540,Everybody Plus,Sports,39.76,4.7
11541,Plant Max,Toys,228.79,4.9
11542,Radio Pro,Sports,210.93,4.0
11543,Language Lite,Sports,37.8,2.0
11544,Them Pro,Home,183.07,2.9
11545,Success Pro,Sports,209.38,3.2
11546,Although Max,Home,205.31,3.8
11547,Politics Max,Home,371.96,4.3
11548,Call Plus,Toys,47.38,4.4
11549,Able Lite,Books,114.61,2.9
11550,Skill Plus,Sports,250.5,3.1
11551,Spring Max,Sports,306.65,4.9
11552,Very Max,Home,41.49,4.9
11553,Wonder Max,Home,149.36,3.2
11554,Rise Max,Clothing,380.5,4.5
11555,Remember Plus,Electronics,144.61,2.1
11556,Each Lite,Electronics,95.3,4.3
11557,Rule Plus,Home,322.01,1.6
11558,Environmental Plus,Toys,260.93,3.5
11559,Young Pro,Home,380.72,3.9
11560,Safe Max,Home,361.78,1.8
11561,Senior Max,Beauty,149.42,1.9
11562,Area Pro,Books,110.87,2.0
11563,Her Max,Home,307.42,4.3
11564,South Pro,Beauty,366.92,2.3
11565,Ahead Pro,Electronics,264.38,4.1
11566,Enjoy Pro,Beauty,413.63,2.9
11567,Reach Pro,Toys,250.53,3.9
11568,Increase Max,Beauty,396.4,3.7
11569,Travel Max,Clothing,313.13,1.1
11570,Common Plus,Toys,186.74,2.2
11571,Treat Lite,Electronics,37.65,4.8
11572,Together Lite,Home,185.4,2.3
11573,Image Lite,Beauty,192.12,3.5
11574,Check Pro,Electronics,344.32,3.7
11575,There Pro,Toys,173.74,1.2
11576,Ago Lite,Books,242.03,3.1
11577,Former Lite,Electronics,30.14,2.6
11578,Hope Pro,Sports,218.64,2.5
11579,Without Pro,Home,439.91,4.2
11580,Clear Pro,Sports,174.72,4.9
11581,Ten Plus,Home,205.91,4.2
11582,General Max,Books,149.48,2.5
11583,Win Plus,Sports,296.99,3.0
11584,Later Lite,Clothing,118.92,3.8
11585,Leg Plus,Toys,311.8,2.8
11586,Our Plus,Books,424.24,2.4
11587,Thus Plus,Toys,13.27,3.2
11588,Traditional Lite,Toys,499.76,2.7
11589,Account Lite,Clothing,121.56,3.1
11590,Five Max,Toys,316.68,3.4
11591,Mr Plus,Beauty,203.13,3.9
11592,Leave Pro,Beauty,235.8,2.3
11593,Civil Pro,Books,58.45,3.6
11594,Little Max,Home,490.66,4.8
11595,Fly Plus,Books,170.15,1.6
11596,Customer Plus,Electronics,454.37,4.5
11597,Professional Plus,Beauty,32.98,1.7
11598,Growth Max,Electronics,302.33,3.8
11599,Them Lite,Clothing,472.16,1.3
11600,Majority Max,Electronics,396.58,2.1
11601,Government Lite,Books,416.54,3.4
11602,Usually Pro,Electronics,240.35,2.4
11603,Environment Plus,Toys,426.71,4.0
11604,Attack Plus,Clothing,469.58,1.2
11605,Still Max,Home,177.49,4.5
11606,Interest Max,Home,350.41,3.6
11607,Raise Lite,Electronics,482.63,1.2
11608,Region Pro,Clothing,202.47,2.8
11609,Next Plus,Home,305.07,4.2
11610,Serve Max,Sports,68.67,4.8
11611,Step Lite,Toys,302.73,2.9
11612,Reveal Plus,Electronics,296.73,2.9
11613,Marriage Lite,Toys,228.52,4.9
11614,Edge Max,Electronics,419.56,2.2
11615,Include Lite,Sports,16.84,1.7
11616,Compare Lite,Books,105.67,4.7
11617,Improve Max,Home,421.03,2.8
11618,Green Lite,Electronics,121.6,2.6
11619,Traditional Plus,Books,384.43,3.1
11620,Real Plus,Beauty,436.45,3.1
11621,Central Plus,Beauty,214.82,3.3
11622,Such Pro,Books,65.49,3.8
11623,Although Lite,Beauty,23.89,3.9
11624,Push Lite,Beauty,31.2,2.1
11625,Campaign Lite,Books,235.9,1.7
11626,Than Pro,Home,73.17,2.2
11627,Exactly Lite,Sports,79.53,3.2
11628,Movement Pro,Electronics,302.78,2.0
11629,Easy Max,Beauty,240.25,4.6
11630,Business Plus,Books,490.17,4.5
11631,Oil Max,Beauty,66.33,2.0
11632,Couple Pro,Clothing,227.17,1.7
11633,Project Pro,Clothing,160.5,3.1
11634,Mother Pro,Sports,452.51,3.2
11635,Reflect Lite,Beauty,249.93,2.8
11636,Data Plus,Books,19.55,1.8
11637,Prepare Max,Toys,402.32,3.5
11638,Around Lite,Home,484.36,2.8
11639,Animal Plus,Sports,386.93,4.1
11640,Cover Plus,Toys,126.19,4.1
11641,Cause Plus,Toys,243.78,3.1
11642,Tonight Max,Home,206.16,2.8
11643,Something Plus,Electronics,204.86,1.9
11644,Recently Max,Toys,283.05,1.8
11645,Plan Pro,Clothing,10.12,1.8
11646,Develop Plus,Clothing,155.01,4.3
11647,Still Plus,Books,18.48,2.0
11648,Present Plus,Books,405.53,2.1
11649,Easy Plus,Home,20.01,2.3
11650,Discover Plus,Books,138.17,4.8
11651,Treatment Max,Toys,132.07,3.3
11652,Work Lite,Books,56.08,1.4
11653,Front Plus,Home,89.34,4.6
11654,Help Pro,Toys,42.75,1.7
11655,Lay Max,Books,459.35,1.7
11656,Present Pro,Electronics,395.98,3.4
11657,Mind Pro,Books,126.82,2.5
11658,Since Pro,Books,318.33,2.6
11659,Investment Plus,Beauty,212.29,1.2
11660,Other Pro,Beauty,88.86,1.9
11661,East Pro,Toys,453.54,1.5
11662,State Lite,Electronics,475.05,4.6
11663,How Pro,Books,320.45,2.3
11664,Occur Lite,Sports,401.75,2.8
11665,Eight Plus,Toys,51.13,4.2
11666,None Plus,Home,408.02,3.9
11667,Skin Max,Toys,124.55,2.0
11668,Newspaper Lite,Home,469.63,3.5
11669,Cover Max,Electronics,51.37,2.1
11670,Than Lite,Home,199.9,2.5
11671,Always Plus,Toys,414.01,3.7
11672,Cause Max,Beauty,421.41,4.7
11673,Allow Lite,Electronics,367.02,2.1
11674,Pass Pro,Clothing,43.52,2.2
11675,Rock Plus,Clothing,335.84,3.6
11676,Like Lite,Toys,74.57,2.0
11677,Building Plus,Books,352.06,4.6
11678,Approach Lite,Home,375.15,1.5
11679,Trouble Pro,Clothing,381.62,3.2
11680,Read Plus,Home,339.33,2.7
11681,Happen Lite,Sports,30.64,4.5
11682,State Max,Sports,492.9,4.6
11683,Produce Pro,Books,341.43,4.3
11684,Scientist Max,Books,438.86,3.6
11685,Letter Max,Books,316.65,4.9
11686,Peace Plus,Clothing,415.55,3.1
11687,Customer Plus,Toys,375.23,1.0
11688,Writer Pro,Toys,380.51,4.1
11689,Huge Lite,Sports,230.04,2.3
11690,Rather Pro,Clothing,370.79,2.0
11691,Public Pro,Home,337.97,3.5
11692,Quality Lite,Electronics,190.28,4.5
11693,Thank Max,Sports,133.92,4.0
11694,Prepare Lite,Toys,138.37,3.8
11695,Rest Pro,Clothing,34.43,3.5
11696,Number Plus,Electronics,52.38,4.8
11697,Mission Lite,Toys,297.98,1.9
11698,In Plus,Clothing,167.46,4.2
11699,Remain Max,Electronics,161.22,2.1
11700,Each Lite,Clothing,483.13,3.4
11701,Situation Lite,Books,446.56,4.0
11702,Federal Pro,Sports,163.61,3.7
11703,Thing Pro,Beauty,494.96,4.1
11704,Significant Max,Electronics,289.62,4.7
11705,Eye Pro,Home,282.3,2.0
11706,Evidence Lite,Sports,98.53,1.1
11707,Sound Pro,Clothing,380.71,3.5
11708,Fight Max,Clothing,374.27,1.6
11709,Evidence Plus,Clothing,17.43,2.3
11710,Phone Lite,Toys,355.95,3.8
11711,For Plus,Toys,78.1,3.0
11712,Unit Plus,Books,195.36,2.4
11713,Really Plus,Beauty,347.26,4.3
11714,Face Max,Beauty,125.26,3.3
11715,Relationship Lite,Clothing,40.46,3.3
11716,Argue Lite,Electronics,485.69,3.0
11717,Alone Lite,Toys,225.24,2.8
11718,Trip Max,Toys,440.94,4.8
11719,Doctor Pro,Sports,424.01,2.4
11720,Stand Max,Sports,435.19,3.0
11721,Glass Plus,Beauty,103.3,3.7
11722,Situation Pro,Beauty,303.24,2.7
11723,Style Lite,Sports,323.5,4.4
11724,Until Lite,Home,379.16,3.5
11725,Teach Pro,Toys,228.19,2.2
11726,Action Plus,Clothing,336.31,3.7
11727,Middle Plus,Sports,236.54,4.6
11728,Rise Max,Home,54.21,3.1
11729,Do Plus,Books,262.6,4.3
11730,Fall Pro,Toys,291.98,4.5
11731,Particularly Max,Electronics,245.39,4.5
11732,Doctor Max,Electronics,129.78,4.2
11733,Sound Pro,Home,490.53,1.8
11734,Identify Pro,Sports,202.46,2.0
11735,Something Lite,Home,497.83,1.8
11736,Everyone Max,Electronics,78.78,3.5
11737,Thus Lite,Toys,448.57,2.1
11738,Open Plus,Clothing,319.55,3.3
11739,There Pro,Beauty,328.1,4.0
11740,Alone Pro,Electronics,38.45,1.2
11741,Allow Max,Toys,201.79,4.6
11742,Prove Pro,Sports,200.42,4.2
11743,Discuss Lite,Clothing,447.14,1.3
11744,Out Plus,Home,332.83,2.1
11745,Join Pro,Electronics,246.91,3.3
11746,Health Lite,Clothing,224.27,2.7
11747,Film Max,Sports,355.09,3.2
11748,Early Pro,Sports,451.04,4.0
11749,Space Max,Electronics,327.45,1.3
11750,Fly Plus,Electronics,319.59,3.1
11751,Analysis Max,Electronics,168.61,5.0
11752,Score Pro,Electronics,420.37,3.0
11753,Offer Pro,Toys,370.48,4.5
11754,Board Lite,Clothing,474.95,3.2
11755,Various Pro,Toys,151.9,3.2
11756,Usually Max,Electronics,201.92,1.6
11757,Top Max,Toys,495.67,2.5
11758,Father Lite,Books,239.73,1.2
11759,Check Pro,Toys,199.76,2.7
11760,Water Max,Home,454.4,3.1
11761,Anyone Max,Electronics,131.54,3.2
11762,Strong Pro,Electronics,232.27,4.2
11763,Visit Pro,Beauty,332.05,2.9
11764,Growth Pro,Sports,56.84,1.4
11765,Practice Pro,Sports,175.7,2.6
11766,Energy Plus,Sports,435.6,2.7
11767,Note Lite,Beauty,316.75,2.8
11768,These Lite,Home,298.32,4.5
11769,Tax Max,Home,316.07,4.5
11770,Eat Lite,Sports,296.59,3.9
11771,Speech Lite,Toys,247.16,3.4
11772,Nearly Pro,Toys,486.55,4.3
11773,This Max,Sports,413.19,2.9
11774,Anything Lite,Beauty,359.53,2.6
11775,Author Max,Clothing,386.6,3.2
11776,Look Lite,Books,420.51,1.8
11777,Tonight Max,Electronics,135.55,4.3
11778,Else Max,Electronics,394.83,4.4
11779,Watch Pro,Electronics,81.19,4.8
11780,Shake Plus,Books,172.09,2.8
11781,Approach Max,Toys,355.91,3.5
11782,Structure Lite,Toys,357.15,4.8
11783,Ground Max,Beauty,74.05,1.3
11784,Everything Plus,Toys,410.21,4.3
11785,Exist Max,Electronics,100.27,4.2
11786,Easy Max,Electronics,239.98,4.8
11787,Hope Plus,Clothing,344.15,4.5
11788,Base Pro,Toys,473.27,4.7
11789,About Pro,Beauty,445.07,3.1
11790,Vote Plus,Sports,44.14,1.7
11791,Pm Lite,Beauty,15.25,2.2
11792,Others Max,Electronics,201.91,2.3
11793,Sport Plus,Home,67.8,1.4
11794,Special Plus,Electronics,352.67,3.1
11795,Look Pro,Beauty,267.75,1.4
11796,Quite Plus,Home,450.65,4.9
11797,Gun Lite,Clothing,47.2,1.6
11798,Outside Plus,Home,104.98,3.6
11799,Arrive Pro,Electronics,11.19,4.1
11800,Generation Plus,Beauty,208.15,3.6
11801,Tax Lite,Home,496.09,4.3
11802,Development Pro,Books,238.97,1.9
11803,While Lite,Home,276.88,2.3
11804,House Plus,Books,488.62,2.4
11805,Human Lite,Home,224.91,2.5
11806,Close Plus,Sports,243.78,4.0
11807,Here Lite,Electronics,197.07,4.6
11808,Catch Pro,Clothing,363.95,4.9
11809,Opportunity Max,Sports,242.81,4.3
11810,Early Pro,Books,339.79,1.1
11811,Memory Lite,Sports,325.01,1.2
11812,Hear Plus,Toys,324.82,1.3
11813,Attorney Pro,Beauty,306.91,2.5
11814,Down Max,Clothing,115.68,3.6
11815,Character Plus,Home,79.72,3.9
11816,Move Plus,Electronics,352.5,2.4
11817,Spring Lite,Sports,343.94,4.4
11818,Court Max,Toys,390.0,4.1
11819,Country Pro,Home,67.22,4.0
11820,Sell Pro,Home,96.67,3.9
11821,Politics Pro,Books,361.22,3.9
11822,Society Plus,Electronics,332.51,4.2
11823,Star Max,Electronics,485.34,3.3
11824,Investment Pro,Books,471.12,3.6
11825,Effort Max,Books,465.87,2.1
11826,Site Max,Home,128.59,2.7
11827,Stock Pro,Sports,498.14,3.1
11828,Congress Plus,Beauty,316.35,4.0
11829,Such Max,Books,246.18,2.2
11830,Happen Lite,Electronics,353.4,2.9
11831,Middle Max,Electronics,401.37,3.0
11832,Employee Lite,Clothing,15.19,2.6
11833,Pay Plus,Books,69.59,3.6
11834,South Max,Home,266.49,3.9
11835,Paper Plus,Electronics,304.0,4.8
11836,Week Max,Beauty,425.03,1.4
11837,Gas Max,Beauty,356.23,1.2
11838,Deal Lite,Books,136.08,4.2
11839,Guess Plus,Clothing,221.85,4.6
11840,Style Max,Electronics,431.47,1.7
11841,Continue Pro,Clothing,336.85,4.8
11842,Music Plus,Home,491.49,1.9
11843,Music Pro,Books,399.74,3.5
11844,Be Lite,Books,460.41,2.9
11845,Measure Lite,Sports,95.14,4.1
11846,Hundred Lite,Home,423.18,2.6
11847,Process Lite,Toys,61.84,3.4
11848,Western Pro,Home,188.5,2.8
11849,Medical Max,Books,345.4,1.6
11850,Still Lite,Books,133.97,2.8
11851,Your Lite,Electronics,314.68,2.4
11852,Easy Plus,Books,343.06,3.8
11853,Expert Pro,Home,210.91,2.2
11854,Yard Plus,Beauty,152.57,1.9
11855,Would Max,Electronics,93.51,2.7
11856,Guy Plus,Beauty,387.65,1.8
11857,Plant Lite,Beauty,92.35,4.7
11858,Of Max,Books,184.34,2.1
11859,Store Pro,Home,436.96,3.7
11860,Brother Lite,Toys,127.92,1.4
11861,Development Plus,Sports,415.71,2.2
11862,Really Pro,Toys,134.71,1.4
11863,Stay Pro,Electronics,328.79,2.2
11864,Yes Plus,Toys,115.08,3.6
11865,Lead Pro,Sports,88.86,3.3
11866,Us Max,Toys,160.12,2.0
11867,Imagine Pro,Sports,54.03,2.8
11868,Hear Pro,Clothing,443.89,4.9
11869,Difference Pro,Books,195.66,3.0
11870,Tonight Lite,Clothing,414.65,3.4
11871,Rest Pro,Sports,228.19,2.1
11872,Commercial Lite,Electronics,456.51,1.0
11873,Responsibility Max,Electronics,397.7,4.9
11874,Letter Max,Clothing,285.26,1.2
11875,Its Plus,Books,414.92,3.4
11876,Property Plus,Books,280.14,2.2
11877,Summer Max,Sports,284.7,2.9
11878,Foreign Lite,Books,67.74,2.7
11879,Off Lite,Beauty,229.07,1.5
11880,From Pro,Clothing,122.81,4.5
11881,Product Lite,Home,93.32,2.7
11882,Similar Pro,Beauty,9.03,3.3
11883,Begin Pro,Sports,435.07,4.5
11884,Success Pro,Electronics,351.01,1.0
11885,Produce Lite,Clothing,230.75,1.6
11886,Bit Plus,Toys,264.33,2.9
11887,Order Max,Toys,363.66,4.4
11888,Paper Max,Electronics,454.63,5.0
11889,Unit Pro,Home,39.91,4.9
11890,Their Pro,Toys,214.93,4.0
11891,Movie Max,Clothing,437.18,3.4
11892,Laugh Plus,Sports,198.84,1.5
11893,His Lite,Electronics,177.46,4.9
11894,Lead Pro,Beauty,496.11,1.2
11895,Build Pro,Toys,390.41,4.6
11896,Believe Plus,Sports,71.38,3.7
11897,Trade Lite,Toys,411.65,1.6
11898,Knowledge Plus,Clothing,169.41,4.1
11899,Traditional Max,Books,293.96,3.8
11900,Area Plus,Clothing,281.93,4.1
11901,Possible Plus,Sports,329.23,3.5
11902,On Lite,Beauty,48.78,3.4
11903,Blood Max,Clothing,182.93,4.4
11904,Follow Lite,Home,423.39,1.6
11905,Quality Max,Books,203.0,1.9
11906,Sort Pro,Home,45.41,3.4
11907,Present Lite,Books,480.21,3.2
11908,Beautiful Lite,Clothing,14.18,3.5
11909,Themselves Plus,Electronics,139.58,3.3
11910,Country Pro,Toys,438.25,4.4
11911,Prepare Lite,Electronics,217.16,3.3
11912,Condition Max,Sports,25.86,2.9
11913,Others Pro,Books,167.51,2.1
11914,World Pro,Toys,40.16,4.8
11915,Probably Pro,Home,315.04,3.1
11916,Marriage Lite,Toys,260.46,3.1
11917,Leader Plus,Books,295.52,1.2
11918,Concern Pro,Beauty,435.03,2.7
11919,Listen Plus,Books,368.83,4.4
11920,Campaign Plus,Sports,96.77,1.1
11921,Month Pro,Beauty,320.68,1.1
11922,Two Plus,Toys,15.23,3.3
11923,According Plus,Books,432.71,4.9
11924,Those Lite,Home,164.15,1.6
11925,Own Max,Books,175.2,4.3
11926,Should Lite,Toys,319.97,3.0
11927,Why Lite,Home,409.89,3.9
11928,Have Pro,Electronics,173.03,3.6
11929,Article Pro,Clothing,391.3,2.5
11930,House Max,Books,353.34,2.2
11931,Woman Lite,Toys,244.33,1.1
11932,Important Max,Books,62.46,3.8
11933,Nor Plus,Sports,226.99,1.6
11934,Six Lite,Toys,215.36,3.5
11935,Paper Lite,Toys,481.08,3.8
11936,Standard Max,Toys,147.2,2.9
11937,Decade Lite,Home,196.24,4.8
11938,Rock Pro,Sports,268.06,2.3
11939,Economic Max,Sports,270.62,1.1
11940,Along Pro,Toys,393.28,1.2
11941,Goal Plus,Clothing,137.18,2.8
11942,Really Pro,Beauty,12.11,2.1
11943,Hair Max,Electronics,340.59,1.6
11944,Lead Pro,Books,391.59,3.3
11945,Dinner Lite,Home,128.35,4.9
11946,Mind Plus,Beauty,388.44,4.0
11947,Space Plus,Home,175.39,2.8
11948,Manager Lite,Books,73.7,3.0
11949,Really Lite,Home,439.02,2.4
11950,Heavy Plus,Toys,195.34,4.9
11951,Practice Plus,Beauty,88.06,2.6
11952,Have Plus,Electronics,115.96,1.2
11953,Future Max,Books,179.41,2.6
11954,Those Lite,Books,425.01,2.0
11955,Have Plus,Beauty,257.31,1.5
11956,Population Lite,Sports,315.21,3.0
11957,Sound Lite,Home,8.0,4.3
11958,Coach Lite,Books,22.44,3.7
11959,Him Plus,Clothing,383.75,2.9
11960,Second Plus,Beauty,455.21,3.6
11961,Mother Pro,Beauty,56.7,2.6
11962,Anything Pro,Clothing,269.73,2.8
11963,Left Lite,Sports,310.34,2.3
11964,Now Lite,Clothing,93.19,3.1
11965,Break Pro,Sports,99.52,4.5
11966,Since Max,Books,42.9,3.7
11967,Near Plus,Toys,481.08,2.8
11968,Store Pro,Electronics,262.3,4.4
11969,New Plus,Home,350.08,2.8
11970,Impact Max,Home,30.54,2.1
11971,Item Pro,Toys,298.6,2.3
11972,Box Max,Home,54.18,2.0
11973,Would Plus,Beauty,385.98,2.9
11974,Yard Max,Sports,156.35,2.9
11975,Test Max,Sports,255.29,1.3
11976,Successful Pro,Sports,461.65,3.7
11977,Film Plus,Home,157.03,3.9
11978,Stage Pro,Beauty,149.99,1.3
11979,Young Plus,Sports,162.44,3.9
11980,Vote Plus,Toys,284.37,1.1
11981,Short Pro,Toys,164.04,3.7
11982,Near Max,Home,14.82,2.3
11983,Keep Plus,Books,35.75,4.6
11984,Have Lite,Books,312.48,3.2
11985,Rather Plus,Home,288.75,2.5
11986,Rule Pro,Sports,89.43,3.1
11987,Present Max,Electronics,250.52,2.0
11988,Especially Max,Electronics,391.74,3.8
11989,Close Max,Books,292.85,2.2
11990,Wish Max,Sports,121.79,4.0
11991,Opportunity Lite,Books,293.59,1.7
11992,Condition Max,Toys,188.04,3.1
11993,Think Max,Books,177.03,4.3
11994,National Pro,Electronics,384.1,5.0
11995,Room Plus,Books,386.87,2.3
11996,Moment Lite,Beauty,67.15,4.3
11997,Bag Max,Clothing,250.43,1.2
11998,Media Max,Electronics,235.01,3.5
11999,Whatever Pro,Clothing,264.71,1.3
12000,Beautiful Plus,Electronics,391.68,4.4
12001,Above Plus,Clothing,416.06,2.1
12002,Trouble Max,Books,341.46,1.0
12003,Will Plus,Clothing,126.59,2.5
12004,Deep Lite,Electronics,356.62,3.6
12005,Left Plus,Electronics,406.71,2.3
12006,Resource Pro,Books,361.94,4.5
12007,Likely Lite,Sports,321.72,3.9
12008,Whatever Lite,Toys,436.88,2.9
12009,Star Max,Sports,193.76,3.0
12010,People Pro,Books,366.46,4.2
12011,Call Lite,Beauty,185.01,2.6
12012,Quite Max,Toys,362.6,2.0
12013,Force Lite,Sports,237.94,4.5
12014,While Lite,Electronics,446.33,4.7
12015,Any Lite,Toys,407.57,1.9
12016,Loss Plus,Electronics,480.79,5.0
12017,Receive Pro,Electronics,136.84,3.6
12018,Color Max,Home,185.08,3.5
12019,But Max,Books,30.49,3.0
12020,Top Lite,Home,283.39,4.6
12021,Between Max,Clothing,170.56,4.8
12022,Activity Plus,Clothing,257.01,3.4
12023,Else Pro,Beauty,386.22,3.2
12024,Interesting Max,Beauty,284.1,2.8
12025,Before Plus,Beauty,282.47,1.2
12026,Marriage Lite,Sports,182.99,3.8
12027,Fish Max,Toys,432.44,1.8
12028,Charge Pro,Home,313.76,3.9
12029,Number Max,Home,316.68,1.0
12030,Education Lite,Electronics,155.47,2.8
12031,Film Lite,Electronics,55.78,4.2
12032,Blood Pro,Books,209.13,4.4
12033,Mind Lite,Toys,165.0,3.4
12034,Letter Pro,Sports,201.87,3.1
12035,Edge Plus,Toys,297.42,4.5
12036,Plan Max,Clothing,104.97,2.2
12037,Them Pro,Books,123.91,1.2
12038,Or Max,Sports,36.72,1.4
12039,Technology Pro,Toys,217.65,3.3
12040,Believe Pro,Sports,424.63,2.5
12041,Exist Max,Books,297.91,4.0
12042,Discuss Pro,Toys,154.1,3.9
12043,Space Pro,Toys,81.22,2.6
12044,While Max,Toys,76.48,1.6
12045,Through Plus,Sports,428.84,4.9
12046,Third Pro,Books,5.98,4.1
12047,Deep Lite,Books,152.48,1.6
12048,Change Max,Clothing,147.19,1.1
12049,Recently Max,Sports,70.09,3.8
12050,Ability Pro,Electronics,52.77,1.5
12051,Health Max,Beauty,331.35,1.6
12052,House Max,Books,35.38,3.3
12053,Network Plus,Beauty,52.46,4.7
12054,However Lite,Clothing,380.67,3.4
12055,Top Plus,Electronics,319.93,2.9
12056,Season Plus,Clothing,296.25,4.6
12057,Bill Lite,Home,368.95,4.2
12058,Bed Lite,Electronics,450.31,3.1
12059,Chair Plus,Home,292.11,2.5
12060,Worker Plus,Electronics,453.03,1.0
12061,Face Max,Electronics,322.76,1.2
12062,Task Pro,Home,126.76,4.7
12063,Admit Plus,Electronics,68.79,4.8
12064,Standard Pro,Sports,484.96,2.7
12065,Market Max,Home,39.09,4.0
12066,Increase Max,Home,97.57,1.6
12067,Difficult Lite,Toys,301.12,3.2
12068,Either Plus,Sports,227.98,2.8
12069,Career Max,Sports,153.86,4.8
12070,Upon Max,Electronics,143.28,1.7
12071,Tax Max,Clothing,97.11,1.6
12072,Another Max,Clothing,263.41,4.1
12073,Claim Max,Beauty,469.71,2.3
12074,Become Max,Clothing,172.24,5.0
12075,Everybody Plus,Clothing,245.25,1.1
12076,Choose Lite,Toys,426.48,4.5
12077,Field Pro,Books,153.15,1.7
12078,Scene Lite,Clothing,96.83,4.9
12079,Real Lite,Toys,187.99,2.8
12080,News Pro,Beauty,334.34,3.6
12081,Talk Max,Beauty,354.58,4.6
12082,Political Lite,Electronics,143.37,4.6
12083,Program Max,Clothing,323.15,2.8
12084,Appear Pro,Books,461.96,4.4
12085,Market Max,Clothing,359.26,2.8
12086,Everything Lite,Toys,313.95,3.9
12087,Type Pro,Books,124.94,1.1
12088,None Lite,Books,282.89,2.4
12089,Cup Lite,Electronics,256.84,5.0
12090,Future Lite,Toys,455.02,1.5
12091,Why Max,Sports,350.58,1.8
12092,Couple Pro,Home,7.22,2.7
12093,Surface Pro,Beauty,220.69,4.3
12094,Appear Lite,Home,342.23,2.1
12095,Memory Lite,Clothing,372.86,1.4
12096,Remain Max,Sports,186.53,3.6
12097,Standard Lite,Electronics,280.22,4.1
12098,At Max,Sports,420.0,2.8
12099,Military Pro,Sports,90.49,4.3
12100,Certain Lite,Toys,401.87,3.7
12101,First Lite,Sports,56.14,1.4
12102,After Pro,Toys,437.75,2.4
12103,Staff Plus,Clothing,328.41,4.9
12104,Heart Max,Home,331.56,2.8
12105,Hotel Pro,Toys,325.44,3.3
12106,Option Lite,Electronics,370.79,3.3
12107,Artist Lite,Home,22.52,1.8
12108,Training Lite,Clothing,421.48,4.4
12109,Pass Lite,Toys,103.31,3.9
12110,Meeting Pro,Home,163.48,4.4
12111,Coach Max,Clothing,489.27,3.5
12112,Wonder Lite,Clothing,152.69,1.2
12113,Treat Max,Home,40.24,1.6
12114,Believe Lite,Clothing,398.47,1.2
12115,Personal Pro,Books,339.53,4.7
12116,Party Max,Sports,455.62,3.5
12117,Teach Lite,Clothing,364.67,4.8
12118,Still Max,Clothing,495.74,1.7
12119,Then Plus,Books,295.3,2.1
12120,While Plus,Electronics,220.26,3.6
12121,Task Plus,Books,144.5,3.0
12122,Police Max,Electronics,236.01,3.6
12123,Any Pro,Home,264.48,3.9
12124,Relate Pro,Sports,23.15,1.5
12125,Long Lite,Beauty,386.83,2.5
12126,Avoid Lite,Clothing,56.87,4.0
12127,If Plus,Books,359.65,3.6
12128,Nice Pro,Books,131.81,1.3
12129,Only Pro,Sports,484.63,3.9
12130,Involve Plus,Clothing,350.82,3.8
12131,Anything Lite,Beauty,90.63,1.1
12132,Treatment Max,Electronics,357.91,2.7
12133,Join Pro,Books,47.37,1.3
12134,Agency Plus,Electronics,337.27,2.1
12135,Example Max,Electronics,19.46,2.4
12136,Test Pro,Clothing,48.64,3.9
12137,View Plus,Beauty,161.67,2.5
12138,Positive Pro,Toys,218.17,4.9
12139,Personal Lite,Sports,62.3,1.5
12140,Capital Max,Books,468.93,2.3
12141,Six Pro,Beauty,178.83,2.1
12142,Wait Max,Home,239.69,3.7
12143,Specific Pro,Books,390.33,3.2
12144,Similar Pro,Electronics,482.48,1.5
12145,Of Pro,Sports,220.04,4.5
12146,Often Plus,Toys,52.63,1.8
12147,Than Lite,Beauty,100.44,1.4
12148,Under Plus,Electronics,325.34,2.7
12149,Line Lite,Electronics,317.74,4.8
12150,Performance Plus,Clothing,473.79,2.4
12151,Something Pro,Toys,350.89,3.0
12152,Gas Plus,Electronics,97.51,1.0
12153,Tax Max,Books,368.16,3.2
12154,Receive Lite,Books,407.77,4.0
12155,North Lite,Electronics,276.65,2.7
12156,Foreign Pro,Sports,306.81,3.7
12157,Task Max,Books,384.05,1.9
12158,Thank Max,Home,24.29,3.7
12159,Herself Max,Toys,41.81,4.5
12160,Enjoy Pro,Toys,354.06,2.1
12161,Between Pro,Electronics,406.61,3.4
12162,Where Pro,Clothing,418.15,4.4
12163,Speak Plus,Sports,59.75,4.2
12164,Response Max,Sports,351.9,4.2
12165,Fund Max,Beauty,262.79,4.4
12166,Far Lite,Sports,43.05,3.8
12167,Poor Lite,Beauty,79.26,2.4
12168,Foot Max,Books,355.31,4.3
12169,Even Max,Home,216.05,3.6
12170,Reduce Plus,Clothing,268.61,3.8
12171,Provide Plus,Toys,221.49,2.1
12172,Who Pro,Electronics,23.58,1.3
12173,Stock Max,Beauty,322.07,1.5
12174,Wrong Plus,Clothing,410.5,1.8
12175,Mean Plus,Home,238.02,3.5
12176,Big Max,Sports,195.78,2.8
12177,Book Pro,Electronics,249.12,3.0
12178,Reach Max,Books,480.52,3.0
12179,Item Max,Sports,182.46,3.9
12180,Performance Max,Clothing,372.49,1.4
12181,Nation Lite,Home,290.28,1.2
12182,Response Max,Sports,128.23,2.7
12183,Right Pro,Toys,356.69,3.6
12184,Region Pro,Electronics,225.88,4.9
12185,Along Max,Beauty,406.71,2.3
12186,Return Pro,Sports,74.51,3.6
12187,Father Plus,Electronics,441.4,3.2
12188,Statement Plus,Beauty,214.52,1.4
12189,Research Pro,Toys,482.31,3.2
12190,Woman Pro,Sports,123.49,1.1
12191,East Max,Sports,329.32,4.8
12192,Decision Plus,Home,449.6,1.9
12193,Also Plus,Electronics,388.39,2.7
12194,Of Max,Clothing,409.03,3.4
12195,Its Lite,Electronics,198.61,3.8
12196,National Plus,Home,9.25,3.9
12197,Start Lite,Electronics,265.43,1.1
12198,Each Pro,Books,416.58,1.2
12199,Mind Pro,Beauty,112.97,2.7
12200,Recognize Max,Books,28.74,3.8
12201,Institution Pro,Books,491.85,4.9
12202,Exist Plus,Books,159.26,1.3
12203,Animal Lite,Toys,38.43,1.5
12204,Employee Max,Home,37.59,1.2
12205,Service Pro,Sports,94.13,3.5
12206,Majority Pro,Home,202.47,3.3
12207,Base Pro,Sports,449.64,2.2
12208,Majority Max,Home,249.19,2.1
12209,So Pro,Clothing,71.3,4.8
12210,Choice Plus,Home,143.15,4.3
12211,Positive Pro,Electronics,384.58,2.7
12212,Yes Lite,Books,16.53,3.8
12213,Adult Pro,Books,98.2,3.0
12214,After Max,Sports,437.87,2.3
12215,Draw Plus,Books,324.09,3.7
12216,Involve Max,Clothing,312.29,1.2
12217,Seem Max,Toys,281.68,1.1
12218,Key Max,Beauty,34.15,2.7
12219,Heart Lite,Beauty,217.53,4.4
12220,Must Plus,Home,476.0,4.4
12221,Although Lite,Electronics,444.86,2.0
12222,Join Plus,Books,104.96,4.7
12223,Successful Plus,Electronics,261.47,1.7
12224,Certainly Plus,Beauty,27.16,4.3
12225,Parent Pro,Clothing,248.83,1.4
12226,Identify Pro,Electronics,6.51,3.5
12227,Choice Pro,Beauty,80.35,2.0
12228,Lot Pro,Toys,385.38,1.0
12229,Discussion Pro,Beauty,234.7,3.0
12230,Give Lite,Electronics,443.88,2.6
12231,Market Pro,Home,440.62,2.0
12232,Republican Lite,Beauty,28.75,1.9
12233,Stand Lite,Sports,337.34,4.6
12234,Fear Plus,Sports,42.07,4.8
12235,Station Max,Clothing,346.28,4.9
12236,Half Plus,Clothing,218.61,1.1
12237,Hold Lite,Toys,325.85,4.4
12238,State Pro,Clothing,363.46,1.1
12239,At Max,Beauty,326.6,4.4
12240,Each Plus,Books,361.91,3.3
12241,Movement Pro,Sports,267.55,2.3
12242,Church Plus,Books,437.4,3.5
12243,Republican Max,Toys,100.03,3.3
12244,Shoulder Lite,Books,99.15,3.4
12245,Evidence Pro,Beauty,26.11,1.9
12246,Buy Lite,Beauty,223.24,1.3
12247,Marriage Lite,Books,131.23,3.9
12248,Vote Max,Sports,339.55,2.8
12249,Population Max,Home,386.71,3.6
12250,Ground Pro,Beauty,168.0,2.4
12251,Yourself Plus,Beauty,156.45,2.6
12252,Until Max,Electronics,266.67,1.9
12253,Last Lite,Clothing,356.69,1.1
12254,Opportunity Max,Books,466.58,1.7
12255,Can Plus,Beauty,468.73,2.4
12256,Friend Max,Books,202.75,4.8
12257,Force Pro,Books,39.35,4.9
12258,Knowledge Max,Electronics,378.97,2.7
12259,Social Plus,Sports,7.24,3.1
12260,Free Plus,Electronics,48.87,2.5
12261,Once Plus,Toys,162.08,4.5
12262,Easy Plus,Beauty,340.45,3.8
12263,Guy Max,Sports,187.91,2.7
12264,Recognize Max,Toys,290.43,3.2
12265,Eye Lite,Books,352.71,4.7
12266,Bill Lite,Sports,150.82,2.3
12267,Many Max,Beauty,277.51,1.8
12268,Produce Max,Sports,130.61,4.9
12269,Bar Plus,Beauty,378.97,3.1
12270,Road Lite,Books,305.54,2.6
12271,Service Pro,Clothing,304.49,2.6
12272,Open Lite,Clothing,95.74,3.2
12273,Firm Max,Toys,42.98,3.7
12274,Main Max,Electronics,242.29,2.9
12275,Dream Pro,Beauty,26.01,2.2
12276,Above Plus,Beauty,215.29,1.1
12277,Meet Lite,Electronics,260.23,4.1
12278,One Max,Clothing,465.3,2.1
12279,Toward Lite,Electronics,93.78,3.1
12280,Concern Lite,Books,140.32,1.3
12281,Safe Max,Clothing,390.48,3.2
12282,However Pro,Books,327.05,4.0
12283,Decade Lite,Clothing,442.36,1.1
12284,Wonder Lite,Clothing,265.55,1.5
12285,Space Max,Beauty,181.0,3.7
12286,Notice Pro,Home,256.64,2.8
12287,Knowledge Lite,Books,5.29,4.1
12288,Whose Max,Sports,162.75,4.2
12289,Have Plus,Sports,34.53,1.9
12290,Leg Plus,Clothing,112.55,2.6
12291,Foot Lite,Clothing,486.19,2.9
12292,Hair Pro,Books,383.42,1.4
12293,Economy Plus,Sports,115.83,3.5
12294,Thing Plus,Home,355.85,3.6
12295,Key Max,Sports,135.89,2.0
12296,Series Lite,Beauty,174.3,2.8
12297,Expect Max,Sports,227.55,2.4
12298,Our Plus,Home,105.47,4.0
12299,Build Pro,Books,435.85,2.6
12300,Job Pro,Home,336.5,4.1
12301,Small Plus,Books,17.7,3.9
12302,Answer Pro,Toys,365.56,1.6
12303,White Plus,Sports,257.82,1.8
12304,First Lite,Beauty,329.11,2.7
12305,One Max,Home,262.54,3.5
12306,Pass Plus,Home,241.88,2.3
12307,Operation Pro,Clothing,116.08,4.8
12308,South Plus,Toys,65.1,2.4
12309,Any Max,Home,139.91,4.5
12310,Pretty Max,Beauty,325.51,1.7
12311,Free Lite,Toys,407.46,4.1
12312,System Lite,Clothing,287.18,4.7
12313,Production Plus,Home,184.16,1.7
12314,Table Lite,Toys,129.65,3.7
12315,Resource Lite,Electronics,121.01,2.2
12316,Without Max,Beauty,227.23,3.5
12317,How Lite,Clothing,202.66,2.2
12318,Say Max,Clothing,344.49,4.4
12319,Rule Lite,Home,21.65,2.0
12320,Bill Lite,Home,433.47,2.4
12321,Apply Max,Beauty,332.48,4.1
12322,Beat Pro,Electronics,472.71,3.9
12323,Wide Plus,Home,387.39,4.5
12324,Join Max,Toys,225.91,2.1
12325,Top Max,Beauty,272.39,4.6
12326,Enter Max,Toys,435.95,2.8
12327,Cause Lite,Toys,346.36,1.9
12328,Recognize Lite,Clothing,17.2,4.3
12329,Piece Plus,Sports,123.83,2.3
12330,Several Lite,Toys,424.39,4.2
12331,Take Pro,Clothing,309.57,5.0
12332,Dark Lite,Toys,444.38,4.1
12333,Dog Lite,Sports,215.03,3.1
12334,Low Pro,Beauty,357.53,2.6
12335,Tell Lite,Sports,91.18,1.7
12336,Job Plus,Toys,235.35,1.4
12337,Year Plus,Beauty,230.77,2.9
12338,Catch Pro,Books,445.18,1.5
12339,Set Plus,Clothing,37.16,3.0
12340,Compare Plus,Home,423.15,1.9
12341,Foreign Plus,Clothing,36.21,1.1
12342,Sign Max,Electronics,286.74,4.4
12343,Thus Plus,Home,210.62,4.1
12344,Behind Pro,Home,88.96,4.0
12345,Same Plus,Beauty,363.57,3.1
12346,Fact Plus,Home,440.55,2.6
12347,Various Pro,Beauty,73.61,2.2
12348,Piece Max,Clothing,132.53,2.6
12349,Tv Plus,Home,26.0,3.7
12350,Although Pro,Home,421.84,1.4
12351,Onto Lite,Beauty,334.47,2.4
12352,Focus Max,Books,230.77,2.5
12353,Bar Max,Clothing,478.52,5.0
12354,True Pro,Electronics,393.65,1.8
12355,Election Pro,Clothing,389.77,2.0
12356,Model Lite,Books,68.65,2.1
12357,Carry Pro,Electronics,176.2,2.3
12358,Sport Max,Toys,94.46,1.3
12359,Enter Pro,Toys,285.07,1.3
12360,Market Pro,Toys,303.81,1.0
12361,News Pro,Home,230.82,3.6
12362,Store Max,Toys,435.9,1.8
12363,Fish Plus,Toys,152.38,2.0
12364,Full Max,Clothing,203.12,2.2
12365,Society Lite,Books,493.92,4.4
12366,Term Lite,Clothing,125.32,4.7
12367,Room Max,Toys,367.72,1.1
12368,Job Max,Books,474.23,3.8
12369,Focus Plus,Books,385.79,3.4
12370,May Lite,Beauty,296.44,3.4
12371,Customer Plus,Home,25.93,1.4
12372,Reach Plus,Electronics,183.39,3.1
12373,Choice Max,Books,278.17,1.7
12374,Explain Pro,Books,401.8,1.9
12375,My Lite,Books,197.23,4.7
12376,Plan Max,Toys,201.05,2.9
12377,Happen Max,Home,252.77,1.9
12378,Treatment Lite,Sports,159.39,2.2
12379,Old Pro,Electronics,332.54,4.7
12380,Glass Max,Toys,70.48,2.7
12381,West Plus,Toys,100.48,1.6
12382,Line Pro,Home,411.24,4.1
12383,Floor Lite,Clothing,434.44,3.3
12384,Point Max,Beauty,306.86,1.6
12385,Edge Pro,Electronics,309.03,1.7
12386,Note Plus,Books,478.72,3.6
12387,Owner Lite,Electronics,218.28,3.7
12388,Really Max,Electronics,290.05,4.0
12389,Someone Plus,Clothing,438.05,1.4
12390,Various Pro,Clothing,258.24,3.9
12391,Decide Max,Beauty,379.57,4.9
12392,Thing Pro,Electronics,187.7,1.0
12393,Strong Lite,Beauty,177.94,2.2
12394,Strong Plus,Electronics,220.12,5.0
12395,Art Pro,Sports,315.89,2.6
12396,Level Pro,Clothing,23.87,3.9
12397,Ready Pro,Electronics,432.89,2.3
12398,North Lite,Toys,212.91,1.1
12399,Quality Max,Electronics,410.95,4.6
12400,Approach Max,Clothing,211.06,4.7
12401,Before Plus,Books,102.03,1.4
12402,Information Pro,Electronics,455.46,2.4
12403,Detail Lite,Beauty,317.52,3.6
12404,Table Max,Beauty,45.59,3.7
12405,Likely Pro,Beauty,192.57,5.0
12406,List Pro,Beauty,432.82,1.9
12407,Field Lite,Electronics,247.6,2.7
12408,Investment Max,Electronics,454.84,4.3
12409,Today Lite,Beauty,319.07,4.1
12410,Avoid Pro,Beauty,495.09,4.6
12411,Population Pro,Home,413.13,1.1
12412,Enjoy Pro,Books,447.45,4.3
12413,Assume Max,Sports,211.09,3.5
12414,Game Lite,Clothing,306.19,2.5
12415,Check Max,Sports,137.04,3.4
12416,Huge Max,Clothing,34.12,4.4
12417,Expect Plus,Electronics,473.23,2.5
12418,Know Lite,Clothing,403.03,4.9
12419,Wear Pro,Books,114.12,4.2
12420,Front Lite,Home,373.78,4.7
12421,Account Pro,Toys,400.73,5.0
12422,Next Plus,Electronics,136.04,2.1
12423,Anything Lite,Books,181.36,5.0
12424,Available Plus,Beauty,367.45,1.7
12425,Middle Lite,Electronics,422.48,4.6
12426,Walk Plus,Toys,397.45,4.8
12427,Color Lite,Electronics,44.87,3.6
12428,Industry Max,Books,103.52,1.4
12429,Officer Pro,Clothing,258.98,4.1
12430,Treat Pro,Sports,201.24,4.1
12431,Anything Plus,Home,345.17,3.5
12432,Seek Lite,Clothing,40.89,3.0
12433,Establish Lite,Sports,254.62,4.9
12434,Size Pro,Books,349.04,1.8
12435,Write Lite,Clothing,297.01,1.1
12436,Later Max,Books,387.96,4.2
12437,Become Lite,Home,259.39,1.8
12438,Suffer Pro,Clothing,241.74,1.9
12439,Create Plus,Clothing,377.0,1.6
12440,Arrive Lite,Beauty,396.1,2.6
12441,When Lite,Beauty,180.61,3.8
12442,Event Plus,Books,262.65,4.8
12443,Data Pro,Toys,98.49,4.9
12444,Second Lite,Sports,328.65,4.7
12445,Task Pro,Books,33.36,1.3
12446,Kitchen Pro,Clothing,356.66,3.8
12447,Third Pro,Home,439.93,1.0
12448,Include Lite,Beauty,410.78,2.2
12449,Mention Pro,Sports,425.91,4.9
12450,North Max,Sports,100.19,2.0
12451,Prove Pro,Electronics,437.97,3.3
12452,Change Lite,Clothing,162.57,4.5
12453,Level Plus,Clothing,164.98,2.4
12454,Participant Pro,Books,138.12,4.7
12455,Strategy Plus,Electronics,36.02,4.4
12456,Nor Max,Sports,68.96,2.3
12457,Must Lite,Electronics,250.65,2.7
12458,Article Pro,Electronics,442.99,2.2
12459,Interview Max,Clothing,129.0,3.8
12460,Sign Plus,Sports,174.68,4.0
12461,Control Plus,Toys,42.82,1.5
12462,Land Plus,Sports,283.97,3.1
12463,Local Pro,Electronics,43.12,1.7
12464,Simply Max,Clothing,488.68,1.1
12465,Not Plus,Home,291.95,2.5
12466,Cold Lite,Sports,493.54,3.6
12467,Trial Max,Clothing,114.59,3.9
12468,Drop Max,Home,254.95,1.4
12469,Great Max,Books,144.37,4.6
12470,Half Max,Toys,255.13,4.0
12471,Occur Lite,Sports,303.36,1.2
12472,Message Max,Beauty,338.59,4.4
12473,Have Pro,Books,366.41,2.5
12474,Present Lite,Clothing,264.73,1.3
12475,Radio Max,Home,80.44,4.8
12476,Mother Plus,Clothing,47.46,3.8
12477,Impact Plus,Clothing,236.1,4.8
12478,Crime Pro,Electronics,417.18,2.5
12479,Education Pro,Books,371.87,4.6
12480,Year Pro,Books,173.09,1.4
12481,Policy Lite,Beauty,181.86,4.9
12482,Team Lite,Clothing,313.24,2.0
12483,Record Lite,Clothing,73.18,2.9
12484,Body Max,Beauty,156.22,2.1
12485,Art Plus,Sports,336.65,3.3
12486,Increase Pro,Sports,85.24,4.6
12487,Paper Pro,Sports,464.94,5.0
12488,Open Plus,Books,388.59,3.6
12489,Their Max,Sports,135.03,1.1
12490,Gun Lite,Toys,247.87,4.0
12491,Writer Max,Electronics,149.05,4.8
12492,Same Plus,Clothing,362.22,1.9
12493,My Max,Electronics,442.44,2.1
12494,Practice Pro,Clothing,12.75,1.5
12495,Yes Max,Electronics,144.44,2.2
12496,Eye Lite,Clothing,46.41,2.0
12497,Should Plus,Beauty,340.55,3.7
12498,Page Lite,Books,333.58,3.5
12499,Cut Max,Home,483.06,1.1
12500,Image Max,Home,31.27,2.2
12501,Community Plus,Home,313.36,3.6
12502,Man Plus,Sports,96.0,2.6
12503,Business Plus,Sports,390.99,1.3
12504,Take Max,Books,12.63,2.8
12505,Practice Plus,Toys,148.53,3.5
12506,Claim Plus,Clothing,351.79,3.8
12507,Southern Max,Clothing,284.54,3.0
12508,Against Pro,Home,61.03,1.4
12509,Cover Lite,Home,160.52,3.6
12510,Article Lite,Sports,96.09,1.2
12511,Great Pro,Clothing,442.76,4.2
12512,Majority Plus,Toys,406.32,1.0
12513,Time Lite,Clothing,68.65,3.8
12514,Region Max,Clothing,326.23,4.6
12515,Worry Max,Toys,278.19,4.2
12516,Military Max,Clothing,60.3,4.6
12517,Discussion Pro,Home,492.5,4.0
12518,Unit Plus,Books,340.71,4.6
12519,Pretty Plus,Beauty,245.85,3.0
12520,Picture Pro,Beauty,498.03,4.2
12521,Determine Lite,Electronics,396.94,1.5
12522,Without Plus,Beauty,451.8,1.5
12523,Training Pro,Clothing,249.89,2.3
12524,Million Lite,Beauty,203.32,1.7
12525,Listen Lite,Clothing,109.07,4.5
12526,Full Lite,Books,399.51,3.2
12527,Around Lite,Sports,191.28,3.3
12528,Establish Max,Home,39.25,2.1
12529,Recently Plus,Books,432.84,3.1
12530,Share Pro,Books,324.84,2.8
12531,Near Pro,Electronics,445.04,4.3
12532,Natural Plus,Beauty,132.79,2.2
12533,Seven Pro,Electronics,82.29,2.9
12534,Set Lite,Toys,256.93,2.0
12535,Three Lite,Books,468.91,2.8
12536,In Max,Home,197.92,4.8
12537,High Lite,Books,271.67,2.6
12538,Entire Plus,Electronics,64.17,3.1
12539,Instead Plus,Electronics,265.41,4.0
12540,War Plus,Sports,114.03,4.3
12541,Suddenly Plus,Books,296.12,2.8
12542,Analysis Lite,Books,351.63,2.9
12543,Life Max,Sports,493.9,3.6
12544,The Pro,Sports,260.66,4.2
12545,Cold Pro,Books,210.62,2.3
12546,Hair Lite,Electronics,410.64,4.2
12547,Down Lite,Sports,384.9,3.5
12548,Official Lite,Sports,221.9,2.8
12549,Capital Pro,Sports,232.84,4.1
12550,Meet Pro,Home,447.25,3.6
12551,Note Lite,Sports,321.75,2.3
12552,Collection Max,Electronics,495.55,1.3
12553,Others Max,Electronics,389.23,2.0
12554,Group Max,Home,90.18,2.4
12555,Lose Max,Electronics,320.97,3.3
12556,Loss Lite,Home,226.66,1.5
12557,Bill Pro,Books,186.18,4.2
12558,Daughter Max,Books,426.38,1.4
12559,Tend Plus,Books,319.15,2.4
12560,Whether Lite,Clothing,461.94,2.6
12561,Success Max,Toys,440.19,2.1
12562,Carry Plus,Books,81.45,4.0
12563,Our Max,Electronics,96.49,1.2
12564,Fill Pro,Electronics,212.1,4.6
12565,Wide Plus,Electronics,231.52,2.5
12566,Allow Max,Sports,35.54,4.3
12567,Seat Pro,Sports,142.9,2.8
12568,Much Pro,Beauty,208.54,4.8
12569,Reality Plus,Clothing,190.1,1.2
12570,Deep Max,Clothing,487.25,3.9
12571,Region Lite,Home,361.73,5.0
12572,Heavy Max,Toys,93.79,2.5
12573,Especially Pro,Home,365.5,1.2
12574,Win Plus,Sports,61.19,3.9
12575,Number Lite,Beauty,262.32,2.1
12576,Bad Lite,Clothing,112.62,2.0
12577,Game Lite,Electronics,56.22,4.0
12578,Sort Pro,Toys,444.89,1.7
12579,Same Plus,Home,204.94,1.1
12580,Truth Pro,Toys,208.9,2.0
12581,Herself Max,Electronics,419.07,1.5
12582,Charge Plus,Books,66.68,2.5
12583,Indicate Max,Beauty,206.83,2.3
12584,Owner Plus,Books,121.01,4.8
12585,Look Max,Books,449.92,1.7
12586,Card Plus,Toys,28.1,2.1
12587,Trade Pro,Toys,343.98,4.7
12588,Animal Plus,Clothing,87.15,3.2
12589,Give Lite,Beauty,465.93,3.4
12590,Into Lite,Beauty,285.37,3.9
12591,Employee Plus,Books,86.37,3.9
12592,Maybe Pro,Electronics,245.64,2.6
12593,Heavy Plus,Sports,433.9,2.8
12594,Answer Max,Beauty,382.68,3.1
12595,Region Pro,Electronics,36.55,1.8
12596,Affect Lite,Clothing,345.08,3.3
12597,Early Max,Beauty,115.15,4.7
12598,Tv Max,Clothing,109.14,3.0
12599,Above Pro,Books,146.83,3.1
12600,Voice Pro,Home,328.23,3.5
12601,With Lite,Books,277.38,3.4
12602,Republican Lite,Home,22.15,4.4
12603,Two Max,Home,56.89,3.9
12604,Point Lite,Books,317.35,1.5
12605,Property Max,Clothing,331.05,3.3
12606,Speak Pro,Clothing,64.78,4.5
12607,Want Plus,Electronics,371.93,3.5
12608,Statement Pro,Books,239.42,2.5
12609,Gun Pro,Clothing,482.75,4.4
12610,Wish Lite,Books,150.41,3.3
12611,Community Pro,Toys,399.12,1.8
12612,Enter Plus,Toys,21.39,3.5
12613,Thought Plus,Home,462.69,1.1
12614,Performance Pro,Clothing,164.09,4.1
12615,Build Max,Clothing,474.92,4.3
12616,Cause Lite,Home,335.44,4.1
12617,Include Plus,Electronics,150.58,4.0
12618,Either Lite,Toys,47.78,3.3
12619,Look Pro,Home,163.51,2.6
12620,Radio Max,Clothing,431.43,3.7
12621,Structure Plus,Beauty,40.28,1.5
12622,Other Plus,Beauty,171.71,1.7
12623,Building Max,Sports,229.78,4.2
12624,Attention Pro,Home,300.44,4.8
12625,Return Max,Clothing,440.77,3.4
12626,Early Lite,Clothing,275.41,1.3
12627,Safe Plus,Books,396.37,2.9
12628,Last Plus,Electronics,247.53,2.5
12629,According Plus,Clothing,84.14,2.0
12630,End Lite,Toys,262.8,4.3
12631,Democratic Max,Home,219.28,3.0
12632,Treatment Max,Clothing,498.55,2.1
12633,Manager Max,Sports,407.75,1.8
12634,His Max,Home,425.89,1.4
12635,Second Max,Toys,197.59,3.1
12636,Sea Plus,Sports,261.24,3.2
12637,At Pro,Home,296.48,2.7
12638,Data Max,Electronics,17.5,1.7
12639,Spring Max,Home,499.39,1.1
12640,Front Max,Sports,207.54,4.3
12641,Ability Lite,Home,437.49,3.5
12642,Realize Pro,Clothing,447.92,2.8
12643,That Pro,Books,75.3,1.4
12644,Group Plus,Books,227.54,1.7
12645,Particularly Max,Beauty,91.83,1.6
12646,Trial Plus,Sports,353.17,3.5
12647,Either Lite,Books,83.11,4.3
12648,Change Max,Beauty,126.96,3.9
12649,Although Max,Home,366.83,4.5
12650,Race Max,Clothing,377.24,1.1
12651,According Plus,Clothing,400.11,3.1
12652,Begin Lite,Beauty,253.66,3.5
12653,Within Plus,Electronics,334.07,1.1
12654,Job Pro,Beauty,269.46,3.9
12655,Determine Lite,Electronics,314.36,1.9
12656,There Max,Home,77.56,2.1
12657,Financial Lite,Books,415.39,1.7
12658,Arm Lite,Beauty,133.2,2.6
12659,A Max,Toys,71.26,3.8
12660,Teach Plus,Clothing,96.76,1.6
12661,List Lite,Books,122.87,2.3
12662,Job Pro,Home,311.16,3.3
12663,Election Max,Beauty,466.51,2.8
12664,Visit Lite,Electronics,47.25,3.7
12665,Several Lite,Toys,352.64,4.1
12666,Strong Pro,Home,7.09,2.6
12667,Ask Lite,Toys,298.48,2.3
12668,Generation Pro,Clothing,103.65,2.7
12669,World Pro,Sports,475.43,4.3
12670,Want Lite,Toys,78.73,3.3
12671,Window Plus,Sports,155.89,4.8
12672,Wall Pro,Sports,51.28,1.3
12673,Go Max,Sports,6.89,1.6
12674,Piece Pro,Beauty,356.36,3.1
12675,Direction Plus,Books,463.58,4.4
12676,Quality Plus,Clothing,219.15,3.8
12677,Ground Lite,Toys,36.36,2.5
12678,Least Plus,Sports,437.63,2.4
12679,Rest Pro,Beauty,192.65,4.3
12680,Pick Plus,Home,35.41,1.7
12681,He Max,Home,141.0,2.2
12682,Practice Lite,Sports,56.55,2.2
12683,Staff Plus,Sports,7.24,2.1
12684,Speak Lite,Clothing,151.9,1.4
12685,Chair Plus,Clothing,217.76,1.5
12686,Probably Plus,Home,383.16,3.8
12687,Half Lite,Clothing,94.65,1.4
12688,Citizen Max,Sports,154.25,4.9
12689,Practice Pro,Toys,359.73,3.4
12690,Building Plus,Clothing,486.78,1.4
12691,Hit Pro,Clothing,132.4,1.8
12692,Travel Plus,Books,54.96,3.6
12693,Reflect Lite,Beauty,122.02,3.2
12694,Probably Pro,Beauty,369.09,1.9
12695,Bit Plus,Electronics,17.08,2.3
12696,Now Lite,Electronics,482.81,2.3
12697,Street Plus,Sports,104.87,3.7
12698,About Lite,Clothing,37.39,2.8
12699,College Pro,Beauty,338.49,3.5
12700,Enter Pro,Home,118.97,4.2
12701,Choice Lite,Books,225.89,1.3
12702,Hotel Lite,Toys,133.93,5.0
12703,Food Max,Sports,318.71,4.8
12704,Chair Max,Books,154.83,2.9
12705,Must Plus,Beauty,287.86,1.6
12706,Well Max,Electronics,202.04,3.2
12707,Experience Lite,Books,387.39,3.8
12708,Would Max,Beauty,465.94,2.4
12709,If Pro,Sports,280.54,3.3
12710,Realize Pro,Toys,284.27,3.6
12711,Government Pro,Home,373.06,2.5
12712,Education Lite,Beauty,304.5,1.4
12713,Behind Lite,Books,128.16,2.7
12714,Then Pro,Clothing,112.41,3.1
12715,Heavy Plus,Electronics,394.41,2.7
12716,Detail Lite,Toys,196.08,2.7
12717,Whose Plus,Toys,10.37,2.1
12718,Plan Max,Home,342.57,2.9
12719,Us Max,Home,237.46,1.5
12720,Ability Lite,Home,7.01,3.4
12721,Raise Lite,Clothing,403.27,1.7
12722,Charge Plus,Toys,266.68,4.1
12723,Professional Lite,Toys,5.2,3.7
12724,Game Plus,Clothing,493.7,2.7
12725,History Max,Toys,31.05,1.4
12726,Technology Plus,Clothing,308.36,1.3
12727,Goal Pro,Sports,191.62,2.8
12728,Enjoy Plus,Books,372.98,4.7
12729,Spend Plus,Sports,132.63,4.9
12730,Read Pro,Toys,442.34,3.4
12731,Camera Max,Sports,184.99,2.0
12732,System Pro,Home,487.38,2.3
12733,Head Pro,Books,198.59,1.4
12734,Better Pro,Books,354.47,3.2
12735,Heart Lite,Electronics,117.21,4.5
12736,Tend Max,Toys,192.43,2.3
12737,Subject Lite,Home,211.99,3.4
12738,College Pro,Beauty,150.66,2.0
12739,Shoulder Lite,Sports,377.44,3.5
12740,Provide Plus,Clothing,207.3,3.9
12741,Level Max,Beauty,168.39,2.3
12742,Whole Max,Clothing,62.36,1.8
12743,Able Plus,Home,258.31,4.6
12744,Manager Lite,Clothing,467.07,3.1
12745,Common Lite,Beauty,291.58,4.5
12746,Guy Plus,Toys,235.74,2.0
12747,Table Lite,Beauty,465.93,3.8
12748,Stop Max,Clothing,170.38,3.6
12749,Building Lite,Clothing,246.43,2.6
12750,Look Plus,Home,92.43,3.0
12751,Event Pro,Home,407.13,4.9
12752,Mother Plus,Books,431.3,4.9
12753,Citizen Lite,Beauty,379.9,2.4
12754,Or Max,Beauty,138.33,2.5
12755,Nearly Pro,Home,334.41,3.1
12756,Surface Lite,Beauty,390.33,1.5
12757,Movement Lite,Beauty,209.44,4.1
12758,Consider Pro,Beauty,289.0,2.8
12759,Power Max,Beauty,170.1,3.8
12760,To Lite,Electronics,226.1,1.8
12761,Throughout Lite,Clothing,47.15,4.6
12762,Commercial Pro,Books,83.65,1.3
12763,Move Lite,Books,362.49,4.9
12764,Themselves Pro,Beauty,203.68,4.4
12765,Coach Max,Books,455.34,3.2
12766,First Lite,Home,134.54,2.2
12767,Certain Lite,Clothing,373.57,3.8
12768,Energy Plus,Toys,14.77,2.5
12769,Able Plus,Home,193.28,4.3
12770,Early Max,Electronics,482.54,4.2
12771,Stand Plus,Beauty,406.9,3.0
12772,Effect Pro,Sports,324.16,3.3
12773,According Plus,Sports,329.52,4.1
12774,List Pro,Beauty,426.16,1.1
12775,Economy Max,Toys,401.0,1.9
12776,Sister Plus,Electronics,184.46,1.2
12777,Ago Pro,Sports,371.51,3.0
12778,Kitchen Max,Beauty,80.01,1.2
12779,Me Max,Toys,162.27,4.0
12780,True Max,Beauty,19.05,1.7
12781,Pass Lite,Electronics,36.69,3.9
12782,Suddenly Lite,Home,132.07,3.7
12783,Any Plus,Clothing,310.37,1.2
12784,Act Lite,Books,164.39,2.0
12785,Seek Max,Sports,310.93,2.0
12786,Contain Plus,Books,242.64,4.1
12787,Man Lite,Home,464.49,2.1
12788,Lose Max,Toys,194.18,1.8
12789,Model Max,Toys,449.89,3.5
12790,Real Lite,Sports,433.92,2.4
12791,Show Pro,Clothing,357.91,3.2
12792,Around Pro,Beauty,73.25,1.4
12793,Surface Pro,Electronics,214.01,1.2
12794,City Lite,Sports,429.56,2.1
12795,Economic Pro,Clothing,186.24,4.0
12796,Agreement Max,Toys,497.7,4.7
12797,Whole Pro,Home,343.01,4.0
12798,Safe Max,Clothing,145.93,3.7
12799,Town Max,Toys,355.79,1.2
12800,Call Plus,Electronics,275.79,4.3
12801,South Pro,Sports,426.07,1.6
12802,Part Plus,Sports,13.35,2.7
12803,Almost Max,Beauty,86.66,1.9
12804,Seven Plus,Home,495.74,3.7
12805,Explain Pro,Sports,47.05,4.2
12806,Dinner Pro,Beauty,402.2,4.7
12807,Effect Max,Toys,121.59,3.2
12808,Big Max,Home,498.63,3.7
12809,Become Pro,Toys,339.49,4.2
12810,Tend Lite,Home,306.03,2.3
12811,Charge Lite,Home,158.26,3.6
12812,Reflect Pro,Beauty,329.46,1.8
12813,Interview Lite,Toys,228.42,1.7
12814,Cut Plus,Clothing,297.96,3.3
12815,Hard Plus,Clothing,156.55,1.1
12816,Time Max,Clothing,253.59,2.0
12817,Second Max,Electronics,116.61,2.9
12818,Blood Lite,Beauty,42.28,2.3
12819,Bring Pro,Beauty,323.14,3.6
12820,Government Lite,Toys,242.23,3.1
12821,Stay Plus,Beauty,124.56,2.4
12822,Lot Pro,Electronics,194.56,3.9
12823,Poor Max,Clothing,110.47,3.1
12824,Pull Plus,Home,485.25,2.3
12825,History Max,Toys,151.27,3.7
12826,Large Max,Sports,153.47,2.6
12827,Operation Max,Clothing,481.61,2.4
12828,Help Lite,Sports,168.94,1.7
12829,Create Pro,Electronics,341.65,1.4
12830,Religious Lite,Sports,158.5,4.1
12831,Stop Lite,Home,299.34,1.0
12832,Address Lite,Electronics,186.39,4.2
12833,Husband Plus,Electronics,486.89,3.7
12834,Suddenly Max,Electronics,362.67,2.8
12835,Performance Lite,Beauty,308.09,1.5
12836,Ball Lite,Sports,448.96,3.4
12837,Rule Max,Beauty,41.85,4.8
12838,Discussion Max,Clothing,8.09,2.1
12839,Quickly Pro,Clothing,321.75,1.5
12840,Community Pro,Electronics,493.7,4.6
12841,Increase Plus,Clothing,299.74,4.3
12842,Them Plus,Books,496.81,4.5
12843,Bar Pro,Clothing,218.5,2.9
12844,Whose Pro,Home,382.5,2.7
12845,Dream Max,Clothing,352.46,4.2
12846,Front Max,Books,56.22,2.5
12847,Much Plus,Toys,268.61,3.4
12848,Girl Pro,Clothing,247.11,2.7
12849,Yes Pro,Toys,107.91,2.2
12850,Such Lite,Beauty,92.66,3.5
12851,Field Lite,Home,468.68,2.6
12852,Ever Pro,Beauty,477.42,3.4
12853,Smile Lite,Toys,301.14,3.3
12854,Religious Lite,Toys,152.01,4.0
12855,Style Plus,Books,459.69,4.0
12856,Wonder Plus,Toys,102.01,2.8
12857,Sort Max,Books,480.85,4.7
12858,Talk Lite,Beauty,217.06,2.2
12859,Final Plus,Home,211.76,2.4
12860,Bank Lite,Sports,250.85,3.9
12861,Energy Lite,Electronics,282.56,4.4
12862,Break Pro,Home,234.66,3.9
12863,Development Plus,Books,432.83,1.3
12864,Course Lite,Beauty,322.38,2.3
12865,Tv Max,Toys,498.88,2.3
12866,Price Plus,Electronics,158.65,1.7
12867,Move Lite,Home,478.93,3.0
12868,Public Lite,Electronics,424.8,3.2
12869,Business Lite,Sports,201.73,4.4
12870,Structure Plus,Clothing,256.07,4.1
12871,Sell Max,Beauty,188.78,3.9
12872,Worker Pro,Home,75.4,2.9
12873,Citizen Pro,Toys,400.32,3.6
12874,Carry Pro,Sports,309.2,1.7
12875,Respond Max,Electronics,96.3,4.1
12876,Long Max,Beauty,11.19,3.3
12877,Challenge Lite,Books,351.47,2.5
12878,Tv Max,Home,192.13,2.3
12879,Everything Pro,Toys,150.35,2.9
12880,Project Plus,Sports,50.35,3.7
12881,Appear Max,Sports,300.7,2.3
12882,Man Lite,Toys,403.71,3.4
12883,Improve Lite,Clothing,449.3,5.0
12884,Magazine Max,Books,252.61,3.6
12885,Site Pro,Home,297.24,1.9
12886,Close Lite,Toys,324.34,3.4
12887,Various Lite,Clothing,71.07,3.9
12888,Stage Lite,Electronics,69.23,1.0
12889,Situation Pro,Electronics,276.36,3.0
12890,Mother Lite,Toys,289.71,2.0
12891,Mission Pro,Electronics,44.38,4.6
12892,Politics Plus,Clothing,108.93,4.4
12893,Trade Pro,Toys,31.63,3.7
12894,Group Lite,Sports,497.67,2.3
12895,Fast Plus,Sports,425.55,3.5
12896,Picture Plus,Sports,481.26,1.2
12897,Company Lite,Beauty,247.92,4.1
12898,Place Max,Books,455.98,5.0
12899,Number Lite,Beauty,369.02,1.7
12900,Class Pro,Sports,153.35,1.1
12901,Stuff Lite,Toys,49.45,3.1
12902,Particular Plus,Books,139.36,1.1
12903,Political Plus,Beauty,224.26,2.3
12904,Hotel Pro,Sports,189.77,1.5
12905,One Pro,Beauty,28.84,1.8
12906,Agree Lite,Toys,226.63,2.9
12907,Husband Pro,Toys,428.16,4.3
12908,Republican Plus,Sports,451.83,4.9
12909,Discover Plus,Electronics,454.55,2.7
12910,Crime Lite,Electronics,109.57,2.5
12911,Piece Pro,Clothing,409.49,2.1
12912,Couple Max,Home,424.68,2.3
12913,Culture Lite,Beauty,415.74,3.2
12914,Evidence Max,Home,234.2,1.2
12915,Seem Plus,Beauty,311.59,1.5
12916,Hope Max,Home,301.53,3.6
12917,Medical Lite,Home,283.86,3.7
12918,Lose Lite,Beauty,19.17,4.5
12919,International Max,Home,215.24,1.1
12920,Enjoy Max,Sports,116.53,4.3
12921,Really Max,Electronics,461.83,4.1
12922,Rock Lite,Books,496.38,3.8
12923,Blood Plus,Beauty,59.29,4.8
12924,Wife Plus,Clothing,353.43,3.4
12925,Director Max,Beauty,176.31,3.5
12926,Building Plus,Clothing,106.24,2.4
12927,Wear Lite,Beauty,347.89,2.0
12928,Pressure Plus,Sports,266.73,4.5
12929,Soon Pro,Beauty,260.35,3.5
12930,Lay Pro,Electronics,361.82,1.9
12931,Course Plus,Beauty,166.27,3.7
12932,Beyond Max,Clothing,105.01,2.1
12933,Federal Max,Books,45.36,4.6
12934,Though Pro,Sports,235.33,4.0
12935,Keep Pro,Clothing,247.39,2.9
12936,Second Plus,Clothing,126.61,3.0
12937,Community Pro,Toys,258.77,1.3
12938,Wear Max,Clothing,369.5,4.3
12939,Who Max,Clothing,440.2,2.2
12940,Yes Lite,Sports,407.99,2.0
12941,Always Lite,Electronics,303.84,3.1
12942,Civil Pro,Home,440.95,3.3
12943,Build Plus,Electronics,402.55,1.1
12944,Scientist Lite,Clothing,335.96,2.4
12945,Eat Pro,Electronics,353.13,4.5
12946,Toward Max,Beauty,150.85,1.5
12947,Along Pro,Home,26.64,1.5
12948,Whom Max,Toys,315.27,1.4
12949,Company Plus,Home,339.6,1.8
12950,Expert Pro,Clothing,493.55,4.6
12951,Audience Lite,Sports,335.45,3.3
12952,People Lite,Sports,404.39,1.4
12953,Society Max,Clothing,126.73,2.4
12954,Interest Pro,Clothing,207.21,1.7
12955,Arrive Max,Electronics,45.44,4.5
12956,Fund Max,Beauty,478.21,3.8
12957,Measure Plus,Beauty,187.17,2.2
12958,Learn Max,Electronics,50.74,4.8
12959,Strategy Pro,Sports,31.5,1.7
12960,Free Max,Electronics,412.61,2.1
12961,Room Plus,Toys,388.65,2.5
12962,Major Lite,Sports,320.17,2.4
12963,Debate Max,Home,80.42,3.3
12964,One Pro,Toys,349.58,4.6
12965,Student Lite,Electronics,318.33,1.4
12966,Business Max,Books,131.86,3.4
12967,Deal Lite,Electronics,297.0,4.3
12968,Finally Pro,Toys,413.5,2.1
12969,Make Lite,Books,139.43,4.6
12970,Month Lite,Sports,298.93,1.6
12971,Shake Lite,Home,422.11,3.6
12972,Dark Pro,Books,247.3,4.1
12973,Eat Lite,Clothing,341.05,2.8
12974,Door Lite,Home,119.31,2.0
12975,Conference Pro,Books,407.59,2.3
12976,Old Lite,Books,133.0,2.7
12977,Model Lite,Home,158.18,1.3
12978,Recognize Lite,Sports,162.51,2.3
12979,Enough Plus,Books,192.56,4.5
12980,Pay Max,Electronics,128.75,4.9
12981,Determine Plus,Beauty,150.4,1.3
12982,Identify Pro,Clothing,389.55,3.8
12983,Also Plus,Books,134.01,1.9
12984,Effort Max,Home,245.02,4.6
12985,Dog Max,Sports,389.71,2.8
12986,Trade Pro,Books,129.42,1.6
12987,Media Lite,Electronics,86.26,2.3
12988,Understand Pro,Sports,105.76,3.1
12989,There Max,Books,379.85,1.7
12990,Set Plus,Clothing,94.31,4.9
12991,Management Plus,Clothing,26.57,2.2
12992,Letter Pro,Beauty,244.09,1.9
12993,Want Plus,Electronics,471.77,1.2
12994,Feeling Plus,Clothing,84.79,3.4
12995,Series Plus,Home,108.82,4.8
12996,Drive Max,Electronics,496.16,3.1
12997,Security Max,Sports,232.72,2.4
12998,Late Max,Home,472.37,1.6
12999,Car Pro,Beauty,303.79,4.2
13000,Clearly Lite,Electronics,364.99,3.2
13001,Book Lite,Toys,256.16,3.8
13002,While Pro,Beauty,65.62,1.4
13003,Especially Lite,Clothing,282.87,3.0
13004,Knowledge Max,Books,71.78,3.6
13005,Compare Plus,Books,98.9,3.6
13006,Computer Lite,Books,98.1,2.2
13007,Surface Max,Books,284.1,2.8
13008,Service Pro,Toys,299.92,1.5
13009,Cultural Pro,Books,29.99,4.7
13010,Rather Max,Clothing,149.07,2.1
13011,Like Max,Toys,315.19,4.1
13012,Authority Pro,Toys,17.09,3.6
13013,Guy Plus,Clothing,60.24,1.8
13014,Model Max,Books,325.73,1.0
13015,Business Plus,Toys,480.56,2.2
13016,Moment Plus,Beauty,123.36,3.3
13017,Democratic Pro,Home,63.82,1.5
13018,Time Max,Books,250.4,4.2
13019,Rate Plus,Beauty,492.41,1.2
13020,Religious Lite,Toys,60.19,5.0
13021,Best Max,Home,383.79,5.0
13022,School Lite,Sports,313.63,1.7
13023,Fast Pro,Home,195.03,3.3
13024,Drive Pro,Books,75.96,4.6
13025,Deal Max,Electronics,49.56,4.1
13026,Agency Plus,Home,255.83,2.4
13027,Manage Plus,Home,182.35,4.7
13028,Animal Pro,Beauty,28.92,2.5
13029,Message Lite,Electronics,376.96,2.9
13030,Short Plus,Electronics,62.98,4.5
13031,Machine Max,Electronics,197.54,2.4
13032,Old Plus,Books,50.59,4.9
13033,Represent Pro,Clothing,196.04,2.6
13034,Painting Lite,Home,431.17,2.0
13035,Cold Plus,Sports,122.2,2.1
13036,Specific Plus,Sports,409.44,1.4
13037,So Lite,Toys,455.34,3.0
13038,Here Plus,Clothing,431.19,4.7
13039,Style Pro,Clothing,298.16,1.3
13040,Development Max,Clothing,206.49,4.9
13041,Amount Plus,Clothing,168.45,1.5
13042,Each Max,Beauty,333.56,4.7
13043,Bit Max,Toys,361.44,1.2
13044,People Plus,Clothing,120.08,1.1
13045,Large Pro,Home,392.25,3.7
13046,History Max,Sports,178.46,4.5
13047,Main Max,Beauty,84.07,2.1
13048,Eat Plus,Books,477.09,4.0
13049,Professor Lite,Home,191.15,4.2
13050,Clear Plus,Beauty,50.66,2.5
13051,Partner Pro,Clothing,195.51,1.9
13052,Light Lite,Clothing,417.34,1.8
13053,Sometimes Max,Books,221.31,2.8
13054,Major Plus,Sports,423.28,1.7
13055,Arm Plus,Home,41.57,2.2
13056,Meeting Plus,Beauty,10.87,4.2
13057,Movement Lite,Clothing,379.28,2.2
13058,Yet Max,Sports,26.4,3.4
13059,Story Plus,Books,485.19,1.6
13060,Little Lite,Beauty,227.7,1.2
13061,Beautiful Lite,Clothing,243.73,3.5
13062,Me Plus,Electronics,348.83,1.8
13063,Himself Plus,Clothing,39.2,2.7
13064,Whether Pro,Books,193.14,2.4
13065,Center Lite,Clothing,463.86,1.4
13066,Reality Lite,Books,406.83,2.0
13067,Wear Pro,Books,16.34,4.0
13068,Study Max,Toys,321.47,3.4
13069,Run Pro,Sports,264.72,4.4
13070,Century Pro,Beauty,403.28,2.0
13071,Five Lite,Books,493.09,3.6
13072,Structure Max,Home,134.13,2.1
13073,Major Plus,Books,383.94,2.8
13074,Mouth Plus,Books,70.83,3.9
13075,Short Max,Sports,292.55,4.9
13076,Good Lite,Clothing,195.37,1.7
13077,Then Plus,Books,204.78,2.0
13078,Serious Plus,Sports,266.36,1.2
13079,International Plus,Beauty,431.62,4.5
13080,Sell Plus,Clothing,382.67,1.9
13081,Agreement Pro,Books,267.32,3.2
13082,Small Plus,Home,263.61,4.1
13083,Subject Lite,Books,58.61,4.4
13084,Couple Max,Sports,453.27,1.6
13085,Field Lite,Home,243.76,3.6
13086,East Max,Home,171.42,1.9
13087,View Pro,Electronics,439.12,3.9
13088,Type Lite,Toys,308.16,2.5
13089,Art Lite,Electronics,401.8,3.2
13090,Eight Plus,Books,228.94,2.5
13091,Pm Max,Electronics,283.54,2.0
13092,Why Pro,Clothing,343.58,1.1
13093,According Lite,Books,404.46,2.1
13094,Way Pro,Beauty,479.11,1.6
13095,Thing Lite,Electronics,330.6,1.8
13096,She Plus,Books,267.64,1.1
13097,Place Max,Clothing,356.03,4.1
13098,Finally Lite,Electronics,40.07,1.4
13099,Color Pro,Toys,98.85,1.1
13100,Risk Max,Sports,244.85,3.5
13101,Discuss Pro,Beauty,135.92,4.3
13102,Five Pro,Beauty,235.3,4.2
13103,Religious Max,Home,111.99,3.5
13104,Economic Plus,Toys,287.7,1.6
13105,Those Lite,Beauty,88.85,2.2
13106,From Pro,Electronics,26.35,4.9
13107,Writer Plus,Home,149.57,1.0
13108,Someone Plus,Electronics,36.18,1.9
13109,Western Lite,Sports,339.41,4.1
13110,Else Plus,Sports,433.94,3.2
13111,High Plus,Electronics,6.6,4.6
13112,Who Max,Toys,229.61,1.0
13113,Finally Pro,Toys,15.24,1.0
13114,Short Max,Toys,74.53,3.9
13115,Sound Max,Sports,200.9,4.3
13116,Here Pro,Books,52.42,4.0
13117,Although Pro,Toys,42.94,4.7
13118,Likely Pro,Sports,192.51,1.8
13119,Raise Lite,Sports,296.07,1.0
13120,Listen Plus,Home,221.0,3.1
13121,Free Plus,Toys,37.06,4.4
13122,Other Pro,Books,308.87,1.3
13123,Series Plus,Clothing,418.79,3.2
13124,May Max,Books,60.48,2.5
13125,According Max,Beauty,468.76,3.0
13126,But Plus,Electronics,219.16,1.6
13127,Network Pro,Toys,244.92,4.5
13128,Identify Max,Toys,166.75,4.4
13129,Option Plus,Books,166.79,4.9
13130,Region Lite,Sports,82.56,3.9
13131,Election Max,Books,417.75,2.1
13132,Security Pro,Books,349.18,4.8
13133,Message Lite,Electronics,491.52,1.7
13134,Fact Max,Books,327.17,1.6
13135,Determine Max,Clothing,482.6,1.7
13136,Trial Pro,Sports,234.16,2.3
13137,Skill Plus,Home,471.8,4.4
13138,Matter Max,Clothing,6.18,1.1
13139,Per Pro,Sports,107.15,4.2
13140,Those Max,Electronics,121.38,4.1
13141,Continue Plus,Home,215.53,3.9
13142,Stuff Plus,Books,157.08,4.5
13143,Risk Max,Beauty,374.05,3.2
13144,Candidate Plus,Clothing,309.4,1.2
13145,Level Lite,Beauty,219.04,1.1
13146,Republican Plus,Home,198.75,2.8
13147,President Plus,Clothing,285.99,1.1
13148,Million Max,Toys,355.98,4.4
13149,Quality Lite,Toys,306.92,1.3
13150,Cold Pro,Books,397.04,3.0
13151,Push Plus,Books,411.76,3.4
13152,Others Lite,Toys,485.2,3.6
13153,Account Lite,Sports,155.82,2.6
13154,Carry Plus,Home,359.9,1.5
13155,Whom Plus,Electronics,175.56,2.0
13156,Author Plus,Beauty,374.46,1.8
13157,Oil Max,Beauty,454.92,2.9
13158,Owner Max,Clothing,468.96,4.1
13159,Company Plus,Toys,191.92,4.8
13160,Student Lite,Toys,368.15,3.5
13161,Early Max,Home,431.32,4.1
13162,Occur Lite,Home,345.85,2.4
13163,And Lite,Sports,34.01,4.6
13164,Rate Pro,Sports,18.82,3.6
13165,Safe Lite,Clothing,195.45,2.3
13166,Resource Lite,Books,450.06,1.8
13167,Raise Max,Clothing,72.54,2.0
13168,He Lite,Sports,126.12,2.4
13169,Fear Plus,Beauty,405.48,4.9
13170,Take Plus,Toys,185.6,2.9
13171,Radio Lite,Books,304.37,3.5
13172,Energy Pro,Toys,489.0,4.4
13173,News Pro,Electronics,104.91,4.2
13174,Beautiful Plus,Sports,201.38,4.2
13175,Develop Pro,Books,337.64,2.9
13176,Strong Pro,Electronics,457.54,4.5
13177,Appear Pro,Electronics,181.29,4.1
13178,Owner Pro,Sports,193.32,1.6
13179,Want Pro,Books,125.46,2.1
13180,Senior Pro,Electronics,182.3,2.9
13181,Break Plus,Books,24.33,4.1
13182,Party Plus,Clothing,449.69,2.8
13183,Would Lite,Electronics,187.72,2.8
13184,Another Max,Electronics,436.52,2.5
13185,Public Pro,Sports,469.58,3.2
13186,Apply Pro,Electronics,20.06,3.3
13187,Onto Lite,Books,114.38,1.1
13188,Soon Plus,Home,116.52,4.0
13189,Guy Plus,Books,201.51,2.2
13190,Population Plus,Sports,209.47,1.8
13191,Treat Pro,Toys,318.29,1.7
13192,Another Max,Clothing,436.31,4.2
13193,Both Plus,Sports,117.03,3.6
13194,Address Pro,Books,127.01,4.0
13195,Past Plus,Books,118.2,3.4
13196,Door Plus,Electronics,141.78,2.1
13197,Economic Max,Home,362.0,2.2
13198,Own Max,Electronics,398.09,3.7
13199,Truth Lite,Sports,193.82,1.4
13200,Go Max,Beauty,368.18,4.3
13201,Police Pro,Home,251.12,3.8
13202,Fast Max,Sports,272.41,3.4
13203,Occur Lite,Books,436.68,2.4
13204,Manager Lite,Sports,239.91,2.0
13205,Effect Lite,Home,439.18,1.5
13206,Street Plus,Toys,412.68,3.6
13207,Spend Lite,Toys,305.53,4.6
13208,Hotel Max,Clothing,463.26,2.2
13209,Interesting Lite,Sports,151.07,3.9
13210,He Lite,Clothing,65.45,1.0
13211,Friend Lite,Sports,297.82,2.6
13212,Small Pro,Toys,415.68,2.9
13213,Data Lite,Toys,143.48,1.8
13214,Local Pro,Sports,176.47,3.8
13215,Teacher Plus,Home,467.09,4.9
13216,Specific Plus,Beauty,92.48,4.1
13217,Democrat Max,Beauty,172.51,2.0
13218,Available Pro,Electronics,374.3,3.5
13219,Laugh Max,Sports,176.47,2.4
13220,Suddenly Max,Beauty,170.66,3.6
13221,Issue Lite,Home,348.13,2.8
13222,Lawyer Plus,Sports,374.44,1.4
13223,Tonight Lite,Clothing,159.17,3.1
13224,Guy Plus,Toys,20.82,1.9
13225,Process Pro,Sports,408.0,1.3
13226,Recently Lite,Electronics,247.81,3.7
13227,Skill Lite,Beauty,102.08,1.6
13228,Weight Lite,Toys,283.74,1.7
13229,Wish Lite,Electronics,173.2,3.3
13230,Section Lite,Clothing,278.83,4.5
13231,Model Plus,Electronics,231.52,1.3
13232,Theory Lite,Sports,442.59,1.9
13233,Recent Pro,Electronics,457.42,4.1
13234,Year Lite,Beauty,448.82,4.1
13235,Hotel Max,Books,219.44,3.9
13236,Save Plus,Clothing,307.4,4.1
13237,Approach Max,Sports,390.48,4.4
13238,Act Plus,Electronics,384.79,1.0
13239,Find Max,Beauty,213.25,3.1
13240,Century Plus,Beauty,150.16,3.7
13241,Another Plus,Home,168.6,2.3
13242,Natural Plus,Sports,222.67,1.5
13243,Through Plus,Toys,472.26,4.8
13244,Sea Pro,Toys,194.99,3.5
13245,Could Pro,Sports,466.95,1.5
13246,Minute Lite,Toys,370.42,3.1
13247,Adult Lite,Books,43.97,2.1
13248,Far Max,Clothing,54.18,4.6
13249,Enjoy Pro,Books,193.85,3.5
13250,Herself Lite,Books,482.33,1.7
13251,Similar Max,Electronics,261.36,2.6
13252,Eight Pro,Sports,126.54,4.9
13253,Notice Max,Clothing,119.29,2.5
13254,Still Pro,Beauty,166.04,1.7
13255,Middle Pro,Home,410.48,2.6
13256,Five Max,Sports,448.04,4.3
13257,Lose Max,Toys,311.96,4.8
13258,Light Pro,Sports,336.73,3.0
13259,Kind Lite,Books,157.42,4.5
13260,Mrs Pro,Electronics,234.78,2.2
13261,Citizen Lite,Toys,339.35,4.6
13262,Property Plus,Sports,246.88,4.7
13263,Close Pro,Sports,444.88,4.6
13264,Condition Lite,Toys,54.64,1.8
13265,Simply Plus,Clothing,104.32,1.7
13266,Think Lite,Clothing,430.39,4.8
13267,Base Max,Sports,219.61,1.2
13268,Blue Plus,Sports,179.83,3.8
13269,Teacher Plus,Home,438.01,2.8
13270,Fear Pro,Clothing,414.51,4.5
13271,See Pro,Home,360.94,2.5
13272,Business Plus,Electronics,468.49,3.3
13273,Second Lite,Electronics,260.22,2.4
13274,Economic Max,Home,45.53,1.2
13275,Special Plus,Books,176.34,4.4
13276,Bar Max,Clothing,195.82,4.9
13277,Six Plus,Books,433.5,3.6
13278,Interest Lite,Electronics,94.41,2.1
13279,Life Lite,Clothing,286.56,3.1
13280,Visit Max,Books,293.62,4.1
13281,Rest Pro,Electronics,7.65,1.3
13282,Day Max,Electronics,451.33,3.0
13283,Write Plus,Sports,112.28,4.5
13284,Decision Pro,Beauty,111.68,3.7
13285,Less Max,Home,45.21,1.4
13286,Example Max,Beauty,421.3,1.4
13287,Side Plus,Beauty,68.64,2.7
13288,Town Pro,Electronics,424.59,4.8
13289,Item Plus,Sports,184.21,2.7
13290,Cause Pro,Electronics,258.15,4.9
13291,Imagine Plus,Sports,222.57,4.4
13292,Finish Max,Clothing,208.69,2.2
13293,Result Pro,Books,68.7,3.1
13294,Ever Max,Clothing,257.63,4.6
13295,Interview Plus,Toys,221.06,4.2
13296,Indicate Pro,Home,474.32,1.8
13297,Stay Max,Electronics,423.65,4.1
13298,Exactly Plus,Books,286.83,1.5
13299,Ground Lite,Clothing,358.03,4.2
13300,Four Plus,Sports,475.34,4.2
13301,Single Lite,Books,310.34,4.8
13302,Perform Plus,Sports,188.1,1.4
13303,Big Max,Books,221.46,4.5
13304,Theory Lite,Electronics,194.77,3.4
13305,Hold Plus,Clothing,237.06,4.1
13306,Mission Lite,Beauty,348.15,2.7
13307,President Pro,Toys,370.34,4.8
13308,Save Lite,Electronics,120.97,2.3
13309,Property Max,Clothing,145.21,1.0
13310,Question Plus,Books,495.9,2.7
13311,Alone Plus,Books,225.7,3.6
13312,Culture Lite,Home,351.42,2.2
13313,Short Lite,Beauty,75.49,3.1
13314,And Plus,Clothing,309.32,3.2
13315,Either Max,Electronics,380.28,4.6
13316,Point Lite,Beauty,273.93,3.0
13317,Evidence Plus,Books,411.6,4.6
13318,Food Lite,Electronics,112.88,1.3
13319,Trouble Pro,Clothing,158.62,3.7
13320,Leader Lite,Electronics,275.0,3.7
13321,Miss Lite,Sports,211.97,3.3
13322,Article Plus,Sports,373.82,3.2
13323,Good Lite,Books,242.26,3.0
13324,Wish Max,Books,47.96,2.4
13325,Many Max,Sports,401.82,4.3
13326,Send Max,Books,432.64,1.3
13327,Stuff Plus,Books,389.39,4.3
13328,Range Max,Beauty,366.52,4.9
13329,Ask Plus,Home,420.24,2.5
13330,Can Max,Sports,387.8,4.5
13331,Despite Plus,Sports,29.38,1.9
13332,Science Max,Clothing,489.59,2.8
13333,Significant Plus,Home,131.68,4.4
13334,Build Pro,Toys,369.0,5.0
13335,Though Lite,Clothing,294.78,4.6
13336,Agree Pro,Beauty,97.07,3.8
13337,Public Pro,Clothing,337.28,4.7
13338,Coach Pro,Beauty,369.19,2.3
13339,Career Max,Home,369.32,1.5
13340,Quality Plus,Clothing,345.3,4.7
13341,Give Pro,Clothing,44.47,1.0
13342,Sea Plus,Home,144.31,2.7
13343,About Lite,Electronics,422.06,3.0
13344,Chair Lite,Home,256.84,3.0
13345,Mean Plus,Beauty,276.81,5.0
13346,Participant Lite,Toys,252.78,3.8
13347,Exist Plus,Beauty,367.57,2.4
13348,Why Plus,Electronics,53.98,4.5
13349,Address Pro,Home,459.1,3.4
13350,Happy Lite,Home,38.18,4.5
13351,Such Pro,Home,296.51,4.6
13352,Southern Max,Toys,116.52,3.9
13353,Ten Lite,Electronics,15.27,4.4
13354,Close Max,Clothing,382.15,3.7
13355,Enter Plus,Home,262.51,2.7
13356,Although Lite,Clothing,13.78,1.9
13357,Husband Plus,Toys,168.82,3.6
13358,Night Pro,Books,458.35,2.0
13359,Company Pro,Books,378.68,1.2
13360,End Plus,Home,190.09,1.4
13361,Note Max,Clothing,171.97,4.4
13362,Turn Lite,Beauty,189.91,2.7
13363,Impact Max,Sports,494.81,4.0
13364,Wrong Plus,Toys,346.23,5.0
13365,Even Lite,Toys,487.43,3.5
13366,Black Max,Toys,360.66,2.9
13367,Level Lite,Toys,162.08,3.1
13368,Rich Plus,Beauty,224.89,1.3
13369,State Plus,Home,248.0,1.6
13370,Air Max,Books,153.51,2.3
13371,Make Pro,Books,362.02,4.9
13372,Amount Pro,Books,371.81,4.7
13373,Question Max,Sports,440.3,3.2
13374,Himself Lite,Clothing,490.03,1.3
13375,Five Pro,Electronics,262.3,2.3
13376,Reality Pro,Books,28.63,4.1
13377,Manager Max,Books,56.48,3.7
13378,Which Pro,Clothing,205.2,2.0
13379,Party Max,Toys,248.01,2.0
13380,Far Pro,Clothing,152.98,3.5
13381,Camera Lite,Electronics,149.72,3.5
13382,Thought Pro,Toys,258.73,4.6
13383,Available Plus,Clothing,423.3,4.0
13384,Audience Plus,Beauty,427.51,3.6
13385,Brother Lite,Sports,74.85,4.8
13386,Back Max,Electronics,22.36,1.4
13387,Especially Max,Home,446.71,3.2
13388,Argue Max,Electronics,355.73,4.6
13389,Else Plus,Toys,171.86,1.1
13390,Half Plus,Sports,285.88,1.9
13391,Southern Max,Clothing,140.56,1.2
13392,Season Lite,Beauty,197.79,1.3
13393,Too Plus,Sports,323.72,3.5
13394,Design Pro,Beauty,201.22,1.7
13395,Factor Pro,Books,178.7,1.2
13396,Under Plus,Books,463.38,3.1
13397,Treatment Plus,Toys,256.18,1.7
13398,Fight Max,Home,258.2,3.8
13399,Final Plus,Home,52.78,4.5
13400,Safe Plus,Electronics,93.08,3.3
13401,Rich Max,Toys,348.58,4.5
13402,Light Pro,Home,192.94,4.0
13403,Clearly Pro,Sports,432.02,4.9
13404,I Pro,Electronics,67.84,3.6
13405,Year Plus,Toys,84.61,2.1
13406,Republican Lite,Clothing,224.02,5.0
13407,Final Lite,Clothing,5.04,4.9
13408,Office Max,Beauty,274.82,3.0
13409,Rich Pro,Home,493.87,4.9
13410,Cup Plus,Books,417.58,2.2
13411,Family Pro,Sports,382.58,3.2
13412,Marriage Lite,Beauty,327.31,2.9
13413,Seven Lite,Beauty,356.61,3.8
13414,Cultural Pro,Clothing,362.24,1.6
13415,Fall Plus,Beauty,430.19,2.6
13416,North Plus,Electronics,325.85,1.8
13417,Car Lite,Books,485.2,4.0
13418,Reality Plus,Beauty,187.18,4.4
13419,Understand Lite,Home,354.06,4.6
13420,Defense Lite,Clothing,7.11,1.6
13421,His Plus,Books,106.54,4.6
13422,Early Pro,Clothing,68.84,1.7
13423,Blue Plus,Books,14.43,1.3
13424,Into Max,Home,199.65,4.0
13425,Improve Lite,Sports,381.39,3.3
13426,Later Lite,Books,484.01,3.6
13427,Us Plus,Clothing,53.53,4.1
13428,Here Max,Sports,478.82,2.7
13429,Exactly Max,Toys,330.56,3.0
13430,Personal Plus,Electronics,104.71,3.2
13431,Including Pro,Home,481.09,1.2
13432,Player Max,Books,161.48,4.1
13433,Account Plus,Books,61.04,2.8
13434,It Max,Beauty,303.49,2.6
13435,Off Plus,Beauty,126.08,4.5
13436,Magazine Max,Toys,398.75,4.1
13437,Do Max,Beauty,101.87,1.8
13438,Office Plus,Toys,217.64,3.0
13439,Six Plus,Beauty,292.52,3.1
13440,Blood Lite,Beauty,65.77,2.8
13441,Who Plus,Beauty,55.74,5.0
13442,Single Lite,Clothing,372.68,2.0
13443,Walk Pro,Home,405.09,3.5
13444,Against Max,Home,273.99,3.0
13445,Clear Lite,Clothing,61.43,3.4
13446,Throughout Pro,Home,471.29,2.0
13447,Under Plus,Electronics,335.11,4.7
13448,Traditional Lite,Clothing,299.16,4.4
13449,Her Lite,Electronics,272.89,2.9
13450,On Max,Home,333.02,2.7
13451,Sing Pro,Electronics,227.51,2.8
13452,See Plus,Toys,388.03,4.4
13453,Story Plus,Sports,357.44,3.8
13454,Available Plus,Electronics,268.72,1.3
13455,Game Pro,Books,327.77,2.8
13456,Art Plus,Beauty,475.06,3.3
13457,Notice Max,Clothing,21.34,1.9
13458,World Plus,Books,26.24,2.7
13459,Action Lite,Clothing,197.02,1.2
13460,Thus Max,Clothing,79.96,4.9
13461,Writer Plus,Home,97.96,2.4
13462,Report Lite,Toys,304.8,3.5
13463,Specific Plus,Toys,199.76,1.8
13464,Owner Lite,Electronics,203.11,4.8
13465,Place Plus,Clothing,135.88,2.6
13466,Record Max,Beauty,277.61,2.9
13467,Risk Max,Toys,201.39,3.8
13468,Attorney Lite,Electronics,10.57,1.6
13469,Person Lite,Toys,117.18,3.6
13470,Drug Lite,Beauty,388.52,4.2
13471,Too Pro,Beauty,312.85,3.4
13472,Heavy Plus,Home,450.19,4.7
13473,Fly Max,Toys,350.15,2.1
13474,Fall Lite,Sports,13.13,2.3
13475,Third Lite,Beauty,19.21,3.0
13476,Man Plus,Sports,115.63,3.9
13477,Daughter Plus,Books,140.24,4.3
13478,Age Lite,Clothing,495.74,4.4
13479,High Plus,Electronics,359.33,2.9
13480,Mean Plus,Home,75.5,1.6
13481,Feeling Plus,Books,435.78,2.5
13482,Month Pro,Toys,495.06,4.7
13483,Book Max,Electronics,10.19,3.0
13484,Senior Max,Home,388.71,4.0
13485,Until Plus,Toys,212.64,4.5
13486,Class Plus,Toys,446.96,2.7
13487,Suggest Max,Toys,271.07,1.2
13488,Bill Lite,Electronics,129.81,2.0
13489,Trade Plus,Sports,299.2,1.0
13490,Media Plus,Beauty,445.99,1.3
13491,Than Pro,Home,174.31,1.0
13492,Government Pro,Home,307.87,4.1
13493,Road Pro,Books,186.14,4.5
13494,Out Lite,Beauty,113.43,3.3
13495,Southern Max,Toys,76.11,2.0
13496,Spring Lite,Books,472.21,2.4
13497,Provide Max,Clothing,67.95,2.2
13498,Kind Lite,Books,384.56,1.8
13499,World Lite,Sports,47.27,2.8
13500,Operation Max,Clothing,469.19,2.0
13501,Leg Pro,Books,219.81,2.3
13502,Leave Pro,Home,11.56,4.0
13503,Later Plus,Beauty,187.82,1.3
13504,Early Plus,Toys,409.54,2.6
13505,Now Pro,Sports,393.71,4.2
13506,Owner Plus,Books,25.31,4.2
13507,Project Pro,Electronics,229.42,1.8
13508,Sound Pro,Sports,191.0,4.2
13509,Ten Max,Toys,267.53,1.3
13510,Explain Lite,Clothing,274.89,4.6
13511,Thing Plus,Clothing,255.13,4.8
13512,Police Max,Electronics,391.5,1.7
13513,Maybe Lite,Electronics,183.51,1.3
13514,Simply Lite,Electronics,163.61,4.5
13515,Popular Max,Sports,57.88,1.4
13516,Something Plus,Electronics,135.02,3.9
13517,Yard Lite,Sports,499.42,3.3
13518,Office Lite,Books,308.56,3.2
13519,Rule Lite,Books,480.86,3.4
13520,All Max,Beauty,472.16,4.3
13521,Along Lite,Books,232.23,3.5
13522,Night Max,Home,322.53,4.8
13523,Put Lite,Books,257.62,2.2
13524,Meet Plus,Electronics,171.44,2.5
13525,Father Max,Electronics,429.66,4.7
13526,Election Pro,Toys,188.9,5.0
13527,Unit Lite,Books,314.94,4.5
13528,Admit Lite,Electronics,430.24,1.6
13529,Safe Max,Books,31.05,2.6
13530,History Lite,Toys,191.19,4.3
13531,My Lite,Electronics,492.33,3.5
13532,Particularly Lite,Sports,189.44,2.8
13533,Piece Lite,Home,271.22,3.3
13534,Three Plus,Beauty,351.27,2.0
13535,Stay Pro,Beauty,157.65,2.1
13536,Win Plus,Clothing,438.79,4.4
13537,Late Pro,Sports,99.39,4.5
13538,Similar Pro,Sports,396.42,4.1
13539,Wonder Plus,Toys,424.17,3.4
13540,Month Pro,Clothing,230.51,4.6
13541,Budget Lite,Home,40.27,4.1
13542,Various Lite,Clothing,129.33,3.6
13543,Yet Max,Electronics,54.85,4.3
13544,Voice Pro,Clothing,221.24,2.7
13545,Cold Max,Clothing,245.06,1.8
13546,Administration Pro,Toys,113.51,4.4
13547,Perhaps Max,Electronics,307.98,4.9
13548,Half Max,Electronics,498.37,2.5
13549,Prevent Max,Clothing,247.93,4.7
13550,Choose Pro,Clothing,157.8,1.9
13551,Much Max,Sports,441.62,3.1
13552,Family Lite,Sports,80.94,2.5
13553,Society Lite,Home,482.38,4.6
13554,Important Plus,Home,381.4,1.1
13555,Policy Lite,Beauty,25.16,1.2
13556,Officer Lite,Beauty,290.01,2.4
13557,On Max,Beauty,62.34,2.9
13558,Son Lite,Toys,446.79,4.7
13559,According Lite,Books,114.33,3.2
13560,Perform Lite,Home,272.53,3.2
13561,Fact Pro,Home,229.78,4.9
13562,View Lite,Beauty,463.57,4.7
13563,Sit Lite,Beauty,490.04,4.5
13564,Card Pro,Books,336.5,4.4
13565,Clearly Pro,Books,139.19,2.6
13566,Upon Lite,Books,59.71,1.4
13567,Health Pro,Toys,418.6,4.7
13568,Option Plus,Toys,75.04,2.6
13569,Brother Plus,Beauty,278.88,2.2
13570,Wall Lite,Sports,169.6,4.1
13571,Major Plus,Clothing,251.32,4.2
13572,Artist Plus,Home,183.49,3.5
13573,Moment Lite,Beauty,301.77,1.7
13574,Kitchen Max,Books,144.38,4.1
13575,Call Max,Clothing,447.56,3.2
13576,Political Plus,Clothing,96.35,2.7
13577,Environmental Lite,Beauty,423.9,3.5
13578,Remain Pro,Beauty,325.82,1.4
13579,Like Plus,Clothing,276.59,1.9
13580,Trip Max,Sports,170.9,4.8
13581,He Lite,Toys,107.28,1.3
13582,Language Lite,Electronics,316.82,1.3
13583,Last Max,Books,218.33,4.3
13584,Than Plus,Electronics,86.11,3.0
13585,Pick Plus,Clothing,152.07,2.8
13586,Prove Max,Home,89.55,1.7
13587,Car Pro,Home,383.01,1.3
13588,Green Plus,Beauty,84.44,1.7
13589,Throughout Lite,Sports,473.77,5.0
13590,Provide Lite,Sports,102.53,1.9
13591,Mention Lite,Sports,342.33,3.0
13592,Significant Pro,Beauty,226.48,2.8
13593,Near Pro,Toys,228.55,3.4
13594,Identify Max,Beauty,316.09,1.4
13595,None Plus,Books,206.63,2.8
13596,Shoulder Pro,Home,66.73,4.6
13597,Including Lite,Books,78.92,1.5
13598,Hundred Pro,Beauty,161.55,2.3
13599,Relate Pro,Beauty,449.46,3.7
13600,Small Lite,Electronics,187.72,1.5
13601,May Plus,Clothing,159.08,2.0
13602,Fight Pro,Home,423.22,1.3
13603,Unit Plus,Electronics,445.92,3.6
13604,Consumer Plus,Books,305.39,1.5
13605,National Lite,Books,110.11,2.0
13606,Before Lite,Toys,93.71,1.4
13607,Often Lite,Home,308.45,2.1
13608,Security Pro,Home,344.02,2.2
13609,Theory Pro,Books,441.14,1.9
13610,Wait Plus,Home,448.31,3.1
13611,Wonder Pro,Sports,311.45,1.8
13612,Effect Pro,Sports,248.24,1.3
13613,Risk Pro,Home,60.08,2.5
13614,Finally Pro,Sports,478.74,4.6
13615,Me Pro,Books,293.52,1.4
13616,Player Lite,Books,268.45,1.8
13617,Film Plus,Toys,110.28,3.2
13618,Especially Plus,Clothing,299.41,2.7
13619,Season Pro,Toys,435.13,1.2
13620,Car Lite,Clothing,447.92,3.1
13621,Term Pro,Home,414.75,2.2
13622,Education Max,Toys,236.86,1.7
13623,Summer Max,Sports,443.26,4.3
13624,Draw Pro,Home,464.39,4.2
13625,Thus Plus,Books,129.12,1.0
13626,Kid Pro,Sports,8.39,3.7
13627,Understand Lite,Books,358.04,1.5
13628,Lose Pro,Beauty,46.4,3.1
13629,Cold Max,Clothing,31.12,1.7
13630,Reality Plus,Clothing,358.68,1.6
13631,Girl Plus,Clothing,87.33,4.1
13632,Suffer Max,Toys,216.23,4.4
13633,Them Pro,Books,416.42,1.6
13634,Control Plus,Electronics,169.32,1.2
13635,Cut Plus,Clothing,181.54,2.3
13636,Radio Max,Clothing,212.07,4.3
13637,Recent Lite,Books,296.9,1.2
13638,Deep Lite,Toys,108.56,4.8
13639,Too Plus,Clothing,385.59,4.4
13640,Guess Pro,Clothing,340.14,2.4
13641,Arrive Plus,Books,76.81,1.2
13642,Director Plus,Toys,35.66,1.1
13643,Majority Plus,Clothing,236.19,4.5
13644,Wrong Lite,Electronics,132.89,3.8
13645,Federal Pro,Toys,196.44,1.4
13646,Federal Pro,Beauty,309.39,1.4
13647,Recent Max,Home,186.76,2.2
13648,Fall Pro,Sports,489.13,1.6
13649,Note Lite,Books,443.18,1.7
13650,Huge Pro,Electronics,209.31,3.2
13651,Education Max,Clothing,98.72,2.0
13652,Statement Lite,Toys,233.94,4.7
13653,Great Max,Beauty,324.91,2.3
13654,Myself Lite,Books,438.62,3.2
13655,South Max,Clothing,166.39,3.6
13656,Value Lite,Toys,245.64,1.7
13657,Reach Lite,Beauty,225.37,2.4
13658,Great Lite,Books,55.56,3.1
13659,But Lite,Home,104.91,1.8
13660,Option Plus,Home,214.59,4.1
13661,Great Pro,Clothing,44.74,1.0
13662,Bed Max,Clothing,315.57,2.0
13663,Beautiful Plus,Books,394.08,3.6
13664,Land Lite,Clothing,41.48,2.1
13665,Sea Max,Toys,397.42,2.2
13666,Executive Lite,Toys,393.16,2.2
13667,Between Max,Beauty,215.35,3.1
13668,Soon Max,Beauty,348.1,2.4
13669,List Lite,Toys,146.74,1.1
13670,Seven Max,Books,346.18,4.7
13671,Poor Lite,Clothing,482.41,2.4
13672,Expect Plus,Clothing,341.74,2.1
13673,Easy Plus,Home,473.05,1.1
13674,Quickly Plus,Beauty,363.26,3.6
13675,Statement Max,Sports,131.6,1.4
13676,About Lite,Home,390.86,2.7
13677,Fill Pro,Electronics,275.04,3.7
13678,Part Pro,Electronics,401.41,4.3
13679,Win Max,Clothing,445.63,3.9
13680,Yet Max,Beauty,172.43,2.5
13681,Along Max,Electronics,430.78,2.7
13682,Think Max,Clothing,99.56,3.2
13683,Boy Lite,Electronics,134.57,1.5
13684,Ago Max,Home,410.33,3.5
13685,Animal Plus,Sports,499.57,1.5
13686,Carry Lite,Books,163.12,4.6
13687,Heart Pro,Books,324.77,2.1
13688,Also Pro,Toys,310.85,3.0
13689,Quite Plus,Home,277.47,4.2
13690,It Pro,Sports,66.71,2.4
13691,Lawyer Pro,Clothing,93.41,3.1
13692,Order Max,Clothing,453.65,3.8
13693,Much Plus,Clothing,172.16,4.2
13694,Black Plus,Beauty,341.84,1.8
13695,Decide Plus,Toys,369.37,3.8
13696,Game Pro,Electronics,438.81,4.4
13697,Accept Plus,Electronics,285.95,2.0
13698,Deep Max,Sports,276.36,2.4
13699,Beyond Lite,Books,73.13,4.9
13700,Class Plus,Home,321.23,1.6
13701,Foot Plus,Electronics,440.34,4.5
13702,Ground Lite,Home,145.67,4.9
13703,Off Max,Electronics,313.15,4.0
13704,During Plus,Beauty,305.48,1.3
13705,Capital Lite,Electronics,243.44,3.2
13706,Direction Plus,Beauty,495.64,3.3
13707,Range Max,Sports,264.68,1.4
13708,Listen Pro,Sports,286.24,3.2
13709,Nice Plus,Books,197.44,1.7
13710,All Pro,Beauty,349.49,1.0
13711,Moment Max,Books,50.07,2.3
13712,For Plus,Toys,456.84,3.1
13713,Pull Plus,Clothing,449.83,4.7
13714,Cost Max,Books,106.16,1.7
13715,Now Plus,Electronics,69.63,4.1
13716,Born Plus,Home,481.58,3.0
13717,Member Lite,Toys,271.97,4.0
13718,Score Max,Electronics,49.0,1.6
13719,Chair Pro,Electronics,357.63,3.8
13720,Southern Lite,Toys,424.91,1.3
13721,Because Lite,Toys,233.52,4.1
13722,Bad Plus,Sports,185.01,4.2
13723,Policy Max,Electronics,14.01,2.4
13724,Theory Plus,Electronics,333.19,4.7
13725,Continue Pro,Sports,387.41,2.8
13726,Call Plus,Electronics,280.83,3.5
13727,Movie Lite,Beauty,194.61,2.8
13728,Might Max,Books,434.49,2.2
13729,Image Lite,Clothing,98.23,2.0
13730,Government Lite,Toys,170.04,4.0
13731,High Max,Books,355.06,4.9
13732,Other Plus,Electronics,215.01,3.6
13733,Eye Pro,Toys,314.16,3.0
13734,Stop Pro,Sports,139.91,3.6
13735,Plant Pro,Books,66.44,4.9
13736,Decision Pro,Books,6.06,4.2
13737,Kitchen Lite,Electronics,334.29,3.8
13738,Company Lite,Home,316.48,3.9
13739,Fact Plus,Clothing,392.88,2.0
13740,Politics Max,Clothing,402.85,2.2
13741,Reflect Max,Books,347.58,3.8
13742,Safe Max,Books,173.58,3.4
13743,Effect Plus,Electronics,424.39,1.5
13744,Suggest Pro,Beauty,477.41,2.8
13745,Share Lite,Clothing,186.87,1.9
13746,Tree Plus,Beauty,327.41,4.0
13747,Night Max,Home,397.78,4.8
13748,Well Plus,Beauty,428.79,1.1
13749,Agreement Pro,Beauty,325.52,1.4
13750,Kid Max,Books,392.76,4.1
13751,Speak Plus,Electronics,468.19,4.5
13752,Blue Pro,Beauty,403.08,1.0
13753,Better Pro,Beauty,382.12,2.9
13754,Yourself Pro,Beauty,220.48,2.0
13755,Yourself Pro,Toys,416.17,2.3
13756,Within Pro,Electronics,237.24,3.6
13757,Since Max,Electronics,222.73,1.5
13758,Scene Lite,Clothing,123.43,3.4
13759,Girl Pro,Beauty,197.69,2.2
13760,Rich Max,Home,382.85,4.7
13761,Figure Plus,Clothing,385.48,1.8
13762,Song Pro,Home,73.49,3.7
13763,I Lite,Clothing,123.86,1.1
13764,Adult Max,Toys,97.25,4.8
13765,Quickly Plus,Books,225.29,2.0
13766,Travel Pro,Clothing,462.36,1.9
13767,Support Pro,Books,50.26,2.7
13768,Five Max,Beauty,148.89,3.2
13769,Owner Lite,Clothing,74.8,3.6
13770,Probably Max,Electronics,187.14,4.5
13771,Practice Pro,Beauty,440.85,3.5
13772,Give Max,Sports,481.77,4.8
13773,Happy Pro,Clothing,42.66,4.3
13774,Economic Lite,Clothing,430.14,3.8
13775,What Plus,Home,48.54,2.6
13776,During Plus,Sports,101.9,1.3
13777,Another Lite,Books,88.54,3.1
13778,Herself Max,Clothing,73.91,2.3
13779,Feel Max,Toys,157.85,3.6
13780,Nearly Max,Toys,359.76,2.8
13781,Lot Max,Sports,131.55,4.4
13782,Perform Lite,Home,230.76,3.2
13783,Computer Max,Books,92.26,3.7
13784,List Plus,Electronics,489.75,2.6
13785,Form Pro,Home,147.77,1.6
13786,Particular Pro,Books,144.04,1.6
13787,My Lite,Home,254.0,1.0
13788,Sing Plus,Books,12.19,2.6
13789,Article Max,Home,319.03,4.8
13790,Development Lite,Beauty,61.94,1.4
13791,Second Pro,Sports,176.39,2.5
13792,Admit Plus,Clothing,411.46,2.7
13793,Life Lite,Clothing,234.91,1.6
13794,Bank Pro,Clothing,456.05,2.6
13795,Oil Lite,Sports,160.08,2.1
13796,Weight Plus,Home,212.0,3.6
13797,Sometimes Plus,Beauty,478.34,2.9
13798,Camera Lite,Home,242.27,4.4
13799,Ago Max,Home,299.95,2.6
13800,Around Max,Electronics,446.7,1.4
13801,Fund Max,Clothing,114.2,3.0
13802,Visit Max,Toys,51.84,2.8
13803,Smile Max,Sports,475.25,3.7
13804,Strong Plus,Electronics,303.5,2.5
13805,Bed Lite,Toys,303.44,3.5
13806,Suggest Lite,Electronics,157.56,2.8
13807,Against Plus,Electronics,487.46,4.0
13808,Form Max,Beauty,145.17,4.8
13809,Eat Max,Home,19.48,2.7
13810,Degree Max,Toys,83.06,3.0
13811,American Lite,Sports,204.97,2.2
13812,Sell Pro,Toys,10.33,4.7
13813,Offer Plus,Electronics,337.85,2.5
13814,Company Max,Beauty,440.77,1.6
13815,Agreement Lite,Home,266.27,1.2
13816,Beautiful Lite,Toys,443.08,2.7
13817,Season Pro,Clothing,32.15,3.8
13818,Receive Max,Books,369.28,4.8
13819,Project Pro,Electronics,96.08,1.5
13820,Certainly Max,Electronics,416.55,3.6
13821,Just Max,Toys,266.44,4.3
13822,Course Lite,Sports,288.77,2.3
13823,Base Pro,Sports,345.1,3.4
13824,Play Max,Electronics,235.03,1.6
13825,Politics Pro,Toys,106.3,2.5
13826,Little Max,Clothing,116.03,3.2
13827,Stock Lite,Electronics,57.25,1.5
13828,Civil Max,Sports,383.45,3.5
13829,Under Plus,Toys,371.99,4.7
13830,Wide Max,Beauty,412.73,2.8
13831,Hold Max,Home,277.89,2.9
13832,Represent Plus,Beauty,411.7,2.0
13833,Something Pro,Sports,277.92,2.2
13834,Item Max,Beauty,386.34,4.2
13835,Dream Plus,Books,56.51,2.0
13836,Investment Lite,Toys,256.94,2.4
13837,Before Lite,Clothing,16.7,2.6
13838,Peace Pro,Home,266.28,2.2
13839,Speech Lite,Toys,285.18,3.5
13840,Cost Plus,Clothing,29.93,4.4
13841,Analysis Pro,Electronics,108.2,4.0
13842,Try Lite,Clothing,461.44,1.9
13843,Hair Pro,Books,449.72,3.3
13844,Break Pro,Toys,495.01,3.8
13845,Let Plus,Beauty,208.05,4.6
13846,War Pro,Sports,172.12,1.0
13847,Middle Plus,Toys,476.19,3.3
13848,Past Lite,Electronics,434.66,2.1
13849,Answer Max,Home,52.92,4.4
13850,Cut Max,Beauty,281.43,3.6
13851,Political Pro,Clothing,354.55,2.1
13852,Either Lite,Toys,463.38,4.2
13853,Tax Plus,Electronics,338.72,3.4
13854,Traditional Plus,Toys,93.54,4.3
13855,Argue Lite,Toys,61.76,4.6
13856,Also Plus,Clothing,70.69,3.0
13857,Often Max,Home,11.9,4.6
13858,Meet Lite,Home,357.4,2.2
13859,Set Pro,Clothing,240.54,4.7
13860,Its Max,Home,427.25,2.3
13861,Evidence Lite,Electronics,360.77,1.5
13862,Perhaps Max,Beauty,178.21,4.2
13863,Court Max,Books,249.07,1.3
13864,Ahead Pro,Home,145.02,4.1
13865,Price Plus,Home,412.14,2.1
13866,Hospital Plus,Electronics,412.43,1.7
13867,Whatever Pro,Toys,451.35,4.1
13868,Popular Max,Toys,303.95,1.4
13869,Boy Lite,Beauty,387.32,4.7
13870,Group Lite,Sports,64.78,1.4
13871,Region Lite,Beauty,45.2,1.5
13872,Cold Pro,Electronics,146.19,1.2
13873,While Max,Toys,374.04,2.0
13874,Reflect Lite,Sports,393.79,4.9
13875,Bed Max,Beauty,298.13,1.4
13876,Look Lite,Electronics,271.24,4.4
13877,Minute Max,Books,217.26,4.2
13878,Protect Plus,Home,409.39,2.6
13879,Hold Max,Home,52.06,3.2
13880,Life Max,Home,266.69,3.5
13881,Sign Lite,Toys,236.92,4.1
13882,Full Plus,Electronics,274.91,4.4
13883,Pass Max,Toys,477.41,1.9
13884,National Plus,Sports,449.59,4.0
13885,Look Lite,Electronics,11.25,4.3
13886,Eight Lite,Home,120.13,1.0
13887,World Pro,Clothing,498.94,1.7
13888,Nearly Pro,Clothing,61.3,1.3
13889,Behavior Lite,Toys,258.03,2.2
13890,Skill Pro,Toys,371.02,4.0
13891,Soon Pro,Books,381.32,2.2
13892,Because Plus,Beauty,315.26,2.2
13893,Hour Lite,Beauty,209.29,2.2
13894,Hotel Pro,Toys,15.54,1.4
13895,Organization Plus,Home,265.35,3.9
13896,Recognize Max,Clothing,142.0,1.0
13897,Near Lite,Electronics,311.14,1.4
13898,Just Pro,Clothing,316.66,1.9
13899,This Plus,Toys,197.52,2.6
13900,Six Plus,Electronics,196.61,4.7
13901,Apply Plus,Sports,363.05,3.2
13902,Administration Lite,Toys,209.81,4.2
13903,Truth Max,Toys,322.28,1.1
13904,Fear Plus,Clothing,267.81,4.1
13905,Hospital Pro,Beauty,57.27,2.6
13906,After Plus,Beauty,74.15,4.1
13907,News Lite,Books,32.6,2.5
13908,Her Max,Toys,462.33,3.0
13909,Measure Plus,Clothing,46.06,1.9
13910,Show Plus,Toys,102.03,4.9
13911,Show Max,Electronics,355.05,3.3
13912,Message Plus,Electronics,475.42,4.9
13913,Already Lite,Electronics,241.15,3.8
13914,Continue Max,Electronics,447.67,1.1
13915,Recently Plus,Electronics,350.88,2.6
13916,Through Plus,Clothing,409.79,1.5
13917,Exist Lite,Toys,279.61,1.9
13918,Another Lite,Beauty,470.6,3.9
13919,Including Pro,Toys,403.07,2.9
13920,Beautiful Lite,Sports,231.02,4.3
13921,Stand Max,Toys,211.18,2.6
13922,Night Lite,Home,429.18,3.8
13923,Money Pro,Sports,217.05,2.6
13924,Question Plus,Home,52.09,2.8
13925,Himself Pro,Electronics,411.98,1.6
13926,Term Plus,Electronics,56.76,3.8
13927,Experience Pro,Sports,172.11,3.1
13928,Wish Max,Toys,186.77,2.7
13929,Forget Max,Toys,474.36,2.6
13930,So Lite,Sports,436.34,1.5
13931,Cup Plus,Home,43.7,1.1
13932,Task Max,Clothing,176.87,4.3
13933,Past Lite,Beauty,28.35,3.1
13934,Natural Pro,Beauty,218.4,4.0
13935,Artist Max,Toys,9.97,2.0
13936,Evidence Lite,Clothing,84.72,3.4
13937,Bank Plus,Beauty,189.95,1.5
13938,Life Pro,Sports,346.52,1.3
13939,Least Max,Clothing,451.01,3.2
13940,School Max,Electronics,284.72,2.1
13941,Believe Pro,Clothing,247.54,4.3
13942,Feel Plus,Books,279.3,4.3
13943,Adult Pro,Electronics,446.4,1.2
13944,West Lite,Home,169.75,1.0
13945,Event Lite,Home,276.39,1.1
13946,News Pro,Beauty,165.83,1.2
13947,Street Plus,Sports,302.92,1.0
13948,General Plus,Clothing,200.49,4.4
13949,Nearly Pro,Beauty,383.7,4.1
13950,Scene Plus,Books,267.66,3.2
13951,Wear Plus,Clothing,207.24,4.6
13952,Environmental Plus,Electronics,209.44,1.8
13953,Health Plus,Sports,483.53,4.5
13954,Across Plus,Sports,231.56,1.7
13955,Bring Plus,Sports,461.85,3.3
13956,Where Lite,Sports,395.35,3.8
13957,Bag Pro,Books,428.03,3.8
13958,National Plus,Beauty,274.38,1.4
13959,Cold Lite,Electronics,346.63,2.0
13960,Score Max,Toys,225.1,4.3
13961,Send Pro,Books,23.9,3.1
13962,Total Plus,Books,466.35,1.2
13963,Thought Plus,Clothing,136.43,4.4
13964,Popular Pro,Beauty,372.69,4.2
13965,Treat Plus,Home,260.71,3.4
13966,What Lite,Toys,17.37,1.9
13967,Media Pro,Beauty,104.45,2.8
13968,Make Plus,Books,419.77,1.3
13969,Develop Max,Electronics,55.11,2.1
13970,Professor Lite,Clothing,278.29,4.5
13971,Fly Max,Beauty,333.56,4.7
13972,None Lite,Electronics,150.01,1.7
13973,Interest Plus,Beauty,221.55,3.9
13974,Young Lite,Toys,222.82,4.0
13975,Also Max,Home,333.28,2.9
13976,Nor Max,Clothing,28.47,3.6
13977,Agreement Pro,Clothing,156.38,4.1
13978,And Lite,Home,329.37,2.1
13979,Congress Max,Toys,93.43,1.3
13980,Region Pro,Toys,458.11,2.3
13981,Choose Plus,Beauty,212.2,2.9
13982,Daughter Max,Electronics,392.0,2.9
13983,Model Pro,Beauty,312.09,3.8
13984,These Lite,Home,225.73,1.3
13985,Clear Pro,Beauty,289.26,1.5
13986,Not Pro,Clothing,358.8,2.4
13987,Reduce Max,Books,243.81,2.6
13988,The Pro,Electronics,489.75,3.9
13989,Media Pro,Clothing,265.7,2.4
13990,Entire Lite,Books,16.54,4.2
13991,Top Lite,Books,140.72,2.4
13992,Once Plus,Sports,122.93,4.8
13993,Wall Lite,Sports,227.17,1.6
13994,Crime Lite,Home,81.6,4.5
13995,Begin Max,Electronics,86.06,2.8
13996,Prepare Max,Toys,460.92,1.8
13997,Organization Pro,Books,100.97,1.1
13998,Against Max,Sports,241.66,2.6
13999,Pattern Pro,Sports,230.92,1.0
14000,Join Max,Clothing,446.06,2.1
14001,Loss Max,Toys,389.16,1.9
14002,Will Plus,Home,458.7,2.7
14003,Sing Plus,Beauty,462.38,4.7
14004,Mind Plus,Toys,274.92,1.8
14005,Class Max,Books,62.79,4.0
14006,Family Lite,Clothing,212.19,4.9
14007,Article Pro,Home,223.45,2.9
14008,Development Lite,Home,397.62,3.1
14009,Marriage Plus,Beauty,189.0,4.3
14010,Fine Lite,Electronics,388.99,3.3
14011,Technology Lite,Clothing,226.98,2.0
14012,Behavior Plus,Beauty,342.3,4.4
14013,Necessary Lite,Electronics,202.26,1.6
14014,World Plus,Clothing,166.49,1.3
14015,Necessary Plus,Home,267.5,2.0
14016,Talk Pro,Books,145.9,4.6
14017,Arrive Plus,Home,153.79,4.8
14018,Person Max,Beauty,225.66,3.9
14019,Approach Pro,Clothing,38.32,3.1
14020,Nature Max,Home,245.79,3.3
14021,General Plus,Electronics,438.07,3.7
14022,Check Plus,Home,335.47,4.1
14023,Body Max,Electronics,168.6,3.8
14024,Might Lite,Home,269.82,2.2
14025,Per Max,Clothing,412.35,2.6
14026,Probably Lite,Toys,206.45,1.4
14027,Whom Plus,Toys,162.41,1.5
14028,Seven Max,Electronics,70.66,2.2
14029,Page Pro,Sports,430.03,3.8
14030,Sure Max,Sports,309.8,3.6
14031,Entire Plus,Beauty,28.21,4.0
14032,However Plus,Sports,256.96,2.3
14033,Act Pro,Sports,130.47,4.4
14034,Various Pro,Toys,395.4,3.0
14035,Close Lite,Beauty,122.28,2.7
14036,City Pro,Electronics,497.89,4.3
14037,Such Lite,Books,347.54,1.7
14038,Across Plus,Books,43.53,1.5
14039,Which Plus,Books,170.75,3.8
14040,President Lite,Sports,245.73,2.8
14041,Wonder Max,Books,61.8,3.2
14042,Must Max,Electronics,470.64,1.7
14043,Every Plus,Sports,66.55,1.9
14044,Recent Pro,Beauty,29.84,1.6
14045,Hit Lite,Beauty,261.83,1.1
14046,Hold Lite,Home,487.01,2.3
14047,Present Lite,Books,226.09,2.9
14048,Continue Lite,Sports,324.37,1.6
14049,Write Max,Clothing,442.31,1.3
14050,Vote Max,Sports,354.53,1.3
14051,South Max,Home,198.16,4.2
14052,Society Lite,Beauty,261.18,2.4
14053,Realize Pro,Beauty,139.41,3.4
14054,Message Plus,Clothing,73.41,4.9
14055,Onto Plus,Books,257.69,4.0
14056,Early Plus,Clothing,239.72,4.6
14057,Picture Max,Home,31.4,1.6
14058,Sometimes Lite,Home,425.41,3.1
14059,Good Lite,Beauty,273.19,3.5
14060,Debate Pro,Beauty,35.34,2.6
14061,Safe Pro,Beauty,151.97,3.1
14062,Type Pro,Toys,211.25,4.7
14063,Decide Plus,Books,205.71,4.9
14064,Long Plus,Clothing,493.05,2.1
14065,Skill Lite,Home,454.42,4.9
14066,After Pro,Clothing,365.3,3.7
14067,Citizen Max,Sports,464.8,3.3
14068,Law Max,Home,156.33,2.0
14069,Value Pro,Beauty,260.26,3.7
14070,Myself Max,Clothing,23.84,4.8
14071,Opportunity Pro,Books,329.63,5.0
14072,You Lite,Electronics,109.06,3.0
14073,Be Pro,Books,148.87,1.4
14074,Others Plus,Sports,169.3,5.0
14075,Never Plus,Electronics,5.61,3.1
14076,Allow Plus,Home,240.67,1.3
14077,Change Pro,Toys,27.89,1.7
14078,Off Plus,Electronics,240.53,2.1
14079,Agreement Plus,Beauty,374.75,2.0
14080,Certainly Plus,Home,477.79,4.5
14081,Leader Lite,Home,139.72,3.5
14082,Environment Pro,Toys,35.62,4.2
14083,Dinner Max,Clothing,113.04,1.9
14084,Down Lite,Toys,132.48,2.8
14085,Force Plus,Home,121.88,4.0
14086,Begin Lite,Beauty,91.14,3.5
14087,Respond Lite,Toys,173.93,4.8
14088,White Plus,Beauty,78.52,2.1
14089,Event Pro,Clothing,341.77,4.5
14090,Me Max,Books,476.56,2.5
14091,Final Max,Sports,310.29,3.8
14092,Range Pro,Home,274.01,2.1
14093,Project Max,Toys,385.34,2.9
14094,Should Plus,Home,451.99,2.8
14095,Money Max,Toys,421.71,2.0
14096,Help Lite,Books,369.38,4.8
14097,Look Lite,Sports,303.23,2.8
14098,Possible Pro,Clothing,420.63,2.5
14099,Point Plus,Toys,265.58,2.9
14100,Involve Pro,Sports,25.54,2.2
14101,Nature Plus,Toys,151.36,3.4
14102,Someone Plus,Clothing,288.09,2.1
14103,Dark Plus,Beauty,146.92,3.1
14104,Reality Pro,Toys,11.22,3.3
14105,Require Max,Toys,176.37,3.7
14106,Community Plus,Clothing,192.12,3.7
14107,Place Plus,Books,22.06,1.7
14108,Thought Pro,Beauty,81.53,2.2
14109,Center Pro,Sports,8.31,1.9
14110,Fund Plus,Toys,85.37,4.4
14111,Offer Pro,Home,128.46,4.9
14112,Meeting Lite,Beauty,482.34,1.2
14113,Own Lite,Beauty,356.65,1.0
14114,Cover Pro,Beauty,411.73,3.7
14115,May Lite,Clothing,373.83,5.0
14116,Agreement Max,Books,209.95,1.8
14117,Exist Lite,Toys,18.18,1.3
14118,Find Pro,Toys,64.76,4.7
14119,Site Plus,Electronics,344.8,4.8
14120,Whether Pro,Beauty,436.65,1.7
14121,Wall Pro,Books,121.72,4.0
14122,Citizen Pro,Beauty,295.29,3.3
14123,Head Lite,Home,493.01,1.2
14124,Some Pro,Books,215.21,1.3
14125,Seek Plus,Electronics,418.72,1.1
14126,Answer Pro,Books,237.73,3.1
14127,Still Lite,Toys,235.56,2.4
14128,Already Pro,Toys,65.28,2.9
14129,Alone Pro,Toys,199.12,2.3
14130,Red Plus,Beauty,267.77,3.9
14131,Traditional Lite,Home,359.9,4.1
14132,Forget Max,Home,474.33,1.8
14133,Foreign Plus,Electronics,123.12,4.9
14134,Must Pro,Clothing,345.92,4.6
14135,Social Lite,Electronics,199.99,4.9
14136,Everybody Max,Clothing,372.29,4.1
14137,Instead Pro,Sports,349.02,2.4
14138,Person Lite,Electronics,332.21,4.8
14139,Who Lite,Toys,384.45,4.0
14140,Physical Plus,Books,193.89,2.7
14141,Economic Plus,Home,387.76,4.7
14142,Near Lite,Home,308.94,4.8
14143,Bill Lite,Clothing,358.57,2.2
14144,Specific Pro,Electronics,467.6,4.3
14145,Throw Pro,Clothing,381.22,4.9
14146,Line Lite,Clothing,226.44,2.1
14147,Mouth Pro,Electronics,380.17,2.0
14148,Economic Max,Clothing,479.62,1.6
14149,You Max,Clothing,243.04,4.1
14150,Team Max,Sports,366.51,4.5
14151,That Max,Sports,121.48,2.3
14152,Ask Pro,Books,141.59,2.9
14153,Despite Plus,Books,233.6,5.0
14154,Director Plus,Electronics,25.94,3.6
14155,Easy Pro,Electronics,444.16,3.4
14156,Here Pro,Beauty,449.12,1.7
14157,City Lite,Home,306.15,2.0
14158,Majority Max,Sports,477.51,4.8
14159,She Pro,Books,32.77,2.6
14160,Car Plus,Clothing,47.67,2.3
14161,Analysis Lite,Sports,178.74,3.1
14162,Team Pro,Beauty,243.05,3.0
14163,Wear Lite,Home,167.6,4.8
14164,Carry Max,Electronics,256.94,4.0
14165,Light Max,Clothing,248.15,3.7
14166,Fire Lite,Books,131.78,3.1
14167,Event Lite,Electronics,57.17,1.8
14168,Community Pro,Clothing,255.74,3.9
14169,Wrong Lite,Toys,59.03,4.8
14170,Word Max,Beauty,116.76,4.8
14171,Main Lite,Books,229.52,1.3
14172,Blood Plus,Clothing,118.13,4.5
14173,Exactly Pro,Electronics,28.38,2.4
14174,Able Plus,Electronics,176.27,4.2
14175,Reveal Plus,Electronics,96.0,3.3
14176,Mr Pro,Sports,23.84,1.6
14177,Walk Plus,Clothing,325.41,2.9
14178,Director Lite,Home,425.41,4.7
14179,Believe Pro,Home,349.12,2.2
14180,Into Plus,Beauty,411.27,1.0
14181,Issue Lite,Home,204.45,4.4
14182,Term Pro,Toys,369.83,3.2
14183,Few Max,Toys,48.04,1.1
14184,Peace Plus,Books,253.82,2.2
14185,Off Lite,Beauty,405.4,1.1
14186,System Plus,Books,115.49,1.8
14187,Sound Plus,Clothing,60.88,2.0
14188,Return Max,Beauty,316.59,2.6
14189,Very Pro,Beauty,344.59,1.5
14190,Either Plus,Books,325.16,3.2
14191,Simply Max,Books,451.18,3.6
14192,Performance Plus,Books,335.41,1.7
14193,Free Pro,Home,405.56,4.1
14194,Sense Max,Books,388.01,3.1
14195,Voice Max,Electronics,10.37,4.2
14196,Ready Lite,Beauty,34.24,3.8
14197,Culture Plus,Books,205.83,4.9
14198,Science Max,Books,373.52,3.5
14199,Add Pro,Beauty,261.28,4.4
14200,Me Lite,Beauty,457.84,2.0
14201,Democratic Pro,Beauty,417.73,4.6
14202,True Plus,Sports,494.32,4.7
14203,Important Plus,Beauty,392.78,2.2
14204,Where Plus,Beauty,418.48,3.5
14205,Fall Max,Clothing,470.17,3.0
14206,Glass Pro,Home,332.76,1.3
14207,Threat Plus,Home,334.41,1.5
14208,Film Max,Books,26.51,1.2
14209,Parent Plus,Toys,113.29,1.3
14210,Week Lite,Books,230.23,5.0
14211,Interview Pro,Home,315.18,1.3
14212,Into Lite,Sports,266.59,1.1
14213,Without Pro,Electronics,377.07,4.5
14214,Least Pro,Clothing,123.21,4.3
14215,Dog Max,Sports,63.13,4.3
14216,General Pro,Books,458.28,1.3
14217,Message Max,Toys,394.67,3.6
14218,Become Max,Electronics,180.84,3.5
14219,Meeting Pro,Beauty,79.25,4.1
14220,Among Max,Books,147.85,3.6
14221,Always Plus,Books,164.54,1.3
14222,Notice Lite,Home,282.63,4.6
14223,Smile Lite,Sports,319.46,4.0
14224,Food Max,Clothing,456.49,4.8
14225,Environmental Plus,Books,246.26,1.2
14226,Walk Pro,Books,260.09,4.0
14227,Collection Pro,Beauty,96.64,3.7
14228,Popular Pro,Toys,257.9,1.9
14229,Couple Max,Toys,374.21,2.4
14230,If Pro,Beauty,237.7,3.5
14231,There Plus,Beauty,444.02,1.5
14232,Leg Plus,Home,343.34,3.3
14233,Month Plus,Sports,423.68,4.4
14234,Reason Max,Sports,359.97,2.8
14235,So Plus,Sports,18.27,4.4
14236,Kitchen Plus,Sports,393.45,2.4
14237,Apply Lite,Beauty,368.0,2.5
14238,Team Plus,Home,333.49,2.3
14239,Exactly Plus,Home,219.67,1.9
14240,Choice Pro,Electronics,451.71,2.3
14241,Security Plus,Beauty,70.89,3.6
14242,Season Max,Toys,240.11,4.4
14243,Marriage Max,Beauty,123.21,2.9
14244,Tough Lite,Sports,51.2,3.7
14245,Throughout Max,Home,251.89,3.0
14246,Stock Lite,Home,30.84,2.0
14247,Top Lite,Books,420.86,1.0
14248,Cause Lite,Clothing,45.27,2.8
14249,Take Max,Clothing,38.02,1.9
14250,Until Lite,Beauty,400.09,3.7
14251,Effect Max,Toys,316.16,3.1
14252,Student Pro,Clothing,491.68,4.1
14253,Across Max,Beauty,329.99,2.4
14254,Notice Plus,Home,311.16,1.9
14255,Town Max,Home,408.03,1.1
14256,Thing Pro,Toys,349.01,3.4
14257,Politics Pro,Home,68.06,3.7
14258,Ago Pro,Books,371.74,1.9
14259,Region Lite,Books,314.2,3.3
14260,Everyone Plus,Books,446.99,2.8
14261,Artist Lite,Beauty,372.57,3.0
14262,Establish Pro,Sports,222.72,4.1
14263,Investment Lite,Beauty,266.57,2.3
14264,Memory Plus,Clothing,131.77,2.7
14265,Forward Pro,Beauty,129.05,2.7
14266,Chair Max,Sports,349.49,3.8
14267,Able Plus,Home,93.36,1.0
14268,Nearly Plus,Clothing,282.02,3.0
14269,Life Pro,Sports,127.06,4.4
14270,Fly Lite,Toys,427.25,2.7
14271,Question Pro,Electronics,340.07,3.5
14272,Station Plus,Electronics,235.06,1.0
14273,Really Lite,Sports,307.01,4.2
14274,Off Max,Sports,445.77,2.9
14275,National Pro,Beauty,433.87,3.2
14276,Player Pro,Clothing,90.37,2.0
14277,Theory Plus,Electronics,160.02,1.8
14278,Teacher Lite,Home,58.95,4.7
14279,Activity Pro,Home,122.77,1.4
14280,Item Plus,Sports,132.1,1.4
14281,Page Plus,Toys,472.24,2.5
14282,Strategy Lite,Electronics,404.25,1.7
14283,Usually Max,Toys,107.19,4.9
14284,Choose Lite,Beauty,42.12,4.2
14285,Federal Lite,Sports,311.75,2.4
14286,Policy Plus,Home,100.73,3.8
14287,Establish Plus,Clothing,120.18,2.6
14288,Beat Lite,Beauty,202.81,1.1
14289,Another Plus,Books,134.65,2.3
14290,Test Lite,Toys,327.48,1.3
14291,Doctor Pro,Home,186.12,2.6
14292,Choose Plus,Electronics,404.5,3.6
14293,Better Plus,Toys,405.01,4.1
14294,Author Plus,Home,256.1,1.4
14295,Rest Max,Books,36.93,4.2
14296,Key Max,Books,474.37,2.1
14297,Small Plus,Books,386.59,1.3
14298,Yourself Lite,Clothing,176.32,1.1
14299,Religious Pro,Sports,136.42,4.9
14300,Also Pro,Toys,262.76,1.2
14301,Off Plus,Clothing,301.29,3.4
14302,Culture Lite,Sports,367.24,2.5
14303,Too Max,Clothing,459.19,1.3
14304,Wonder Pro,Books,311.02,3.3
14305,International Max,Home,384.13,5.0
14306,Here Lite,Toys,121.58,3.1
14307,Artist Plus,Sports,17.81,3.4
14308,Candidate Pro,Beauty,401.42,3.6
14309,Phone Lite,Electronics,465.26,1.4
14310,White Plus,Toys,109.58,3.3
14311,Parent Max,Sports,125.72,4.8
14312,Degree Plus,Clothing,162.33,5.0
14313,Beyond Max,Toys,278.44,2.4
14314,Stand Pro,Electronics,491.27,4.5
14315,Half Max,Sports,150.07,3.3
14316,Thus Pro,Clothing,257.88,4.0
14317,Crime Max,Electronics,442.48,2.7
14318,Left Max,Toys,268.34,3.0
14319,Himself Max,Books,185.21,2.7
14320,Test Pro,Home,227.82,1.5
14321,Whatever Plus,Electronics,248.27,4.2
14322,Amount Pro,Home,74.62,4.8
14323,Little Max,Clothing,118.06,4.9
14324,Too Lite,Beauty,65.82,3.9
14325,Purpose Lite,Clothing,45.75,2.5
14326,Course Lite,Home,87.95,4.0
14327,Heart Plus,Sports,72.96,2.2
14328,Power Lite,Sports,415.34,1.1
14329,Can Lite,Sports,465.13,4.6
14330,We Pro,Beauty,130.57,2.1
14331,Return Plus,Sports,250.73,4.0
14332,Down Plus,Beauty,87.07,3.7
14333,Worker Max,Electronics,270.4,1.5
14334,Much Lite,Home,275.96,4.3
14335,Then Pro,Home,101.32,1.5
14336,Guess Plus,Electronics,109.91,2.7
14337,Professional Lite,Sports,433.96,4.8
14338,Ever Plus,Clothing,75.05,3.9
14339,Tend Max,Clothing,479.21,2.0
14340,Financial Plus,Clothing,229.23,4.5
14341,Eat Max,Home,258.66,1.3
14342,Any Lite,Books,56.49,2.4
14343,Shake Max,Beauty,390.04,4.8
14344,Structure Lite,Home,176.85,1.0
14345,Already Lite,Home,145.1,1.4
14346,Feeling Plus,Books,111.34,2.1
14347,Student Pro,Books,231.83,2.2
14348,Project Pro,Home,347.24,1.7
14349,Husband Lite,Clothing,92.41,2.0
14350,Thus Max,Books,152.96,2.1
14351,Court Max,Books,364.8,1.5
14352,Study Lite,Books,459.94,4.0
14353,Single Plus,Home,162.48,4.2
14354,Defense Plus,Clothing,359.91,4.1
14355,Risk Lite,Sports,227.98,4.6
14356,Mother Plus,Clothing,176.41,3.9
14357,School Pro,Sports,217.26,1.7
14358,Whom Pro,Books,101.62,4.3
14359,Act Plus,Electronics,133.23,4.5
14360,Company Plus,Clothing,144.47,2.0
14361,Before Max,Home,62.99,1.7
14362,Section Max,Electronics,164.75,2.7
14363,At Max,Sports,30.41,4.9
14364,Way Pro,Beauty,91.92,3.9
14365,Loss Pro,Beauty,253.26,4.6
14366,What Max,Electronics,292.23,1.5
14367,Loss Max,Sports,61.93,3.6
14368,Official Lite,Toys,76.38,3.5
14369,Individual Lite,Home,284.63,1.8
14370,Seat Max,Home,433.33,3.3
14371,Six Pro,Clothing,161.0,1.1
14372,Father Max,Clothing,242.2,3.2
14373,Economy Max,Toys,183.75,2.9
14374,Particular Max,Books,395.47,3.8
14375,Too Lite,Clothing,88.57,4.2
14376,Nature Max,Clothing,421.17,2.2
14377,Show Pro,Toys,326.16,2.9
14378,Station Pro,Electronics,120.32,4.1
14379,Medical Pro,Home,57.37,2.4
14380,Actually Plus,Beauty,167.24,2.2
14381,Career Pro,Beauty,257.5,5.0
14382,Group Lite,Toys,290.07,4.8
14383,Never Pro,Beauty,166.65,4.8
14384,Environment Pro,Toys,97.46,3.6
14385,Grow Plus,Home,481.36,1.1
14386,Return Plus,Sports,148.43,2.1
14387,Half Pro,Electronics,390.73,1.4
14388,Wind Pro,Clothing,205.85,4.3
14389,But Plus,Clothing,238.26,3.8
14390,Thank Pro,Toys,57.31,2.3
14391,Standard Plus,Beauty,143.25,3.8
14392,Happen Lite,Toys,118.48,1.5
14393,None Plus,Beauty,460.94,2.7
14394,Consider Plus,Electronics,170.93,4.9
14395,Bad Max,Toys,412.22,4.3
14396,Effort Lite,Sports,312.32,4.6
14397,Clearly Lite,Toys,245.03,4.2
14398,Air Lite,Home,337.39,3.6
14399,One Pro,Electronics,236.53,1.4
14400,Ok Pro,Sports,323.88,4.0
14401,Card Pro,Clothing,186.42,1.9
14402,May Max,Books,313.92,1.5
14403,Pretty Plus,Clothing,104.99,1.0
14404,Administration Lite,Toys,317.51,2.5
14405,Pressure Plus,Home,127.56,4.7
14406,Budget Lite,Sports,114.52,2.9
14407,Congress Plus,Electronics,36.83,2.2
14408,Have Pro,Electronics,422.82,3.8
14409,On Lite,Beauty,132.11,3.8
14410,Become Pro,Beauty,78.23,3.8
14411,Last Lite,Sports,292.43,1.5
14412,Short Max,Clothing,199.99,2.6
14413,People Lite,Beauty,64.39,1.9
14414,Senior Max,Toys,228.02,2.1
14415,Field Pro,Sports,50.96,3.2
14416,Sometimes Pro,Toys,58.22,4.6
14417,Style Max,Beauty,86.49,2.1
14418,School Lite,Clothing,83.66,2.4
14419,Behavior Lite,Beauty,412.4,2.3
14420,Our Pro,Sports,291.74,3.0
14421,Stay Lite,Toys,166.24,5.0
14422,The Pro,Books,146.07,2.0
14423,Effect Pro,Sports,449.62,2.1
14424,Business Lite,Beauty,477.93,1.8
14425,Special Lite,Beauty,140.03,3.1
14426,Note Pro,Electronics,478.2,2.7
14427,Simply Lite,Home,308.55,1.4
14428,Care Max,Clothing,467.54,5.0
14429,Be Max,Electronics,201.8,3.4
14430,Computer Max,Home,400.62,2.2
14431,Few Max,Sports,28.85,2.4
14432,Phone Lite,Beauty,410.24,3.3
14433,Drive Plus,Books,15.19,1.5
14434,Available Plus,Home,59.58,3.3
14435,Expect Plus,Beauty,191.04,1.4
14436,Degree Lite,Beauty,85.3,4.4
14437,Return Plus,Books,111.49,3.0
14438,Company Lite,Books,346.84,3.9
14439,Defense Max,Beauty,98.16,3.1
14440,Practice Plus,Home,367.8,2.3
14441,Little Max,Books,459.74,4.8
14442,Always Pro,Toys,78.15,5.0
14443,Book Pro,Electronics,237.14,4.7
14444,Another Plus,Sports,315.45,2.0
14445,Value Pro,Electronics,301.12,1.2
14446,Affect Max,Electronics,247.81,4.1
14447,Degree Pro,Home,370.6,1.5
14448,Treatment Max,Books,171.03,3.1
14449,Front Pro,Electronics,325.18,3.9
14450,Page Pro,Clothing,370.17,2.9
14451,Degree Pro,Books,426.39,3.2
14452,Grow Plus,Beauty,430.53,2.2
14453,Although Lite,Home,236.81,4.1
14454,Accept Pro,Electronics,130.71,3.6
14455,Very Max,Toys,489.53,3.4
14456,Only Plus,Books,250.99,1.7
14457,Main Lite,Books,437.88,3.2
14458,Let Plus,Beauty,333.97,4.2
14459,Check Pro,Beauty,198.52,2.0
14460,Land Pro,Toys,38.03,4.3
14461,Do Lite,Electronics,347.89,3.3
14462,Serious Pro,Books,155.24,3.6
14463,Democrat Lite,Toys,287.88,1.7
14464,Charge Lite,Clothing,414.99,2.7
14465,Have Max,Beauty,452.12,3.5
14466,Relate Max,Toys,293.12,4.5
14467,Evidence Pro,Home,450.84,2.6
14468,Public Plus,Home,181.53,1.6
14469,Senior Lite,Sports,152.27,1.1
14470,Ball Max,Electronics,419.69,4.1
14471,Food Plus,Beauty,298.89,1.0
14472,No Lite,Toys,280.92,1.4
14473,Billion Max,Books,187.54,1.2
14474,He Plus,Home,277.58,2.7
14475,Group Lite,Electronics,339.43,3.5
14476,Item Pro,Toys,55.95,1.6
14477,Receive Max,Home,64.28,4.1
14478,Push Plus,Clothing,107.13,4.6
14479,Body Max,Books,94.2,2.7
14480,Or Pro,Home,498.71,4.8
14481,More Max,Toys,211.25,2.3
14482,After Pro,Toys,449.18,1.5
14483,Image Plus,Electronics,99.01,3.6
14484,Today Lite,Clothing,413.41,4.7
14485,Safe Pro,Electronics,337.4,5.0
14486,Thought Max,Clothing,105.12,4.1
14487,Direction Max,Sports,315.74,1.2
14488,Program Max,Books,431.81,3.7
14489,Attention Pro,Books,415.85,4.5
14490,Oil Plus,Home,368.44,1.1
14491,Travel Plus,Electronics,274.55,4.1
14492,Agent Lite,Clothing,120.06,4.0
14493,Use Lite,Home,151.03,3.0
14494,Bill Lite,Toys,210.29,4.8
14495,Relate Plus,Books,100.7,1.4
14496,Say Lite,Beauty,467.15,4.4
14497,Option Max,Home,147.41,1.6
14498,Television Lite,Clothing,411.14,4.5
14499,Grow Plus,Books,185.1,3.1
14500,Business Pro,Home,195.08,3.6
14501,Statement Max,Sports,28.34,5.0
14502,Detail Max,Electronics,219.85,4.9
14503,Vote Pro,Home,6.55,3.0
14504,Democrat Pro,Toys,351.89,4.6
14505,Best Lite,Books,247.23,4.9
14506,Suggest Pro,Clothing,474.22,4.0
14507,Sort Pro,Clothing,56.4,3.2
14508,Instead Max,Books,12.53,3.6
14509,Station Plus,Beauty,358.1,3.4
14510,The Lite,Books,496.92,3.8
14511,Hair Lite,Home,448.28,3.9
14512,Site Plus,Clothing,175.19,2.6
14513,Morning Pro,Electronics,245.33,4.0
14514,Reduce Pro,Clothing,156.01,2.5
14515,Situation Plus,Sports,137.85,3.5
14516,Popular Plus,Books,193.41,4.9
14517,Food Max,Clothing,497.25,1.2
14518,Leg Max,Clothing,149.81,1.7
14519,Let Max,Home,50.32,5.0
14520,These Lite,Clothing,494.08,3.6
14521,Front Max,Sports,400.72,4.8
14522,Page Lite,Electronics,406.49,3.5
14523,Argue Plus,Sports,373.13,4.7
14524,No Pro,Electronics,161.78,4.8
14525,Doctor Max,Home,377.22,1.0
14526,Truth Max,Sports,32.5,4.2
14527,Free Plus,Sports,132.05,1.2
14528,Test Pro,Sports,387.68,3.0
14529,Could Max,Electronics,24.86,1.2
14530,Put Pro,Electronics,478.1,4.1
14531,Remain Plus,Electronics,28.79,2.3
14532,Bad Pro,Books,294.77,4.3
14533,Style Plus,Beauty,406.33,3.8
14534,Beyond Pro,Electronics,104.12,4.4
14535,Order Lite,Clothing,238.73,3.5
14536,Prove Max,Home,387.4,4.1
14537,Its Max,Toys,288.98,1.7
14538,Actually Pro,Clothing,173.56,1.9
14539,Knowledge Lite,Books,266.76,3.2
14540,Box Pro,Home,387.61,2.6
14541,List Plus,Books,234.01,4.2
14542,After Lite,Books,110.6,2.4
14543,Hold Max,Beauty,285.58,2.0
14544,Court Max,Toys,41.1,4.5
14545,Candidate Lite,Books,343.45,2.0
14546,Can Lite,Beauty,353.18,4.9
14547,Maybe Pro,Electronics,206.07,3.9
14548,Itself Lite,Sports,404.17,3.2
14549,Car Pro,Beauty,83.28,1.7
14550,Brother Lite,Sports,139.16,3.3
14551,Risk Lite,Books,229.78,4.2
14552,Surface Lite,Beauty,155.36,2.4
14553,Something Plus,Toys,311.54,4.5
14554,Wind Lite,Books,485.47,1.3
14555,Right Lite,Clothing,63.44,2.5
14556,Play Max,Beauty,372.75,1.4
14557,Money Max,Home,360.36,2.9
14558,Return Max,Clothing,395.7,1.3
14559,Contain Max,Beauty,69.18,2.6
14560,Right Lite,Sports,201.3,4.8
14561,Gas Max,Clothing,368.01,2.4
14562,Green Lite,Books,371.2,4.8
14563,Wish Max,Books,363.57,4.1
14564,Either Max,Home,90.53,4.9
14565,Yes Plus,Toys,236.96,3.6
14566,Skin Max,Electronics,472.19,4.9
14567,Away Plus,Beauty,18.06,4.4
14568,Science Max,Books,203.17,2.6
14569,Receive Pro,Sports,242.04,4.9
14570,Shake Max,Beauty,62.3,3.4
14571,Stay Max,Beauty,466.65,3.1
14572,Or Pro,Beauty,421.08,1.8
14573,Wide Lite,Electronics,223.99,3.5
14574,Up Lite,Beauty,321.09,2.3
14575,End Pro,Books,23.22,3.0
14576,Decade Lite,Electronics,343.92,2.1
14577,Single Max,Home,484.75,2.3
14578,Brother Plus,Clothing,40.34,4.7
14579,Year Plus,Clothing,339.08,4.5
14580,Design Max,Books,118.87,3.0
14581,Mrs Pro,Books,138.22,2.5
14582,Report Lite,Electronics,356.18,4.4
14583,Suddenly Plus,Books,105.78,1.1
14584,Against Lite,Books,195.54,1.8
14585,Back Lite,Books,165.54,2.3
14586,Start Pro,Electronics,66.93,1.6
14587,Claim Pro,Beauty,487.19,4.2
14588,Most Lite,Beauty,54.57,1.3
14589,Majority Pro,Books,438.62,2.0
14590,Energy Max,Electronics,498.61,3.8
14591,Fish Max,Clothing,357.56,1.7
14592,Congress Lite,Electronics,405.66,2.7
14593,Enjoy Plus,Electronics,410.95,4.7
14594,Strong Plus,Toys,267.6,3.8
14595,Low Max,Beauty,86.49,3.8
14596,Leg Plus,Books,34.88,4.7
14597,Order Pro,Beauty,472.8,3.7
14598,Level Plus,Clothing,167.23,4.4
14599,Vote Plus,Clothing,185.85,4.3
14600,They Lite,Beauty,14.02,1.5
14601,Marriage Pro,Clothing,185.3,4.7
14602,Bring Pro,Electronics,85.09,1.9
14603,Little Max,Home,365.79,2.6
14604,Daughter Max,Home,35.46,2.9
14605,Prove Lite,Home,152.73,1.1
14606,Our Pro,Books,259.94,1.7
14607,Feel Pro,Beauty,364.93,4.6
14608,Describe Lite,Toys,350.44,1.7
14609,Writer Lite,Books,163.53,1.9
14610,Large Pro,Home,406.18,4.7
14611,Long Lite,Toys,179.14,1.0
14612,Senior Plus,Toys,462.74,2.1
14613,Good Lite,Electronics,179.56,3.1
14614,Seat Max,Sports,198.95,2.9
14615,Serious Max,Beauty,253.93,4.1
14616,Development Max,Beauty,79.14,3.9
14617,Rate Plus,Home,255.19,3.1
14618,Smile Pro,Electronics,202.96,3.7
14619,Player Max,Beauty,175.52,4.8
14620,Material Max,Electronics,160.44,3.6
14621,Religious Plus,Electronics,474.54,4.5
14622,Hit Pro,Home,415.34,4.7
14623,Statement Max,Sports,225.36,2.8
14624,Parent Max,Home,456.54,3.8
14625,Exactly Pro,Electronics,438.1,3.6
14626,Month Lite,Electronics,95.69,3.5
14627,Else Pro,Home,287.21,5.0
14628,Toward Plus,Home,368.42,3.1
14629,Daughter Pro,Electronics,465.87,3.0
14630,Difference Pro,Books,387.29,1.1
14631,Discover Lite,Toys,136.29,4.5
14632,Yes Lite,Beauty,379.77,3.1
14633,May Pro,Books,56.85,2.2
14634,Sure Pro,Books,8.14,3.0
14635,Begin Plus,Home,408.33,4.0
14636,Head Pro,Books,350.57,2.6
14637,Trial Max,Clothing,297.81,4.7
14638,Film Max,Home,317.78,3.3
14639,Particularly Pro,Home,279.56,2.1
14640,Carry Pro,Books,350.89,4.4
14641,Land Max,Clothing,10.68,3.5
14642,Garden Lite,Home,388.36,3.4
14643,Organization Lite,Electronics,452.37,3.6
14644,Education Max,Toys,477.5,3.0
14645,Easy Max,Home,440.31,5.0
14646,Me Plus,Toys,421.66,2.1
14647,Purpose Plus,Books,124.8,2.8
14648,Performance Plus,Sports,190.66,4.9
14649,Wrong Lite,Toys,212.48,3.7
14650,Beat Pro,Home,151.79,2.6
14651,Life Pro,Electronics,478.9,4.2
14652,Agent Lite,Beauty,406.38,5.0
14653,Star Max,Books,40.08,3.0
14654,Direction Plus,Beauty,249.49,3.0
14655,Argue Max,Books,206.35,2.0
14656,Know Max,Clothing,165.7,1.0
14657,Design Pro,Electronics,86.94,4.7
14658,Cell Max,Sports,63.03,2.1
14659,Business Pro,Books,42.9,1.3
14660,Available Max,Electronics,404.28,3.6
14661,Series Lite,Home,132.81,3.2
14662,Sister Lite,Sports,240.16,2.7
14663,Month Lite,Clothing,98.47,3.0
14664,Would Max,Sports,38.53,2.0
14665,Night Max,Books,428.64,2.9
14666,Rise Pro,Beauty,484.4,4.0
14667,Opportunity Pro,Beauty,94.32,3.1
14668,Information Lite,Home,138.27,1.8
14669,Less Lite,Clothing,168.39,1.7
14670,Pay Lite,Sports,233.6,4.8
14671,Beyond Plus,Beauty,439.58,3.5
14672,North Lite,Home,205.82,3.4
14673,Along Max,Toys,5.74,4.1
14674,Station Max,Beauty,232.26,1.5
14675,Become Max,Sports,62.49,4.7
14676,Pm Plus,Electronics,256.84,2.6
14677,Understand Max,Clothing,414.75,2.2
14678,Read Lite,Books,119.14,2.8
14679,Growth Lite,Toys,445.25,3.2
14680,Lot Pro,Sports,104.56,3.1
14681,Year Lite,Home,351.73,3.4
14682,Beautiful Pro,Clothing,280.78,2.1
14683,Travel Max,Home,261.18,2.7
14684,Early Max,Sports,192.38,4.9
14685,Hard Lite,Beauty,448.92,1.4
14686,Fill Lite,Toys,487.58,3.4
14687,Per Lite,Books,230.57,1.3
14688,Set Max,Home,318.33,1.7
14689,Result Pro,Toys,380.92,1.1
14690,Good Max,Clothing,343.31,1.6
14691,Member Pro,Electronics,342.56,1.7
14692,Develop Plus,Beauty,9.24,3.6
14693,Which Max,Sports,137.71,2.3
14694,Glass Lite,Clothing,7.36,1.6
14695,Catch Max,Clothing,64.87,3.1
14696,We Pro,Home,313.6,1.8
14697,Service Lite,Toys,270.58,1.9
14698,Western Max,Sports,448.63,1.9
14699,High Plus,Clothing,116.62,2.0
14700,Nor Lite,Electronics,449.81,4.5
14701,Who Pro,Beauty,111.07,3.1
14702,Better Pro,Books,379.93,3.3
14703,Trade Lite,Beauty,469.12,1.7
14704,Painting Max,Clothing,344.45,1.8
14705,Man Max,Beauty,470.02,2.2
14706,Campaign Plus,Electronics,302.85,3.3
14707,Bank Pro,Electronics,256.62,1.4
14708,Others Plus,Clothing,77.62,4.7
14709,System Pro,Clothing,323.37,2.8
14710,End Lite,Sports,472.76,4.4
14711,Home Pro,Toys,133.68,3.6
14712,Those Lite,Books,226.07,1.6
14713,Home Pro,Sports,30.38,2.1
14714,Have Plus,Toys,135.37,2.0
14715,Peace Max,Sports,174.9,3.7
14716,Entire Plus,Clothing,20.76,3.0
14717,Peace Lite,Sports,30.84,1.8
14718,Rise Plus,Toys,138.07,1.9
14719,Stand Pro,Toys,452.78,5.0
14720,Toward Pro,Home,331.08,4.3
14721,Especially Max,Electronics,321.33,2.8
14722,Keep Max,Home,374.6,2.5
14723,Air Lite,Beauty,181.09,3.1
14724,Ask Plus,Electronics,364.96,4.6
14725,Measure Lite,Home,421.04,1.9
14726,Red Lite,Clothing,253.26,3.0
14727,Ball Pro,Clothing,127.09,3.9
14728,Fact Lite,Toys,339.08,2.3
14729,Forward Lite,Sports,416.62,2.5
14730,House Pro,Beauty,88.54,4.8
14731,Page Pro,Clothing,372.85,4.6
14732,Around Plus,Beauty,317.83,1.6
14733,Sometimes Pro,Beauty,399.8,2.4
14734,Marriage Max,Books,330.23,4.0
14735,Evening Lite,Home,62.34,2.8
14736,Difference Max,Home,79.86,1.3
14737,Strategy Pro,Electronics,60.61,2.3
14738,Cup Lite,Books,348.3,2.8
14739,Up Lite,Home,127.66,1.4
14740,Be Plus,Home,359.16,4.5
14741,Approach Lite,Sports,304.4,3.4
14742,Whose Pro,Toys,356.08,4.8
14743,Rather Plus,Home,315.8,3.1
14744,Air Pro,Clothing,13.98,1.7
14745,With Lite,Toys,289.93,1.5
14746,Exactly Pro,Electronics,282.23,1.9
14747,Data Pro,Beauty,242.51,4.9
14748,Check Lite,Sports,159.93,3.7
14749,Reduce Max,Beauty,314.57,1.2
14750,Smile Max,Beauty,471.88,4.7
14751,Quality Max,Toys,187.74,1.8
14752,Value Max,Home,369.15,1.4
14753,By Lite,Toys,348.7,4.2
14754,Move Lite,Beauty,450.15,3.5
14755,Have Pro,Toys,310.14,3.0
14756,Eye Lite,Beauty,424.64,3.3
14757,Institution Max,Clothing,348.63,3.6
14758,Structure Max,Toys,417.61,3.1
14759,Trouble Max,Beauty,121.47,4.2
14760,Center Plus,Clothing,437.74,1.4
14761,Long Pro,Home,93.37,2.1
14762,Issue Plus,Toys,232.69,2.7
14763,Reflect Max,Electronics,385.35,3.2
14764,Your Plus,Beauty,38.36,3.3
14765,Relate Lite,Beauty,199.5,1.2
14766,Draw Plus,Sports,308.1,3.2
14767,What Plus,Toys,437.29,2.0
14768,Sell Lite,Beauty,36.81,3.2
14769,Theory Pro,Electronics,57.37,2.1
14770,Value Max,Home,390.21,1.7
14771,Between Lite,Home,118.13,3.9
14772,Fear Pro,Beauty,249.69,2.3
14773,Prove Lite,Clothing,427.87,1.1
14774,Material Max,Sports,367.21,4.7
14775,We Max,Home,347.19,4.3
14776,Nearly Max,Electronics,345.19,4.4
14777,Simply Max,Home,390.4,3.9
14778,Soon Max,Clothing,39.18,1.5
14779,Field Lite,Clothing,147.16,3.9
14780,Notice Plus,Toys,120.76,1.6
14781,Your Plus,Home,379.76,4.2
14782,Growth Plus,Clothing,235.24,2.9
14783,Firm Lite,Home,18.15,1.8
14784,Them Lite,Home,459.68,2.3
14785,Rather Plus,Books,448.81,4.0
14786,Attention Plus,Toys,271.43,2.0
14787,Authority Plus,Toys,314.73,3.0
14788,Effort Pro,Home,349.04,4.0
14789,Certainly Plus,Toys,83.35,1.5
14790,Give Pro,Toys,251.26,4.0
14791,Else Plus,Toys,14.62,2.0
14792,Box Pro,Beauty,455.43,1.3
14793,Market Pro,Electronics,20.82,4.4
14794,Fine Plus,Beauty,122.05,4.5
14795,Pull Max,Sports,207.27,2.9
14796,Set Lite,Electronics,295.48,2.9
14797,Market Pro,Clothing,456.22,1.7
14798,Quality Pro,Sports,260.03,3.5
14799,Today Max,Beauty,338.66,1.6
14800,Side Lite,Sports,149.09,2.5
14801,Though Lite,Sports,484.2,4.1
14802,Choice Plus,Clothing,224.63,4.7
14803,Laugh Max,Books,144.93,2.8
14804,Seven Plus,Toys,42.53,2.2
14805,Business Plus,Home,281.24,2.8
14806,Role Lite,Clothing,434.32,3.7
14807,Try Plus,Electronics,113.26,2.7
14808,Natural Max,Clothing,229.06,1.3
14809,Table Max,Books,488.47,3.4
14810,Baby Max,Electronics,274.58,3.1
14811,Maintain Plus,Beauty,19.4,1.3
14812,Speech Pro,Clothing,473.5,4.8
14813,Form Plus,Clothing,161.45,4.7
14814,When Pro,Books,219.99,1.3
14815,Thought Max,Home,89.82,3.8
14816,Improve Pro,Beauty,103.89,2.3
14817,Very Max,Toys,483.97,3.0
14818,Theory Lite,Books,118.76,3.7
14819,Strategy Max,Beauty,130.8,3.9
14820,Career Pro,Toys,88.05,4.5
14821,Protect Max,Electronics,26.35,2.0
14822,Candidate Pro,Beauty,490.23,3.2
14823,Pattern Pro,Clothing,149.36,4.7
14824,Month Plus,Sports,212.36,4.6
14825,Pressure Plus,Beauty,107.08,1.8
14826,Pretty Pro,Home,88.9,4.0
14827,My Pro,Beauty,306.65,4.5
14828,Network Plus,Books,44.78,2.9
14829,Too Lite,Beauty,60.6,3.9
14830,Firm Pro,Sports,299.75,2.5
14831,Shake Pro,Beauty,148.83,2.3
14832,Song Max,Electronics,256.83,4.9
14833,Just Plus,Books,128.62,3.1
14834,Activity Pro,Beauty,134.87,2.5
14835,Final Plus,Beauty,148.56,3.7
14836,Center Max,Sports,129.83,4.7
14837,Within Pro,Electronics,418.65,2.5
14838,Big Max,Beauty,229.13,4.3
14839,Hour Plus,Clothing,73.9,4.9
14840,Stage Lite,Home,393.77,3.6
14841,People Lite,Electronics,68.74,1.7
14842,Half Max,Sports,406.82,3.6
14843,Over Max,Home,88.53,2.1
14844,Son Lite,Sports,390.6,4.2
14845,Six Lite,Sports,10.88,3.7
14846,Property Plus,Beauty,162.01,1.5
14847,Similar Lite,Toys,216.83,4.9
14848,Prevent Max,Clothing,311.27,2.8
14849,Now Plus,Beauty,99.67,1.0
14850,Yard Plus,Books,447.5,2.6
14851,Matter Pro,Home,215.98,2.6
14852,Family Plus,Beauty,461.42,1.1
14853,Never Pro,Home,108.27,3.9
14854,Enjoy Max,Beauty,481.61,1.4
14855,Bad Plus,Books,268.74,1.9
14856,Bring Pro,Books,319.04,4.1
14857,Since Lite,Books,17.56,3.9
14858,Sit Pro,Beauty,184.22,2.3
14859,Name Lite,Sports,263.68,3.2
14860,Early Pro,Sports,139.29,1.7
14861,Since Max,Beauty,115.84,2.3
14862,Perform Plus,Electronics,355.99,1.5
14863,Language Max,Books,451.81,1.3
14864,Probably Plus,Toys,153.53,4.8
14865,Improve Plus,Clothing,210.68,2.0
14866,Poor Pro,Books,271.75,2.6
14867,Discussion Pro,Home,7.96,4.8
14868,Power Lite,Clothing,171.95,3.8
14869,Follow Plus,Books,305.08,1.3
14870,Family Max,Home,464.99,1.3
14871,Fight Pro,Beauty,338.3,2.1
14872,Central Plus,Clothing,462.52,1.3
14873,Wish Lite,Home,342.67,4.9
14874,Produce Pro,Toys,93.88,2.3
14875,Pattern Plus,Books,498.51,3.0
14876,Middle Lite,Clothing,444.42,3.4
14877,Move Plus,Beauty,466.9,4.4
14878,City Plus,Sports,212.53,3.5
14879,Produce Plus,Books,43.63,3.3
14880,Final Plus,Books,323.74,3.8
14881,Local Max,Toys,94.44,2.9
14882,Fall Plus,Beauty,383.53,2.2
14883,Particularly Plus,Books,448.21,4.7
14884,Quickly Plus,Electronics,201.43,3.1
14885,Economy Lite,Sports,172.95,3.9
14886,Office Max,Books,272.45,2.5
14887,Language Plus,Books,377.63,3.9
14888,Win Max,Toys,235.87,2.5
14889,Subject Pro,Electronics,364.38,2.3
14890,Owner Lite,Clothing,239.03,1.2
14891,Follow Pro,Sports,175.42,4.8
14892,But Plus,Clothing,197.92,4.6
14893,Near Pro,Beauty,33.13,2.5
14894,Choose Plus,Toys,296.0,1.1
14895,Material Lite,Books,202.03,4.3
14896,Again Plus,Sports,382.04,2.1
14897,Adult Plus,Electronics,202.86,3.7
14898,Seem Lite,Beauty,390.63,4.4
14899,Over Max,Home,170.69,3.8
14900,Player Max,Beauty,262.75,3.9
14901,Understand Max,Clothing,328.69,2.1
14902,These Max,Sports,81.56,4.4
14903,Customer Lite,Beauty,344.46,3.0
14904,While Max,Sports,8.95,4.7
14905,Outside Plus,Home,220.21,1.8
14906,Season Plus,Beauty,226.99,3.8
14907,Throw Pro,Electronics,285.86,1.1
14908,Statement Pro,Electronics,24.43,1.8
14909,Account Max,Sports,211.98,2.6
14910,Actually Pro,Home,282.56,3.0
14911,Five Plus,Toys,132.13,3.8
14912,Court Pro,Home,486.58,1.6
14913,Minute Plus,Sports,245.7,2.7
14914,Garden Pro,Clothing,432.49,3.4
14915,Staff Lite,Toys,85.09,1.2
14916,Event Pro,Clothing,70.89,4.5
14917,Lot Pro,Books,478.53,2.5
14918,Coach Plus,Books,493.44,4.9
14919,Nice Max,Home,41.15,3.4
14920,Single Plus,Sports,200.22,1.5
14921,Go Max,Books,72.47,4.0
14922,Material Max,Clothing,267.61,1.4
14923,Item Pro,Toys,376.82,4.5
14924,Popular Pro,Electronics,222.07,4.0
14925,Couple Lite,Books,201.14,3.2
14926,Interview Lite,Beauty,455.53,2.1
14927,Century Pro,Home,372.97,1.0
14928,Leader Max,Electronics,464.68,4.8
14929,Brother Max,Electronics,429.11,4.4
14930,Technology Max,Books,301.28,2.5
14931,Accept Pro,Toys,247.56,1.3
14932,Choice Pro,Toys,378.1,3.5
14933,Central Plus,Books,56.77,1.4
14934,Site Lite,Beauty,367.75,2.6
14935,Voice Plus,Beauty,344.22,3.2
14936,Side Max,Beauty,360.47,3.7
14937,Last Max,Sports,69.68,3.1
14938,Oil Pro,Clothing,407.05,2.2
14939,First Plus,Clothing,444.12,2.5
14940,Tree Lite,Sports,334.87,1.1
14941,Put Max,Electronics,330.57,3.7
14942,Would Pro,Books,462.58,3.4
14943,Reason Lite,Clothing,164.18,4.5
14944,Student Lite,Beauty,185.84,4.8
14945,Represent Pro,Toys,288.32,2.5
14946,Data Plus,Electronics,171.68,4.9
14947,Energy Lite,Books,183.61,3.7
14948,Effort Pro,Books,159.96,4.1
14949,Dream Pro,Electronics,72.73,3.6
14950,Fish Max,Beauty,274.91,2.9
14951,See Plus,Electronics,127.21,4.0
14952,Color Plus,Electronics,424.59,4.8
14953,Allow Pro,Clothing,478.32,1.4
14954,Television Pro,Electronics,146.72,3.2
14955,Together Plus,Books,76.41,1.2
14956,Popular Pro,Beauty,145.78,2.7
14957,Society Lite,Clothing,176.79,4.8
14958,Various Plus,Sports,261.02,4.3
14959,Remember Max,Clothing,310.58,4.8
14960,Need Lite,Toys,136.81,4.2
14961,Bed Plus,Electronics,13.75,4.9
14962,Employee Plus,Home,111.33,3.9
14963,Keep Max,Sports,434.41,3.6
14964,One Pro,Home,494.74,4.3
14965,Degree Lite,Sports,260.59,3.0
14966,Staff Max,Books,380.58,4.9
14967,Building Max,Beauty,318.19,3.3
14968,Anyone Lite,Electronics,233.75,2.5
14969,Beat Max,Electronics,155.56,2.9
14970,Throw Pro,Books,262.92,3.8
14971,Spend Plus,Home,69.23,4.5
14972,Significant Max,Books,174.72,3.2
14973,Allow Plus,Toys,366.24,1.9
14974,Actually Max,Clothing,349.89,2.6
14975,Ask Max,Toys,68.11,1.2
14976,First Max,Books,267.1,2.8
14977,Knowledge Max,Clothing,429.14,1.3
14978,Despite Plus,Books,214.9,2.5
14979,Financial Pro,Clothing,267.46,4.2
14980,Break Lite,Sports,151.09,4.6
14981,President Lite,Sports,86.9,1.8
14982,Phone Plus,Electronics,423.17,4.3
14983,Realize Pro,Sports,465.94,2.1
14984,Must Lite,Clothing,112.82,2.5
14985,Paper Pro,Beauty,272.0,4.3
14986,Full Max,Toys,130.81,3.7
14987,Family Plus,Sports,14.77,3.9
14988,Lawyer Plus,Home,254.39,3.7
14989,Your Plus,Books,167.04,3.7
14990,Plant Max,Clothing,179.01,4.4
14991,Seek Plus,Home,263.67,2.9
14992,Only Lite,Sports,220.19,4.1
14993,Strategy Lite,Books,484.6,3.3
14994,Figure Plus,Home,173.93,1.3
14995,Expert Max,Clothing,402.84,1.5
14996,Card Plus,Toys,223.41,3.4
14997,Every Max,Toys,97.58,4.4
14998,While Pro,Home,195.76,3.5
14999,Run Lite,Clothing,99.49,4.2
15000,After Lite,Beauty,276.02,1.3
15001,Voice Lite,Clothing,374.62,3.9
15002,International Max,Sports,162.47,4.5
15003,Describe Plus,Beauty,114.1,1.7
15004,Prove Pro,Books,296.85,3.1
15005,Most Max,Home,77.54,1.9
15006,Half Pro,Home,172.28,2.4
15007,Probably Max,Sports,236.14,3.5
15008,Goal Plus,Home,326.84,1.9
15009,Professor Plus,Books,488.36,2.4
15010,Five Max,Home,441.83,2.7
15011,Wall Lite,Books,462.27,3.5
15012,From Plus,Toys,483.97,3.5
15013,Hold Pro,Books,339.55,4.5
15014,Concern Plus,Clothing,319.51,3.6
15015,Financial Plus,Toys,257.57,2.3
15016,Thus Pro,Books,336.32,3.7
15017,Figure Lite,Sports,432.76,4.8
15018,Everyone Max,Home,268.4,2.6
15019,By Pro,Home,160.06,2.3
15020,Necessary Pro,Electronics,465.2,2.4
15021,Up Lite,Books,402.6,1.2
15022,Tree Lite,Toys,299.6,3.2
15023,American Plus,Toys,378.83,4.5
15024,Capital Pro,Electronics,189.25,3.1
15025,Meeting Pro,Electronics,246.56,3.9
15026,Read Plus,Toys,67.4,2.8
15027,More Pro,Toys,44.2,1.7
15028,Argue Plus,Beauty,110.83,1.5
15029,Money Plus,Clothing,325.83,2.0
15030,Performance Pro,Home,29.04,3.6
15031,More Pro,Toys,52.78,3.5
15032,Interest Plus,Home,307.0,2.4
15033,We Max,Books,383.09,4.4
15034,Affect Max,Sports,469.45,1.3
15035,Rise Lite,Sports,226.51,3.3
15036,Mother Pro,Sports,69.84,2.0
15037,You Plus,Sports,57.16,4.8
15038,There Plus,Toys,126.98,2.4
15039,Stay Plus,Books,313.61,1.6
15040,Yard Max,Clothing,406.81,4.2
15041,Turn Max,Toys,153.16,3.5
15042,Hospital Pro,Books,207.81,2.0
15043,Assume Max,Electronics,224.22,4.1
15044,Argue Pro,Sports,33.42,3.6
15045,See Plus,Clothing,386.58,1.3
15046,Suffer Pro,Beauty,347.49,4.0
15047,All Plus,Toys,13.0,1.3
15048,Woman Plus,Beauty,470.09,1.8
15049,Support Pro,Sports,163.13,4.7
15050,War Lite,Beauty,98.83,3.2
15051,Station Max,Electronics,78.57,2.2
15052,Green Plus,Electronics,479.69,3.3
15053,As Plus,Clothing,131.68,1.4
15054,Interest Lite,Sports,424.04,1.1
15055,Beyond Lite,Books,347.78,2.8
15056,Edge Plus,Books,376.85,2.9
15057,International Plus,Sports,69.3,3.3
15058,Voice Max,Home,276.42,1.4
15059,Tell Pro,Books,439.45,4.6
15060,Agree Max,Toys,309.75,3.2
15061,Hot Pro,Toys,236.92,1.5
15062,Whether Pro,Toys,414.45,4.1
15063,Lawyer Lite,Sports,442.68,3.7
15064,Marriage Lite,Books,270.17,1.2
15065,Opportunity Max,Clothing,224.52,2.9
15066,Choose Plus,Sports,7.87,1.4
15067,Later Pro,Home,379.98,4.5
15068,Determine Max,Books,92.54,3.4
15069,Western Lite,Books,451.62,2.4
15070,Surface Pro,Sports,403.24,1.2
15071,Trial Plus,Home,152.08,1.6
15072,We Pro,Toys,380.31,3.2
15073,Hospital Pro,Home,108.26,2.1
15074,Sense Max,Toys,364.48,1.4
15075,Phone Lite,Clothing,169.18,4.5
15076,Security Lite,Books,96.72,1.9
15077,Already Max,Books,109.32,2.0
15078,Expect Plus,Clothing,488.93,4.9
15079,My Plus,Beauty,311.25,3.0
15080,Late Max,Clothing,84.85,2.3
15081,Dog Max,Books,18.0,4.8
15082,Field Max,Home,467.38,2.0
15083,Enter Plus,Sports,291.66,1.8
15084,Administration Lite,Home,437.8,1.9
15085,Threat Plus,Electronics,173.05,4.5
15086,Everyone Plus,Sports,170.81,1.7
15087,Focus Pro,Toys,342.99,3.5
15088,Health Max,Sports,454.23,1.1
15089,Job Lite,Electronics,318.78,1.9
15090,Ability Lite,Clothing,482.96,5.0
15091,Skill Max,Clothing,340.56,3.2
15092,Factor Max,Beauty,154.35,4.7
15093,Surface Max,Books,418.64,4.2
15094,Reason Max,Electronics,160.37,3.9
15095,Human Max,Beauty,103.14,2.5
15096,Cup Lite,Sports,378.96,2.6
15097,Service Lite,Beauty,190.75,3.5
15098,Around Lite,Beauty,40.1,3.3
15099,Data Lite,Toys,348.42,4.4
15100,Represent Lite,Books,401.65,3.9
15101,Tough Max,Sports,85.0,2.6
15102,Action Plus,Clothing,248.34,2.3
15103,Outside Lite,Toys,444.69,3.2
15104,Day Pro,Beauty,325.42,3.1
15105,Bring Plus,Electronics,201.79,2.7
15106,Game Max,Clothing,407.7,1.7
15107,Foreign Pro,Beauty,45.45,2.4
15108,Seven Pro,Home,257.77,2.2
15109,Contain Plus,Home,7.82,2.4
15110,Congress Lite,Sports,289.07,1.3
15111,Nor Lite,Electronics,472.08,2.7
15112,Fine Lite,Home,201.39,1.4
15113,Protect Max,Home,243.83,3.6
15114,Culture Lite,Beauty,446.17,2.8
15115,Long Max,Books,55.17,3.1
15116,Season Lite,Books,209.55,4.3
15117,Cut Max,Clothing,154.48,3.4
15118,Data Plus,Toys,168.71,2.3
15119,Tend Max,Clothing,353.95,4.5
15120,Standard Pro,Beauty,412.11,2.2
15121,Analysis Plus,Electronics,174.36,2.7
15122,Speech Plus,Sports,410.44,3.7
15123,Need Plus,Electronics,88.05,3.3
15124,Those Max,Clothing,387.98,2.2
15125,Least Pro,Books,194.04,4.2
15126,Attack Plus,Beauty,367.33,4.1
15127,East Max,Books,337.76,4.4
15128,Hit Pro,Toys,146.7,3.4
15129,Myself Plus,Clothing,378.0,3.6
15130,Show Max,Beauty,28.61,4.7
15131,Watch Pro,Toys,368.11,3.8
15132,Benefit Plus,Home,346.46,4.5
15133,Gas Lite,Toys,410.77,3.1
15134,Month Plus,Toys,265.25,2.8
15135,Scientist Max,Electronics,231.47,3.1
15136,Teach Pro,Home,310.48,2.0
15137,Glass Pro,Sports,276.54,1.6
15138,Fly Plus,Sports,45.65,3.9
15139,Husband Plus,Sports,33.15,1.5
15140,Might Max,Sports,287.89,3.7
15141,Include Lite,Toys,15.37,4.0
15142,Station Pro,Beauty,36.97,4.2
15143,Number Lite,Sports,444.39,3.4
15144,Deep Lite,Sports,395.32,4.4
15145,Field Plus,Books,88.49,1.3
15146,Thought Max,Clothing,447.53,2.2
15147,Question Lite,Books,45.53,1.7
15148,Section Max,Beauty,341.45,4.4
15149,Though Max,Sports,232.8,3.2
15150,Mother Pro,Sports,121.77,2.8
15151,Toward Lite,Clothing,454.8,3.2
15152,Bag Pro,Electronics,19.64,3.6
15153,Campaign Max,Books,204.0,4.3
15154,Attention Pro,Toys,481.86,3.2
15155,Red Lite,Books,335.42,3.3
15156,Maintain Plus,Clothing,203.17,4.5
15157,Rather Pro,Sports,170.8,3.0
15158,Opportunity Pro,Beauty,220.23,2.8
15159,Attorney Pro,Books,464.57,4.1
15160,Staff Lite,Toys,345.15,3.4
15161,Particularly Max,Books,142.96,1.2
15162,Cold Plus,Books,79.11,3.6
15163,Player Max,Clothing,426.87,3.3
15164,Value Lite,Toys,268.74,4.6
15165,Peace Plus,Beauty,333.1,3.2
15166,Trouble Plus,Books,483.19,4.8
15167,Free Lite,Electronics,495.39,1.3
15168,So Max,Books,286.9,1.1
15169,Reality Max,Toys,252.38,3.8
15170,Thousand Max,Home,75.88,2.3
15171,Box Plus,Books,357.45,4.2
15172,Guy Plus,Electronics,59.89,4.4
15173,Politics Plus,Electronics,355.17,2.9
15174,Summer Plus,Clothing,419.52,3.0
15175,Weight Plus,Sports,190.0,2.2
15176,Art Plus,Electronics,370.54,1.2
15177,Participant Plus,Books,208.87,2.1
15178,Force Lite,Beauty,126.18,4.2
15179,Happy Lite,Home,362.62,1.5
15180,Second Plus,Beauty,172.59,4.7
15181,Knowledge Plus,Home,489.89,2.8
15182,Mother Lite,Clothing,367.99,2.2
15183,Opportunity Plus,Toys,171.36,1.9
15184,Something Max,Electronics,117.34,2.6
15185,Assume Pro,Toys,307.87,3.3
15186,Practice Max,Home,367.11,2.0
15187,Today Plus,Electronics,318.03,3.9
15188,Technology Lite,Clothing,434.37,4.4
15189,Section Max,Toys,199.51,1.8
15190,Person Pro,Sports,113.2,1.3
15191,National Pro,Beauty,219.49,3.2
15192,Us Pro,Home,146.03,2.6
15193,Interesting Pro,Sports,77.56,2.0
15194,Report Plus,Books,154.73,2.5
15195,Similar Plus,Home,114.44,2.5
15196,Book Max,Home,101.54,3.8
15197,Draw Pro,Clothing,458.64,1.6
15198,Easy Max,Clothing,109.35,1.2
15199,Us Lite,Toys,95.62,1.2
15200,Myself Plus,Beauty,376.03,4.9
15201,Occur Max,Electronics,154.61,3.1
15202,During Max,Home,362.9,4.7
15203,Central Pro,Clothing,119.72,2.3
15204,Since Plus,Toys,352.29,4.2
15205,Water Max,Sports,249.69,2.9
15206,Door Lite,Beauty,8.39,1.7
15207,Push Max,Beauty,417.29,3.5
15208,Meeting Max,Electronics,38.62,1.8
15209,Son Pro,Sports,146.47,4.5
15210,Author Lite,Sports,8.49,3.2
15211,Nation Lite,Electronics,462.38,4.7
15212,Say Lite,Beauty,321.06,4.7
15213,Wear Pro,Clothing,303.97,3.2
15214,Return Max,Toys,491.58,3.3
15215,When Lite,Beauty,123.57,4.4
15216,High Plus,Beauty,116.01,2.0
15217,Scene Pro,Sports,14.54,3.7
15218,If Max,Beauty,102.86,1.9
15219,Reflect Plus,Sports,230.71,4.1
15220,Letter Max,Sports,205.27,2.2
15221,Another Pro,Books,251.98,2.7
15222,Suggest Lite,Books,444.93,2.7
15223,Practice Lite,Beauty,58.31,1.4
15224,From Pro,Electronics,202.01,4.8
15225,Politics Lite,Sports,449.57,4.2
15226,Friend Max,Clothing,465.72,1.3
15227,Listen Plus,Sports,254.77,3.8
15228,Officer Lite,Sports,339.89,5.0
15229,Specific Max,Sports,326.52,1.2
15230,Amount Pro,Sports,281.97,4.2
15231,Various Pro,Electronics,242.99,1.9
15232,More Max,Sports,447.97,4.4
15233,Create Plus,Books,498.28,2.8
15234,Process Max,Toys,22.14,3.5
15235,Their Lite,Books,66.19,3.0
15236,Act Max,Books,382.02,2.1
15237,Best Max,Books,127.84,2.2
15238,Position Lite,Beauty,380.25,1.4
15239,Phone Plus,Beauty,169.12,2.1
15240,Trial Plus,Electronics,81.87,3.3
15241,Because Max,Electronics,32.37,1.3
15242,Me Plus,Electronics,300.6,1.4
15243,System Lite,Sports,123.81,3.4
15244,Officer Max,Clothing,484.84,4.6
15245,Rock Pro,Sports,374.99,1.6
15246,Friend Lite,Clothing,177.36,2.3
15247,Those Plus,Clothing,57.66,4.7
15248,Finish Max,Home,420.58,2.2
15249,Pay Pro,Beauty,236.93,4.1
15250,Leader Plus,Toys,338.12,3.2
15251,Easy Plus,Electronics,346.44,4.7
15252,Else Plus,Sports,97.55,4.8
15253,Else Max,Sports,435.04,2.2
15254,Treatment Plus,Books,397.58,3.2
15255,Month Pro,Electronics,474.86,3.8
15256,Father Lite,Electronics,28.25,1.1
15257,Minute Max,Books,460.84,3.5
15258,Concern Max,Electronics,196.52,1.4
15259,Strategy Plus,Home,280.98,4.4
15260,Step Lite,Electronics,163.39,1.6
15261,Million Pro,Electronics,158.45,4.6
15262,When Pro,Toys,185.53,2.7
15263,Certainly Pro,Books,422.32,3.0
15264,Notice Lite,Sports,499.95,2.9
15265,Week Pro,Books,67.25,1.2
15266,Important Lite,Home,109.29,1.1
15267,Change Plus,Beauty,273.8,2.8
15268,Laugh Max,Home,116.05,1.7
15269,Interview Lite,Books,62.25,1.9
15270,Fly Max,Books,278.24,1.2
15271,Night Max,Sports,461.57,1.2
15272,My Plus,Sports,240.92,1.1
15273,Everything Max,Toys,111.2,3.2
15274,Direction Max,Books,403.31,4.4
15275,Mr Plus,Clothing,236.88,3.7
15276,Everyone Lite,Home,449.2,4.6
15277,Police Max,Clothing,256.22,2.6
15278,Open Pro,Books,52.39,1.4
15279,Far Max,Books,420.42,1.9
15280,Kitchen Lite,Beauty,455.44,3.9
15281,Form Max,Toys,157.16,2.4
15282,Sing Lite,Home,365.95,3.6
15283,Power Lite,Sports,120.15,5.0
15284,Change Pro,Books,409.24,1.9
15285,Model Pro,Sports,334.21,4.7
15286,Least Lite,Beauty,389.83,3.0
15287,As Lite,Sports,259.19,2.4
15288,However Lite,Electronics,428.04,2.7
15289,Blue Max,Books,475.76,3.1
15290,Official Pro,Sports,375.83,4.2
15291,Individual Lite,Beauty,36.19,3.3
15292,Response Lite,Toys,123.9,4.7
15293,Model Max,Clothing,38.27,4.3
15294,Door Max,Sports,267.53,4.0
15295,Continue Lite,Books,204.47,3.2
15296,Head Pro,Toys,82.38,1.5
15297,Time Pro,Books,99.05,3.8
15298,Employee Plus,Toys,338.72,3.3
15299,Wear Max,Home,299.06,1.3
15300,Military Max,Toys,372.8,2.6
15301,Carry Pro,Beauty,98.49,2.5
15302,Outside Pro,Books,220.21,3.5
15303,Institution Pro,Electronics,366.43,1.2
15304,Issue Plus,Beauty,452.77,4.7
15305,Serve Lite,Electronics,7.74,4.3
15306,Whose Pro,Toys,345.29,2.7
15307,Drive Pro,Electronics,369.31,3.2
15308,Man Max,Toys,59.34,4.7
15309,Improve Max,Books,417.02,3.9
15310,Song Plus,Clothing,91.68,2.5
15311,Practice Max,Sports,381.78,4.4
15312,Beat Plus,Toys,463.73,1.8
15313,State Plus,Books,69.98,4.9
15314,Sort Plus,Electronics,398.95,4.7
15315,Debate Max,Books,499.59,4.6
15316,Decision Pro,Electronics,71.69,3.3
15317,Show Plus,Toys,355.83,4.4
15318,Take Pro,Beauty,117.84,1.2
15319,Around Pro,Clothing,76.96,2.9
15320,Hold Lite,Electronics,488.21,3.1
15321,Voice Plus,Books,490.54,3.0
15322,Apply Lite,Toys,72.5,1.9
15323,Share Pro,Sports,282.81,3.7
15324,Establish Max,Toys,219.74,1.7
15325,Much Lite,Beauty,74.05,3.1
15326,Have Lite,Electronics,196.89,1.9
15327,Religious Lite,Books,248.15,3.6
15328,Computer Max,Home,323.08,2.7
15329,Trip Max,Beauty,337.51,4.3
15330,Here Pro,Books,187.51,1.3
15331,Up Lite,Sports,326.74,1.0
15332,Environment Lite,Toys,180.73,3.9
15333,Detail Max,Electronics,148.28,2.0
15334,Article Lite,Beauty,60.25,4.6
15335,Why Max,Sports,197.63,2.9
15336,Woman Lite,Clothing,123.33,3.0
15337,Go Max,Electronics,487.46,3.5
15338,About Pro,Clothing,306.62,1.9
15339,Central Pro,Electronics,274.76,4.2
15340,Age Pro,Clothing,305.58,1.3
15341,Create Lite,Electronics,248.33,2.5
15342,Source Plus,Beauty,397.36,1.7
15343,Job Plus,Clothing,129.91,2.2
15344,Service Lite,Clothing,469.84,2.3
15345,Five Lite,Books,465.98,3.5
15346,Fill Plus,Books,446.78,1.1
15347,Before Max,Clothing,279.53,3.1
15348,Lead Pro,Home,44.69,4.8
15349,Act Pro,Beauty,442.93,3.7
15350,Hope Pro,Home,116.74,4.3
15351,Successful Max,Home,65.41,2.5
15352,Form Lite,Books,150.64,3.1
15353,Study Plus,Toys,262.28,2.7
15354,Third Plus,Clothing,31.02,4.8
15355,Mouth Max,Clothing,265.01,4.1
15356,Stock Max,Home,34.97,3.4
15357,History Max,Clothing,241.07,3.8
15358,Same Pro,Clothing,192.98,2.4
15359,Situation Lite,Beauty,94.38,2.5
15360,Candidate Pro,Clothing,121.64,3.9
15361,Hair Pro,Electronics,256.33,3.0
15362,Candidate Lite,Sports,270.49,1.1
15363,Build Lite,Sports,342.44,1.4
15364,Human Max,Sports,260.52,3.8
15365,Cold Plus,Clothing,246.6,4.1
15366,Guy Lite,Beauty,27.84,3.3
15367,Various Lite,Home,496.24,3.1
15368,Operation Pro,Sports,104.93,4.5
15369,Mouth Lite,Toys,23.9,1.6
15370,Woman Pro,Sports,146.09,2.6
15371,Information Max,Clothing,178.79,2.8
15372,After Max,Home,34.11,4.4
15373,Decision Lite,Books,176.83,4.3
15374,Bank Plus,Clothing,148.94,3.2
15375,No Lite,Electronics,428.1,3.6
15376,Artist Plus,Home,333.76,5.0
15377,Marriage Pro,Sports,227.8,2.0
15378,Generation Max,Clothing,377.0,3.6
15379,Feel Max,Beauty,421.5,2.7
15380,Trip Max,Beauty,318.95,3.8
15381,Hour Lite,Electronics,298.75,3.0
15382,For Max,Toys,489.8,2.1
15383,Turn Plus,Books,189.7,2.4
15384,Remain Max,Books,13.81,2.7
15385,Class Max,Clothing,240.15,3.8
15386,Beyond Max,Home,147.79,4.1
15387,Fire Lite,Toys,474.22,3.0
15388,Big Max,Electronics,149.55,2.0
15389,Carry Plus,Electronics,326.19,1.2
15390,Exist Lite,Beauty,107.03,1.1
15391,And Max,Toys,376.76,3.2
15392,Down Plus,Clothing,78.86,1.3
15393,Perform Max,Home,182.69,2.3
15394,Pressure Plus,Books,241.15,3.7
15395,Want Max,Home,199.76,1.9
15396,Although Max,Electronics,203.02,3.1
15397,Ask Lite,Electronics,87.66,4.3
15398,Skill Plus,Toys,143.27,1.0
15399,Board Max,Toys,420.15,3.3
15400,Picture Lite,Beauty,347.11,3.8
15401,Nearly Lite,Home,403.54,3.4
15402,Finally Max,Books,113.4,3.8
15403,Contain Lite,Toys,197.83,4.2
15404,Chance Lite,Books,79.03,4.2
15405,Present Max,Toys,209.77,4.4
15406,Let Max,Home,368.63,1.2
15407,From Max,Home,37.33,1.4
15408,Black Plus,Home,113.3,4.2
15409,Serve Pro,Sports,369.52,2.8
15410,Rate Plus,Books,296.91,4.2
15411,Meeting Lite,Books,245.84,3.9
15412,Point Pro,Toys,143.64,1.9
15413,Fill Max,Home,367.02,2.5
15414,It Plus,Beauty,55.11,2.7
15415,Mind Plus,Home,79.43,4.3
15416,Beyond Max,Beauty,207.65,4.6
15417,Lawyer Plus,Clothing,24.1,4.9
15418,None Max,Clothing,355.79,3.6
15419,Face Pro,Home,252.56,4.0
15420,Home Lite,Toys,212.27,3.5
15421,Anyone Pro,Electronics,254.29,2.8
15422,Film Pro,Sports,195.1,2.5
15423,Director Plus,Home,113.84,4.0
15424,Property Pro,Electronics,179.87,3.7
15425,Establish Plus,Clothing,152.95,4.1
15426,Serious Plus,Beauty,174.87,5.0
15427,Along Pro,Beauty,150.61,3.5
15428,Present Lite,Home,380.02,4.1
15429,Want Max,Beauty,120.87,3.6
15430,Far Pro,Home,428.26,4.5
15431,Write Pro,Beauty,225.22,4.5
15432,Court Max,Beauty,199.87,5.0
15433,Soldier Plus,Clothing,325.46,4.5
15434,Change Plus,Home,414.73,1.9
15435,Six Plus,Home,119.0,2.5
15436,Sound Plus,Clothing,204.5,1.1
15437,School Plus,Books,187.05,2.0
15438,To Lite,Electronics,356.12,4.8
15439,Trouble Max,Toys,252.75,1.2
15440,Send Pro,Home,162.1,1.6
15441,Operation Max,Electronics,406.22,4.6
15442,Bank Plus,Beauty,10.95,3.0
15443,Visit Plus,Electronics,458.8,1.7
15444,Old Plus,Sports,38.97,2.7
15445,Else Pro,Clothing,278.37,1.0
15446,Deep Pro,Clothing,89.58,4.9
15447,Analysis Lite,Books,421.27,2.7
15448,Manage Plus,Books,50.78,3.8
15449,Forget Lite,Beauty,219.28,2.6
15450,Group Max,Toys,204.69,4.9
15451,Civil Pro,Books,453.93,3.2
15452,Hope Max,Clothing,378.3,1.7
15453,Though Lite,Electronics,313.2,3.8
15454,Attack Max,Toys,200.72,3.4
15455,Bar Plus,Home,384.28,3.3
15456,Million Lite,Home,224.98,4.5
15457,Meet Max,Home,108.79,2.3
15458,Star Lite,Electronics,341.15,3.7
15459,Report Plus,Electronics,362.71,4.7
15460,Like Lite,Home,81.4,4.0
15461,Treatment Max,Home,137.6,4.5
15462,Easy Lite,Toys,75.13,4.8
15463,Bed Plus,Sports,299.07,2.0
15464,Keep Plus,Electronics,253.0,4.4
15465,Eat Pro,Sports,217.56,3.2
15466,Consumer Plus,Clothing,440.45,1.5
15467,When Pro,Electronics,462.7,4.7
15468,Table Plus,Home,203.85,4.8
15469,Any Pro,Electronics,93.56,1.1
15470,Level Max,Sports,351.64,2.2
15471,Four Max,Clothing,258.25,1.5
15472,Education Lite,Books,94.44,1.1
15473,Factor Lite,Electronics,86.77,2.0
15474,Like Lite,Sports,353.49,1.7
15475,But Pro,Clothing,371.7,4.6
15476,Popular Max,Books,132.62,4.3
15477,Box Pro,Beauty,130.02,1.3
15478,Quite Max,Beauty,394.59,2.3
15479,Management Lite,Clothing,168.02,2.3
15480,Six Plus,Toys,197.79,2.7
15481,Him Max,Home,155.08,3.4
15482,Speech Lite,Electronics,415.12,3.6
15483,Call Max,Home,78.02,4.7
15484,Shoulder Plus,Books,339.83,3.0
15485,Break Pro,Sports,333.48,1.8
15486,Yard Pro,Books,347.76,4.4
15487,Quickly Plus,Electronics,153.2,4.2
15488,Another Lite,Beauty,290.86,2.2
15489,These Pro,Beauty,331.18,4.3
15490,Dog Pro,Home,300.86,3.9
15491,Stage Pro,Beauty,285.24,1.9
15492,Conference Plus,Electronics,34.64,2.2
15493,Prepare Pro,Home,52.6,1.4
15494,Thousand Plus,Books,214.83,4.8
15495,May Pro,Home,356.56,4.6
15496,Draw Plus,Beauty,160.49,4.7
15497,Easy Max,Beauty,54.75,3.6
15498,Would Plus,Toys,424.41,3.5
15499,Modern Pro,Books,99.59,3.7
15500,East Plus,Books,42.55,3.8
15501,Produce Lite,Clothing,366.44,2.0
15502,Consumer Max,Toys,290.86,3.6
15503,Pick Pro,Clothing,286.34,4.6
15504,Team Plus,Clothing,119.85,3.1
15505,Action Pro,Books,452.86,2.0
15506,Now Max,Clothing,328.21,4.6
15507,Say Plus,Sports,344.47,4.8
15508,Hope Lite,Sports,153.9,4.1
15509,Doctor Lite,Toys,70.98,1.8
15510,Than Max,Electronics,21.61,4.9
15511,Power Plus,Books,275.46,1.7
15512,Try Max,Clothing,133.47,2.9
15513,In Pro,Beauty,118.37,4.4
15514,Time Pro,Electronics,450.09,2.8
15515,Memory Lite,Home,237.01,4.4
15516,Performance Plus,Clothing,88.64,2.3
15517,City Lite,Electronics,170.02,2.7
15518,Class Plus,Clothing,432.95,1.7
15519,Student Max,Clothing,62.32,3.3
15520,Reach Max,Books,490.7,4.2
15521,Myself Plus,Electronics,233.91,1.2
15522,Case Lite,Sports,357.49,3.8
15523,Send Pro,Toys,169.43,2.5
15524,Including Lite,Electronics,428.64,1.6
15525,Report Max,Books,32.61,3.3
15526,Decade Plus,Toys,168.21,1.5
15527,White Max,Home,101.0,3.8
15528,Usually Pro,Toys,395.74,2.3
15529,Smile Pro,Beauty,473.75,4.0
15530,Hand Max,Clothing,308.6,1.8
15531,Upon Max,Clothing,42.39,1.9
15532,Pull Plus,Electronics,130.25,2.3
15533,Carry Pro,Clothing,325.91,3.1
15534,Large Pro,Home,86.36,2.2
15535,Show Pro,Home,74.06,2.8
15536,Find Lite,Books,66.13,3.3
15537,War Pro,Beauty,223.6,3.7
15538,Senior Max,Beauty,367.1,2.3
15539,Worry Plus,Home,314.1,2.0
15540,Direction Plus,Toys,24.61,4.8
15541,Stock Plus,Beauty,215.45,4.9
15542,Clearly Lite,Beauty,463.54,4.3
15543,Feel Lite,Sports,199.05,4.7
15544,Politics Pro,Clothing,267.3,1.2
15545,Deep Plus,Beauty,420.55,2.4
15546,Rate Lite,Toys,388.07,4.5
15547,Same Pro,Electronics,349.82,3.4
15548,Threat Lite,Clothing,44.15,4.4
15549,Baby Lite,Home,405.61,2.9
15550,Certainly Lite,Beauty,224.6,1.4
15551,Vote Lite,Electronics,61.15,4.8
15552,Into Max,Beauty,77.97,3.1
15553,Star Pro,Electronics,138.66,4.4
15554,Bank Lite,Sports,94.56,2.8
15555,Common Plus,Books,346.01,2.4
15556,Site Lite,Electronics,403.99,2.3
15557,I Lite,Beauty,261.24,2.3
15558,Artist Pro,Home,289.0,2.2
15559,Drug Plus,Beauty,266.41,4.8
15560,Produce Lite,Beauty,322.04,3.2
15561,Pm Lite,Toys,143.58,1.0
15562,Reach Pro,Clothing,395.25,3.3
15563,Radio Pro,Beauty,319.69,3.4
15564,Put Pro,Books,341.39,1.5
15565,Actually Pro,Clothing,457.81,4.2
15566,Hand Plus,Home,251.89,1.2
15567,Just Pro,Books,118.77,1.7
15568,Learn Max,Clothing,105.41,2.5
15569,Until Plus,Home,35.0,1.6
15570,Include Plus,Beauty,72.67,1.9
15571,Management Lite,Electronics,354.11,1.6
15572,Walk Plus,Beauty,317.89,4.1
15573,Guess Max,Books,114.07,2.0
15574,Prevent Lite,Beauty,379.78,3.0
15575,Break Lite,Toys,324.26,4.9
15576,Go Pro,Books,380.17,2.7
15577,Hundred Plus,Books,92.78,1.4
15578,Throughout Pro,Electronics,373.49,4.1
15579,Economic Lite,Books,327.43,2.2
15580,Join Lite,Electronics,77.13,2.2
15581,Now Plus,Sports,41.23,3.7
15582,Nation Pro,Home,416.83,1.4
15583,Memory Pro,Home,55.63,4.6
15584,Staff Plus,Sports,292.38,4.0
15585,Region Max,Electronics,470.49,3.5
15586,Language Lite,Electronics,354.25,3.5
15587,Practice Plus,Electronics,226.19,4.5
15588,Administration Max,Electronics,157.29,2.0
15589,Pressure Max,Sports,395.39,1.0
15590,Send Lite,Electronics,55.78,1.3
15591,Including Lite,Home,481.61,5.0
15592,Agreement Max,Sports,379.44,1.8
15593,Force Pro,Books,171.87,4.3
15594,Politics Pro,Clothing,302.04,2.0
15595,So Pro,Clothing,266.8,2.7
15596,Health Plus,Home,231.32,2.4
15597,Dog Lite,Home,448.18,4.9
15598,Book Max,Home,124.83,4.1
15599,Smile Max,Electronics,286.46,3.1
15600,Until Pro,Home,256.17,2.4
15601,Provide Pro,Beauty,449.82,3.6
15602,Right Pro,Sports,264.94,4.8
15603,Huge Pro,Electronics,379.31,2.5
15604,Away Plus,Electronics,393.09,3.8
15605,Animal Plus,Sports,411.75,4.6
15606,Fall Max,Books,400.6,2.8
15607,Modern Max,Electronics,155.89,3.8
15608,Series Plus,Books,83.06,4.1
15609,Keep Max,Clothing,74.97,2.1
15610,Design Max,Beauty,208.4,3.3
15611,Truth Lite,Sports,337.35,3.7
15612,Live Plus,Clothing,474.83,2.0
15613,Mention Max,Books,433.14,3.4
15614,Congress Max,Beauty,87.02,1.3
15615,Public Max,Clothing,156.36,1.0
15616,Use Plus,Electronics,260.92,3.7
15617,Sell Lite,Home,14.95,2.6
15618,Sense Max,Home,129.88,2.5
15619,Woman Lite,Sports,352.65,3.5
15620,Right Max,Home,46.32,4.4
15621,Service Plus,Sports,293.58,1.8
15622,Paper Max,Sports,381.01,3.7
15623,Game Pro,Clothing,383.6,3.2
15624,Bad Pro,Clothing,163.42,2.6
15625,Maybe Pro,Beauty,224.01,2.9
15626,Pass Pro,Books,367.66,1.2
15627,Nearly Max,Books,58.74,1.6
15628,Traditional Plus,Books,190.73,2.7
15629,Produce Plus,Electronics,131.91,2.2
15630,Election Pro,Sports,18.4,1.6
15631,Range Plus,Home,447.12,4.9
15632,Similar Pro,Books,388.81,1.9
15633,Why Max,Beauty,353.05,4.0
15634,International Max,Home,145.53,2.5
15635,Game Max,Home,238.84,2.9
15636,Check Max,Books,387.07,1.7
15637,Model Lite,Clothing,243.93,2.2
15638,Sport Pro,Clothing,424.05,3.7
15639,Research Plus,Toys,460.07,4.1
15640,Political Max,Toys,369.36,1.6
15641,Young Pro,Clothing,143.4,3.9
15642,Bring Plus,Home,306.59,3.4
15643,Lead Lite,Sports,495.36,4.4
15644,Other Pro,Beauty,159.26,4.4
15645,Foreign Plus,Sports,277.96,1.7
15646,Different Plus,Books,203.84,1.4
15647,Government Pro,Books,456.91,3.2
15648,Establish Plus,Toys,492.33,1.6
15649,That Plus,Beauty,480.89,3.1
15650,Thousand Pro,Home,426.15,2.1
15651,Allow Pro,Home,176.97,2.6
15652,Partner Max,Sports,428.4,3.8
15653,Bill Plus,Books,39.43,1.7
15654,Use Lite,Books,59.87,4.2
15655,Year Pro,Sports,244.33,2.7
15656,Recognize Lite,Home,384.3,1.0
15657,Box Plus,Beauty,190.79,1.6
15658,Hear Pro,Sports,79.72,2.0
15659,Become Plus,Clothing,248.33,1.1
15660,Perhaps Lite,Toys,125.84,3.2
15661,Rather Max,Toys,238.75,3.4
15662,Manage Plus,Sports,73.11,1.8
15663,Finally Lite,Toys,116.8,3.6
15664,Whether Pro,Clothing,296.25,1.1
15665,In Lite,Beauty,400.89,4.2
15666,Close Max,Sports,277.9,4.4
15667,Including Lite,Clothing,148.61,4.4
15668,Goal Lite,Toys,24.35,2.1
15669,Nor Lite,Toys,48.39,4.2
15670,Out Pro,Sports,202.58,2.5
15671,Church Plus,Electronics,189.83,3.1
15672,Apply Lite,Beauty,82.41,2.0
15673,Bit Pro,Books,497.26,3.5
15674,Theory Max,Clothing,81.86,2.5
15675,Total Plus,Electronics,88.44,1.4
15676,Face Plus,Home,485.59,4.3
15677,Our Max,Toys,271.79,3.7
15678,Group Max,Beauty,439.93,1.4
15679,Wall Plus,Books,444.85,4.4
15680,Ground Pro,Toys,358.3,3.2
15681,View Lite,Books,339.5,3.2
15682,American Max,Home,402.57,4.0
15683,Participant Pro,Books,124.44,1.9
15684,Military Plus,Home,382.11,4.4
15685,Something Lite,Books,297.2,2.1
15686,Suggest Lite,Clothing,30.96,2.2
15687,Field Max,Home,471.6,2.9
15688,Too Lite,Toys,173.88,2.6
15689,Ball Pro,Electronics,384.89,4.7
15690,Movie Plus,Beauty,324.35,4.6
15691,Glass Pro,Beauty,490.14,2.2
15692,Interest Pro,Books,222.17,3.0
15693,Identify Plus,Home,18.59,4.1
15694,Bar Pro,Home,466.64,1.6
15695,Be Plus,Toys,52.49,4.4
15696,Election Plus,Clothing,13.44,2.2
15697,Buy Pro,Clothing,230.91,3.0
15698,No Max,Home,105.14,1.4
15699,Detail Plus,Beauty,396.05,3.3
15700,Improve Plus,Toys,189.61,4.1
15701,Whom Max,Electronics,240.23,4.5
15702,Put Plus,Books,280.16,4.6
15703,Indeed Lite,Clothing,402.51,2.7
15704,Talk Lite,Toys,155.15,1.9
15705,Leg Pro,Sports,198.92,3.1
15706,Happy Pro,Toys,155.31,2.9
15707,Various Lite,Books,473.92,4.2
15708,Success Plus,Clothing,278.7,1.3
15709,Democratic Plus,Sports,228.73,4.8
15710,Catch Plus,Sports,69.86,1.3
15711,Tv Plus,Electronics,98.11,1.1
15712,Who Max,Toys,84.76,2.9
15713,Skill Plus,Clothing,299.44,1.4
15714,Executive Lite,Toys,303.08,1.8
15715,Challenge Plus,Home,264.1,3.7
15716,All Plus,Books,293.75,2.6
15717,Anything Plus,Electronics,268.94,4.4
15718,Way Plus,Books,485.46,2.1
15719,Speak Plus,Electronics,492.83,3.3
15720,True Plus,Toys,317.21,2.4
15721,Lay Pro,Toys,245.29,2.7
15722,Top Max,Toys,401.33,4.3
15723,Course Pro,Home,29.68,1.5
15724,Prevent Pro,Home,407.65,4.5
15725,Back Plus,Beauty,210.58,4.8
15726,Degree Plus,Clothing,387.07,2.8
15727,Less Max,Clothing,91.67,4.2
15728,Themselves Plus,Clothing,487.68,1.8
15729,High Plus,Toys,260.72,2.2
15730,Begin Plus,Beauty,252.56,1.3
15731,Decade Max,Electronics,27.12,2.9
15732,Relationship Plus,Clothing,213.94,1.5
15733,Share Lite,Home,294.51,3.6
15734,Forward Plus,Toys,483.65,1.3
15735,Different Max,Sports,385.04,4.0
15736,Keep Lite,Sports,181.6,1.3
15737,Now Plus,Books,196.38,2.9
15738,Drug Pro,Books,25.88,2.7
15739,Brother Plus,Books,457.18,3.2
15740,Second Max,Electronics,20.62,2.3
15741,Stand Plus,Sports,328.52,4.5
15742,Whole Lite,Beauty,95.26,1.6
15743,Window Max,Toys,370.86,1.2
15744,Major Plus,Toys,176.5,3.7
15745,War Plus,Sports,228.63,3.6
15746,Begin Lite,Books,72.09,1.2
15747,Body Pro,Clothing,460.32,4.8
15748,Security Pro,Sports,192.39,3.9
15749,Face Plus,Toys,461.64,1.3
15750,Field Plus,Electronics,143.89,3.9
15751,Black Plus,Beauty,497.2,3.6
15752,Hope Pro,Sports,402.79,4.6
15753,Total Pro,Toys,247.03,2.6
15754,American Pro,Electronics,478.04,2.9
15755,Follow Max,Clothing,25.16,2.6
15756,Card Lite,Beauty,116.85,4.5
15757,Protect Lite,Beauty,306.56,1.0
15758,Food Pro,Home,336.72,2.4
15759,Be Pro,Toys,116.2,4.2
15760,Your Max,Clothing,381.93,1.6
15761,Professor Pro,Beauty,191.2,1.3
15762,Resource Pro,Clothing,54.73,4.4
15763,Prove Lite,Electronics,437.39,4.7
15764,Off Max,Beauty,288.94,2.9
15765,Worker Max,Books,267.19,1.3
15766,Model Lite,Home,8.12,3.7
15767,Glass Max,Books,349.64,2.2
15768,Generation Plus,Beauty,346.79,2.2
15769,Game Max,Books,159.27,4.2
15770,Character Plus,Toys,187.64,2.7
15771,Let Plus,Electronics,416.41,3.4
15772,Chance Max,Electronics,115.15,5.0
15773,Answer Max,Beauty,468.31,3.5
15774,Across Pro,Electronics,458.91,4.8
15775,Everybody Plus,Toys,195.36,1.2
15776,Reduce Max,Clothing,402.45,2.6
15777,Reality Pro,Beauty,232.47,2.5
15778,Anything Plus,Sports,21.78,3.8
15779,Hospital Pro,Sports,61.67,1.9
15780,Shoulder Max,Sports,35.6,1.1
15781,Learn Lite,Sports,257.74,2.6
15782,Smile Plus,Toys,97.38,4.4
15783,Short Max,Electronics,139.18,4.1
15784,Six Pro,Electronics,479.62,2.5
15785,Plan Pro,Toys,178.15,2.9
15786,Expert Pro,Electronics,383.67,2.8
15787,Trade Plus,Books,435.15,3.0
15788,Traditional Max,Clothing,140.93,1.6
15789,Wind Plus,Books,365.14,3.8
15790,Smile Lite,Electronics,32.03,4.8
15791,High Lite,Toys,440.7,5.0
15792,Success Max,Clothing,94.75,3.3
15793,Or Lite,Books,396.82,2.1
15794,Effort Plus,Home,463.54,4.6
15795,Both Lite,Beauty,316.63,3.8
15796,Address Max,Electronics,438.47,3.0
15797,Model Plus,Sports,339.26,4.3
15798,Capital Plus,Electronics,278.11,4.0
15799,Member Max,Books,402.81,2.3
15800,Coach Pro,Books,113.59,4.2
15801,Happen Pro,Sports,243.91,2.1
15802,Which Plus,Sports,35.0,2.4
15803,Surface Max,Electronics,265.95,1.2
15804,History Plus,Electronics,404.87,2.8
15805,Go Pro,Beauty,249.74,1.4
15806,Last Lite,Clothing,480.88,3.9
15807,Past Plus,Toys,102.14,4.9
15808,Green Max,Electronics,444.9,3.8
15809,We Lite,Home,34.29,1.9
15810,Chair Lite,Beauty,384.38,3.3
15811,Return Lite,Home,17.74,3.9
15812,Attorney Plus,Toys,328.8,3.3
15813,Four Pro,Sports,134.58,2.7
15814,Reach Pro,Toys,39.41,2.8
15815,Watch Pro,Sports,494.35,2.9
15816,Election Max,Sports,218.41,1.3
15817,With Plus,Electronics,196.19,3.8
15818,Radio Max,Toys,251.28,1.6
15819,Truth Lite,Electronics,23.74,1.7
15820,What Max,Electronics,13.19,1.8
15821,Responsibility Max,Toys,97.39,4.1
15822,Successful Pro,Books,356.17,3.5
15823,Carry Max,Beauty,404.79,4.6
15824,Leave Pro,Toys,168.11,4.4
15825,Human Pro,Sports,38.92,4.5
15826,Side Max,Clothing,31.58,4.3
15827,Improve Pro,Clothing,296.12,1.6
15828,Watch Plus,Toys,93.89,2.8
15829,Money Plus,Electronics,109.14,4.8
15830,Along Pro,Books,74.65,1.9
15831,Station Plus,Sports,202.56,4.6
15832,Three Pro,Electronics,371.91,2.9
15833,Join Plus,Beauty,216.32,1.6
15834,Religious Plus,Home,369.88,3.4
15835,More Plus,Beauty,392.55,1.6
15836,Force Max,Toys,484.01,3.3
15837,Data Pro,Clothing,458.1,2.3
15838,Animal Lite,Electronics,116.76,4.4
15839,Price Plus,Sports,326.1,2.0
15840,Them Lite,Toys,350.82,4.2
15841,Instead Lite,Books,144.19,1.7
15842,Budget Max,Clothing,133.8,1.2
15843,Professor Lite,Sports,280.42,3.0
15844,Tv Lite,Toys,169.0,1.3
15845,Study Max,Sports,408.75,2.8
15846,Sing Pro,Beauty,333.88,2.1
15847,Simple Lite,Clothing,44.7,3.4
15848,Rest Plus,Books,338.74,2.6
15849,Send Pro,Beauty,374.0,3.7
15850,Choice Lite,Books,252.21,3.0
15851,Theory Plus,Books,121.91,3.0
15852,Sort Pro,Sports,227.72,2.7
15853,Defense Max,Books,98.99,2.1
15854,Newspaper Pro,Toys,422.62,1.4
15855,Everybody Pro,Toys,216.43,1.5
15856,Find Plus,Books,391.56,2.1
15857,Assume Max,Electronics,212.42,3.8
15858,Environment Lite,Sports,339.06,2.6
15859,Trip Pro,Sports,309.21,3.0
15860,Here Lite,Books,173.89,3.4
15861,Result Plus,Books,416.75,4.5
15862,Cut Max,Sports,17.36,3.8
15863,Police Plus,Electronics,425.82,4.8
15864,Product Pro,Electronics,242.0,2.1
15865,Top Lite,Clothing,485.3,1.6
15866,Itself Plus,Toys,458.54,2.9
15867,Positive Max,Electronics,194.45,4.7
15868,Piece Lite,Toys,499.24,4.6
15869,Wrong Pro,Toys,266.88,2.4
15870,Road Lite,Beauty,328.69,3.2
15871,Change Max,Sports,140.25,1.8
15872,Behind Lite,Electronics,121.68,1.9
15873,Interesting Plus,Sports,300.81,4.6
15874,Growth Max,Clothing,126.13,2.1
15875,Sea Max,Books,181.2,2.7
15876,Above Plus,Beauty,260.66,1.8
15877,Hair Plus,Toys,412.78,2.9
15878,Religious Max,Toys,31.5,1.9
15879,Represent Plus,Toys,64.77,3.1
15880,Serious Lite,Clothing,235.36,1.4
15881,Street Plus,Sports,314.15,2.3
15882,Others Lite,Books,182.89,1.9
15883,Foot Max,Beauty,134.11,4.5
15884,Fine Lite,Home,219.13,3.4
15885,Visit Lite,Sports,188.63,2.1
15886,Single Lite,Electronics,211.82,3.1
15887,Represent Lite,Clothing,173.33,1.6
15888,Boy Max,Home,293.03,1.0
15889,Room Pro,Electronics,53.53,3.7
15890,Pressure Plus,Clothing,61.13,1.8
15891,Ask Max,Sports,13.46,1.7
15892,Report Pro,Toys,180.16,2.7
15893,None Lite,Home,443.66,1.7
15894,Piece Max,Beauty,217.27,1.5
15895,Week Pro,Electronics,274.81,2.7
15896,Still Pro,Toys,125.74,4.3
15897,Behavior Plus,Sports,139.0,1.2
15898,Deep Plus,Beauty,169.65,3.2
15899,Seem Lite,Sports,456.17,3.0
15900,With Lite,Electronics,151.67,3.0
15901,Understand Plus,Clothing,180.32,1.9
15902,Environment Pro,Beauty,393.63,2.2
15903,Through Plus,Toys,150.17,2.6
15904,Develop Max,Clothing,491.65,2.3
15905,Dream Plus,Toys,462.0,1.9
15906,Miss Max,Home,206.78,4.4
15907,Mean Pro,Toys,438.94,1.9
15908,Receive Max,Toys,450.26,4.2
15909,Beyond Plus,Sports,289.0,1.5
15910,To Pro,Electronics,427.3,1.7
15911,Nature Pro,Clothing,18.54,3.8
15912,Anyone Pro,Electronics,81.74,1.3
15913,First Pro,Books,450.69,3.1
15914,Hour Lite,Home,499.18,3.5
15915,Tree Plus,Sports,30.38,2.3
15916,To Max,Clothing,488.58,1.9
15917,Too Lite,Home,290.46,4.7
15918,Technology Plus,Home,474.85,3.1
15919,Beyond Lite,Clothing,134.25,3.6
15920,Take Lite,Books,255.47,3.4
15921,Among Lite,Home,420.56,4.9
15922,House Plus,Clothing,127.91,4.7
15923,With Pro,Clothing,365.62,2.1
15924,From Pro,Home,335.47,4.2
15925,Ground Max,Clothing,145.79,3.6
15926,Morning Lite,Clothing,373.71,4.3
15927,Health Pro,Clothing,318.54,4.2
15928,Grow Pro,Beauty,147.62,4.0
15929,Administration Pro,Electronics,72.35,2.4
15930,Yard Pro,Home,333.57,3.0
15931,Just Plus,Sports,330.01,1.4
15932,One Plus,Books,210.97,2.7
15933,Son Max,Home,26.99,1.1
15934,Remain Lite,Toys,346.68,3.6
15935,Case Plus,Clothing,383.91,2.8
15936,Environment Lite,Electronics,131.34,2.5
15937,Trip Max,Toys,163.98,4.0
15938,Apply Plus,Sports,86.85,1.6
15939,Mr Lite,Home,382.66,2.6
15940,Cause Pro,Electronics,307.6,2.2
15941,Sure Pro,Beauty,475.14,4.7
15942,Their Max,Home,58.4,1.9
15943,Artist Pro,Books,55.11,1.4
15944,That Lite,Beauty,413.36,2.2
15945,Piece Pro,Books,477.05,5.0
15946,Lawyer Plus,Books,220.19,3.2
15947,Various Plus,Beauty,187.63,3.7
15948,Different Lite,Home,373.44,4.6
15949,Expert Plus,Home,183.48,2.7
15950,Owner Pro,Clothing,126.73,1.1
15951,Last Pro,Toys,350.36,1.5
15952,Sit Pro,Books,17.55,1.4
15953,Forget Pro,Home,218.07,3.4
15954,If Lite,Clothing,16.51,1.6
15955,Look Pro,Home,72.67,1.7
15956,Production Lite,Clothing,131.6,1.7
15957,Attention Max,Books,482.65,5.0
15958,Song Lite,Home,230.5,3.0
15959,Instead Max,Books,59.64,3.9
15960,Foreign Plus,Clothing,107.92,3.9
15961,Step Plus,Clothing,161.11,1.4
15962,Upon Max,Home,369.08,3.0
15963,Must Plus,Books,291.05,3.1
15964,Until Lite,Clothing,373.32,4.5
15965,Baby Lite,Clothing,163.86,2.3
15966,Just Max,Toys,162.6,3.5
15967,Ball Lite,Electronics,160.89,1.4
15968,Often Lite,Clothing,213.4,1.2
15969,Cause Max,Beauty,249.07,4.6
15970,Require Max,Electronics,492.43,3.1
15971,Second Plus,Sports,21.13,4.4
15972,Choice Pro,Books,153.63,1.6
15973,Discuss Pro,Beauty,434.01,2.5
15974,Current Max,Clothing,391.69,2.3
15975,Book Plus,Beauty,343.04,1.4
15976,The Lite,Electronics,266.94,1.0
15977,Nation Plus,Clothing,288.54,3.1
15978,Protect Lite,Books,176.87,3.5
15979,On Max,Beauty,197.54,2.0
15980,Assume Pro,Toys,433.87,2.0
15981,Four Plus,Sports,253.67,1.2
15982,Interest Lite,Toys,201.21,1.9
15983,Against Lite,Electronics,180.94,4.3
15984,Appear Max,Books,157.45,1.1
15985,Statement Plus,Books,184.58,3.5
15986,Movie Pro,Electronics,456.33,1.7
15987,Suffer Lite,Electronics,123.94,1.8
15988,Grow Max,Home,274.25,2.2
15989,Raise Max,Electronics,66.0,2.1
15990,Finish Lite,Toys,287.44,1.2
15991,Kid Lite,Home,18.02,2.4
15992,Enjoy Lite,Sports,291.91,1.1
15993,Western Plus,Home,434.11,4.6
15994,Something Max,Books,303.7,2.7
15995,Drive Pro,Books,372.51,3.0
15996,Amount Max,Toys,362.13,1.2
15997,Deal Lite,Books,320.63,1.8
15998,Believe Max,Toys,114.91,1.3
15999,About Max,Electronics,350.54,3.7
16000,Stuff Pro,Beauty,66.56,3.7
16001,Surface Pro,Clothing,273.64,2.9
16002,Seven Pro,Electronics,473.84,4.0
16003,Accept Pro,Toys,287.83,2.6
16004,Market Plus,Electronics,348.32,2.7
16005,Everything Plus,Home,257.12,3.0
16006,Authority Max,Toys,102.14,1.4
16007,Four Lite,Electronics,300.72,1.9
16008,Quality Pro,Sports,94.06,1.6
16009,Give Lite,Beauty,374.34,1.4
16010,Open Lite,Electronics,183.17,1.8
16011,Training Max,Books,191.42,3.5
16012,Raise Lite,Home,329.93,3.1
16013,Would Lite,Clothing,298.31,4.3
16014,Eye Plus,Clothing,489.91,3.9
16015,Require Pro,Electronics,410.48,2.3
16016,Design Max,Sports,468.43,3.1
16017,Only Plus,Clothing,433.34,1.1
16018,Behavior Max,Toys,116.2,1.6
16019,Get Pro,Sports,306.12,2.5
16020,Eat Plus,Electronics,423.35,3.0
16021,Result Lite,Books,346.37,2.5
16022,Way Pro,Books,52.1,3.2
16023,Nearly Plus,Toys,339.84,2.5
16024,Community Pro,Books,83.81,4.2
16025,Arrive Max,Books,156.31,2.6
16026,Front Plus,Toys,354.66,4.3
16027,Will Pro,Electronics,12.86,1.2
16028,Bit Max,Sports,434.15,4.6
16029,Source Pro,Clothing,463.89,3.6
16030,Compare Plus,Books,423.17,5.0
16031,Bit Lite,Home,136.63,2.5
16032,Magazine Plus,Books,373.58,1.4
16033,Assume Plus,Toys,294.17,1.3
16034,When Lite,Toys,119.29,1.7
16035,Make Lite,Home,175.31,1.9
16036,Board Max,Home,102.97,2.0
16037,Study Lite,Beauty,278.88,1.3
16038,Last Pro,Electronics,381.18,4.3
16039,International Pro,Electronics,88.41,1.7
16040,Someone Pro,Toys,70.61,2.8
16041,Between Pro,Home,480.95,5.0
16042,Away Max,Books,336.55,2.5
16043,Eight Plus,Beauty,238.81,2.2
16044,Thus Pro,Clothing,367.28,2.2
16045,Here Lite,Clothing,51.27,4.9
16046,Name Max,Toys,245.72,4.1
16047,Join Max,Electronics,490.86,3.5
16048,Occur Pro,Sports,372.09,2.1
16049,Sound Plus,Beauty,363.2,4.4
16050,Answer Pro,Clothing,219.11,1.4
16051,Minute Pro,Sports,211.69,4.9
16052,Position Pro,Sports,80.61,4.5
16053,Write Max,Home,440.51,2.2
16054,Help Lite,Books,324.44,4.2
16055,Ever Pro,Beauty,235.48,4.5
16056,Relate Max,Clothing,446.54,3.4
16057,See Plus,Electronics,114.79,4.7
16058,Pay Max,Sports,140.6,1.7
16059,Society Lite,Sports,82.15,1.2
16060,Sit Plus,Sports,334.3,2.1
16061,Fact Lite,Toys,197.99,1.8
16062,Community Lite,Home,134.14,2.0
16063,Interesting Plus,Toys,172.43,1.5
16064,Himself Pro,Electronics,12.16,4.8
16065,Smile Lite,Clothing,419.54,3.9
16066,Event Pro,Books,442.19,3.3
16067,Skill Pro,Clothing,101.73,4.2
16068,Surface Plus,Home,21.38,3.6
16069,Some Max,Clothing,78.33,4.8
16070,State Pro,Electronics,126.97,3.3
16071,Stuff Max,Clothing,164.73,2.1
16072,Manager Lite,Books,227.55,1.8
16073,Pm Plus,Home,275.2,1.4
16074,Behavior Pro,Toys,328.54,4.3
16075,Significant Lite,Home,31.66,2.9
16076,Necessary Pro,Beauty,53.97,1.3
16077,Majority Max,Clothing,222.27,2.8
16078,Must Lite,Sports,174.95,2.1
16079,Dark Lite,Toys,326.82,5.0
16080,Phone Plus,Toys,473.84,4.0
16081,Book Max,Electronics,38.26,2.4
16082,Main Lite,Toys,256.35,2.6
16083,Bank Plus,Beauty,49.73,4.3
16084,Tree Pro,Home,198.54,4.9
16085,Attorney Lite,Books,319.81,4.7
16086,Draw Plus,Clothing,392.65,2.5
16087,Best Max,Electronics,385.34,2.7
16088,Nothing Pro,Home,434.79,2.2
16089,Coach Plus,Toys,84.27,4.9
16090,Five Max,Beauty,481.58,4.2
16091,Baby Lite,Books,104.22,1.4
16092,Keep Plus,Sports,403.89,1.3
16093,That Lite,Toys,148.84,4.3
16094,After Pro,Toys,170.03,4.4
16095,Treatment Pro,Beauty,165.95,1.9
16096,Seven Pro,Sports,333.24,2.1
16097,Conference Max,Electronics,391.69,4.5
16098,Enter Plus,Sports,57.97,3.5
16099,Lead Pro,Toys,316.57,2.9
16100,Sport Plus,Books,370.53,3.8
16101,Specific Max,Electronics,57.12,4.5
16102,Rate Pro,Toys,333.45,3.1
16103,Turn Pro,Books,226.59,2.0
16104,Industry Pro,Home,424.56,1.3
16105,Different Lite,Home,238.7,3.7
16106,Tax Plus,Home,248.67,4.3
16107,Health Lite,Electronics,367.08,3.2
16108,Exist Pro,Clothing,482.84,5.0
16109,Employee Lite,Clothing,329.1,2.5
16110,Grow Lite,Toys,34.88,4.5
16111,Always Lite,Books,467.12,1.3
16112,Energy Lite,Electronics,202.49,4.1
16113,Growth Lite,Electronics,57.31,3.2
16114,Close Pro,Electronics,193.36,4.1
16115,Quickly Plus,Toys,269.87,1.8
16116,War Pro,Beauty,388.46,1.5
16117,Kind Lite,Beauty,448.22,4.5
16118,Deal Plus,Books,231.72,1.4
16119,Man Plus,Beauty,161.65,1.1
16120,Music Max,Electronics,493.93,4.9
16121,Check Lite,Clothing,344.75,3.2
16122,Protect Plus,Beauty,311.22,2.8
16123,Last Max,Toys,449.12,3.5
16124,Glass Lite,Home,15.84,1.4
16125,Attention Lite,Books,37.53,1.6
16126,Order Lite,Sports,471.26,1.7
16127,Environment Plus,Toys,467.43,3.5
16128,Movement Max,Electronics,105.49,1.5
16129,Recognize Lite,Sports,235.38,4.8
16130,Product Pro,Books,6.29,2.6
16131,Leave Max,Sports,457.22,1.6
16132,Water Max,Clothing,178.02,4.8
16133,Attention Lite,Clothing,223.88,1.7
16134,Product Pro,Sports,284.88,4.4
16135,Capital Max,Clothing,359.28,1.5
16136,Audience Max,Toys,485.71,2.7
16137,Behavior Plus,Books,485.23,4.5
16138,Machine Pro,Books,469.36,3.0
16139,This Pro,Clothing,231.12,3.7
16140,Husband Plus,Toys,131.43,4.9
16141,East Pro,Beauty,385.15,3.1
16142,Opportunity Pro,Sports,203.33,4.3
16143,Movie Lite,Beauty,65.89,2.8
16144,Natural Pro,Books,471.86,3.8
16145,Understand Plus,Clothing,294.0,1.5
16146,Suddenly Pro,Beauty,468.8,2.7
16147,Page Max,Home,348.42,3.1
16148,Growth Pro,Electronics,138.35,4.6
16149,Other Max,Electronics,87.47,3.9
16150,Eight Max,Clothing,291.26,3.3
16151,Bit Plus,Electronics,384.7,4.8
16152,Seven Plus,Home,24.32,1.3
16153,Make Max,Sports,153.58,1.7
16154,Rate Lite,Books,128.11,1.2
16155,Tend Max,Beauty,288.89,4.2
16156,Might Pro,Electronics,448.19,5.0
16157,Hear Plus,Sports,427.43,4.3
16158,This Pro,Beauty,96.27,3.9
16159,Official Lite,Clothing,250.97,4.2
16160,Tax Max,Electronics,347.45,3.1
16161,Require Pro,Beauty,35.02,4.1
16162,Lawyer Max,Electronics,457.76,1.4
16163,Our Max,Electronics,466.55,4.0
16164,Ability Lite,Books,17.33,4.5
16165,Mother Max,Home,320.29,3.7
16166,Pretty Plus,Beauty,187.54,3.2
16167,Agency Plus,Books,255.6,3.7
16168,Wish Lite,Home,329.47,2.0
16169,Course Max,Clothing,99.03,4.2
16170,Reduce Plus,Books,86.72,2.3
16171,Just Lite,Home,142.94,2.8
16172,His Plus,Books,73.65,2.4
16173,Prevent Lite,Electronics,484.0,2.6
16174,Ahead Pro,Clothing,138.6,1.1
16175,Board Pro,Home,335.87,4.2
16176,End Max,Toys,320.22,3.8
16177,Decision Pro,Toys,279.51,1.4
16178,Energy Plus,Electronics,230.87,1.7
16179,Perform Pro,Electronics,294.31,4.3
16180,Week Max,Home,368.23,1.4
16181,Religious Lite,Home,94.4,1.1
16182,Born Pro,Home,101.48,4.1
16183,Open Pro,Toys,22.21,3.4
16184,Cultural Lite,Books,111.11,3.3
16185,So Lite,Electronics,333.88,4.2
16186,Baby Plus,Books,78.29,3.3
16187,Interest Plus,Sports,66.09,4.7
16188,Hope Max,Toys,142.15,5.0
16189,Quality Plus,Toys,73.07,3.0
16190,Class Max,Electronics,264.78,3.2
16191,Clear Plus,Electronics,219.89,1.2
16192,Wait Lite,Home,75.35,1.8
16193,President Lite,Books,367.09,2.9
16194,Place Pro,Sports,220.99,2.9
16195,Method Lite,Sports,78.34,3.5
16196,Management Lite,Clothing,476.35,1.4
16197,Near Pro,Home,329.78,4.1
16198,Then Max,Home,333.46,4.3
16199,Night Max,Toys,298.53,3.0
16200,Drug Max,Beauty,407.14,4.4
16201,Other Lite,Clothing,233.84,4.4
16202,Somebody Max,Sports,136.17,2.2
16203,Management Pro,Home,335.38,2.2
16204,Ready Max,Clothing,416.36,2.3
16205,Technology Plus,Toys,407.95,1.4
16206,Population Lite,Electronics,397.87,2.1
16207,Task Lite,Toys,85.7,1.5
16208,With Max,Sports,144.02,4.3
16209,Another Lite,Home,157.33,4.7
16210,Speak Max,Beauty,243.14,4.3
16211,Begin Pro,Toys,49.55,3.9
16212,The Pro,Home,107.64,2.4
16213,Even Plus,Books,320.15,3.4
16214,Offer Plus,Beauty,140.23,2.9
16215,Behavior Plus,Home,181.21,2.1
16216,Practice Plus,Home,191.68,4.7
16217,Against Lite,Beauty,358.64,1.9
16218,Memory Pro,Home,458.86,4.1
16219,Allow Lite,Electronics,110.19,2.2
16220,Somebody Max,Clothing,59.75,5.0
16221,Hospital Lite,Sports,179.81,3.8
16222,Worry Lite,Sports,499.01,3.8
16223,Just Max,Electronics,156.55,1.4
16224,Adult Pro,Books,288.24,1.8
16225,Stuff Pro,Toys,31.13,4.4
16226,Bill Pro,Toys,310.98,3.2
16227,Stay Plus,Books,42.4,2.2
16228,Chance Pro,Books,299.71,1.3
16229,Their Max,Home,209.31,1.8
16230,Our Plus,Beauty,377.11,1.1
16231,Garden Plus,Beauty,112.23,2.0
16232,Second Pro,Beauty,29.47,2.4
16233,Several Lite,Electronics,330.65,4.8
16234,After Lite,Books,451.93,2.5
16235,Today Max,Home,488.67,1.1
16236,Effect Lite,Clothing,484.49,1.6
16237,Including Pro,Sports,340.44,2.3
16238,Music Lite,Electronics,471.81,5.0
16239,Above Pro,Clothing,397.08,3.8
16240,Attention Pro,Books,171.77,3.3
16241,Check Lite,Beauty,388.8,4.7
16242,Staff Pro,Beauty,348.78,1.4
16243,Pattern Plus,Books,164.71,4.2
16244,Responsibility Plus,Toys,27.8,3.2
16245,Worker Pro,Sports,237.85,1.0
16246,Mention Max,Beauty,26.89,2.0
16247,Fall Lite,Clothing,270.96,2.6
16248,Until Lite,Books,487.79,3.8
16249,They Pro,Home,291.87,4.3
16250,Wind Plus,Books,41.26,4.3
16251,Loss Pro,Toys,36.28,4.5
16252,Hit Lite,Home,278.75,4.8
16253,Century Plus,Electronics,63.52,1.9
16254,Bad Pro,Clothing,65.45,1.8
16255,Western Lite,Books,25.58,1.8
16256,Way Lite,Sports,294.1,2.6
16257,Until Plus,Clothing,48.56,3.7
16258,Medical Max,Electronics,105.44,4.4
16259,Difficult Pro,Sports,449.29,1.7
16260,Half Max,Books,355.67,2.5
16261,Wall Plus,Clothing,414.94,1.4
16262,To Max,Sports,403.7,4.9
16263,Trip Pro,Books,117.36,2.1
16264,Near Lite,Electronics,382.72,1.0
16265,Difficult Lite,Home,365.28,3.8
16266,Represent Pro,Books,360.73,3.2
16267,South Lite,Books,467.33,2.5
16268,Machine Max,Home,454.22,1.1
16269,Series Lite,Beauty,58.97,1.8
16270,Health Max,Books,121.6,4.8
16271,Training Max,Home,454.71,2.1
16272,Two Plus,Books,59.97,1.1
16273,Few Pro,Home,333.28,2.5
16274,Mrs Max,Books,479.51,2.0
16275,Hospital Max,Beauty,215.77,4.0
16276,Call Plus,Electronics,74.74,4.6
16277,Game Lite,Toys,262.98,3.4
16278,Quite Lite,Electronics,242.25,1.8
16279,Up Pro,Home,433.54,3.3
16280,While Lite,Home,489.25,2.0
16281,Husband Plus,Home,223.78,1.4
16282,Social Max,Toys,302.92,2.6
16283,Institution Max,Sports,261.94,2.0
16284,Everybody Plus,Books,157.33,1.1
16285,Point Pro,Clothing,46.34,1.8
16286,Recent Lite,Beauty,413.35,4.0
16287,Ground Max,Beauty,133.49,4.6
16288,Student Max,Beauty,414.19,4.1
16289,Hundred Pro,Toys,178.85,2.7
16290,Media Plus,Electronics,150.47,1.7
16291,Campaign Plus,Books,155.99,2.9
16292,Fly Pro,Home,143.89,1.3
16293,Nothing Max,Books,252.28,4.9
16294,Entire Max,Beauty,424.09,4.2
16295,Join Lite,Toys,374.3,4.7
16296,According Max,Books,388.42,2.6
16297,Policy Lite,Clothing,380.07,2.0
16298,Laugh Max,Sports,415.25,4.7
16299,Stage Plus,Electronics,199.05,1.6
16300,Clear Plus,Clothing,273.68,1.6
16301,According Pro,Beauty,72.97,2.2
16302,Mention Plus,Books,180.66,2.0
16303,Over Lite,Home,359.73,3.8
16304,Image Pro,Toys,100.09,1.5
16305,Provide Plus,Beauty,448.84,2.5
16306,Example Max,Home,300.73,3.4
16307,Able Lite,Beauty,61.41,3.5
16308,Even Plus,Books,164.46,4.6
16309,Base Max,Home,250.26,3.3
16310,Spend Lite,Beauty,44.93,3.5
16311,Nature Lite,Electronics,415.13,1.9
16312,Per Lite,Books,341.23,2.9
16313,Fact Pro,Electronics,273.48,5.0
16314,Along Lite,Electronics,368.27,1.5
16315,National Lite,Home,390.79,1.0
16316,Represent Max,Clothing,48.57,3.4
16317,Eat Plus,Electronics,238.53,1.6
16318,Challenge Max,Sports,332.98,2.0
16319,Offer Lite,Sports,89.45,2.8
16320,Of Pro,Sports,404.28,4.4
16321,Plan Lite,Books,166.35,4.7
16322,Business Max,Beauty,434.19,3.4
16323,Rock Lite,Electronics,84.78,3.5
16324,Seat Plus,Books,377.13,3.6
16325,Argue Lite,Toys,224.57,2.5
16326,Specific Plus,Toys,364.38,1.9
16327,Minute Lite,Electronics,426.89,1.9
16328,Save Plus,Electronics,155.02,1.2
16329,All Max,Clothing,432.38,4.1
16330,Every Max,Books,16.2,4.1
16331,Spend Max,Electronics,367.7,1.5
16332,Choose Max,Toys,492.06,3.1
16333,Face Max,Toys,463.98,3.5
16334,Tv Plus,Beauty,332.04,1.3
16335,Must Plus,Sports,95.1,2.1
16336,Suggest Max,Books,20.49,2.4
16337,Do Plus,Clothing,120.32,4.1
16338,Approach Pro,Toys,461.7,5.0
16339,Major Lite,Toys,465.8,1.6
16340,Form Max,Beauty,82.15,2.8
16341,While Pro,Clothing,185.66,3.3
16342,Difference Lite,Books,282.35,2.3
16343,Customer Lite,Toys,146.02,1.6
16344,Skill Pro,Books,150.74,4.9
16345,Dinner Plus,Clothing,420.86,4.5
16346,Work Pro,Clothing,302.2,3.6
16347,Sit Plus,Home,122.97,3.6
16348,Fight Max,Home,19.16,3.5
16349,Fine Max,Clothing,107.02,1.0
16350,Federal Pro,Home,47.33,4.9
16351,Rest Lite,Books,438.27,2.9
16352,Though Plus,Clothing,70.62,4.5
16353,Shake Pro,Home,427.56,1.5
16354,Not Lite,Sports,214.46,4.4
16355,Woman Plus,Books,398.97,4.0
16356,Power Max,Home,144.92,3.0
16357,To Max,Sports,13.07,2.7
16358,Top Max,Toys,260.67,3.7
16359,Now Pro,Clothing,196.06,3.0
16360,Term Pro,Sports,230.91,4.7
16361,Truth Lite,Electronics,170.17,4.9
16362,Place Pro,Beauty,315.27,2.6
16363,Strong Lite,Clothing,97.26,3.1
16364,Perform Plus,Home,368.24,2.8
16365,Near Plus,Books,443.88,1.2
16366,Among Max,Books,49.49,4.1
16367,Through Max,Toys,266.43,1.1
16368,Child Max,Books,48.93,1.3
16369,Know Lite,Sports,375.88,3.3
16370,Heart Lite,Books,12.47,4.9
16371,Economy Pro,Beauty,240.99,2.7
16372,Million Lite,Electronics,401.91,3.8
16373,High Pro,Sports,90.95,2.3
16374,Table Lite,Home,57.66,2.3
16375,Small Lite,Sports,170.52,4.3
16376,Move Lite,Sports,19.9,1.5
16377,Strategy Plus,Beauty,404.83,3.9
16378,Light Pro,Electronics,184.14,1.3
16379,Weight Max,Electronics,447.43,4.9
16380,Produce Max,Beauty,178.62,1.4
16381,Present Plus,Sports,312.15,3.5
16382,And Pro,Books,402.89,1.6
16383,Listen Max,Books,167.07,4.1
16384,Work Plus,Electronics,345.23,4.7
16385,People Pro,Sports,430.25,3.0
16386,Discussion Plus,Home,404.85,1.0
16387,Example Pro,Home,382.5,2.7
16388,Half Lite,Sports,438.7,3.8
16389,Better Lite,Electronics,180.63,1.4
16390,Simply Max,Clothing,278.08,2.1
16391,Commercial Pro,Sports,150.49,2.1
16392,Simply Plus,Beauty,15.04,1.8
16393,Early Max,Books,116.44,2.8
16394,Let Max,Toys,148.93,1.4
16395,Memory Lite,Clothing,81.77,3.6
16396,Itself Pro,Electronics,127.84,2.0
16397,Determine Lite,Beauty,412.7,1.4
16398,Name Plus,Sports,276.84,1.5
16399,Trouble Plus,Books,272.07,1.9
16400,Second Max,Home,123.73,1.8
16401,Federal Plus,Toys,252.8,2.3
16402,Between Pro,Sports,463.33,4.9
16403,Imagine Lite,Books,378.93,3.0
16404,Country Lite,Home,30.56,3.4
16405,Industry Max,Electronics,311.66,3.0
16406,Realize Plus,Books,284.77,1.7
16407,Case Max,Beauty,374.96,4.5
16408,Class Lite,Beauty,112.74,2.9
16409,Property Lite,Books,230.01,4.3
16410,Point Lite,Books,300.06,3.9
16411,Police Max,Toys,376.41,1.2
16412,Since Plus,Electronics,439.83,4.1
16413,Address Plus,Toys,168.28,3.7
16414,Among Max,Beauty,213.85,4.4
16415,Star Pro,Beauty,128.71,2.6
16416,Rock Pro,Electronics,257.79,4.1
16417,South Pro,Sports,325.75,1.9
16418,Police Pro,Electronics,59.85,2.1
16419,Listen Pro,Beauty,329.05,2.1
16420,Property Lite,Books,161.38,4.5
16421,Capital Max,Books,205.94,1.5
16422,Husband Pro,Beauty,341.74,2.3
16423,Central Pro,Electronics,286.29,2.4
16424,By Max,Home,180.03,4.0
16425,Response Max,Electronics,206.27,2.4
16426,Set Lite,Toys,219.65,3.7
16427,Staff Pro,Toys,5.08,3.1
16428,Protect Plus,Sports,213.57,4.0
16429,Imagine Pro,Books,123.78,4.6
16430,City Max,Clothing,93.48,2.5
16431,Lose Plus,Toys,291.83,3.9
16432,Wonder Max,Electronics,421.07,2.1
16433,Year Max,Books,147.23,3.2
16434,Play Pro,Sports,466.01,1.8
16435,Still Plus,Home,431.53,4.8
16436,State Pro,Beauty,339.26,3.4
16437,Head Pro,Clothing,226.53,2.9
16438,They Max,Electronics,53.22,4.2
16439,Free Lite,Sports,406.27,4.1
16440,Animal Lite,Toys,456.89,1.9
16441,Who Lite,Beauty,160.27,3.8
16442,Yes Lite,Sports,38.67,2.2
16443,Soldier Lite,Electronics,333.84,3.0
16444,Real Plus,Toys,426.02,1.5
16445,Sort Plus,Toys,313.28,4.3
16446,Nor Pro,Electronics,264.77,3.0
16447,Cell Pro,Toys,466.28,4.0
16448,Throw Plus,Home,428.35,4.1
16449,Move Pro,Books,334.73,4.1
16450,No Lite,Books,270.02,3.5
16451,Course Plus,Toys,27.31,1.6
16452,Fund Max,Sports,221.81,2.9
16453,Enough Plus,Home,359.06,1.5
16454,Back Lite,Books,295.85,2.5
16455,Executive Plus,Toys,8.75,3.2
16456,Black Plus,Clothing,476.67,4.2
16457,Authority Max,Clothing,277.17,2.4
16458,Occur Pro,Clothing,62.35,4.4
16459,Something Plus,Clothing,303.49,3.7
16460,Focus Plus,Beauty,317.16,3.8
16461,The Plus,Clothing,136.23,3.1
16462,Through Pro,Sports,404.97,1.7
16463,Magazine Lite,Sports,344.68,2.2
16464,Might Pro,Sports,328.9,3.9
16465,Nearly Plus,Beauty,265.91,2.3
16466,System Max,Clothing,39.81,1.3
16467,Majority Max,Clothing,368.21,4.7
16468,Company Lite,Clothing,52.0,3.4
16469,Might Max,Books,478.99,3.1
16470,Whether Lite,Home,129.62,2.4
16471,Sort Pro,Books,159.54,1.7
16472,Fast Pro,Toys,388.83,3.7
16473,Better Lite,Electronics,205.34,1.9
16474,Blue Plus,Sports,331.78,3.9
16475,Range Plus,Toys,378.14,4.4
16476,Result Plus,Electronics,31.3,1.9
16477,When Plus,Beauty,12.86,4.9
16478,Push Plus,Books,399.93,1.5
16479,Seem Pro,Home,402.77,3.7
16480,Question Pro,Books,436.7,4.0
16481,West Pro,Sports,416.69,4.1
16482,Situation Plus,Beauty,462.82,4.0
16483,Six Pro,Sports,251.46,3.0
16484,Research Pro,Home,406.02,2.1
16485,Pay Pro,Home,168.11,1.1
16486,List Plus,Toys,233.66,1.6
16487,Anything Plus,Toys,496.65,2.6
16488,Record Plus,Clothing,143.05,2.3
16489,Develop Plus,Electronics,49.22,2.3
16490,Available Pro,Electronics,266.96,4.2
16491,Author Lite,Toys,139.16,1.3
16492,Claim Lite,Sports,197.49,1.3
16493,Director Plus,Toys,422.67,1.7
16494,Professor Pro,Clothing,223.37,3.9
16495,On Lite,Clothing,205.86,2.9
16496,Expert Plus,Home,34.76,3.3
16497,Somebody Max,Toys,350.87,4.0
16498,Return Plus,Clothing,441.6,5.0
16499,Challenge Plus,Books,272.93,4.5
16500,Government Lite,Home,43.72,1.9
16501,Medical Lite,Beauty,50.34,3.3
16502,Image Plus,Clothing,130.56,4.5
16503,Stand Max,Electronics,422.34,2.2
16504,Stage Max,Home,439.89,4.9
16505,Tonight Plus,Beauty,61.96,2.3
16506,Off Max,Electronics,175.08,4.2
16507,Under Pro,Beauty,252.32,2.5
16508,Page Lite,Electronics,143.97,2.7
16509,Democrat Pro,Electronics,420.47,1.1
16510,Body Pro,Beauty,177.04,3.0
16511,Road Pro,Toys,190.99,3.1
16512,Probably Max,Sports,78.52,3.8
16513,Young Plus,Books,100.52,2.7
16514,Institution Plus,Toys,60.84,2.4
16515,Interesting Pro,Beauty,40.5,2.9
16516,Choose Lite,Toys,33.18,1.9
16517,Win Plus,Books,377.38,1.8
16518,National Pro,Clothing,172.98,2.1
16519,Kind Plus,Electronics,482.25,4.7
16520,Collection Pro,Clothing,159.21,2.3
16521,Another Max,Electronics,82.0,4.2
16522,Car Max,Toys,403.46,3.2
16523,Senior Max,Electronics,27.33,2.5
16524,Executive Max,Sports,84.06,4.7
16525,Use Plus,Beauty,392.29,3.8
16526,Rule Plus,Clothing,236.68,4.9
16527,Mind Lite,Home,475.24,4.0
16528,Begin Lite,Sports,55.92,3.2
16529,Measure Lite,Books,73.26,2.9
16530,Under Lite,Beauty,495.27,4.0
16531,Beautiful Max,Home,195.7,3.3
16532,Everybody Pro,Clothing,490.06,4.8
16533,Well Lite,Sports,163.07,1.6
16534,Whole Max,Toys,190.37,2.2
16535,Collection Lite,Toys,67.01,3.0
16536,Bag Pro,Books,50.11,1.9
16537,Me Plus,Sports,105.31,2.4
16538,However Lite,Beauty,388.23,4.4
16539,Entire Max,Clothing,368.59,4.7
16540,Want Max,Electronics,177.15,1.4
16541,Author Max,Electronics,43.56,3.7
16542,Personal Max,Home,74.14,1.8
16543,Energy Plus,Home,359.9,3.5
16544,Body Max,Sports,475.91,4.8
16545,Level Lite,Sports,317.88,4.0
16546,Deal Max,Electronics,407.73,1.3
16547,Cover Pro,Beauty,276.89,3.7
16548,Sort Pro,Beauty,243.62,3.3
16549,Maintain Max,Clothing,28.12,3.6
16550,Figure Pro,Clothing,260.55,3.6
16551,Dark Pro,Sports,324.19,3.2
16552,Also Plus,Toys,464.69,1.6
16553,Medical Max,Beauty,284.08,3.6
16554,President Pro,Beauty,64.01,1.9
16555,Over Lite,Sports,404.76,4.6
16556,Nothing Plus,Clothing,492.22,2.0
16557,Work Lite,Beauty,360.33,1.0
16558,Forward Plus,Home,331.2,4.3
16559,Upon Plus,Beauty,22.92,2.6
16560,By Plus,Beauty,30.48,2.1
16561,Beat Plus,Books,140.32,4.7
16562,Machine Lite,Beauty,267.17,4.9
16563,Themselves Plus,Books,259.57,1.1
16564,Above Max,Sports,387.39,1.1
16565,Others Max,Beauty,25.0,2.9
16566,Present Lite,Books,491.93,4.2
16567,Before Max,Sports,135.49,3.3
16568,Recent Pro,Electronics,154.08,2.5
16569,Tend Max,Toys,203.82,3.6
16570,Student Pro,Books,448.3,2.6
16571,Cause Plus,Home,340.18,3.9
16572,Sure Pro,Books,31.76,2.0
16573,Threat Lite,Beauty,425.9,4.6
16574,Enjoy Lite,Books,124.63,2.8
16575,Action Max,Sports,378.98,4.6
16576,Nation Max,Clothing,133.99,3.7
16577,Buy Pro,Beauty,336.42,1.3
16578,Whose Plus,Books,490.33,4.5
16579,Inside Plus,Home,403.57,4.8
16580,Life Lite,Books,331.67,2.6
16581,Cold Lite,Beauty,34.03,3.8
16582,Door Lite,Home,65.83,2.9
16583,Above Plus,Electronics,52.48,4.5
16584,Beyond Max,Clothing,331.06,4.3
16585,Least Lite,Toys,457.95,2.7
16586,Four Plus,Books,262.91,4.4
16587,Approach Max,Clothing,444.69,3.3
16588,Ten Lite,Electronics,299.8,2.2
16589,Expert Max,Home,14.2,3.9
16590,Art Lite,Beauty,330.59,3.9
16591,Laugh Plus,Sports,382.38,3.1
16592,Ok Plus,Books,164.95,4.0
16593,Enter Plus,Home,264.01,1.5
16594,Three Max,Toys,219.65,3.8
16595,Need Pro,Sports,22.97,3.0
16596,Various Plus,Clothing,325.93,1.2
16597,Indeed Plus,Books,483.25,3.8
16598,Modern Pro,Home,236.86,2.7
16599,Could Lite,Clothing,101.61,4.7
16600,Center Plus,Electronics,163.63,2.3
16601,Every Pro,Electronics,349.0,3.7
16602,Central Max,Clothing,101.37,4.9
16603,Prevent Lite,Toys,444.52,1.9
16604,Through Pro,Toys,237.61,1.5
16605,Its Plus,Sports,147.92,4.8
16606,Section Max,Electronics,252.99,3.0
16607,Policy Max,Sports,132.38,4.1
16608,Drug Plus,Electronics,413.98,1.2
16609,Military Lite,Sports,262.76,2.3
16610,Individual Max,Home,107.75,1.7
16611,Environmental Pro,Electronics,225.24,4.8
16612,Executive Lite,Home,239.5,3.8
16613,Black Lite,Home,74.81,1.1
16614,Think Lite,Clothing,14.16,3.8
16615,Fire Pro,Beauty,212.66,4.5
16616,White Max,Home,86.53,1.9
16617,Available Lite,Electronics,44.39,3.0
16618,Knowledge Pro,Books,284.79,4.2
16619,Bank Plus,Sports,131.78,3.2
16620,Face Pro,Toys,254.03,4.5
16621,Agent Plus,Electronics,325.13,4.8
16622,Affect Pro,Toys,100.81,1.4
16623,School Lite,Beauty,88.92,3.2
16624,Edge Max,Home,210.4,1.9
16625,Development Max,Toys,300.11,2.7
16626,Ahead Lite,Home,368.22,3.1
16627,Research Plus,Sports,271.0,1.8
16628,I Lite,Home,482.78,4.4
16629,Training Lite,Books,233.12,2.2
16630,Door Plus,Clothing,226.91,4.8
16631,Author Plus,Beauty,462.07,1.5
16632,Them Pro,Home,41.68,2.0
16633,True Plus,Home,258.82,3.7
16634,Figure Pro,Books,180.52,4.7
16635,Reach Max,Toys,113.62,2.0
16636,Though Plus,Home,333.62,4.8
16637,Choice Lite,Sports,55.98,4.3
16638,Check Lite,Beauty,269.01,2.7
16639,Group Max,Home,138.66,1.6
16640,Spring Lite,Beauty,377.26,4.7
16641,Unit Pro,Home,124.95,4.6
16642,House Plus,Home,163.73,2.4
16643,Politics Lite,Sports,496.83,2.1
16644,Garden Pro,Books,79.22,4.2
16645,Mr Plus,Beauty,349.55,3.1
16646,Benefit Plus,Home,356.44,1.3
16647,Hospital Plus,Sports,211.78,3.6
16648,Democratic Plus,Sports,223.9,1.8
16649,Full Max,Home,462.16,3.7
16650,Health Max,Home,320.95,1.1
16651,Suggest Plus,Beauty,261.93,1.2
16652,Station Plus,Sports,341.64,3.1
16653,Enough Max,Toys,13.11,3.6
16654,Although Max,Sports,125.44,1.3
16655,Campaign Pro,Electronics,453.04,1.8
16656,Issue Max,Books,7.7,4.0
16657,Amount Pro,Beauty,170.48,3.7
16658,Account Plus,Books,388.81,2.9
16659,Property Lite,Books,208.53,4.5
16660,Against Max,Clothing,468.15,4.7
16661,Culture Lite,Electronics,185.91,3.6
16662,Possible Plus,Sports,263.58,3.1
16663,His Lite,Beauty,436.98,4.4
16664,Arrive Pro,Toys,415.82,2.5
16665,Control Lite,Books,242.18,1.7
16666,Whatever Pro,Clothing,268.92,3.3
16667,Behavior Max,Clothing,155.37,5.0
16668,Road Plus,Toys,487.74,4.9
16669,How Max,Toys,355.38,1.8
16670,Yourself Pro,Toys,65.76,4.6
16671,Knowledge Plus,Toys,459.83,3.6
16672,Hard Max,Beauty,278.32,2.2
16673,Year Pro,Toys,370.42,3.3
16674,Pressure Plus,Books,248.39,3.1
16675,Picture Lite,Clothing,315.54,2.3
16676,Exist Pro,Clothing,467.99,1.0
16677,Sometimes Max,Electronics,413.08,2.3
16678,Similar Pro,Books,195.19,1.7
16679,Paper Max,Clothing,138.19,3.6
16680,Man Max,Clothing,322.24,5.0
16681,Measure Pro,Clothing,391.95,3.9
16682,Then Max,Home,269.56,4.6
16683,Look Pro,Home,271.03,1.0
16684,Character Plus,Books,492.84,1.6
16685,Benefit Max,Beauty,477.68,2.4
16686,Now Lite,Electronics,222.21,3.3
16687,Thing Max,Toys,499.27,4.0
16688,Share Pro,Sports,355.26,3.1
16689,Blue Max,Toys,442.43,2.1
16690,Education Pro,Clothing,24.56,2.5
16691,Law Pro,Electronics,258.33,2.3
16692,Gun Plus,Electronics,143.3,3.3
16693,Consider Plus,Books,5.9,4.0
16694,Expert Plus,Books,488.6,2.5
16695,Record Pro,Electronics,257.09,1.7
16696,Special Lite,Electronics,116.05,3.8
16697,Cold Max,Sports,367.97,2.5
16698,Me Pro,Electronics,67.94,1.7
16699,Some Max,Sports,485.96,4.2
16700,Decade Max,Beauty,290.94,3.7
16701,Paper Lite,Toys,256.1,1.5
16702,Analysis Max,Home,120.56,1.1
16703,Section Max,Electronics,358.05,4.1
16704,Attack Pro,Home,424.83,1.2
16705,Growth Pro,Beauty,412.33,3.3
16706,Usually Max,Sports,75.27,1.4
16707,Letter Lite,Beauty,242.31,3.6
16708,Federal Max,Toys,432.07,4.7
16709,Prepare Pro,Toys,150.18,3.6
16710,Job Max,Sports,165.22,1.5
16711,Organization Lite,Sports,354.65,3.5
16712,Rather Plus,Beauty,395.14,4.5
16713,Begin Plus,Home,124.57,3.7
16714,Site Pro,Electronics,177.16,4.2
16715,Hour Max,Sports,61.42,2.7
16716,Ability Plus,Electronics,43.79,2.2
16717,Per Pro,Books,338.76,4.6
16718,Follow Max,Toys,18.55,2.0
16719,Someone Lite,Home,476.39,3.6
16720,Ok Pro,Sports,17.69,3.2
16721,Scientist Max,Sports,249.92,2.7
16722,Subject Lite,Clothing,325.82,3.7
16723,Line Max,Beauty,230.53,2.5
16724,Bill Max,Electronics,372.92,3.6
16725,Relate Plus,Books,208.95,3.9
16726,Consumer Pro,Toys,215.69,4.8
16727,Other Pro,Clothing,234.64,4.2
16728,What Lite,Toys,139.17,1.1
16729,Seven Max,Electronics,177.34,3.3
16730,Information Max,Books,399.92,2.0
16731,Travel Max,Books,387.29,3.3
16732,Individual Pro,Home,335.48,1.1
16733,Now Plus,Toys,276.31,2.9
16734,Take Plus,Toys,62.34,1.7
16735,Protect Pro,Sports,337.74,4.6
16736,Listen Max,Beauty,352.3,2.2
16737,Entire Lite,Electronics,75.05,4.0
16738,Site Plus,Toys,198.14,4.9
16739,Research Lite,Books,344.57,1.4
16740,Authority Plus,Sports,327.98,1.7
16741,Serious Lite,Beauty,61.94,4.0
16742,Question Plus,Electronics,148.76,4.3
16743,Capital Max,Sports,222.24,1.3
16744,Concern Plus,Electronics,174.04,4.0
16745,Whom Lite,Beauty,389.04,3.7
16746,Memory Plus,Clothing,292.91,1.7
16747,Cell Pro,Books,412.68,1.9
16748,Example Lite,Clothing,100.0,2.2
16749,Few Max,Electronics,307.67,1.6
16750,Responsibility Plus,Beauty,257.39,1.8
16751,Organization Pro,Electronics,490.73,1.7
16752,Discover Pro,Beauty,173.72,1.6
16753,Trip Lite,Home,133.09,3.5
16754,Card Pro,Clothing,132.82,1.2
16755,Simple Lite,Home,181.45,3.5
16756,Process Lite,Electronics,294.04,2.9
16757,Just Lite,Sports,125.63,3.4
16758,Not Lite,Electronics,129.29,4.5
16759,Garden Lite,Toys,435.86,4.9
16760,Fall Max,Toys,344.71,3.4
16761,We Lite,Books,185.8,4.8
16762,Employee Pro,Clothing,378.44,1.8
16763,Bit Pro,Toys,229.1,3.8
16764,Since Lite,Beauty,150.49,2.1
16765,Establish Max,Clothing,420.63,1.9
16766,Only Lite,Sports,252.96,2.8
16767,Wife Lite,Clothing,221.96,4.8
16768,Pressure Plus,Sports,113.68,4.4
16769,As Lite,Toys,325.11,1.1
16770,Technology Lite,Home,268.07,3.7
16771,Type Lite,Electronics,441.39,1.8
16772,Size Max,Beauty,336.81,1.3
16773,Race Lite,Sports,419.09,4.0
16774,Work Lite,Electronics,86.26,1.5
16775,Help Lite,Home,83.82,4.9
16776,Check Pro,Home,489.32,2.5
16777,Himself Lite,Home,115.26,3.5
16778,Lay Max,Electronics,28.94,3.7
16779,Late Max,Clothing,163.27,4.4
16780,We Pro,Electronics,177.46,4.3
16781,Human Pro,Home,334.82,3.5
16782,Couple Lite,Sports,204.65,2.1
16783,Participant Pro,Books,466.2,4.9
16784,Dark Plus,Clothing,173.4,4.8
16785,Task Max,Sports,254.7,3.9
16786,Me Plus,Toys,78.59,4.0
16787,Page Plus,Books,351.55,3.6
16788,Personal Pro,Toys,410.52,2.7
16789,Produce Lite,Home,345.3,4.0
16790,Century Plus,Home,158.42,2.6
16791,Perform Max,Home,182.0,3.0
16792,Although Pro,Home,62.32,1.2
16793,Radio Plus,Home,287.54,3.4
16794,Economy Max,Books,446.32,3.6
16795,Bring Max,Clothing,159.04,1.8
16796,Light Max,Beauty,454.73,1.3
16797,Build Plus,Clothing,358.04,1.8
16798,Member Plus,Beauty,386.14,2.8
16799,In Lite,Electronics,252.37,1.9
16800,Cause Max,Home,371.02,1.2
16801,Indicate Pro,Home,474.62,4.8
16802,Material Plus,Home,387.39,1.2
16803,Debate Max,Books,374.52,2.3
16804,Later Max,Books,465.79,4.4
16805,Cold Pro,Home,337.87,4.2
16806,Dream Lite,Books,307.43,4.5
16807,Measure Pro,Sports,340.53,1.4
16808,Describe Lite,Home,154.25,4.2
16809,From Plus,Home,8.08,3.1
16810,Decade Lite,Toys,228.65,2.6
16811,Skill Plus,Toys,419.17,1.8
16812,Station Plus,Clothing,332.31,4.5
16813,Very Max,Beauty,391.14,2.6
16814,There Max,Home,53.75,3.5
16815,Game Max,Electronics,231.11,2.6
16816,Surface Lite,Home,212.29,1.9
16817,Security Pro,Home,456.9,4.1
16818,Kitchen Pro,Home,452.09,3.0
16819,Consumer Plus,Toys,85.73,4.2
16820,Do Max,Home,189.86,2.8
16821,Smile Pro,Books,232.47,2.7
16822,Difficult Lite,Sports,401.87,5.0
16823,Door Plus,Sports,63.51,2.0
16824,Mean Max,Clothing,200.5,4.8
16825,Effort Max,Toys,101.91,4.4
16826,Painting Lite,Toys,464.05,3.9
16827,Expert Max,Books,346.12,3.4
16828,Media Pro,Home,218.09,3.2
16829,Political Max,Home,52.7,4.2
16830,Including Pro,Electronics,291.25,4.6
16831,Religious Lite,Sports,241.77,4.2
16832,Term Max,Clothing,262.09,4.0
16833,Decade Plus,Electronics,114.44,2.0
16834,Low Pro,Books,199.91,2.7
16835,Option Plus,Electronics,173.39,4.3
16836,Investment Pro,Beauty,391.63,1.3
16837,This Max,Beauty,340.04,1.2
16838,View Plus,Sports,95.46,5.0
16839,Us Lite,Home,371.91,1.3
16840,Long Pro,Toys,101.18,4.8
16841,Receive Plus,Toys,182.45,2.5
16842,Grow Pro,Books,32.22,2.2
16843,Whom Lite,Electronics,466.22,1.3
16844,Decision Plus,Sports,322.95,3.7
16845,Clear Max,Toys,6.77,1.8
16846,Pretty Lite,Beauty,177.98,3.3
16847,Collection Plus,Electronics,316.57,4.0
16848,Must Pro,Books,393.61,4.1
16849,Soldier Pro,Books,423.3,2.9
16850,Through Lite,Toys,341.57,3.1
16851,Practice Plus,Books,267.32,5.0
16852,Someone Pro,Clothing,153.55,3.4
16853,Plan Plus,Electronics,414.27,3.2
16854,Each Max,Home,286.2,1.9
16855,Toward Lite,Toys,432.41,2.1
16856,Fast Lite,Books,394.78,3.2
16857,Difficult Pro,Books,430.47,2.8
16858,Type Max,Sports,35.78,1.5
16859,Executive Lite,Clothing,200.93,4.1
16860,Run Lite,Toys,341.38,3.6
16861,Along Max,Toys,151.06,3.9
16862,Onto Plus,Home,118.02,1.9
16863,Pick Lite,Electronics,73.45,4.7
16864,Skin Plus,Clothing,416.22,3.5
16865,Doctor Plus,Clothing,440.16,4.9
16866,Suddenly Max,Clothing,378.32,1.8
16867,Sure Lite,Home,277.7,2.0
16868,Reach Lite,Home,24.63,3.9
16869,Seek Pro,Toys,61.67,3.7
16870,As Max,Books,106.11,5.0
16871,Fact Plus,Clothing,306.66,1.8
16872,How Lite,Home,96.17,4.4
16873,Argue Lite,Toys,101.2,2.5
16874,Huge Plus,Electronics,388.33,1.7
16875,Letter Lite,Home,158.5,1.5
16876,Staff Pro,Clothing,321.77,2.7
16877,Particularly Plus,Beauty,97.54,3.4
16878,Place Max,Toys,335.13,3.0
16879,Great Pro,Clothing,491.59,2.5
16880,School Lite,Toys,345.36,4.5
16881,Administration Max,Electronics,339.45,1.2
16882,Forward Plus,Sports,294.35,1.2
16883,Building Pro,Electronics,384.0,3.7
16884,Indeed Plus,Electronics,276.83,2.7
16885,Hand Lite,Books,117.77,4.6
16886,Guy Max,Books,185.17,3.6
16887,Even Plus,Electronics,206.21,3.7
16888,Task Lite,Sports,323.35,2.7
16889,Occur Max,Home,14.35,3.7
16890,Since Pro,Electronics,376.42,3.7
16891,He Max,Sports,86.0,1.3
16892,Forward Max,Electronics,117.86,2.6
16893,Beautiful Max,Home,254.35,2.8
16894,Language Pro,Beauty,47.75,3.4
16895,Mention Pro,Clothing,174.61,1.8
16896,Professor Lite,Clothing,26.72,1.6
16897,Professional Lite,Sports,265.99,1.0
16898,History Max,Books,446.88,3.2
16899,Big Pro,Sports,43.0,2.7
16900,Build Max,Beauty,84.2,4.3
16901,Rock Lite,Toys,126.96,2.5
16902,Mother Lite,Beauty,228.54,1.8
16903,Well Lite,Home,192.37,4.7
16904,Key Plus,Home,466.42,2.6
16905,Good Max,Beauty,107.83,5.0
16906,Stuff Plus,Clothing,238.56,2.0
16907,Stage Plus,Toys,249.59,4.4
16908,Wonder Lite,Clothing,256.25,2.4
16909,Treat Max,Books,337.83,1.1
16910,Early Lite,Sports,379.48,4.1
16911,Sea Lite,Clothing,281.21,2.5
16912,Tonight Plus,Sports,130.73,1.4
16913,Test Lite,Clothing,429.41,1.2
16914,Way Lite,Sports,394.02,4.4
16915,Thousand Lite,Sports,257.9,3.0
16916,Book Pro,Electronics,262.91,4.3
16917,Husband Pro,Beauty,19.19,3.9
16918,Push Lite,Toys,358.83,1.9
16919,Drop Max,Sports,353.06,3.4
16920,About Lite,Toys,191.03,4.1
16921,Beautiful Plus,Toys,9.43,1.1
16922,Agency Lite,Clothing,242.15,3.4
16923,Age Max,Beauty,490.27,4.0
16924,Choice Lite,Books,369.62,4.4
16925,It Lite,Sports,102.55,4.0
16926,Value Pro,Sports,186.74,4.7
16927,Base Plus,Clothing,129.63,4.2
16928,Happen Pro,Sports,196.69,3.0
16929,Story Lite,Toys,408.28,4.7
16930,Peace Plus,Sports,334.3,4.9
16931,Tonight Pro,Books,316.94,4.2
16932,Upon Lite,Books,177.27,1.5
16933,Market Max,Books,259.76,4.8
16934,Beat Pro,Books,275.46,3.2
16935,Several Lite,Books,288.05,1.4
16936,Security Max,Electronics,388.5,1.2
16937,Approach Plus,Home,384.24,2.6
16938,Enter Lite,Toys,193.06,3.2
16939,College Lite,Toys,45.97,2.3
16940,Our Plus,Electronics,133.75,3.6
16941,Television Plus,Toys,159.54,4.8
16942,Tax Pro,Electronics,166.82,2.6
16943,Fund Max,Home,452.65,4.4
16944,Name Plus,Clothing,466.29,1.1
16945,Eight Lite,Toys,368.55,3.6
16946,Follow Plus,Beauty,369.66,2.3
16947,Watch Max,Books,242.87,2.5
16948,Ground Plus,Home,451.25,2.7
16949,Thank Pro,Clothing,460.86,4.5
16950,Explain Pro,Sports,339.79,1.7
16951,Through Lite,Beauty,217.6,2.4
16952,Too Lite,Home,307.58,4.8
16953,Thus Lite,Books,346.23,1.4
16954,Consumer Lite,Electronics,301.03,2.6
16955,Friend Max,Sports,83.55,4.0
16956,Generation Max,Toys,415.39,4.5
16957,Cell Pro,Beauty,76.18,1.9
16958,Begin Pro,Electronics,189.99,2.7
16959,Bed Max,Clothing,116.8,3.4
16960,Participant Pro,Books,225.62,5.0
16961,What Max,Home,394.39,1.7
16962,Time Lite,Clothing,350.9,4.0
16963,Successful Lite,Beauty,373.0,3.9
16964,Character Pro,Home,71.32,3.3
16965,Per Plus,Electronics,254.25,1.3
16966,Pm Lite,Sports,454.04,2.8
16967,Team Plus,Toys,64.01,1.8
16968,Hundred Lite,Beauty,485.76,3.1
16969,Name Plus,Clothing,327.09,4.6
16970,General Plus,Toys,60.09,3.1
16971,Everyone Pro,Beauty,86.55,1.9
16972,Into Lite,Toys,386.19,3.8
16973,Possible Lite,Electronics,419.48,2.7
16974,Happen Pro,Sports,258.86,4.6
16975,Police Lite,Sports,279.84,3.9
16976,Weight Plus,Books,318.91,1.8
16977,None Lite,Electronics,426.37,4.7
16978,Line Lite,Toys,466.32,2.2
16979,World Pro,Books,307.44,2.4
16980,Southern Lite,Beauty,93.7,3.0
16981,Treat Plus,Sports,172.82,2.8
16982,So Max,Toys,262.76,2.6
16983,Around Pro,Books,484.87,5.0
16984,Foreign Max,Toys,297.89,1.5
16985,Discover Lite,Toys,48.13,4.4
16986,Hotel Max,Sports,444.41,3.0
16987,Sound Max,Toys,90.73,2.6
16988,Skin Lite,Toys,30.71,1.4
16989,Pattern Lite,Books,146.84,3.3
16990,Up Pro,Toys,482.68,1.1
16991,Position Lite,Clothing,399.14,1.9
16992,Near Pro,Beauty,477.5,1.4
16993,Still Plus,Sports,255.89,4.3
16994,Final Lite,Sports,141.66,3.1
16995,Thought Max,Beauty,472.84,1.3
16996,Cell Max,Electronics,395.88,2.3
16997,Wall Plus,Electronics,22.62,3.3
16998,Significant Plus,Clothing,494.75,2.7
16999,Cell Lite,Clothing,452.63,1.3
17000,Too Max,Toys,79.93,2.6
17001,Key Lite,Books,113.35,2.7
17002,Send Max,Toys,306.73,1.6
17003,Ahead Pro,Home,212.23,2.4
17004,Indicate Lite,Home,441.33,4.7
17005,Under Plus,Toys,250.22,4.7
17006,Action Plus,Electronics,222.72,1.3
17007,Conference Pro,Beauty,453.42,4.9
17008,Data Lite,Sports,440.25,2.9
17009,Likely Lite,Clothing,454.71,4.5
17010,Market Max,Books,388.74,2.8
17011,Ask Lite,Sports,106.91,1.4
17012,Entire Pro,Home,325.28,1.3
17013,Single Lite,Toys,466.86,3.6
17014,Produce Pro,Sports,35.98,3.9
17015,Evidence Pro,Beauty,282.32,4.2
17016,Field Pro,Books,277.18,4.2
17017,Good Plus,Clothing,121.75,1.8
17018,Tough Lite,Electronics,254.21,2.9
17019,Picture Lite,Home,44.12,4.4
17020,Staff Max,Toys,57.54,4.8
17021,Past Pro,Books,452.36,3.8
17022,Make Pro,Toys,287.78,2.2
17023,Republican Plus,Sports,167.62,2.7
17024,Television Lite,Toys,297.9,4.2
17025,Save Max,Home,461.11,4.6
17026,Figure Plus,Electronics,463.49,2.2
17027,Step Max,Beauty,45.73,1.6
17028,Against Plus,Sports,150.24,1.9
17029,Method Max,Home,492.77,2.7
17030,Animal Max,Electronics,363.23,4.6
17031,Environmental Plus,Electronics,499.76,4.9
17032,Today Plus,Sports,13.91,2.5
17033,Away Plus,Sports,352.32,4.9
17034,Cut Max,Home,196.91,1.6
17035,Nothing Max,Home,71.34,4.9
17036,Goal Max,Books,75.03,1.4
17037,Explain Plus,Home,118.46,1.6
17038,Stuff Plus,Clothing,497.34,1.4
17039,Other Pro,Clothing,64.24,2.6
17040,Firm Lite,Clothing,185.53,1.3
17041,Draw Lite,Beauty,97.41,2.7
17042,Marriage Plus,Sports,144.52,3.1
17043,Me Max,Books,168.98,3.5
17044,Choose Pro,Beauty,262.76,3.1
17045,Help Max,Clothing,286.19,4.2
17046,Stay Max,Clothing,382.07,3.2
17047,Tv Max,Sports,382.33,3.5
17048,None Plus,Books,156.56,4.1
17049,Action Plus,Electronics,189.36,2.3
17050,According Lite,Electronics,399.57,2.3
17051,Risk Lite,Home,164.87,1.8
17052,Computer Lite,Electronics,460.88,2.7
17053,Program Pro,Toys,241.02,4.2
17054,Quite Max,Sports,322.28,3.3
17055,Edge Pro,Books,338.86,1.1
17056,Part Plus,Toys,53.54,4.3
17057,Save Plus,Beauty,284.66,3.0
17058,Poor Lite,Sports,105.84,2.5
17059,New Pro,Electronics,141.6,4.1
17060,Whole Lite,Toys,493.78,2.4
17061,A Lite,Clothing,250.64,2.5
17062,Receive Plus,Clothing,230.1,1.7
17063,Director Plus,Toys,455.05,3.3
17064,Will Lite,Clothing,228.25,2.0
17065,Minute Lite,Beauty,474.93,3.9
17066,Growth Pro,Clothing,459.12,2.5
17067,Space Lite,Electronics,148.6,4.6
17068,Maybe Max,Home,300.74,4.7
17069,Democratic Pro,Electronics,292.0,4.1
17070,Imagine Lite,Sports,404.25,2.5
17071,Card Lite,Sports,467.82,1.5
17072,Beat Plus,Electronics,256.46,3.3
17073,Personal Max,Beauty,497.72,3.8
17074,Attack Plus,Electronics,469.78,3.7
17075,Sort Pro,Electronics,106.63,4.4
17076,Tv Lite,Beauty,289.49,4.3
17077,Far Max,Home,419.13,4.6
17078,Recognize Plus,Beauty,67.55,2.6
17079,Amount Pro,Books,361.47,3.3
17080,Customer Max,Electronics,275.16,1.1
17081,New Lite,Toys,244.77,2.1
17082,Recently Pro,Books,23.85,4.0
17083,Oil Lite,Toys,56.19,3.3
17084,Mouth Pro,Home,381.87,2.0
17085,My Lite,Home,318.6,5.0
17086,Continue Plus,Electronics,446.05,1.3
17087,More Lite,Electronics,33.81,4.1
17088,Mouth Pro,Home,404.03,4.9
17089,Parent Lite,Clothing,223.21,3.2
17090,Represent Pro,Home,244.05,4.0
17091,Like Pro,Beauty,309.52,3.1
17092,Situation Plus,Beauty,223.5,3.6
17093,Be Pro,Toys,341.86,1.5
17094,Design Lite,Books,472.51,4.0
17095,Authority Plus,Books,111.21,2.0
17096,Ever Max,Beauty,269.6,2.5
17097,Account Plus,Electronics,25.06,2.8
17098,Interesting Pro,Toys,409.1,3.2
17099,Catch Max,Toys,278.34,4.6
17100,Probably Plus,Sports,179.52,4.7
17101,Particular Plus,Toys,97.62,4.1
17102,Interest Max,Electronics,344.99,2.4
17103,Spend Lite,Toys,239.32,3.2
17104,Address Pro,Home,161.74,3.2
17105,Citizen Pro,Sports,400.93,4.3
17106,Hot Pro,Sports,424.24,1.8
17107,Media Max,Clothing,15.76,2.2
17108,Democratic Max,Electronics,212.92,2.7
17109,Tell Max,Beauty,486.47,2.0
17110,Certainly Pro,Beauty,315.36,3.9
17111,There Pro,Clothing,429.34,3.8
17112,Assume Max,Beauty,204.64,3.9
17113,Always Pro,Clothing,220.61,4.0
17114,Spend Max,Toys,439.65,3.2
17115,Speak Max,Electronics,176.51,3.5
17116,Base Max,Clothing,372.98,2.3
17117,Ready Pro,Sports,392.91,2.9
17118,During Max,Books,236.77,1.8
17119,Design Max,Home,267.95,1.5
17120,Fall Pro,Books,346.85,1.6
17121,According Lite,Clothing,215.68,1.2
17122,Wind Pro,Beauty,321.15,4.6
17123,Her Max,Electronics,242.68,3.1
17124,Decade Pro,Toys,42.85,1.6
17125,Answer Pro,Clothing,135.64,1.8
17126,Low Plus,Books,472.39,4.8
17127,Material Pro,Electronics,43.33,2.8
17128,Hot Lite,Books,93.34,4.5
17129,College Lite,Sports,30.36,3.4
17130,Course Pro,Electronics,305.85,3.9
17131,Mean Pro,Books,254.7,3.0
17132,Specific Lite,Sports,66.07,4.9
17133,Community Pro,Toys,439.11,4.8
17134,Action Lite,Electronics,333.75,2.2
17135,Smile Max,Toys,84.99,4.4
17136,Approach Pro,Toys,42.53,4.9
17137,Moment Plus,Toys,383.72,2.3
17138,Hope Max,Home,236.43,1.2
17139,Feeling Pro,Beauty,245.08,3.2
17140,Range Plus,Beauty,296.75,2.1
17141,My Max,Home,456.02,4.9
17142,More Pro,Electronics,141.55,1.4
17143,Herself Pro,Books,193.81,3.2
17144,Purpose Pro,Toys,249.93,4.0
17145,May Pro,Electronics,285.18,3.2
17146,Enjoy Lite,Beauty,362.78,2.4
17147,Dinner Pro,Toys,83.8,2.3
17148,Range Max,Home,373.8,2.2
17149,It Plus,Beauty,490.37,4.0
17150,Late Lite,Clothing,383.69,3.7
17151,Sign Lite,Home,172.11,4.2
17152,Today Pro,Home,277.57,2.4
17153,Production Plus,Clothing,459.77,2.5
17154,Top Lite,Toys,22.37,3.5
17155,Notice Lite,Beauty,470.14,3.0
17156,Physical Pro,Electronics,274.94,2.4
17157,Above Plus,Electronics,238.09,1.1
17158,Product Plus,Books,238.82,5.0
17159,Upon Plus,Clothing,493.28,2.8
17160,Beyond Pro,Toys,406.77,2.6
17161,Style Pro,Books,90.41,4.0
17162,Player Max,Electronics,239.02,4.7
17163,Design Lite,Clothing,283.11,3.1
17164,Population Pro,Books,313.18,4.8
17165,Strong Pro,Electronics,361.97,4.7
17166,Here Plus,Electronics,459.97,2.7
17167,System Pro,Electronics,411.64,2.3
17168,Listen Lite,Sports,235.84,2.3
17169,Popular Plus,Books,482.61,1.4
17170,During Lite,Books,122.3,3.4
17171,Billion Lite,Home,373.92,1.7
17172,Quite Plus,Clothing,209.96,1.9
17173,Lawyer Lite,Electronics,294.63,3.8
17174,Structure Pro,Sports,413.11,3.1
17175,Staff Max,Clothing,143.25,3.8
17176,Store Lite,Electronics,162.83,2.3
17177,Save Max,Beauty,371.74,4.4
17178,Huge Max,Home,233.27,5.0
17179,Others Plus,Electronics,99.16,3.1
17180,Whose Plus,Electronics,459.08,2.6
17181,Once Pro,Electronics,106.49,1.5
17182,Lead Plus,Beauty,225.22,4.2
17183,We Plus,Sports,304.8,2.8
17184,Save Max,Beauty,427.67,1.2
17185,Service Pro,Toys,228.09,2.9
17186,Risk Lite,Beauty,152.91,4.3
17187,Own Pro,Beauty,322.41,4.4
17188,Not Max,Sports,168.93,3.3
17189,Conference Lite,Home,353.87,3.7
17190,Kid Pro,Books,442.43,4.5
17191,Home Plus,Beauty,285.69,4.7
17192,Theory Max,Toys,184.87,2.5
17193,Energy Max,Toys,255.24,4.1
17194,Trial Plus,Clothing,232.73,3.2
17195,And Pro,Home,331.18,2.1
17196,Manager Pro,Beauty,18.28,5.0
17197,Contain Pro,Home,484.13,4.1
17198,Early Pro,Home,226.66,1.5
17199,Able Plus,Beauty,318.39,4.0
17200,Chair Pro,Beauty,423.7,2.3
17201,Former Max,Toys,421.08,4.0
17202,Like Pro,Sports,297.51,2.3
17203,Person Plus,Books,226.81,2.0
17204,During Lite,Sports,389.4,1.2
17205,Receive Max,Electronics,127.98,2.8
17206,Start Lite,Sports,138.99,3.0
17207,Another Lite,Home,182.29,1.9
17208,Point Plus,Electronics,165.12,3.9
17209,Success Pro,Electronics,244.68,3.2
17210,Other Max,Beauty,78.74,3.2
17211,Great Pro,Electronics,75.82,1.6
17212,Place Pro,Books,404.52,2.6
17213,Sport Max,Electronics,244.46,4.7
17214,Receive Plus,Sports,238.55,2.5
17215,Kind Plus,Books,341.25,1.4
17216,Increase Plus,Beauty,393.7,2.8
17217,Member Lite,Electronics,404.46,2.7
17218,Change Plus,Clothing,214.79,4.8
17219,High Plus,Toys,360.13,3.8
17220,True Lite,Beauty,349.67,4.4
17221,Picture Max,Electronics,318.14,1.4
17222,Oil Pro,Sports,281.08,4.2
17223,Away Max,Electronics,498.0,2.3
17224,Specific Plus,Electronics,453.67,1.2
17225,Over Max,Sports,386.59,2.7
17226,Figure Pro,Home,492.53,2.4
17227,Cold Pro,Beauty,392.37,4.5
17228,Citizen Max,Toys,235.36,2.5
17229,Why Pro,Home,38.51,3.8
17230,Foreign Pro,Clothing,476.27,2.4
17231,Anyone Pro,Home,175.38,2.1
17232,Response Max,Beauty,62.77,3.7
17233,Wish Max,Toys,419.26,2.7
17234,Point Pro,Toys,275.71,1.8
17235,Everybody Lite,Books,107.53,1.2
17236,True Lite,Sports,488.49,2.3
17237,Course Pro,Electronics,258.05,2.8
17238,Win Plus,Books,415.5,2.5
17239,Much Max,Books,247.47,1.0
17240,Which Max,Toys,371.57,1.3
17241,Will Plus,Toys,262.31,1.6
17242,Check Pro,Home,481.01,1.8
17243,Question Plus,Books,444.56,1.9
17244,Lose Pro,Electronics,65.65,4.9
17245,By Max,Beauty,306.56,3.6
17246,Describe Max,Books,288.19,2.8
17247,Simply Pro,Beauty,390.84,1.9
17248,West Plus,Home,323.58,2.5
17249,Least Pro,Clothing,55.42,3.9
17250,Offer Plus,Clothing,134.23,1.8
17251,Tax Pro,Books,378.45,1.4
17252,Allow Max,Toys,198.31,1.5
17253,Point Plus,Electronics,347.46,2.6
17254,Without Lite,Home,214.46,4.5
17255,Vote Plus,Books,430.16,2.5
17256,Face Lite,Electronics,145.31,3.5
17257,Gas Pro,Sports,35.77,4.3
17258,Identify Lite,Beauty,470.97,1.8
17259,Travel Lite,Books,210.43,4.9
17260,Thing Max,Toys,43.96,1.6
17261,Human Plus,Home,321.77,2.2
17262,Size Lite,Books,239.73,4.5
17263,Art Max,Electronics,340.83,4.8
17264,National Pro,Sports,489.2,1.3
17265,Your Plus,Beauty,459.18,4.2
17266,Rock Pro,Clothing,394.81,3.0
17267,Head Plus,Home,245.44,1.7
17268,Series Pro,Home,405.9,1.3
17269,Suggest Pro,Clothing,473.62,1.1
17270,Reduce Max,Clothing,206.37,3.1
17271,Billion Lite,Toys,306.12,3.4
17272,Wife Plus,Beauty,106.76,2.9
17273,Energy Lite,Books,247.72,1.7
17274,No Lite,Books,228.52,4.8
17275,Most Lite,Toys,185.97,3.3
17276,Must Plus,Beauty,130.26,1.6
17277,Note Plus,Sports,203.92,2.0
17278,Process Max,Beauty,50.92,3.0
17279,For Plus,Electronics,195.68,3.3
17280,Fish Lite,Books,158.44,3.6
17281,Art Max,Beauty,192.37,4.8
17282,Perform Max,Books,249.05,4.6
17283,Lead Lite,Clothing,294.54,3.6
17284,Religious Lite,Books,470.09,3.9
17285,Someone Lite,Home,475.23,1.7
17286,Good Pro,Home,119.82,4.8
17287,Growth Plus,Beauty,26.09,1.2
17288,Interesting Max,Books,74.8,3.5
17289,Well Plus,Sports,221.74,3.8
17290,People Lite,Clothing,67.95,3.5
17291,Thousand Max,Beauty,55.06,2.9
17292,Sort Lite,Beauty,288.96,2.5
17293,Figure Lite,Electronics,293.97,3.6
17294,Vote Lite,Beauty,95.78,2.7
17295,Day Lite,Sports,457.73,4.1
17296,Arrive Pro,Toys,266.85,1.0
17297,Study Max,Sports,138.46,2.8
17298,Community Pro,Home,58.0,2.7
17299,Yet Max,Beauty,397.78,3.0
17300,Suggest Pro,Electronics,381.49,2.6
17301,Big Plus,Toys,7.23,3.7
17302,Value Max,Electronics,283.22,1.1
17303,Decision Max,Clothing,199.68,2.6
17304,Pressure Lite,Electronics,175.12,2.6
17305,Especially Lite,Beauty,15.04,1.4
17306,Admit Lite,Clothing,411.17,1.2
17307,Be Pro,Electronics,229.88,2.4
17308,It Lite,Beauty,334.29,2.3
17309,Apply Pro,Books,51.34,4.8
17310,Difference Plus,Electronics,42.47,4.2
17311,Agent Lite,Clothing,100.81,4.5
17312,Tough Plus,Beauty,463.58,3.6
17313,Represent Max,Toys,295.19,3.4
17314,Talk Max,Toys,124.2,3.7
17315,Sense Pro,Sports,278.9,3.0
17316,Sea Pro,Electronics,392.47,2.0
17317,Throw Max,Home,86.44,4.6
17318,Last Lite,Clothing,87.75,1.9
17319,Skin Plus,Home,25.53,3.9
17320,Let Max,Books,191.62,4.9
17321,Mouth Lite,Books,453.02,2.1
17322,Follow Plus,Clothing,429.61,1.6
17323,Way Plus,Books,466.45,1.6
17324,Those Max,Sports,126.26,2.2
17325,Reach Max,Clothing,318.21,1.2
17326,Fear Max,Clothing,72.39,3.6
17327,Region Lite,Home,54.65,3.6
17328,Realize Lite,Beauty,110.99,3.7
17329,Class Pro,Toys,230.91,1.1
17330,Challenge Pro,Sports,397.47,4.0
17331,Put Max,Books,367.13,4.5
17332,Statement Max,Books,59.17,4.4
17333,Behind Plus,Clothing,181.32,3.4
17334,General Lite,Clothing,73.0,3.8
17335,Hot Max,Clothing,20.42,3.5
17336,Try Plus,Toys,134.56,3.2
17337,Special Pro,Toys,395.49,1.7
17338,Very Max,Home,224.14,3.1
17339,Staff Pro,Books,470.02,2.4
17340,Prevent Lite,Books,140.32,2.2
17341,Individual Plus,Clothing,247.18,2.7
17342,Decide Max,Clothing,397.11,1.8
17343,Fear Lite,Beauty,110.53,2.9
17344,Region Lite,Books,494.58,2.8
17345,Art Max,Home,272.98,1.4
17346,Central Max,Electronics,58.02,4.6
17347,Street Plus,Books,111.71,1.6
17348,Agency Plus,Books,176.44,2.5
17349,Season Plus,Home,455.65,4.4
17350,Center Pro,Books,241.45,4.3
17351,Conference Plus,Electronics,184.04,3.6
17352,Turn Max,Clothing,395.69,1.9
17353,Almost Lite,Home,87.61,3.5
17354,Article Lite,Books,13.47,1.8
17355,Everybody Lite,Electronics,381.62,1.2
17356,Address Max,Sports,133.89,1.3
17357,Down Max,Home,100.32,3.6
17358,Seek Pro,Sports,319.34,1.5
17359,Conference Pro,Electronics,488.23,2.8
17360,Player Max,Toys,67.42,2.7
17361,Hear Pro,Toys,201.42,2.6
17362,Fill Plus,Home,119.03,4.0
17363,Even Pro,Beauty,313.13,2.7
17364,Father Lite,Beauty,481.04,2.6
17365,Teach Max,Beauty,375.79,3.0
17366,Order Plus,Books,477.29,3.2
17367,Leader Pro,Beauty,88.68,3.3
17368,Possible Lite,Beauty,391.77,1.3
17369,People Pro,Clothing,311.07,3.1
17370,Bring Max,Beauty,430.88,2.3
17371,Adult Max,Clothing,467.16,2.5
17372,Middle Max,Beauty,360.9,3.4
17373,Form Plus,Clothing,436.93,3.6
17374,Do Pro,Sports,463.33,4.4
17375,Able Pro,Toys,201.18,2.3
17376,Whole Max,Clothing,89.97,3.4
17377,View Plus,Toys,483.29,1.3
17378,Huge Pro,Sports,281.25,2.5
17379,Or Pro,Electronics,172.78,5.0
17380,Personal Plus,Books,415.3,4.1
17381,Travel Lite,Home,399.51,3.4
17382,Ball Max,Clothing,312.81,4.1
17383,Issue Plus,Beauty,79.91,3.3
17384,Artist Pro,Beauty,12.31,2.1
17385,Mouth Pro,Clothing,97.73,2.7
17386,However Pro,Toys,266.48,4.1
17387,Religious Lite,Toys,467.97,1.8
17388,For Pro,Clothing,348.62,2.1
17389,Because Plus,Clothing,63.26,4.5
17390,Service Pro,Books,110.27,3.1
17391,Throw Max,Electronics,382.46,3.5
17392,Discover Pro,Books,437.33,3.9
17393,Air Max,Beauty,439.22,4.3
17394,Everything Max,Sports,213.36,2.7
17395,Wall Pro,Electronics,333.58,3.5
17396,Work Plus,Clothing,374.32,4.4
17397,President Max,Sports,268.16,1.3
17398,Rate Pro,Electronics,53.2,2.4
17399,Three Pro,Electronics,457.82,4.9
17400,Sort Plus,Toys,259.8,3.3
17401,Issue Pro,Books,469.42,3.6
17402,Keep Pro,Beauty,221.61,4.4
17403,Simple Plus,Toys,338.12,4.4
17404,Finally Plus,Sports,412.89,1.4
17405,Important Pro,Electronics,303.7,2.2
17406,Create Max,Electronics,300.43,4.4
17407,Wish Lite,Clothing,71.56,1.9
17408,Value Lite,Sports,405.16,1.7
17409,Create Pro,Books,444.9,2.9
17410,However Max,Sports,340.83,1.1
17411,Car Plus,Toys,80.47,1.9
17412,Development Max,Toys,231.88,4.9
17413,It Pro,Beauty,332.75,4.6
17414,Bill Lite,Beauty,114.96,3.0
17415,Area Lite,Sports,292.64,4.4
17416,Job Plus,Electronics,400.29,1.3
17417,Toward Pro,Home,358.84,2.9
17418,Specific Plus,Clothing,369.28,4.7
17419,Scientist Max,Home,85.5,4.4
17420,Rule Lite,Home,189.23,2.0
17421,Action Max,Home,108.23,1.5
17422,Theory Pro,Electronics,412.08,4.2
17423,As Pro,Electronics,76.08,2.3
17424,Structure Plus,Beauty,262.2,1.7
17425,But Max,Clothing,340.4,4.4
17426,Foreign Lite,Beauty,217.54,1.9
17427,Important Max,Sports,69.97,4.3
17428,Decade Max,Clothing,211.81,1.3
17429,Staff Pro,Books,319.77,4.8
17430,Certain Max,Clothing,447.56,2.5
17431,Body Plus,Toys,172.05,2.8
17432,Phone Plus,Electronics,365.36,2.6
17433,Me Max,Books,491.83,2.9
17434,Impact Max,Books,90.38,1.1
17435,Form Lite,Clothing,497.48,3.1
17436,Interest Max,Sports,480.38,1.1
17437,Pretty Pro,Home,304.31,2.0
17438,Summer Plus,Beauty,10.15,4.8
17439,Relate Plus,Sports,433.06,3.2
17440,Address Lite,Sports,281.89,1.4
17441,Could Pro,Home,414.31,2.7
17442,Since Plus,Electronics,77.95,3.0
17443,Industry Plus,Sports,492.57,2.3
17444,Seek Plus,Home,215.76,4.1
17445,Draw Max,Home,186.96,3.7
17446,Identify Pro,Clothing,277.32,1.6
17447,Notice Plus,Sports,152.22,3.5
17448,Marriage Lite,Sports,274.66,2.3
17449,Now Lite,Toys,160.15,2.5
17450,Under Lite,Books,406.64,3.7
17451,Prevent Max,Electronics,28.67,1.8
17452,Tree Plus,Beauty,127.34,4.7
17453,Whole Max,Sports,371.86,3.1
17454,Consumer Max,Home,68.89,2.1
17455,Make Pro,Books,212.67,2.5
17456,Population Lite,Clothing,37.92,3.0
17457,Explain Pro,Books,405.86,4.3
17458,Step Max,Home,398.65,2.8
17459,Rule Max,Electronics,404.5,1.2
17460,Child Pro,Clothing,24.06,1.8
17461,Fund Pro,Toys,245.48,3.3
17462,Individual Pro,Sports,18.83,1.4
17463,Hard Pro,Toys,183.39,1.8
17464,Company Max,Beauty,273.92,1.2
17465,Score Lite,Books,172.57,4.7
17466,Wall Plus,Toys,84.86,1.5
17467,Later Pro,Electronics,195.19,1.3
17468,Smile Lite,Books,141.47,3.2
17469,Data Plus,Home,227.73,3.9
17470,Just Lite,Sports,483.94,1.6
17471,Tough Pro,Sports,435.62,4.1
17472,Baby Plus,Books,36.09,2.4
17473,Yet Max,Home,163.01,4.5
17474,Investment Plus,Toys,102.48,1.1
17475,Turn Max,Toys,326.87,4.1
17476,Ten Pro,Books,76.5,3.2
17477,Perhaps Plus,Toys,376.71,3.0
17478,Lay Pro,Toys,18.3,3.3
17479,Movie Lite,Books,456.58,1.2
17480,Never Max,Toys,173.55,2.9
17481,Her Max,Sports,107.44,4.4
17482,Send Pro,Clothing,101.11,2.3
17483,Development Lite,Sports,473.87,4.9
17484,Instead Max,Home,28.11,2.6
17485,Throughout Pro,Clothing,249.26,2.7
17486,Perform Max,Sports,402.47,3.5
17487,Like Pro,Home,127.01,1.9
17488,When Plus,Home,414.51,1.2
17489,Perhaps Pro,Home,418.07,3.6
17490,Treatment Plus,Electronics,227.18,3.4
17491,Foreign Lite,Home,323.78,1.1
17492,Letter Lite,Books,297.91,1.9
17493,South Pro,Beauty,291.75,3.3
17494,Front Max,Books,137.8,3.8
17495,Law Pro,Sports,327.18,1.3
17496,Exactly Pro,Clothing,396.22,2.8
17497,Power Max,Home,329.71,1.6
17498,Responsibility Lite,Books,459.78,2.8
17499,Knowledge Lite,Toys,58.11,4.6
17500,Speak Lite,Sports,478.89,1.2
17501,Especially Pro,Home,195.0,1.9
17502,Power Max,Books,11.54,3.6
17503,Marriage Plus,Electronics,455.82,3.3
17504,Former Pro,Clothing,464.83,4.5
17505,Cut Max,Home,104.36,2.3
17506,Scientist Max,Beauty,20.37,3.7
17507,Soon Max,Clothing,371.64,2.5
17508,Response Lite,Books,408.17,4.1
17509,Rate Pro,Home,154.48,4.9
17510,Music Plus,Electronics,396.38,4.5
17511,Heart Plus,Beauty,61.13,4.9
17512,Model Pro,Books,209.28,2.2
17513,Off Pro,Sports,245.93,4.3
17514,Suffer Lite,Beauty,52.27,3.6
17515,Must Pro,Home,13.13,3.9
17516,Us Pro,Clothing,175.28,4.4
17517,Deal Plus,Electronics,81.88,3.5
17518,Soldier Max,Clothing,136.44,3.2
17519,Yes Plus,Electronics,159.48,1.2
17520,Laugh Plus,Home,177.94,2.6
17521,Beyond Lite,Electronics,489.96,4.2
17522,Fund Pro,Clothing,421.77,3.7
17523,Project Plus,Beauty,225.65,4.1
17524,Would Plus,Books,399.17,2.8
17525,Behind Lite,Sports,280.6,3.7
17526,Begin Pro,Home,173.94,1.3
17527,Father Lite,Home,208.8,2.3
17528,Response Lite,Electronics,74.65,2.5
17529,Tv Plus,Toys,401.64,1.5
17530,Water Pro,Clothing,194.09,1.4
17531,Story Lite,Clothing,459.54,4.3
17532,Single Lite,Home,147.07,3.3
17533,Analysis Lite,Electronics,109.18,4.8
17534,Fine Pro,Beauty,140.68,4.1
17535,Test Pro,Sports,141.11,3.9
17536,Sport Max,Books,344.45,4.8
17537,Others Pro,Sports,320.75,1.5
17538,Business Plus,Toys,72.84,1.4
17539,Over Pro,Books,66.57,1.5
17540,Season Max,Beauty,25.13,4.9
17541,Yard Lite,Electronics,293.83,1.8
17542,Around Plus,Sports,318.14,4.7
17543,Understand Plus,Sports,428.23,3.8
17544,Hit Pro,Toys,114.69,3.8
17545,Allow Lite,Home,18.6,3.0
17546,Find Max,Beauty,172.11,4.6
17547,Movie Max,Electronics,478.96,3.6
17548,Worry Lite,Clothing,71.3,4.7
17549,Not Max,Electronics,476.04,2.2
17550,Specific Max,Toys,116.26,1.3
17551,Court Lite,Home,409.76,3.3
17552,Official Plus,Sports,365.88,4.3
17553,Pressure Lite,Toys,313.81,3.5
17554,Store Max,Electronics,396.3,3.8
17555,Boy Max,Electronics,192.49,1.1
17556,Structure Max,Beauty,174.32,4.2
17557,Hear Max,Toys,355.8,4.6
17558,Various Lite,Books,421.64,1.3
17559,Including Max,Toys,300.72,4.0
17560,Southern Max,Beauty,231.76,3.1
17561,Firm Lite,Clothing,42.96,2.8
17562,Put Pro,Books,481.65,3.1
17563,Position Plus,Toys,144.15,2.8
17564,Describe Pro,Electronics,294.55,1.2
17565,Capital Pro,Beauty,282.93,2.9
17566,Pass Plus,Sports,418.54,4.0
17567,Seem Max,Clothing,376.62,1.6
17568,Father Lite,Electronics,44.41,2.5
17569,Property Pro,Electronics,389.22,3.2
17570,Themselves Pro,Home,124.74,1.7
17571,Detail Pro,Toys,289.24,4.5
17572,Significant Pro,Home,247.93,1.3
17573,Article Pro,Home,212.51,4.6
17574,Nearly Pro,Sports,170.44,2.4
17575,Full Lite,Clothing,143.38,4.6
17576,There Pro,Electronics,400.03,2.7
17577,Travel Plus,Electronics,208.96,2.8
17578,Would Plus,Home,162.17,3.7
17579,Final Lite,Books,439.43,3.7
17580,Concern Plus,Electronics,418.95,3.2
17581,Take Pro,Books,389.6,4.6
17582,Record Pro,Beauty,188.2,1.7
17583,Always Max,Electronics,467.75,4.5
17584,Hospital Lite,Beauty,76.67,4.6
17585,Simply Lite,Home,399.65,3.2
17586,Alone Plus,Home,316.44,2.6
17587,Beat Plus,Toys,66.71,3.1
17588,Republican Plus,Electronics,374.31,1.4
17589,Side Pro,Toys,288.9,1.2
17590,Article Plus,Clothing,224.34,4.7
17591,Range Plus,Home,164.2,3.7
17592,Join Plus,Electronics,306.17,4.9
17593,Attention Lite,Home,86.74,1.2
17594,Prepare Lite,Electronics,328.31,3.2
17595,Skill Lite,Electronics,234.66,4.9
17596,Sell Max,Sports,241.35,4.2
17597,Keep Max,Books,419.17,4.2
17598,Year Pro,Home,471.48,2.4
17599,Writer Max,Electronics,82.44,1.5
17600,Blood Lite,Electronics,333.02,1.2
17601,Material Pro,Clothing,314.22,3.4
17602,Exist Max,Sports,408.25,3.1
17603,Garden Plus,Electronics,112.91,1.3
17604,Run Pro,Clothing,441.96,4.6
17605,Government Pro,Home,235.28,3.8
17606,Pay Pro,Beauty,50.66,1.2
17607,Middle Lite,Sports,174.01,3.7
17608,Second Max,Beauty,240.49,2.4
17609,Tree Plus,Clothing,263.24,2.2
17610,Also Max,Books,364.25,4.4
17611,Crime Pro,Beauty,211.59,1.7
17612,Physical Max,Toys,362.63,1.2
17613,Subject Max,Toys,224.63,2.6
17614,Network Plus,Toys,435.7,4.9
17615,Kind Lite,Home,466.47,4.3
17616,Anyone Pro,Books,36.55,3.2
17617,Fear Pro,Sports,395.45,3.0
17618,Here Max,Clothing,386.6,3.1
17619,Task Plus,Electronics,148.88,4.4
17620,Prevent Lite,Home,135.81,4.1
17621,Science Lite,Books,226.87,4.6
17622,Visit Pro,Electronics,445.74,4.7
17623,Several Plus,Toys,216.81,3.2
17624,Art Plus,Books,424.89,1.7
17625,Clearly Lite,Home,467.76,2.1
17626,During Pro,Clothing,499.64,2.4
17627,Very Pro,Sports,205.7,1.8
17628,Director Plus,Beauty,128.82,2.8
17629,Unit Pro,Electronics,335.12,3.9
17630,Back Lite,Beauty,325.08,4.3
17631,Clearly Plus,Beauty,431.63,2.1
17632,None Max,Home,402.09,2.4
17633,They Lite,Toys,389.53,4.5
17634,Tough Max,Toys,407.13,4.5
17635,Room Max,Books,19.46,4.4
17636,Guess Max,Electronics,488.17,3.9
17637,Need Pro,Clothing,85.24,4.9
17638,Whatever Lite,Clothing,309.56,1.4
17639,Person Lite,Electronics,57.99,1.6
17640,So Max,Beauty,152.75,2.2
17641,Level Max,Sports,346.74,1.2
17642,Artist Lite,Electronics,65.17,4.3
17643,Operation Lite,Beauty,318.85,1.4
17644,Feeling Max,Beauty,105.3,2.2
17645,Challenge Lite,Toys,52.95,1.0
17646,Result Plus,Sports,419.71,2.8
17647,Sport Max,Books,313.34,1.3
17648,Think Plus,Beauty,432.12,1.9
17649,Determine Lite,Sports,231.33,3.2
17650,Source Plus,Home,210.04,3.4
17651,Carry Plus,Books,374.18,2.6
17652,Safe Max,Electronics,348.98,2.8
17653,Nor Pro,Toys,368.8,2.9
17654,Program Max,Electronics,325.73,3.8
17655,Store Max,Home,303.83,1.1
17656,New Pro,Home,371.64,3.6
17657,Throughout Plus,Books,92.96,3.0
17658,Scientist Max,Books,186.05,2.8
17659,Conference Plus,Clothing,339.58,2.5
17660,Water Plus,Clothing,53.08,1.3
17661,Mrs Max,Books,147.72,3.4
17662,Figure Lite,Beauty,194.4,2.1
17663,Local Plus,Toys,476.77,2.2
17664,Ago Max,Electronics,106.73,4.6
17665,Couple Pro,Toys,374.04,4.7
17666,Phone Pro,Clothing,212.87,1.7
17667,Pay Max,Sports,363.81,3.5
17668,Under Pro,Sports,149.45,2.7
17669,Need Lite,Home,343.02,3.7
17670,Street Lite,Electronics,237.74,2.2
17671,Today Pro,Toys,359.3,3.1
17672,Customer Plus,Electronics,391.74,3.0
17673,Build Pro,Beauty,400.33,3.2
17674,Sea Lite,Sports,494.52,3.0
17675,Lay Pro,Electronics,182.68,4.6
17676,Identify Plus,Books,352.63,2.9
17677,Next Max,Toys,215.7,4.4
17678,Than Max,Clothing,22.58,1.2
17679,Treat Plus,Toys,128.71,1.7
17680,Provide Max,Clothing,196.7,3.6
17681,Paper Pro,Sports,421.86,3.9
17682,Ask Plus,Beauty,313.38,4.5
17683,Decision Pro,Toys,45.62,1.1
17684,Page Max,Home,196.83,4.2
17685,Over Plus,Home,449.41,3.3
17686,Dream Plus,Toys,485.9,2.8
17687,Prepare Pro,Home,90.72,2.5
17688,Go Pro,Toys,139.07,2.7
17689,Chair Max,Home,333.69,2.5
17690,Education Plus,Electronics,31.89,1.9
17691,Major Max,Electronics,499.3,1.6
17692,Own Pro,Sports,364.62,1.6
17693,Skill Lite,Electronics,387.62,4.2
17694,Reflect Pro,Beauty,422.65,4.0
17695,Score Plus,Clothing,59.08,2.7
17696,Deal Max,Toys,130.08,3.3
17697,Possible Max,Beauty,420.22,1.6
17698,Throw Plus,Beauty,210.0,1.4
17699,Example Plus,Beauty,422.85,1.0
17700,Result Lite,Beauty,177.55,4.9
17701,Yes Pro,Clothing,13.55,1.4
17702,Not Plus,Beauty,409.33,4.5
17703,Foot Plus,Electronics,57.66,2.1
17704,Who Plus,Home,55.11,3.8
17705,Firm Lite,Beauty,325.81,4.8
17706,Marriage Max,Toys,473.26,4.9
17707,Far Plus,Beauty,400.04,4.9
17708,Save Max,Sports,181.93,3.0
17709,Record Max,Sports,492.0,3.7
17710,Determine Pro,Beauty,248.29,3.9
17711,Least Max,Home,253.23,4.6
17712,Dream Lite,Clothing,63.2,1.3
17713,Even Max,Sports,403.97,1.3
17714,Option Pro,Beauty,367.41,3.9
17715,Send Max,Home,246.15,2.5
17716,Rather Lite,Clothing,305.42,4.2
17717,Eat Max,Home,216.79,3.5
17718,Herself Plus,Clothing,469.22,1.6
17719,Recognize Lite,Clothing,220.65,2.7
17720,Media Plus,Home,109.8,1.3
17721,Carry Max,Toys,105.06,3.6
17722,A Plus,Sports,308.65,2.1
17723,Accept Lite,Electronics,498.91,2.8
17724,Hot Plus,Clothing,384.85,2.9
17725,Parent Plus,Books,243.01,3.9
17726,Soon Lite,Beauty,219.96,3.6
17727,On Plus,Books,494.88,1.5
17728,Bit Pro,Sports,16.55,2.6
17729,Important Pro,Sports,80.97,3.8
17730,Determine Plus,Clothing,309.59,2.3
17731,Other Max,Sports,180.59,2.6
17732,Really Pro,Electronics,330.32,4.2
17733,Road Pro,Home,279.49,1.2
17734,South Plus,Sports,172.67,3.4
17735,Town Lite,Sports,5.63,1.8
17736,Production Plus,Toys,112.63,4.1
17737,Tough Plus,Clothing,489.84,2.9
17738,Hope Pro,Books,498.58,4.4
17739,Onto Lite,Clothing,81.25,1.7
17740,Turn Plus,Electronics,486.69,2.9
17741,Relationship Lite,Home,472.35,4.7
17742,Girl Lite,Toys,32.53,4.6
17743,Enter Max,Home,407.93,3.4
17744,Clearly Lite,Sports,181.48,2.9
17745,Nearly Pro,Toys,76.4,4.0
17746,Possible Plus,Sports,397.24,1.2
17747,Else Lite,Home,156.35,4.0
17748,Rich Plus,Home,471.18,1.4
17749,Response Plus,Home,307.17,3.7
17750,Activity Lite,Sports,16.19,3.1
17751,Summer Lite,Toys,54.29,4.0
17752,Return Lite,Electronics,229.65,3.0
17753,Drop Plus,Books,156.56,2.5
17754,Class Max,Toys,389.11,1.7
17755,Wife Lite,Beauty,399.89,3.3
17756,Stop Lite,Clothing,424.81,3.9
17757,Old Pro,Toys,144.93,1.8
17758,Pay Lite,Books,373.48,1.3
17759,American Pro,Sports,470.98,2.7
17760,About Pro,Sports,92.65,1.6
17761,Job Plus,Sports,489.41,2.3
17762,Him Plus,Home,438.85,3.5
17763,Wait Plus,Home,71.54,1.9
17764,Office Lite,Sports,365.76,1.4
17765,Something Plus,Toys,273.86,3.6
17766,Heart Lite,Beauty,340.28,1.2
17767,Mind Plus,Books,481.07,3.6
17768,Edge Plus,Electronics,152.91,3.5
17769,Describe Pro,Sports,43.09,3.3
17770,Improve Plus,Beauty,234.84,2.4
17771,Language Lite,Electronics,89.36,1.7
17772,Hair Plus,Home,245.41,3.7
17773,Hour Lite,Books,463.81,4.2
17774,Contain Plus,Beauty,151.8,1.3
17775,Reach Pro,Books,23.19,1.2
17776,Writer Plus,Clothing,357.96,3.1
17777,Indeed Max,Books,365.35,2.3
17778,Share Plus,Electronics,144.44,2.9
17779,Future Max,Electronics,299.82,3.9
17780,Hair Pro,Clothing,171.05,3.6
17781,Wrong Lite,Clothing,475.09,1.9
17782,Explain Max,Sports,491.05,1.5
17783,View Plus,Home,204.56,1.7
17784,What Pro,Home,283.01,2.3
17785,Degree Plus,Toys,380.46,4.0
17786,Appear Pro,Sports,80.37,3.2
17787,Your Lite,Electronics,39.58,1.3
17788,Six Pro,Sports,70.15,1.4
17789,Throughout Pro,Clothing,391.92,4.5
17790,Anything Lite,Books,436.92,2.0
17791,Issue Max,Home,491.63,3.8
17792,Financial Pro,Sports,140.12,4.6
17793,Argue Lite,Books,72.52,3.1
17794,These Plus,Home,148.67,2.7
17795,Daughter Pro,Toys,474.63,3.5
17796,Blue Lite,Beauty,348.25,1.6
17797,Effort Pro,Books,353.27,1.4
17798,Maintain Lite,Toys,150.15,4.0
17799,Left Lite,Electronics,434.04,2.9
17800,Discuss Pro,Electronics,68.17,1.8
17801,Though Lite,Books,281.5,2.6
17802,Care Max,Home,214.51,1.1
17803,Blood Lite,Books,137.62,3.2
17804,Tv Plus,Books,411.76,4.7
17805,Scientist Plus,Books,437.92,4.1
17806,Parent Pro,Toys,33.1,2.6
17807,Trouble Lite,Books,431.77,1.8
17808,Relationship Max,Beauty,322.55,3.8
17809,Ready Pro,Sports,51.12,1.2
17810,I Plus,Clothing,309.37,2.0
17811,Black Lite,Sports,392.76,4.0
17812,Financial Plus,Electronics,101.4,1.4
17813,Stock Pro,Electronics,451.83,1.0
17814,Technology Plus,Books,315.67,4.4
17815,Movement Max,Electronics,400.15,5.0
17816,You Plus,Beauty,463.01,4.1
17817,Box Pro,Electronics,348.33,3.0
17818,Decide Lite,Home,463.18,2.4
17819,Name Lite,Home,73.43,3.8
17820,Listen Lite,Home,210.94,4.6
17821,Crime Pro,Sports,144.59,2.3
17822,Support Lite,Beauty,415.66,4.5
17823,Yourself Pro,Beauty,171.46,3.4
17824,Nor Pro,Beauty,159.87,3.5
17825,Prove Pro,Books,191.17,4.4
17826,Leader Max,Home,420.7,4.4
17827,Follow Max,Sports,348.73,3.9
17828,Role Pro,Clothing,53.02,4.4
17829,Five Pro,Beauty,236.73,1.1
17830,Fear Max,Electronics,424.89,1.6
17831,Word Plus,Home,462.78,2.7
17832,Officer Plus,Beauty,328.04,4.7
17833,Even Plus,Sports,7.62,4.8
17834,World Pro,Electronics,256.44,4.9
17835,Card Pro,Electronics,237.57,1.6
17836,Human Plus,Home,89.7,2.1
17837,His Lite,Books,62.15,4.4
17838,Watch Plus,Electronics,469.63,2.0
17839,Idea Lite,Toys,288.84,2.8
17840,Put Pro,Sports,29.77,1.9
17841,Instead Lite,Toys,248.71,3.5
17842,Management Lite,Beauty,117.34,1.9
17843,Wear Lite,Toys,298.33,2.1
17844,Enough Plus,Books,247.89,1.2
17845,Better Max,Home,450.39,4.8
17846,Little Max,Beauty,313.65,4.6
17847,Wrong Max,Beauty,202.5,1.8
17848,Finally Max,Books,491.41,1.3
17849,Individual Pro,Toys,185.12,2.4
17850,Behavior Lite,Toys,55.17,2.6
17851,They Pro,Home,474.93,2.2
17852,Vote Max,Toys,480.36,2.4
17853,Hit Pro,Toys,363.51,3.3
17854,Interest Lite,Electronics,141.59,1.6
17855,Full Max,Home,74.92,2.6
17856,Could Max,Beauty,127.62,1.2
17857,Rock Max,Sports,81.79,4.4
17858,Dog Pro,Electronics,239.7,1.5
17859,Travel Lite,Sports,100.05,4.8
17860,Three Max,Electronics,355.31,4.2
17861,At Max,Toys,37.67,2.4
17862,Character Pro,Toys,348.89,4.4
17863,Think Max,Toys,219.52,3.4
17864,Could Max,Home,8.54,3.4
17865,Human Pro,Home,99.14,3.5
17866,Short Lite,Books,54.58,1.4
17867,Political Max,Sports,425.43,3.2
17868,Team Plus,Clothing,169.79,2.2
17869,Loss Max,Clothing,9.73,4.2
17870,Research Lite,Home,380.49,2.2
17871,Prevent Max,Home,474.46,3.0
17872,Among Plus,Books,497.8,1.5
17873,Leave Plus,Clothing,256.59,2.5
17874,Boy Plus,Electronics,476.99,1.4
17875,Over Pro,Toys,311.47,1.3
17876,Miss Lite,Clothing,370.29,3.2
17877,Suffer Pro,Books,169.08,2.1
17878,Machine Max,Clothing,241.04,2.1
17879,Power Lite,Books,219.41,1.7
17880,Growth Lite,Books,286.23,4.5
17881,Spring Plus,Electronics,450.87,1.7
17882,Own Pro,Home,154.8,1.3
17883,Agree Pro,Books,338.68,2.5
17884,Item Plus,Beauty,419.08,4.9
17885,Case Lite,Books,100.26,1.5
17886,Herself Max,Toys,288.23,1.5
17887,Nor Plus,Home,404.65,4.4
17888,Line Pro,Sports,434.76,4.2
17889,Section Pro,Sports,291.89,3.3
17890,Miss Max,Sports,214.36,3.9
17891,Seven Pro,Electronics,237.68,1.3
17892,Believe Lite,Sports,47.97,4.4
17893,Financial Plus,Toys,145.1,4.2
17894,Drive Pro,Electronics,162.28,3.7
17895,Area Max,Sports,49.62,4.8
17896,Guy Max,Clothing,85.86,4.3
17897,Democrat Lite,Beauty,484.34,1.9
17898,When Plus,Clothing,152.05,2.2
17899,Sell Lite,Toys,21.92,4.8
17900,Hold Max,Books,243.26,3.6
17901,Throughout Lite,Clothing,356.5,1.8
17902,Front Lite,Clothing,365.38,2.9
17903,Success Lite,Toys,94.41,3.6
17904,Four Plus,Electronics,193.27,3.2
17905,Quality Max,Toys,175.27,2.1
17906,Middle Lite,Sports,338.13,1.5
17907,Sign Pro,Books,174.68,3.0
17908,Field Lite,Books,178.15,3.0
17909,Top Pro,Sports,451.37,3.5
17910,Major Pro,Clothing,465.85,2.9
17911,War Lite,Books,373.75,3.3
17912,Student Lite,Clothing,353.6,4.0
17913,Person Pro,Electronics,377.94,4.2
17914,Teach Pro,Clothing,438.9,4.2
17915,Rise Max,Clothing,369.57,4.7
17916,Support Max,Electronics,428.27,4.1
17917,Majority Pro,Toys,393.08,3.6
17918,Firm Plus,Home,74.0,4.8
17919,Down Plus,Clothing,420.76,1.4
17920,Ahead Pro,Clothing,397.79,3.6
17921,Senior Max,Clothing,491.9,1.6
17922,Whose Lite,Toys,74.94,3.0
17923,Then Pro,Electronics,451.93,2.1
17924,Affect Plus,Electronics,450.36,2.4
17925,Change Lite,Electronics,140.62,2.0
17926,Consider Pro,Electronics,273.18,2.5
17927,Feel Plus,Books,261.93,3.6
17928,While Lite,Toys,108.38,2.0
17929,Surface Plus,Clothing,77.27,4.5
17930,People Max,Beauty,488.03,2.5
17931,Light Plus,Beauty,178.0,3.3
17932,Condition Lite,Home,463.73,3.8
17933,Training Max,Electronics,184.55,3.1
17934,Sister Lite,Electronics,236.42,1.8
17935,Court Lite,Home,302.59,2.6
17936,Institution Pro,Toys,243.05,2.9
17937,Political Plus,Beauty,68.67,1.7
17938,Rock Max,Electronics,303.0,3.6
17939,Paper Plus,Clothing,228.79,4.6
17940,Perform Max,Books,395.65,2.9
17941,Movement Pro,Clothing,387.54,1.1
17942,Maybe Lite,Electronics,240.42,4.7
17943,Science Max,Clothing,77.14,1.5
17944,Price Lite,Beauty,163.81,3.5
17945,Stuff Pro,Home,259.45,2.3
17946,Describe Plus,Beauty,412.12,4.7
17947,Activity Max,Books,31.29,2.4
17948,Large Plus,Home,495.11,2.6
17949,Easy Plus,Electronics,339.52,4.5
17950,Play Max,Home,285.0,2.6
17951,Garden Plus,Toys,75.08,4.3
17952,Road Max,Home,224.46,1.5
17953,Phone Lite,Sports,205.05,2.5
17954,Little Pro,Electronics,97.22,5.0
17955,Commercial Plus,Beauty,77.09,1.7
17956,Age Lite,Beauty,371.08,4.7
17957,Serious Max,Books,29.12,1.6
17958,Site Max,Beauty,187.45,1.9
17959,Want Lite,Books,41.25,3.2
17960,Role Plus,Toys,247.56,4.7
17961,Bag Lite,Books,287.19,3.3
17962,Police Pro,Beauty,270.44,2.5
17963,Reduce Pro,Beauty,292.16,3.1
17964,Former Pro,Beauty,381.4,1.7
17965,President Plus,Beauty,198.05,2.2
17966,Same Pro,Home,416.56,4.8
17967,Against Lite,Clothing,408.29,4.3
17968,Whom Max,Beauty,482.86,3.5
17969,Cold Lite,Books,73.6,2.3
17970,Property Pro,Toys,434.33,1.2
17971,Large Plus,Clothing,483.97,2.9
17972,Focus Plus,Electronics,332.76,2.9
17973,Hair Plus,Electronics,477.12,4.8
17974,Out Max,Clothing,442.26,1.5
17975,Number Lite,Toys,460.24,4.1
17976,Activity Plus,Clothing,24.66,3.8
17977,Key Max,Beauty,413.03,3.1
17978,Attorney Plus,Home,489.02,1.9
17979,Difficult Plus,Electronics,149.53,3.7
17980,Development Max,Clothing,199.13,3.9
17981,Near Pro,Home,367.48,2.3
17982,Start Plus,Toys,24.67,3.4
17983,Vote Plus,Electronics,269.52,3.0
17984,Family Pro,Sports,335.97,3.7
17985,Send Lite,Electronics,423.86,1.9
17986,Friend Pro,Toys,141.38,3.3
17987,Adult Plus,Clothing,390.42,2.8
17988,Anything Plus,Toys,404.79,3.9
17989,Type Max,Beauty,487.47,2.2
17990,Develop Pro,Electronics,449.69,4.0
17991,Huge Pro,Clothing,228.48,4.4
17992,Herself Lite,Beauty,65.59,2.7
17993,Main Lite,Beauty,446.49,3.2
17994,Effect Max,Clothing,446.39,1.3
17995,Stage Max,Home,22.02,3.5
17996,Unit Lite,Sports,63.89,4.7
17997,On Lite,Home,424.15,2.0
17998,Collection Max,Beauty,421.62,3.7
17999,Building Pro,Home,251.89,3.3
18000,Sing Pro,Clothing,228.89,4.7
18001,Education Lite,Sports,248.21,1.2
18002,Discuss Lite,Electronics,364.1,4.9
18003,Fine Pro,Clothing,30.94,2.2
18004,None Lite,Clothing,469.37,1.1
18005,Fly Pro,Clothing,178.6,4.5
18006,Radio Pro,Books,454.8,3.6
18007,Each Pro,Toys,278.99,3.3
18008,Political Max,Toys,331.03,2.7
18009,Benefit Pro,Clothing,31.74,3.0
18010,Discussion Max,Sports,251.0,4.4
18011,American Plus,Toys,133.77,3.9
18012,Success Lite,Toys,366.48,1.4
18013,Fall Lite,Sports,403.72,3.4
18014,Culture Pro,Toys,348.89,1.8
18015,All Pro,Sports,213.75,1.1
18016,Anything Max,Electronics,271.98,3.4
18017,Them Max,Sports,378.36,2.5
18018,Five Max,Sports,44.51,1.3
18019,Again Pro,Toys,89.19,1.4
18020,Baby Max,Electronics,496.69,4.2
18021,Suddenly Lite,Electronics,84.46,4.4
18022,Get Pro,Home,446.58,3.2
18023,Pressure Pro,Clothing,414.16,4.7
18024,Attorney Max,Clothing,70.38,2.1
18025,Chair Lite,Books,73.08,1.6
18026,Experience Max,Sports,331.78,4.0
18027,Source Plus,Beauty,59.35,2.6
18028,Important Pro,Sports,140.76,1.6
18029,Recently Plus,Books,327.46,2.4
18030,Then Pro,Home,214.94,1.3
18031,Main Lite,Electronics,207.29,4.5
18032,Plant Pro,Sports,73.88,2.1
18033,Summer Pro,Electronics,191.74,1.5
18034,Believe Lite,Electronics,490.64,4.0
18035,Role Plus,Books,164.2,4.8
18036,Method Max,Electronics,17.28,3.3
18037,Clearly Pro,Sports,67.91,2.1
18038,Two Lite,Electronics,190.79,4.9
18039,Head Lite,Toys,206.74,2.0
18040,Last Plus,Electronics,314.18,1.9
18041,Million Plus,Beauty,405.9,4.3
18042,Feeling Max,Sports,115.39,4.0
18043,Physical Max,Sports,193.37,2.8
18044,Threat Pro,Beauty,277.87,4.3
18045,Part Max,Toys,152.59,1.6
18046,Sound Pro,Home,34.7,1.8
18047,Reflect Lite,Beauty,269.1,1.4
18048,Send Max,Electronics,189.83,4.7
18049,Life Lite,Clothing,135.73,3.3
18050,Standard Max,Toys,5.72,4.0
18051,Investment Plus,Electronics,106.02,4.0
18052,Turn Plus,Electronics,437.82,3.1
18053,Can Pro,Books,386.21,4.0
18054,Increase Pro,Electronics,352.93,1.7
18055,Table Pro,Sports,69.6,1.5
18056,Improve Pro,Home,346.44,1.2
18057,Language Max,Sports,287.9,4.6
18058,Skin Plus,Books,470.47,4.4
18059,To Plus,Home,258.07,1.8
18060,Against Max,Electronics,220.7,1.9
18061,Simple Max,Sports,420.37,3.2
18062,Join Lite,Books,223.64,3.3
18063,Story Lite,Home,153.38,4.6
18064,Fish Pro,Home,224.04,2.3
18065,Any Plus,Books,263.22,3.8
18066,World Lite,Clothing,80.53,3.9
18067,Example Plus,Beauty,196.26,1.4
18068,Report Pro,Books,460.58,3.4
18069,Give Plus,Electronics,295.28,1.8
18070,Game Max,Home,105.09,1.8
18071,Major Max,Home,82.95,4.3
18072,Because Max,Books,14.89,4.2
18073,Writer Lite,Clothing,39.79,4.1
18074,View Pro,Electronics,38.39,3.1
18075,They Plus,Clothing,372.25,3.8
18076,Simply Max,Books,395.63,1.4
18077,Question Max,Books,280.75,4.8
18078,Skin Plus,Toys,240.41,4.3
18079,Newspaper Pro,Clothing,56.06,2.6
18080,Them Plus,Toys,92.27,3.1
18081,Sure Lite,Sports,433.21,2.0
18082,Reality Plus,Clothing,397.5,2.2
18083,Away Pro,Beauty,15.11,4.7
18084,Down Lite,Sports,226.76,1.8
18085,Main Plus,Beauty,484.55,4.0
18086,Later Plus,Sports,233.33,3.7
18087,Firm Plus,Electronics,51.08,2.3
18088,Off Lite,Clothing,445.29,1.5
18089,Force Plus,Electronics,312.11,4.6
18090,Who Lite,Books,240.43,4.5
18091,Mean Max,Electronics,443.89,4.5
18092,Common Lite,Sports,120.99,4.1
18093,Myself Pro,Beauty,290.25,2.1
18094,Feel Lite,Sports,377.31,2.0
18095,Bag Max,Electronics,55.66,2.9
18096,Bag Plus,Home,349.54,1.7
18097,Value Lite,Sports,490.03,3.9
18098,Material Pro,Books,114.25,1.0
18099,Particular Pro,Clothing,352.78,3.9
18100,Tough Plus,Clothing,448.16,2.6
18101,Picture Pro,Home,324.56,4.1
18102,Continue Max,Home,66.88,4.8
18103,Control Lite,Home,465.96,4.3
18104,Medical Plus,Home,133.69,1.1
18105,Sort Pro,Home,76.85,3.4
18106,Fire Lite,Clothing,220.33,2.4
18107,Consumer Lite,Books,347.37,2.8
18108,Program Lite,Home,206.84,3.7
18109,Nor Pro,Electronics,85.53,4.4
18110,Spring Pro,Electronics,435.71,2.7
18111,Member Lite,Sports,161.68,4.7
18112,Stay Pro,Sports,333.73,1.1
18113,Laugh Lite,Clothing,315.44,3.4
18114,Have Plus,Clothing,443.75,2.8
18115,Performance Pro,Home,328.46,2.4
18116,Myself Max,Clothing,179.23,3.6
18117,Usually Max,Books,87.78,3.2
18118,Drug Lite,Beauty,451.43,1.5
18119,At Max,Beauty,296.9,1.4
18120,Know Plus,Electronics,23.16,1.8
18121,Away Pro,Sports,403.49,1.5
18122,Fly Plus,Beauty,405.9,4.2
18123,Democrat Max,Beauty,344.19,4.4
18124,Tough Lite,Toys,133.93,2.1
18125,Author Lite,Toys,252.09,3.8
18126,Capital Max,Toys,281.55,1.2
18127,Themselves Max,Toys,256.09,4.0
18128,Week Lite,Beauty,439.53,2.9
18129,Economic Pro,Books,435.02,3.9
18130,Dinner Pro,Beauty,103.26,1.5
18131,Responsibility Plus,Clothing,69.26,4.0
18132,Sense Lite,Electronics,285.66,2.3
18133,Draw Plus,Clothing,98.56,2.0
18134,Actually Lite,Electronics,339.15,4.9
18135,Western Max,Toys,278.72,3.5
18136,Including Max,Clothing,483.62,1.8
18137,Scene Plus,Clothing,335.94,1.9
18138,Level Pro,Books,417.16,3.2
18139,Job Lite,Beauty,375.17,1.3
18140,Discover Pro,Books,472.66,2.3
18141,Design Lite,Books,208.21,2.1
18142,A Lite,Clothing,423.6,4.5
18143,Anything Plus,Clothing,30.9,2.7
18144,Nearly Plus,Books,234.29,2.1
18145,Suggest Plus,Electronics,150.4,1.6
18146,Thing Pro,Books,463.82,3.2
18147,Your Pro,Beauty,74.75,2.2
18148,Last Lite,Home,213.89,1.8
18149,Senior Plus,Home,387.19,3.3
18150,Tell Max,Beauty,14.37,2.0
18151,Wrong Plus,Toys,25.17,2.0
18152,Drive Pro,Clothing,495.11,2.7
18153,Research Pro,Books,298.1,3.3
18154,Concern Pro,Sports,249.1,3.3
18155,Wife Pro,Toys,169.21,3.3
18156,Enjoy Plus,Clothing,54.35,3.0
18157,Consider Max,Home,373.05,4.9
18158,Sing Plus,Clothing,411.14,1.7
18159,Reduce Lite,Books,245.65,2.1
18160,At Pro,Clothing,78.58,1.5
18161,Call Pro,Clothing,413.22,3.0
18162,Story Plus,Beauty,322.13,4.0
18163,Age Plus,Home,433.26,4.5
18164,Little Pro,Beauty,398.41,1.3
18165,Record Lite,Home,83.94,2.0
18166,Situation Plus,Beauty,173.59,3.0
18167,Good Lite,Books,350.39,1.8
18168,Theory Plus,Beauty,482.88,4.9
18169,Several Pro,Sports,24.19,4.8
18170,Reflect Max,Sports,436.79,1.0
18171,Man Max,Books,250.96,2.1
18172,Enter Max,Toys,321.94,4.2
18173,Almost Max,Electronics,345.16,1.3
18174,Through Pro,Home,363.95,3.3
18175,Economic Max,Books,180.27,2.4
18176,We Max,Beauty,334.82,4.4
18177,Couple Max,Home,230.09,2.2
18178,Tend Lite,Toys,128.27,1.9
18179,Consider Plus,Clothing,161.89,3.3
18180,Far Pro,Home,436.24,4.4
18181,Rest Max,Home,53.72,1.7
18182,What Max,Home,121.19,4.4
18183,Red Max,Sports,73.99,2.7
18184,Personal Plus,Electronics,467.8,2.9
18185,Note Plus,Beauty,36.32,4.0
18186,Dark Max,Books,265.14,4.1
18187,Claim Pro,Electronics,390.2,1.6
18188,Rule Lite,Electronics,98.05,2.8
18189,Step Max,Books,158.78,1.3
18190,Rich Pro,Sports,437.92,4.5
18191,By Lite,Home,311.05,2.6
18192,Have Lite,Books,151.89,1.2
18193,Few Plus,Beauty,286.65,3.4
18194,Back Lite,Clothing,45.98,2.4
18195,Increase Max,Home,356.87,3.5
18196,Artist Pro,Electronics,340.92,2.2
18197,Amount Lite,Books,469.06,2.6
18198,Air Max,Electronics,93.85,4.8
18199,Music Pro,Electronics,214.65,4.0
18200,Billion Lite,Sports,85.54,1.6
18201,Five Lite,Clothing,417.58,3.6
18202,Glass Max,Clothing,443.4,2.9
18203,Area Pro,Books,82.48,4.8
18204,Argue Lite,Beauty,490.93,1.2
18205,Owner Pro,Clothing,204.72,1.6
18206,Read Lite,Electronics,282.51,1.9
18207,On Pro,Toys,15.89,2.3
18208,Figure Plus,Books,76.69,4.5
18209,Theory Max,Clothing,194.68,2.2
18210,Thank Plus,Books,113.76,1.1
18211,Local Pro,Sports,441.82,1.5
18212,Like Plus,Home,328.2,4.7
18213,Purpose Max,Sports,182.67,1.5
18214,Professional Plus,Beauty,382.73,1.5
18215,Another Max,Home,291.51,3.0
18216,Time Max,Books,280.37,1.7
18217,Democratic Lite,Beauty,13.16,2.1
18218,Hour Plus,Beauty,314.18,1.5
18219,Book Lite,Electronics,52.18,2.9
18220,Trip Lite,Home,423.98,1.1
18221,Win Pro,Home,442.88,4.2
18222,Kid Pro,Books,231.57,2.7
18223,Rich Lite,Sports,11.94,5.0
18224,This Plus,Beauty,8.31,1.7
18225,Cover Pro,Clothing,285.28,4.8
18226,Their Pro,Sports,299.86,3.9
18227,Night Lite,Home,205.93,4.8
18228,Meet Lite,Books,437.67,2.2
18229,Year Pro,Beauty,272.47,3.0
18230,Go Pro,Clothing,402.3,1.7
18231,Very Max,Electronics,156.99,1.4
18232,Hand Pro,Beauty,328.36,3.2
18233,Sport Plus,Electronics,358.01,2.1
18234,Life Max,Electronics,406.97,3.2
18235,Wish Max,Toys,277.49,1.9
18236,Interest Max,Electronics,186.29,2.6
18237,Hard Lite,Clothing,491.15,4.5
18238,Message Plus,Home,425.72,1.6
18239,Culture Lite,Clothing,412.21,3.0
18240,Speak Lite,Toys,144.42,2.2
18241,College Max,Sports,89.64,3.6
18242,Instead Lite,Books,404.76,2.4
18243,Dream Max,Toys,421.92,1.9
18244,Investment Pro,Home,455.54,3.8
18245,Miss Lite,Electronics,98.47,3.3
18246,Here Pro,Home,321.79,2.1
18247,Poor Lite,Clothing,68.12,2.9
18248,Move Max,Sports,387.14,1.7
18249,Little Max,Clothing,66.1,1.6
18250,Writer Plus,Sports,9.08,1.9
18251,Continue Max,Beauty,253.26,3.1
18252,Field Plus,Toys,34.3,1.7
18253,Write Plus,Electronics,33.66,2.4
18254,Final Pro,Home,424.07,1.5
18255,Either Lite,Electronics,440.05,4.2
18256,Conference Plus,Toys,293.76,3.6
18257,Property Plus,Home,345.06,2.8
18258,We Max,Clothing,124.9,2.6
18259,Really Plus,Home,106.74,2.6
18260,My Lite,Clothing,62.58,3.2
18261,Bit Plus,Clothing,429.91,3.1
18262,Here Pro,Toys,362.98,3.8
18263,Single Max,Home,303.0,2.8
18264,Expect Lite,Toys,97.66,1.8
18265,Hour Pro,Toys,476.59,3.1
18266,Consumer Pro,Beauty,494.71,3.1
18267,Subject Pro,Home,153.21,2.3
18268,Half Max,Sports,227.49,2.3
18269,Plan Max,Home,430.84,4.6
18270,Range Lite,Electronics,458.84,1.7
18271,Film Max,Clothing,423.85,4.1
18272,Start Plus,Books,469.41,1.3
18273,Final Max,Home,238.39,1.2
18274,Field Max,Sports,361.92,3.7
18275,Air Plus,Sports,132.8,1.1
18276,News Max,Home,357.4,2.8
18277,Sort Plus,Beauty,262.09,3.0
18278,Understand Max,Electronics,302.4,1.3
18279,Say Pro,Beauty,177.59,2.4
18280,Sound Pro,Books,380.05,4.0
18281,Bank Lite,Beauty,245.6,1.1
18282,Officer Max,Beauty,47.49,4.6
18283,Management Pro,Home,408.97,2.9
18284,Same Pro,Toys,418.67,2.9
18285,Well Max,Clothing,75.57,2.5
18286,Agent Max,Home,127.98,1.6
18287,Alone Pro,Sports,168.74,2.8
18288,Financial Max,Toys,345.43,3.8
18289,Pm Plus,Clothing,196.01,2.6
18290,Set Max,Electronics,440.85,3.9
18291,Hundred Lite,Clothing,475.83,3.6
18292,Forward Plus,Clothing,187.88,3.4
18293,Former Plus,Clothing,292.59,4.8
18294,Glass Plus,Books,97.01,2.0
18295,Building Lite,Beauty,33.4,4.3
18296,Claim Max,Toys,130.71,2.5
18297,Risk Max,Home,114.71,4.7
18298,Media Lite,Books,282.7,1.0
18299,Different Pro,Electronics,424.24,5.0
18300,Money Lite,Sports,433.62,4.6
18301,Budget Plus,Electronics,39.73,1.9
18302,Of Plus,Home,393.45,1.7
18303,Summer Plus,Home,161.9,4.0
18304,Behavior Plus,Sports,270.97,1.1
18305,Network Plus,Clothing,158.25,3.8
18306,Customer Plus,Toys,66.56,2.9
18307,Various Plus,Beauty,15.99,5.0
18308,Party Lite,Toys,23.55,2.7
18309,Structure Plus,Clothing,71.09,1.3
18310,Modern Plus,Sports,150.15,1.6
18311,Grow Max,Electronics,458.31,2.6
18312,Feeling Plus,Beauty,218.15,2.6
18313,Perform Plus,Books,263.49,3.8
18314,Case Lite,Clothing,384.14,3.8
18315,Almost Plus,Toys,223.71,4.0
18316,Draw Max,Clothing,201.38,3.8
18317,Pattern Plus,Home,338.22,2.8
18318,By Plus,Electronics,94.99,4.8
18319,Himself Lite,Books,492.51,3.0
18320,Kid Plus,Home,424.88,3.6
18321,Bring Lite,Electronics,130.02,2.4
18322,Send Pro,Home,395.25,4.7
18323,People Max,Books,415.78,4.0
18324,Bad Pro,Electronics,176.74,2.5
18325,Bar Lite,Toys,401.97,1.7
18326,Appear Max,Home,335.91,1.5
18327,Fill Max,Home,76.17,3.7
18328,Any Pro,Toys,355.04,2.7
18329,Quickly Plus,Beauty,113.29,1.8
18330,One Max,Beauty,173.14,3.9
18331,Policy Max,Sports,474.79,3.2
18332,Be Max,Sports,453.49,1.8
18333,Maybe Pro,Books,457.32,1.9
18334,Thought Pro,Clothing,346.17,3.4
18335,Here Lite,Electronics,153.39,1.3
18336,Morning Pro,Toys,450.99,1.3
18337,Choice Pro,Home,249.37,2.9
18338,Seek Plus,Beauty,163.04,3.7
18339,Trip Plus,Toys,322.81,2.2
18340,She Plus,Home,65.41,2.3
18341,Style Lite,Beauty,478.49,4.0
18342,Option Max,Beauty,437.59,1.0
18343,Brother Pro,Electronics,414.96,2.4
18344,Pm Max,Electronics,88.13,1.1
18345,Among Plus,Home,363.14,2.9
18346,Issue Plus,Sports,394.97,3.5
18347,Study Plus,Toys,498.86,2.2
18348,Structure Max,Clothing,260.86,2.8
18349,Others Max,Electronics,27.62,2.8
18350,Forget Lite,Home,202.96,4.9
18351,Late Pro,Electronics,237.48,2.8
18352,Million Lite,Clothing,121.73,2.6
18353,Even Pro,Books,452.36,1.4
18354,Kind Plus,Toys,382.31,2.9
18355,Him Pro,Clothing,231.5,1.6
18356,Itself Max,Books,86.15,2.5
18357,South Max,Electronics,477.4,3.1
18358,Difficult Lite,Books,159.54,4.0
18359,Condition Plus,Toys,360.5,1.0
18360,Ok Plus,Books,343.34,2.8
18361,Response Pro,Clothing,394.81,3.1
18362,All Plus,Electronics,99.85,1.4
18363,Past Pro,Home,102.1,2.7
18364,Fish Pro,Electronics,9.4,1.8
18365,Appear Pro,Books,100.99,4.0
18366,By Max,Toys,394.5,4.9
18367,Class Pro,Electronics,404.24,2.3
18368,Piece Pro,Beauty,268.73,1.8
18369,Institution Lite,Electronics,302.56,2.5
18370,Stock Lite,Toys,57.43,3.4
18371,Mention Lite,Home,144.38,3.5
18372,Form Lite,Home,291.77,2.0
18373,Own Pro,Toys,273.47,3.3
18374,Cultural Plus,Home,353.62,4.6
18375,Attack Lite,Clothing,266.79,1.9
18376,Consider Lite,Home,67.39,2.1
18377,Build Lite,Electronics,235.61,4.1
18378,Picture Plus,Clothing,54.09,3.6
18379,Whom Max,Home,261.58,3.5
18380,Break Lite,Home,258.71,3.9
18381,Stand Plus,Sports,229.88,1.8
18382,Organization Lite,Home,269.55,4.2
18383,Approach Lite,Sports,345.59,3.6
18384,Beautiful Plus,Home,177.69,1.5
18385,Avoid Plus,Toys,448.64,4.9
18386,Popular Lite,Beauty,240.61,5.0
18387,Cultural Plus,Sports,138.13,4.5
18388,At Pro,Electronics,30.46,4.7
18389,Interest Pro,Beauty,145.85,4.7
18390,Very Plus,Books,66.22,1.0
18391,Enter Max,Toys,442.73,2.5
18392,Even Max,Books,291.18,4.9
18393,Human Plus,Toys,278.65,1.1
18394,Call Max,Books,71.36,4.4
18395,Our Plus,Clothing,476.92,3.7
18396,Book Max,Home,201.24,4.3
18397,Hit Plus,Sports,348.77,1.1
18398,Of Max,Books,498.96,4.7
18399,Concern Pro,Toys,336.73,3.9
18400,Page Max,Toys,204.68,1.4
18401,Nearly Pro,Beauty,399.15,4.6
18402,Policy Pro,Toys,191.26,3.3
18403,Consider Max,Sports,94.44,1.6
18404,Fine Max,Home,247.68,4.7
18405,Chair Plus,Sports,173.35,2.0
18406,Matter Pro,Electronics,376.85,5.0
18407,School Plus,Clothing,64.06,1.4
18408,Science Max,Electronics,423.12,1.6
18409,Cultural Plus,Clothing,93.04,2.6
18410,Herself Pro,Home,151.21,3.7
18411,There Pro,Beauty,299.1,1.9
18412,Analysis Max,Sports,227.86,1.9
18413,Matter Lite,Toys,12.79,3.8
18414,Traditional Plus,Clothing,163.51,2.7
18415,Campaign Max,Clothing,392.11,2.5
18416,Raise Plus,Clothing,132.6,3.3
18417,Your Plus,Home,410.64,3.4
18418,Minute Plus,Books,70.14,2.5
18419,National Max,Clothing,253.38,3.5
18420,Note Pro,Clothing,78.32,4.5
18421,In Pro,Electronics,96.69,1.9
18422,Point Plus,Electronics,318.01,4.3
18423,Series Plus,Electronics,313.94,4.9
18424,Analysis Max,Electronics,146.48,2.8
18425,Administration Max,Sports,432.55,2.6
18426,These Max,Clothing,296.42,1.8
18427,Board Pro,Beauty,297.56,2.4
18428,Vote Lite,Sports,328.6,3.3
18429,Grow Plus,Books,410.83,3.8
18430,Main Lite,Clothing,124.4,3.1
18431,Time Lite,Beauty,289.59,1.6
18432,Opportunity Pro,Toys,387.72,2.5
18433,Smile Pro,Clothing,75.15,4.5
18434,Soon Max,Home,409.67,3.8
18435,Either Pro,Beauty,13.0,2.0
18436,Control Max,Books,464.82,2.2
18437,All Max,Beauty,9.94,1.3
18438,Team Max,Clothing,291.16,2.3
18439,Room Max,Toys,486.65,1.8
18440,Forget Max,Toys,333.77,2.4
18441,Knowledge Pro,Electronics,91.34,3.1
18442,Me Lite,Sports,394.21,3.5
18443,Article Plus,Books,170.08,4.5
18444,Nearly Pro,Clothing,437.45,3.7
18445,Exist Pro,Home,235.55,4.7
18446,Record Pro,Sports,439.11,1.8
18447,Stage Plus,Beauty,370.02,2.5
18448,Reason Pro,Home,176.66,1.3
18449,That Pro,Sports,455.73,4.4
18450,Evidence Plus,Clothing,498.97,2.9
18451,Final Max,Books,425.28,4.9
18452,Age Plus,Home,78.82,4.1
18453,Interesting Lite,Sports,103.23,2.7
18454,Feel Plus,Sports,32.38,2.8
18455,Dog Lite,Sports,498.37,1.4
18456,Peace Pro,Sports,379.76,3.5
18457,Table Max,Electronics,201.72,4.7
18458,Total Max,Toys,392.37,3.9
18459,Bill Lite,Clothing,484.62,2.2
18460,Through Pro,Books,208.33,3.0
18461,Throw Plus,Clothing,456.76,4.2
18462,Water Max,Home,227.98,4.8
18463,Past Lite,Clothing,312.54,4.8
18464,And Pro,Books,125.21,4.9
18465,Born Pro,Toys,101.3,1.5
18466,Pm Pro,Books,315.32,4.8
18467,Must Pro,Toys,367.97,1.4
18468,Another Pro,Electronics,449.93,3.9
18469,Garden Lite,Electronics,28.01,4.2
18470,Authority Plus,Clothing,200.66,4.5
18471,Power Max,Home,55.38,4.6
18472,School Lite,Toys,69.3,1.0
18473,So Max,Toys,499.21,4.4
18474,Free Lite,Toys,135.09,2.5
18475,Well Plus,Sports,82.96,3.3
18476,Offer Lite,Clothing,129.63,2.9
18477,Include Lite,Clothing,326.78,3.2
18478,Will Pro,Beauty,429.54,3.8
18479,Prove Plus,Toys,158.13,5.0
18480,Activity Pro,Beauty,268.69,2.7
18481,Whose Lite,Home,109.57,4.0
18482,Event Plus,Electronics,397.72,1.7
18483,Order Lite,Sports,269.75,3.3
18484,Act Lite,Electronics,348.52,4.7
18485,West Max,Home,383.74,3.8
18486,War Lite,Clothing,261.95,1.6
18487,Government Pro,Sports,344.34,1.6
18488,Street Max,Electronics,159.45,5.0
18489,Recently Pro,Sports,482.97,2.4
18490,Require Pro,Electronics,328.33,4.1
18491,First Pro,Books,85.04,2.7
18492,Interest Pro,Beauty,241.77,1.7
18493,Him Lite,Clothing,134.43,3.0
18494,Up Pro,Beauty,294.92,2.8
18495,Long Lite,Sports,23.3,2.7
18496,Only Plus,Electronics,128.36,3.6
18497,Meeting Pro,Home,463.27,3.1
18498,Follow Pro,Home,324.57,2.6
18499,Bring Plus,Beauty,256.46,2.1
18500,Structure Max,Clothing,440.36,4.5
18501,View Max,Beauty,462.67,4.9
18502,Attack Lite,Books,202.88,1.4
18503,Pass Lite,Books,298.98,2.5
18504,Current Plus,Toys,38.33,4.8
18505,Still Pro,Home,390.99,2.2
18506,Series Lite,Sports,352.03,3.6
18507,It Pro,Books,466.52,2.5
18508,Coach Pro,Books,170.78,1.3
18509,Mother Max,Electronics,457.65,1.9
18510,Each Pro,Toys,344.1,1.4
18511,Some Plus,Toys,239.25,1.2
18512,Maintain Pro,Books,199.62,1.4
18513,Little Pro,Home,68.32,1.2
18514,Identify Plus,Beauty,342.72,2.4
18515,So Plus,Books,497.93,4.5
18516,Movie Pro,Sports,420.28,2.2
18517,Door Pro,Books,277.85,4.7
18518,Collection Lite,Books,176.79,3.9
18519,His Max,Beauty,439.04,5.0
18520,Network Max,Beauty,134.48,1.6
18521,Onto Pro,Electronics,423.11,4.8
18522,Bill Plus,Toys,382.52,4.2
18523,Break Plus,Clothing,337.01,3.1
18524,Everyone Max,Toys,81.68,4.2
18525,Store Lite,Home,153.53,3.2
18526,Than Pro,Toys,482.54,1.9
18527,There Plus,Books,292.6,4.1
18528,Often Max,Books,186.73,3.2
18529,Professional Max,Beauty,268.9,3.0
18530,Situation Pro,Home,297.57,2.5
18531,Audience Plus,Toys,175.54,3.2
18532,Response Max,Toys,303.9,4.3
18533,Agree Lite,Sports,400.36,2.6
18534,Daughter Pro,Home,72.43,2.9
18535,Word Plus,Books,421.82,1.3
18536,Actually Pro,Books,374.19,2.7
18537,Event Plus,Home,329.4,4.8
18538,Dinner Pro,Clothing,344.42,4.3
18539,Spend Plus,Clothing,309.94,4.3
18540,Live Lite,Books,235.22,4.8
18541,Art Plus,Clothing,159.12,2.3
18542,Look Plus,Home,301.76,3.3
18543,Professional Plus,Books,38.33,3.5
18544,Together Max,Sports,105.13,1.9
18545,Argue Max,Beauty,285.22,4.4
18546,Training Pro,Electronics,159.39,2.1
18547,Relate Pro,Books,476.85,4.0
18548,Night Plus,Home,330.86,1.3
18549,Last Lite,Sports,140.26,3.5
18550,Bad Plus,Electronics,135.39,4.5
18551,Land Plus,Home,409.83,1.3
18552,Thus Lite,Electronics,415.55,1.6
18553,Leave Plus,Books,412.13,2.3
18554,Protect Max,Books,71.93,3.4
18555,More Max,Clothing,497.1,2.6
18556,Today Plus,Clothing,349.4,1.2
18557,Visit Plus,Clothing,64.01,2.7
18558,Though Lite,Toys,476.65,3.7
18559,Police Max,Sports,220.58,4.3
18560,Friend Pro,Home,490.7,2.0
18561,Would Max,Sports,355.71,2.1
18562,Financial Max,Clothing,226.27,4.8
18563,Sense Pro,Beauty,401.56,2.4
18564,Return Lite,Toys,248.23,1.2
18565,Car Plus,Toys,379.1,3.1
18566,Need Max,Toys,360.7,3.5
18567,When Plus,Sports,68.97,4.3
18568,Sense Plus,Sports,126.91,4.7
18569,Practice Lite,Electronics,386.92,2.8
18570,Simple Max,Toys,274.12,1.6
18571,Age Pro,Sports,83.83,4.2
18572,Growth Max,Toys,414.7,2.6
18573,Hundred Pro,Electronics,367.35,2.6
18574,Everybody Plus,Clothing,190.05,5.0
18575,Military Pro,Home,248.97,3.9
18576,Consumer Pro,Home,432.66,1.6
18577,Member Pro,Books,111.88,4.4
18578,Should Pro,Clothing,499.61,2.9
18579,Thus Pro,Toys,230.37,2.9
18580,Talk Max,Sports,243.3,3.4
18581,Society Lite,Clothing,241.7,3.7
18582,Admit Plus,Clothing,138.65,2.8
18583,High Pro,Books,17.38,2.5
18584,Possible Pro,Sports,169.1,1.0
18585,Series Lite,Clothing,58.21,4.5
18586,Control Plus,Electronics,190.03,4.6
18587,Street Lite,Beauty,396.93,4.4
18588,Community Plus,Books,99.52,2.1
18589,Adult Plus,Sports,317.7,4.8
18590,Smile Max,Beauty,319.67,2.4
18591,Young Max,Clothing,73.59,5.0
18592,Decade Pro,Sports,454.81,1.3
18593,Think Pro,Beauty,97.46,4.7
18594,Rule Pro,Beauty,137.62,1.9
18595,Even Lite,Beauty,350.65,2.8
18596,Against Max,Clothing,195.08,4.1
18597,Those Max,Books,259.49,4.4
18598,Vote Lite,Books,292.67,3.7
18599,Authority Plus,Home,318.61,3.1
18600,Student Max,Beauty,339.5,4.6
18601,Over Max,Sports,346.63,4.5
18602,Ok Pro,Beauty,206.67,3.9
18603,Under Plus,Sports,144.17,2.3
18604,Near Max,Clothing,181.27,2.5
18605,Strategy Max,Beauty,86.89,2.8
18606,Be Plus,Sports,442.84,3.3
18607,Admit Plus,Home,230.74,1.9
18608,Medical Lite,Clothing,291.62,3.0
18609,Official Pro,Home,416.23,1.2
18610,Author Max,Clothing,219.07,1.4
18611,Meet Pro,Sports,333.75,4.5
18612,Economic Max,Home,335.43,1.6
18613,Support Pro,Electronics,443.75,2.4
18614,Where Lite,Home,40.28,1.3
18615,Action Pro,Sports,91.98,1.7
18616,Leader Plus,Sports,226.0,1.4
18617,Civil Lite,Sports,64.73,3.6
18618,Where Lite,Toys,289.19,1.6
18619,Republican Plus,Sports,338.36,3.7
18620,Save Pro,Beauty,168.91,4.8
18621,Onto Pro,Toys,92.65,1.7
18622,Whatever Max,Electronics,165.44,4.1
18623,Main Max,Electronics,335.26,4.0
18624,Such Pro,Beauty,468.39,1.3
18625,Price Lite,Beauty,81.4,4.8
18626,Three Lite,Sports,119.55,3.9
18627,Return Plus,Toys,116.18,4.1
18628,Include Pro,Home,163.09,1.6
18629,Standard Max,Beauty,28.64,2.7
18630,Too Lite,Beauty,156.8,2.4
18631,Let Max,Clothing,343.1,4.3
18632,Direction Lite,Sports,8.42,2.4
18633,Soon Plus,Electronics,202.88,2.7
18634,His Pro,Toys,163.84,3.5
18635,Lose Lite,Sports,83.04,2.8
18636,Close Plus,Clothing,318.24,3.3
18637,A Max,Clothing,291.27,1.9
18638,As Lite,Sports,395.26,2.9
18639,Discover Lite,Books,211.38,3.6
18640,Education Max,Clothing,229.02,2.0
18641,Knowledge Plus,Home,364.39,3.5
18642,Way Plus,Home,424.88,2.0
18643,Act Pro,Electronics,54.27,3.1
18644,Building Lite,Home,400.63,4.5
18645,Kid Plus,Home,294.99,4.3
18646,Discuss Lite,Clothing,175.48,2.5
18647,Top Plus,Electronics,77.15,4.6
18648,Wear Pro,Beauty,495.89,3.7
18649,Ask Plus,Books,351.82,4.5
18650,People Lite,Home,91.2,3.7
18651,Enjoy Plus,Electronics,268.61,1.8
18652,Wish Pro,Toys,316.28,2.2
18653,Picture Max,Home,56.11,4.6
18654,Financial Lite,Sports,263.91,2.5
18655,Investment Plus,Sports,22.72,4.8
18656,Each Plus,Books,32.22,3.8
18657,Simply Plus,Books,389.83,4.8
18658,Cover Max,Toys,41.65,3.0
18659,Rock Plus,Home,249.44,4.3
18660,Speech Pro,Beauty,291.19,1.8
18661,Realize Pro,Home,105.41,3.7
18662,Quality Plus,Beauty,477.54,2.1
18663,Administration Plus,Clothing,463.98,2.7
18664,Far Pro,Clothing,161.77,4.6
18665,Both Plus,Books,231.35,2.9
18666,Small Plus,Toys,278.32,3.6
18667,Sister Lite,Sports,61.64,2.2
18668,Ball Plus,Home,96.53,4.1
18669,Stock Max,Beauty,23.24,2.6
18670,Cut Plus,Electronics,392.69,3.4
18671,Dark Plus,Electronics,280.81,2.8
18672,Hundred Plus,Electronics,439.94,2.6
18673,Type Lite,Electronics,261.89,2.1
18674,Rock Plus,Electronics,131.51,3.6
18675,Magazine Pro,Clothing,295.08,4.6
18676,Place Plus,Clothing,386.01,1.6
18677,Body Pro,Sports,332.45,3.4
18678,Say Pro,Toys,471.31,1.3
18679,Suggest Lite,Home,79.69,4.3
18680,Situation Plus,Home,454.59,3.2
18681,Happy Plus,Home,243.99,1.3
18682,Player Plus,Books,108.85,4.3
18683,Scene Plus,Electronics,124.95,3.5
18684,Relationship Max,Home,154.34,4.8
18685,Authority Pro,Books,119.7,3.2
18686,Sure Plus,Sports,163.03,1.0
18687,Guess Max,Electronics,277.46,3.5
18688,That Max,Toys,191.03,5.0
18689,Evidence Pro,Electronics,150.04,4.9
18690,Article Plus,Electronics,178.47,1.3
18691,Organization Max,Home,30.96,1.6
18692,Require Max,Books,362.4,3.4
18693,Avoid Max,Home,24.3,4.6
18694,Choice Plus,Books,175.44,2.8
18695,High Plus,Home,389.52,4.7
18696,Their Max,Beauty,430.46,1.1
18697,Scene Pro,Beauty,482.38,3.0
18698,Pay Lite,Sports,262.89,1.6
18699,Above Plus,Books,298.46,4.6
18700,Time Plus,Beauty,97.06,1.7
18701,Student Pro,Electronics,482.39,1.6
18702,Left Plus,Home,180.73,2.3
18703,Discussion Plus,Clothing,126.79,1.5
18704,Yard Pro,Beauty,104.42,1.5
18705,Form Plus,Electronics,495.89,2.8
18706,Still Pro,Home,160.09,3.1
18707,Up Pro,Home,29.51,4.2
18708,Down Plus,Home,38.8,2.3
18709,Better Lite,Clothing,277.78,1.4
18710,Kind Lite,Books,123.96,3.8
18711,Return Lite,Books,174.92,1.6
18712,Although Plus,Clothing,142.77,3.6
18713,Sing Plus,Books,381.07,4.2
18714,Whether Plus,Sports,325.61,3.8
18715,Water Max,Sports,21.69,2.1
18716,Later Max,Beauty,88.12,4.9
18717,Crime Max,Books,340.24,3.9
18718,Help Plus,Beauty,208.17,3.7
18719,Foreign Pro,Home,211.65,1.5
18720,Soldier Pro,Home,175.96,3.1
18721,Nearly Plus,Books,51.85,2.4
18722,Receive Pro,Clothing,165.36,2.5
18723,Mother Pro,Toys,425.99,3.7
18724,Bank Pro,Home,202.94,1.1
18725,Media Plus,Toys,343.55,4.0
18726,Anyone Plus,Sports,399.66,3.6
18727,Use Max,Home,13.77,3.2
18728,Happen Lite,Sports,361.6,1.9
18729,And Pro,Electronics,452.67,2.7
18730,Note Max,Sports,306.41,4.6
18731,Close Plus,Beauty,73.28,4.8
18732,Art Max,Home,294.6,4.8
18733,Within Pro,Beauty,341.24,3.9
18734,Treat Plus,Sports,266.02,1.7
18735,Citizen Pro,Beauty,54.27,2.5
18736,Make Pro,Sports,331.81,3.5
18737,Family Pro,Home,168.58,2.7
18738,Five Pro,Electronics,138.55,2.9
18739,Heavy Pro,Books,103.55,2.9
18740,Imagine Pro,Electronics,308.36,2.3
18741,Resource Plus,Electronics,244.98,1.2
18742,Individual Max,Electronics,31.04,3.9
18743,Less Lite,Sports,185.58,3.6
18744,Over Pro,Sports,274.07,4.8
18745,Throw Pro,Electronics,327.97,4.7
18746,Race Lite,Clothing,116.32,2.4
18747,Music Lite,Toys,104.98,1.8
18748,Perform Max,Sports,388.06,1.7
18749,Factor Pro,Clothing,340.18,1.8
18750,Third Pro,Clothing,168.87,3.6
18751,Memory Max,Clothing,347.73,1.9
18752,A Pro,Clothing,71.87,4.9
18753,With Plus,Sports,291.92,4.6
18754,Evidence Plus,Sports,135.5,3.0
18755,Decide Max,Electronics,304.52,3.9
18756,Series Pro,Electronics,420.15,4.4
18757,Cause Plus,Sports,361.98,1.1
18758,Ago Plus,Home,413.33,2.9
18759,Next Lite,Books,107.01,4.7
18760,Great Lite,Sports,327.07,3.9
18761,How Lite,Sports,389.24,3.0
18762,Police Max,Home,24.5,1.3
18763,Stay Pro,Beauty,381.12,3.7
18764,Prepare Max,Clothing,372.06,2.6
18765,Purpose Pro,Clothing,198.89,2.9
18766,Pick Lite,Electronics,213.68,2.3
18767,Court Max,Clothing,478.79,4.7
18768,Thank Pro,Toys,399.35,2.6
18769,Position Plus,Beauty,378.54,4.4
18770,However Lite,Sports,460.16,3.5
18771,Happen Max,Home,407.12,1.7
18772,Mouth Max,Electronics,126.28,3.6
18773,Continue Max,Toys,219.32,4.5
18774,Attention Max,Home,418.63,1.7
18775,Form Max,Home,445.08,3.4
18776,Artist Plus,Clothing,320.13,2.9
18777,Carry Max,Clothing,304.11,4.0
18778,Series Pro,Beauty,359.36,2.3
18779,Job Pro,Electronics,390.57,3.3
18780,Environment Lite,Electronics,289.51,4.2
18781,Point Plus,Books,211.91,4.4
18782,Television Lite,Sports,193.02,4.6
18783,Air Lite,Beauty,486.34,4.8
18784,Big Pro,Toys,416.67,1.3
18785,First Pro,Clothing,84.66,3.4
18786,Above Lite,Books,90.98,1.7
18787,Suddenly Max,Beauty,149.74,1.8
18788,Process Max,Electronics,386.45,4.5
18789,Old Max,Toys,23.46,1.2
18790,Beat Pro,Books,367.33,1.7
18791,Skill Lite,Home,5.72,1.1
18792,What Max,Beauty,103.39,1.0
18793,Should Lite,Toys,254.31,3.6
18794,Oil Pro,Clothing,16.84,2.8
18795,Decide Max,Electronics,14.83,3.8
18796,Challenge Lite,Books,199.46,1.8
18797,Go Plus,Electronics,220.4,1.6
18798,Woman Pro,Books,124.69,2.9
18799,Use Lite,Clothing,249.26,2.0
18800,Whose Lite,Clothing,487.65,3.5
18801,As Max,Home,209.75,1.1
18802,My Plus,Home,383.39,4.7
18803,Girl Max,Books,72.9,3.6
18804,Loss Plus,Home,245.46,4.1
18805,Much Pro,Clothing,474.58,1.4
18806,Make Max,Toys,8.89,4.9
18807,Right Lite,Toys,199.52,4.8
18808,Man Pro,Toys,158.11,1.3
18809,Finally Lite,Electronics,55.32,3.4
18810,Join Plus,Sports,282.71,1.6
18811,Instead Lite,Clothing,356.61,1.8
18812,Vote Plus,Electronics,259.65,3.3
18813,Loss Max,Beauty,443.68,1.0
18814,Game Lite,Home,338.19,3.0
18815,Appear Max,Sports,274.82,2.3
18816,Father Pro,Clothing,380.89,1.2
18817,Person Lite,Sports,49.87,2.1
18818,Apply Lite,Sports,51.01,4.6
18819,Above Lite,Beauty,428.93,2.0
18820,Seek Plus,Toys,20.63,4.5
18821,National Max,Electronics,261.27,1.1
18822,Could Lite,Sports,25.23,3.7
18823,Commercial Lite,Clothing,395.93,3.7
18824,Particularly Lite,Beauty,136.21,1.5
18825,Least Pro,Home,289.75,3.8
18826,Hold Plus,Beauty,39.37,2.4
18827,Everyone Plus,Clothing,343.95,4.9
18828,Usually Max,Clothing,138.81,2.1
18829,Catch Max,Home,170.11,2.6
18830,While Lite,Sports,248.07,2.8
18831,My Max,Books,331.33,4.4
18832,Great Plus,Clothing,233.38,4.8
18833,Car Lite,Home,464.44,3.7
18834,Member Plus,Electronics,444.92,3.3
18835,Us Lite,Books,192.05,2.8
18836,Character Lite,Clothing,203.72,2.7
18837,Other Lite,Books,251.73,3.7
18838,Happy Plus,Sports,349.57,2.2
18839,Red Pro,Sports,82.65,1.1
18840,Would Plus,Sports,32.03,3.9
18841,Around Plus,Toys,37.15,1.1
18842,Crime Lite,Beauty,31.24,4.1
18843,Method Max,Clothing,473.71,3.7
18844,Year Plus,Beauty,312.56,3.5
18845,Risk Pro,Electronics,387.89,3.1
18846,Star Pro,Books,264.92,3.2
18847,Control Lite,Home,344.86,4.3
18848,Member Lite,Electronics,351.32,1.7
18849,Government Max,Clothing,301.28,5.0
18850,Public Pro,Home,384.13,1.3
18851,Help Max,Toys,366.79,2.9
18852,Customer Max,Sports,387.82,2.3
18853,Spring Max,Sports,43.34,2.6
18854,Yeah Plus,Beauty,425.77,1.8
18855,Suffer Plus,Home,164.94,3.9
18856,Rest Plus,Sports,188.58,2.2
18857,Story Plus,Clothing,227.7,2.9
18858,Yard Lite,Books,296.92,2.8
18859,Girl Pro,Toys,454.71,4.1
18860,His Plus,Sports,69.81,3.9
18861,While Pro,Beauty,367.25,1.1
18862,Understand Plus,Clothing,112.74,3.5
18863,Sport Plus,Books,475.6,1.6
18864,Fear Plus,Toys,388.54,3.9
18865,Boy Max,Toys,195.77,3.1
18866,Owner Max,Home,37.49,4.8
18867,Those Max,Home,157.72,2.9
18868,Truth Plus,Clothing,27.73,4.9
18869,Itself Max,Sports,271.6,4.8
18870,Ability Pro,Home,157.19,5.0
18871,Us Lite,Sports,310.49,1.7
18872,On Lite,Electronics,322.19,4.7
18873,Thing Max,Books,175.06,4.7
18874,Worker Pro,Sports,68.85,3.7
18875,Store Pro,Books,331.88,1.3
18876,Drop Max,Electronics,406.73,3.1
18877,Wife Lite,Toys,428.12,4.8
18878,Beat Lite,Sports,390.54,4.2
18879,Some Lite,Clothing,156.44,3.2
18880,Program Max,Books,35.16,3.1
18881,Company Plus,Sports,304.05,4.1
18882,Financial Max,Electronics,177.58,1.2
18883,May Lite,Sports,389.07,2.4
18884,Involve Lite,Toys,499.9,4.1
18885,However Max,Sports,495.22,1.8
18886,Leave Lite,Clothing,260.99,2.4
18887,Phone Max,Home,35.05,1.0
18888,Administration Plus,Sports,365.05,1.3
18889,Statement Plus,Home,149.27,1.9
18890,It Pro,Home,442.59,3.6
18891,Would Max,Toys,435.99,2.2
18892,American Max,Clothing,144.87,5.0
18893,Ground Plus,Beauty,483.55,4.9
18894,Administration Max,Toys,346.34,1.3
18895,Statement Pro,Home,34.39,2.5
18896,Himself Lite,Books,430.56,2.6
18897,Subject Pro,Electronics,83.84,2.9
18898,Determine Pro,Home,89.16,1.2
18899,Woman Lite,Electronics,82.43,4.1
18900,Evidence Lite,Clothing,496.21,2.4
18901,Drive Pro,Electronics,379.91,3.4
18902,Oil Plus,Electronics,238.75,3.1
18903,Goal Plus,Sports,95.61,4.6
18904,Church Plus,Sports,423.54,2.5
18905,Radio Max,Home,279.91,4.8
18906,Weight Lite,Sports,196.01,3.7
18907,Exactly Pro,Books,380.89,2.5
18908,Program Plus,Electronics,384.01,2.7
18909,Approach Max,Beauty,178.38,2.5
18910,Of Plus,Toys,158.16,1.7
18911,Draw Pro,Beauty,499.1,4.9
18912,While Pro,Toys,383.63,4.3
18913,According Max,Sports,208.37,2.4
18914,Moment Lite,Clothing,486.0,1.9
18915,Student Pro,Electronics,348.91,3.7
18916,Me Plus,Sports,30.74,3.9
18917,Letter Lite,Books,158.24,4.5
18918,Technology Max,Toys,287.73,3.6
18919,Something Pro,Books,425.01,2.9
18920,Guess Pro,Electronics,123.33,3.9
18921,Performance Max,Toys,239.97,3.4
18922,Huge Plus,Electronics,486.53,2.3
18923,Her Pro,Clothing,309.96,2.6
18924,He Pro,Toys,217.21,2.1
18925,Part Pro,Beauty,108.84,1.1
18926,Door Lite,Home,222.86,4.4
18927,Stage Pro,Books,481.32,2.5
18928,Still Max,Home,15.97,2.4
18929,Even Max,Beauty,210.02,2.4
18930,Question Plus,Books,23.96,3.2
18931,Contain Lite,Electronics,224.39,2.1
18932,Charge Lite,Electronics,125.53,4.0
18933,Where Max,Books,272.78,1.7
18934,Note Max,Toys,332.25,2.4
18935,Minute Plus,Clothing,232.61,2.0
18936,Century Pro,Toys,194.75,1.4
18937,Send Plus,Beauty,302.31,3.3
18938,Moment Lite,Toys,381.41,3.1
18939,Hotel Pro,Electronics,10.11,1.9
18940,Hard Pro,Books,471.87,3.5
18941,On Lite,Electronics,233.47,2.6
18942,Himself Lite,Electronics,337.21,3.1
18943,Collection Plus,Electronics,431.53,2.7
18944,Develop Pro,Home,470.14,2.0
18945,Weight Max,Beauty,77.39,1.4
18946,Else Max,Electronics,27.84,1.4
18947,Wish Lite,Beauty,361.98,3.4
18948,Lose Pro,Sports,194.01,2.4
18949,More Pro,Beauty,484.4,4.8
18950,Rule Lite,Home,312.93,3.5
18951,Boy Max,Sports,195.56,4.9
18952,Try Plus,Beauty,10.53,5.0
18953,Big Pro,Electronics,308.53,1.1
18954,Clear Max,Beauty,364.81,4.7
18955,In Max,Sports,424.45,3.2
18956,Network Max,Clothing,123.65,1.8
18957,Compare Lite,Books,341.17,4.9
18958,Understand Plus,Sports,23.38,3.4
18959,Ask Lite,Electronics,327.09,4.8
18960,City Plus,Clothing,27.92,3.5
18961,Management Lite,Toys,386.49,4.2
18962,School Plus,Home,246.01,3.9
18963,Past Plus,Beauty,457.18,3.0
18964,Race Pro,Clothing,427.54,3.0
18965,Matter Lite,Toys,476.48,1.8
18966,Push Plus,Clothing,5.75,1.2
18967,Same Plus,Clothing,69.38,2.3
18968,Key Plus,Books,222.47,3.0
18969,Tonight Max,Home,235.35,4.3
18970,Foreign Pro,Home,375.9,3.3
18971,Item Plus,Books,9.07,1.9
18972,Officer Pro,Toys,361.43,2.2
18973,Today Pro,Books,106.48,3.2
18974,Specific Pro,Electronics,180.0,1.8
18975,Talk Lite,Electronics,10.15,2.4
18976,Throw Max,Books,336.8,2.2
18977,Capital Lite,Sports,446.48,2.2
18978,Establish Max,Books,167.54,1.3
18979,Though Pro,Sports,223.54,3.1
18980,Medical Max,Toys,400.61,2.6
18981,Discuss Pro,Toys,263.25,4.9
18982,Leg Max,Toys,182.68,3.7
18983,Model Pro,Sports,195.28,2.4
18984,Lawyer Max,Sports,408.99,1.6
18985,Relationship Plus,Toys,414.28,1.8
18986,Through Plus,Electronics,133.83,3.9
18987,Bar Lite,Beauty,466.8,1.1
18988,At Pro,Electronics,309.12,2.0
18989,Its Lite,Sports,404.2,3.3
18990,Fish Pro,Sports,374.25,3.9
18991,Various Max,Sports,97.27,4.3
18992,Certainly Lite,Toys,184.22,3.8
18993,Face Max,Books,326.34,2.3
18994,Particularly Lite,Sports,42.35,4.8
18995,Country Plus,Toys,293.44,1.6
18996,Provide Max,Toys,370.42,4.6
18997,Activity Max,Electronics,487.15,2.7
18998,Yourself Plus,Beauty,397.2,1.5
18999,Travel Pro,Electronics,353.21,1.9
19000,Action Pro,Electronics,105.13,3.9
19001,However Lite,Toys,448.95,1.1
19002,May Lite,Books,400.19,1.3
19003,Moment Lite,Beauty,75.91,2.1
19004,Take Max,Toys,491.02,1.7
19005,Leave Lite,Beauty,165.51,3.1
19006,Bar Lite,Toys,166.31,2.8
19007,Wonder Max,Beauty,246.71,1.7
19008,Without Plus,Electronics,274.06,2.4
19009,She Max,Sports,199.67,4.0
19010,Design Lite,Toys,425.11,3.4
19011,Public Lite,Toys,339.93,4.1
19012,Not Max,Toys,387.74,1.9
19013,Effect Lite,Beauty,402.38,2.6
19014,Pick Pro,Home,488.47,4.8
19015,Book Plus,Electronics,127.41,3.8
19016,Agent Max,Home,100.92,1.9
19017,Analysis Pro,Electronics,175.82,3.6
19018,Mrs Plus,Home,488.57,2.9
19019,From Pro,Electronics,268.11,2.1
19020,Television Plus,Beauty,292.01,1.1
19021,Some Max,Beauty,54.89,4.4
19022,Feel Lite,Electronics,286.76,1.2
19023,Be Max,Books,403.35,4.7
19024,Wife Plus,Beauty,80.5,4.5
19025,As Max,Electronics,492.59,1.1
19026,Task Max,Toys,406.02,4.8
19027,Various Plus,Toys,415.04,4.7
19028,Medical Lite,Books,25.87,4.1
19029,Board Max,Clothing,344.72,2.0
19030,Start Pro,Toys,486.44,2.7
19031,Recognize Plus,Beauty,368.46,3.7
19032,Author Plus,Electronics,314.07,3.9
19033,Number Max,Home,39.19,3.1
19034,Accept Lite,Beauty,460.83,1.3
19035,Left Max,Sports,442.27,5.0
19036,Call Pro,Toys,367.84,2.6
19037,Once Lite,Beauty,447.15,3.3
19038,Upon Max,Clothing,483.5,1.7
19039,North Pro,Toys,401.97,4.7
19040,Hotel Pro,Books,89.44,2.3
19041,Hot Pro,Electronics,301.84,1.3
19042,Agreement Plus,Beauty,462.68,3.8
19043,Reason Lite,Electronics,424.19,2.2
19044,Blood Pro,Electronics,431.22,2.6
19045,Close Max,Books,408.04,4.7
19046,Space Pro,Home,407.93,2.3
19047,Eye Pro,Home,344.41,4.2
19048,Friend Pro,Beauty,464.66,1.8
19049,Share Max,Home,441.05,3.8
19050,Chair Lite,Home,13.87,4.9
19051,Cut Pro,Home,219.42,3.9
19052,Own Plus,Beauty,193.18,2.3
19053,Relate Plus,Clothing,290.93,4.2
19054,This Max,Electronics,366.79,1.6
19055,College Lite,Beauty,254.25,1.6
19056,Nothing Pro,Beauty,354.63,3.1
19057,Yard Pro,Electronics,218.76,1.6
19058,Hand Lite,Sports,131.08,2.4
19059,View Plus,Beauty,471.51,1.3
19060,Officer Plus,Electronics,125.61,1.1
19061,All Lite,Beauty,240.08,2.3
19062,Challenge Pro,Books,358.31,4.2
19063,Will Max,Sports,230.44,2.2
19064,Exist Max,Beauty,358.4,1.5
19065,Police Pro,Sports,371.5,2.4
19066,Short Lite,Beauty,144.12,3.2
19067,Reduce Plus,Clothing,32.12,3.7
19068,Test Max,Sports,378.16,3.5
19069,Buy Plus,Electronics,227.36,2.4
19070,Shoulder Max,Clothing,320.01,3.7
19071,Change Max,Toys,475.17,1.6
19072,Laugh Plus,Toys,275.72,4.2
19073,Force Pro,Books,111.26,4.2
19074,As Lite,Books,395.82,3.2
19075,Their Max,Books,288.61,3.1
19076,Rule Plus,Books,433.58,4.4
19077,Appear Max,Clothing,191.72,1.3
19078,See Pro,Clothing,277.23,1.5
19079,Activity Plus,Clothing,8.69,2.3
19080,Floor Pro,Sports,68.46,4.2
19081,Fear Lite,Electronics,124.91,4.5
19082,Forward Plus,Toys,90.39,2.2
19083,Across Plus,Books,323.23,3.0
19084,Before Plus,Electronics,240.09,1.9
19085,Again Lite,Home,91.41,2.4
19086,Ability Lite,Clothing,245.08,2.0
19087,Under Pro,Home,286.99,1.4
19088,Between Lite,Toys,245.07,4.3
19089,Person Lite,Electronics,333.14,3.9
19090,Laugh Lite,Books,135.78,3.3
19091,Subject Plus,Books,154.04,4.5
19092,Similar Max,Beauty,77.66,1.2
19093,Quality Plus,Toys,216.63,1.3
19094,Blue Pro,Toys,266.4,4.4
19095,Course Pro,Toys,11.61,2.1
19096,Now Pro,Electronics,210.7,3.2
19097,Commercial Max,Toys,20.98,1.8
19098,Decade Lite,Books,218.82,2.9
19099,Happen Lite,Clothing,62.02,4.5
19100,Woman Max,Books,311.61,4.7
19101,Feel Lite,Sports,143.73,4.9
19102,Thought Lite,Electronics,228.04,4.9
19103,No Lite,Home,266.32,4.6
19104,Beat Pro,Toys,161.74,2.5
19105,Anyone Max,Beauty,270.0,2.9
19106,Wonder Lite,Sports,448.33,1.5
19107,Today Lite,Clothing,162.96,3.9
19108,Dog Pro,Home,373.12,1.6
19109,Catch Pro,Clothing,5.62,1.8
19110,Couple Plus,Sports,110.68,2.7
19111,Decade Pro,Electronics,154.48,1.7
19112,Today Max,Clothing,125.91,4.0
19113,Point Pro,Toys,147.64,3.6
19114,Ever Pro,Books,377.49,2.9
19115,Author Max,Sports,288.47,1.9
19116,Respond Lite,Clothing,12.39,2.9
19117,Land Lite,Home,218.37,3.4
19118,Court Max,Sports,168.53,3.6
19119,Option Pro,Sports,108.1,4.7
19120,Foreign Pro,Clothing,286.75,4.5
19121,Threat Pro,Toys,181.09,2.9
19122,Prepare Pro,Sports,228.09,1.4
19123,Available Lite,Toys,337.81,3.9
19124,Control Plus,Toys,484.11,3.7
19125,Recently Max,Beauty,424.4,2.4
19126,Floor Max,Home,120.97,1.1
19127,Magazine Pro,Sports,191.42,1.3
19128,Season Pro,Clothing,22.03,4.2
19129,Away Max,Beauty,221.73,3.3
19130,Tell Lite,Clothing,201.94,3.7
19131,Trade Lite,Electronics,367.36,2.2
19132,Administration Plus,Books,189.38,2.3
19133,Traditional Plus,Beauty,262.46,5.0
19134,Special Max,Clothing,306.47,3.3
19135,Necessary Pro,Clothing,255.91,3.5
19136,Southern Pro,Toys,460.4,5.0
19137,Ever Plus,Home,350.35,1.3
19138,Feeling Max,Toys,246.3,3.6
19139,Network Pro,Home,297.41,2.6
19140,Customer Lite,Sports,282.69,4.3
19141,Very Plus,Electronics,81.52,3.8
19142,Total Plus,Sports,369.41,2.1
19143,Total Lite,Books,58.64,4.4
19144,Similar Lite,Home,146.55,4.8
19145,Single Plus,Books,497.31,4.5
19146,Yes Max,Books,470.18,1.3
19147,Be Max,Beauty,395.28,1.5
19148,Natural Pro,Toys,51.94,1.7
19149,Question Lite,Books,253.5,3.7
19150,Police Lite,Home,464.56,2.3
19151,Spend Plus,Books,22.28,2.8
19152,Culture Lite,Toys,315.46,3.3
19153,Position Max,Electronics,25.55,2.7
19154,Purpose Lite,Clothing,251.68,1.2
19155,Painting Lite,Books,218.74,2.3
19156,Likely Max,Electronics,318.63,3.3
19157,By Max,Beauty,407.76,2.7
19158,Piece Pro,Clothing,379.57,2.0
19159,Walk Max,Beauty,293.21,2.6
19160,Then Max,Clothing,227.5,4.6
19161,Note Pro,Beauty,177.65,1.3
19162,Moment Pro,Sports,404.86,4.4
19163,Social Max,Home,361.31,5.0
19164,My Pro,Books,278.74,4.1
19165,Although Lite,Sports,46.77,4.6
19166,Day Plus,Sports,151.51,1.7
19167,Space Max,Electronics,282.38,3.0
19168,Thought Pro,Sports,379.47,1.7
19169,Turn Plus,Books,248.0,1.8
19170,We Pro,Beauty,224.02,1.5
19171,Pick Pro,Books,414.21,2.5
19172,Pay Max,Home,76.85,4.1
19173,Eat Lite,Beauty,423.02,3.9
19174,Detail Plus,Clothing,62.4,3.9
19175,Machine Lite,Clothing,298.27,2.7
19176,Pretty Max,Toys,462.62,2.0
19177,Player Plus,Beauty,162.01,3.4
19178,Player Plus,Electronics,246.29,4.7
19179,Figure Lite,Sports,272.24,4.3
19180,Throughout Max,Home,352.41,2.1
19181,Response Pro,Toys,323.66,1.9
19182,Information Pro,Home,65.14,1.6
19183,Room Pro,Electronics,450.6,4.8
19184,Purpose Plus,Electronics,153.51,2.2
19185,Only Plus,Beauty,329.64,5.0
19186,Not Plus,Clothing,240.65,3.0
19187,Mind Lite,Clothing,63.42,3.7
19188,Major Pro,Clothing,28.01,4.7
19189,Same Plus,Toys,474.83,3.5
19190,Court Plus,Sports,117.61,1.5
19191,Score Max,Beauty,161.19,4.8
19192,Year Pro,Toys,453.35,2.9
19193,Operation Plus,Sports,458.87,2.7
19194,Those Lite,Electronics,344.62,2.5
19195,Crime Pro,Home,136.91,2.4
19196,Expert Lite,Toys,317.62,2.2
19197,Exactly Max,Books,173.91,4.6
19198,Stand Plus,Books,426.82,1.9
19199,Interest Plus,Beauty,494.52,4.0
19200,Husband Lite,Electronics,90.21,2.3
19201,Court Max,Home,446.42,2.7
19202,Bed Plus,Clothing,474.4,2.4
19203,Its Max,Books,419.79,1.4
19204,Heavy Plus,Toys,271.84,1.9
19205,Sometimes Max,Electronics,43.93,2.5
19206,Listen Pro,Beauty,209.12,2.5
19207,He Plus,Clothing,152.62,4.9
19208,Lay Lite,Home,374.59,3.4
19209,Another Plus,Electronics,5.64,2.5
19210,Charge Plus,Beauty,492.91,4.0
19211,Use Max,Home,458.95,1.9
19212,Edge Max,Toys,155.43,1.8
19213,Speech Max,Beauty,438.02,3.6
19214,Baby Pro,Electronics,169.29,2.4
19215,Before Max,Home,95.09,4.7
19216,Light Max,Books,269.41,4.5
19217,Camera Pro,Beauty,96.03,1.3
19218,Sea Lite,Electronics,356.02,2.1
19219,Family Plus,Books,81.7,1.5
19220,Education Lite,Home,62.82,1.7
19221,Dinner Plus,Clothing,238.74,2.8
19222,Artist Max,Clothing,451.65,1.7
19223,Than Pro,Electronics,212.9,1.5
19224,Rather Max,Home,279.08,2.4
19225,Often Max,Beauty,348.82,4.2
19226,Them Lite,Toys,390.6,1.0
19227,Despite Max,Clothing,319.32,2.4
19228,Performance Max,Books,432.75,3.5
19229,Listen Lite,Beauty,219.42,4.2
19230,Start Max,Sports,329.3,2.2
19231,End Pro,Home,147.76,4.9
19232,Store Plus,Sports,484.96,3.1
19233,Truth Pro,Books,166.81,2.7
19234,Size Max,Toys,306.17,4.0
19235,Section Pro,Toys,337.11,2.9
19236,War Lite,Toys,62.64,3.5
19237,Development Lite,Clothing,138.03,1.5
19238,Test Lite,Home,190.27,4.8
19239,Service Max,Clothing,125.9,4.2
19240,Physical Plus,Electronics,226.66,2.7
19241,Half Lite,Clothing,256.36,4.5
19242,Use Lite,Beauty,309.79,2.1
19243,Debate Lite,Sports,228.85,4.9
19244,Not Plus,Beauty,469.67,1.6
19245,Pay Pro,Beauty,436.76,3.0
19246,Life Plus,Sports,484.37,2.2
19247,Data Pro,Toys,343.4,4.2
19248,Even Lite,Electronics,266.22,3.4
19249,Wall Pro,Home,121.79,1.4
19250,Scene Lite,Home,375.16,1.6
19251,Throughout Lite,Clothing,456.31,2.6
19252,Bill Max,Sports,22.1,4.9
19253,Interview Pro,Electronics,368.9,1.2
19254,Hit Max,Toys,344.92,3.6
19255,Black Lite,Books,317.05,4.8
19256,Under Lite,Clothing,46.48,4.8
19257,Quickly Pro,Sports,72.89,4.8
19258,Alone Lite,Beauty,443.98,4.1
19259,Think Max,Clothing,127.4,1.4
19260,Where Plus,Beauty,336.79,2.0
19261,Pretty Plus,Home,454.33,4.6
19262,Bed Pro,Home,236.25,4.5
19263,Skill Pro,Sports,400.36,4.7
19264,But Max,Home,35.42,1.5
19265,Read Max,Home,117.52,4.1
19266,Toward Plus,Sports,172.9,1.3
19267,Recent Lite,Sports,451.14,4.7
19268,Daughter Plus,Books,217.72,3.3
19269,American Pro,Books,159.46,2.4
19270,Century Pro,Beauty,24.94,3.3
19271,Think Plus,Home,66.53,4.9
19272,Success Lite,Electronics,151.08,3.0
19273,The Pro,Beauty,486.22,2.0
19274,Dog Pro,Home,127.22,4.6
19275,Author Plus,Electronics,12.62,3.0
19276,Water Plus,Sports,130.85,3.5
19277,Speech Plus,Toys,409.3,3.1
19278,Business Plus,Books,132.85,4.0
19279,Turn Max,Books,398.22,4.9
19280,People Max,Clothing,130.42,4.6
19281,Surface Plus,Beauty,163.0,2.6
19282,Word Pro,Electronics,67.09,4.8
19283,Impact Plus,Home,140.85,2.5
19284,Arm Pro,Sports,364.8,4.6
19285,Great Lite,Sports,445.11,2.4
19286,Modern Plus,Clothing,344.79,3.5
19287,Black Lite,Clothing,413.12,1.9
19288,Or Pro,Toys,80.66,3.8
19289,Happy Lite,Toys,460.91,3.5
19290,Wide Plus,Electronics,124.38,2.4
19291,Attorney Plus,Toys,308.55,2.7
19292,Senior Lite,Home,181.37,4.8
19293,Nothing Pro,Home,323.21,1.4
19294,Five Lite,Home,277.66,3.4
19295,Economic Max,Clothing,244.74,2.6
19296,Attorney Pro,Home,479.83,3.5
19297,Capital Lite,Beauty,56.52,1.5
19298,Center Max,Toys,390.94,2.4
19299,Third Max,Toys,165.86,2.2
19300,Line Pro,Toys,177.91,1.8
19301,Parent Lite,Home,318.78,3.5
19302,Heavy Max,Beauty,259.28,3.5
19303,Despite Pro,Beauty,168.76,2.1
19304,Room Pro,Toys,198.81,3.4
19305,Statement Max,Beauty,400.8,4.4
19306,Thank Pro,Electronics,354.17,3.2
19307,Television Lite,Beauty,384.92,1.9
19308,Stay Pro,Home,53.51,2.9
19309,Result Max,Clothing,448.65,1.5
19310,Pick Plus,Books,40.83,2.0
19311,Know Plus,Books,490.39,3.4
19312,Road Pro,Electronics,125.59,1.2
19313,West Max,Books,6.49,2.9
19314,Town Max,Beauty,46.03,3.5
19315,Party Lite,Toys,349.67,1.8
19316,Game Pro,Clothing,133.65,2.6
19317,Audience Lite,Electronics,351.41,4.4
19318,Reach Lite,Electronics,492.27,2.0
19319,Democratic Pro,Toys,145.92,1.5
19320,Rate Lite,Beauty,236.2,4.7
19321,Safe Max,Home,447.93,4.5
19322,Political Plus,Sports,432.0,1.9
19323,Sure Pro,Books,489.09,4.6
19324,Become Pro,Clothing,23.03,2.4
19325,Various Max,Clothing,284.86,1.8
19326,In Plus,Beauty,61.47,1.7
19327,Particularly Max,Toys,66.05,2.9
19328,Lose Plus,Clothing,300.9,3.3
19329,Present Pro,Sports,236.56,2.3
19330,Pressure Pro,Books,150.9,1.5
19331,Contain Max,Clothing,175.32,4.6
19332,Statement Max,Sports,53.81,2.6
19333,Worry Max,Clothing,337.32,5.0
19334,Along Lite,Toys,464.0,4.3
19335,Travel Plus,Books,460.26,4.8
19336,Woman Plus,Beauty,70.64,3.0
19337,Interview Lite,Books,369.67,1.9
19338,Human Pro,Clothing,352.86,3.8
19339,Culture Plus,Toys,301.73,4.5
19340,Study Pro,Beauty,249.65,3.5
19341,Sister Lite,Electronics,231.69,4.9
19342,Local Plus,Beauty,326.51,1.9
19343,Interview Max,Home,300.07,3.3
19344,Kind Lite,Toys,248.41,1.1
19345,Right Pro,Clothing,447.74,1.7
19346,Player Pro,Books,272.48,4.7
19347,Lawyer Pro,Toys,410.25,4.7
19348,Key Pro,Clothing,442.47,4.4
19349,Stuff Max,Clothing,41.34,3.1
19350,Reflect Max,Sports,476.15,5.0
19351,Law Max,Clothing,397.27,3.8
19352,North Max,Sports,143.0,1.8
19353,Western Pro,Electronics,455.18,1.4
19354,Firm Plus,Clothing,403.84,3.2
19355,Teacher Lite,Toys,352.44,4.8
19356,Fact Pro,Toys,8.17,3.6
19357,Skill Pro,Home,140.82,1.2
19358,Against Lite,Electronics,117.77,3.5
19359,Argue Plus,Toys,486.27,2.6
19360,Recognize Pro,Electronics,266.5,3.2
19361,Agree Plus,Beauty,23.31,2.0
19362,Professional Pro,Electronics,155.5,3.1
19363,South Pro,Beauty,452.04,4.2
19364,Grow Max,Electronics,191.0,4.3
19365,Eye Lite,Books,36.54,2.3
19366,Whom Pro,Electronics,335.81,2.7
19367,Notice Plus,Sports,149.36,3.7
19368,Rock Lite,Toys,487.11,3.4
19369,Site Lite,Home,372.27,4.6
19370,Property Plus,Beauty,414.04,1.3
19371,Approach Max,Books,114.95,2.4
19372,Once Max,Beauty,114.99,1.4
19373,The Max,Beauty,71.42,3.9
19374,Field Max,Toys,82.36,2.5
19375,Under Plus,Clothing,142.28,3.8
19376,Level Max,Toys,418.51,1.7
19377,Approach Lite,Toys,225.1,4.6
19378,Act Max,Beauty,51.8,2.3
19379,His Max,Home,338.62,4.6
19380,Physical Plus,Toys,374.61,1.8
19381,Play Plus,Sports,71.93,2.0
19382,Pull Pro,Clothing,201.02,3.1
19383,Start Pro,Electronics,443.07,1.7
19384,Event Lite,Toys,491.45,2.1
19385,Step Plus,Sports,138.24,4.5
19386,Set Plus,Sports,462.61,2.7
19387,Floor Pro,Home,77.26,4.0
19388,Real Lite,Toys,113.7,3.3
19389,Whom Max,Clothing,319.89,2.3
19390,Program Lite,Home,149.88,1.4
19391,Management Max,Electronics,20.44,3.9
19392,According Lite,Beauty,5.57,4.7
19393,True Max,Books,474.83,2.0
19394,Recently Max,Clothing,480.57,3.0
19395,Yard Lite,Clothing,196.16,4.9
19396,Even Lite,Home,215.2,1.1
19397,Prevent Pro,Home,216.07,2.3
19398,Sound Pro,Sports,147.02,3.4
19399,Eat Pro,Home,481.57,4.4
19400,Force Lite,Books,206.98,2.5
19401,Foot Lite,Home,51.54,3.7
19402,Article Max,Sports,119.76,1.2
19403,Stage Max,Beauty,254.18,4.8
19404,Focus Lite,Beauty,493.16,1.5
19405,Next Lite,Toys,151.87,2.3
19406,Fly Pro,Home,158.5,3.6
19407,Serious Max,Toys,310.89,3.1
19408,War Pro,Clothing,357.37,4.9
19409,Nor Lite,Books,19.91,1.2
19410,Type Pro,Electronics,442.61,2.3
19411,Sell Plus,Home,300.61,1.9
19412,How Plus,Toys,132.43,4.6
19413,Country Plus,Books,154.23,4.9
19414,Instead Max,Toys,472.05,4.3
19415,Cost Plus,Toys,343.28,3.4
19416,Reduce Max,Sports,252.52,3.3
19417,Expert Plus,Toys,292.46,4.4
19418,Occur Lite,Beauty,219.07,4.5
19419,Feeling Lite,Home,67.0,4.2
19420,Fly Max,Sports,47.05,1.5
19421,Age Plus,Electronics,183.28,5.0
19422,Future Lite,Beauty,39.03,2.8
19423,Street Pro,Electronics,22.64,4.0
19424,Across Lite,Books,232.43,1.3
19425,Level Lite,Books,247.67,2.9
19426,Forget Lite,Beauty,410.6,3.8
19427,Play Max,Toys,7.04,3.7
19428,Although Max,Toys,487.92,3.0
19429,Seem Pro,Home,473.9,4.1
19430,Other Plus,Sports,38.59,3.1
19431,Quite Max,Toys,79.21,4.5
19432,Subject Max,Books,334.37,3.4
19433,Decade Pro,Toys,187.3,4.3
19434,But Plus,Clothing,83.59,4.8
19435,Finish Max,Clothing,352.82,2.6
19436,Until Pro,Electronics,229.46,2.4
19437,Before Max,Home,313.46,3.9
19438,Business Max,Clothing,34.88,4.6
19439,Fire Pro,Clothing,139.92,1.8
19440,Face Max,Sports,312.35,4.0
19441,Old Pro,Sports,212.0,3.8
19442,Television Lite,Toys,169.25,3.8
19443,Economy Plus,Clothing,222.03,2.4
19444,Game Max,Electronics,71.23,4.7
19445,Air Max,Sports,373.63,4.3
19446,College Lite,Home,350.16,1.3
19447,Him Plus,Home,120.69,3.6
19448,Subject Pro,Beauty,81.18,2.0
19449,Congress Plus,Electronics,60.71,1.8
19450,New Max,Home,134.81,4.6
19451,Common Max,Electronics,221.31,2.2
19452,Point Plus,Toys,137.72,2.0
19453,Thank Pro,Toys,377.65,4.5
19454,Heavy Plus,Sports,217.26,3.7
19455,Seem Lite,Electronics,190.03,1.2
19456,Kid Pro,Beauty,203.62,2.0
19457,Yes Lite,Beauty,282.29,1.3
19458,Real Lite,Electronics,185.65,2.9
19459,Huge Max,Beauty,207.21,3.2
19460,Good Pro,Beauty,178.28,4.7
19461,Follow Max,Electronics,101.39,4.9
19462,Difficult Max,Books,164.71,3.4
19463,Significant Lite,Clothing,300.75,1.7
19464,Decide Lite,Toys,209.89,1.0
19465,Mrs Plus,Sports,377.49,2.2
19466,Both Max,Electronics,305.1,4.4
19467,Guy Lite,Beauty,248.45,2.0
19468,Subject Plus,Home,402.13,2.8
19469,Option Pro,Electronics,197.63,4.2
19470,They Pro,Sports,379.16,3.8
19471,Newspaper Pro,Clothing,72.2,1.8
19472,Eye Max,Clothing,180.63,2.2
19473,Science Max,Sports,249.52,4.6
19474,Statement Lite,Clothing,410.09,3.8
19475,Summer Lite,Home,23.62,1.6
19476,Draw Plus,Sports,159.37,1.4
19477,Safe Max,Electronics,425.07,1.9
19478,Help Max,Books,160.56,4.6
19479,Right Max,Clothing,477.03,1.9
19480,Ready Plus,Clothing,142.79,4.8
19481,Happen Lite,Clothing,288.21,3.9
19482,Particularly Pro,Beauty,451.91,2.5
19483,Movement Pro,Toys,232.02,1.8
19484,Minute Pro,Electronics,178.18,1.4
19485,Author Pro,Sports,232.57,3.5
19486,Four Pro,Beauty,414.76,2.6
19487,Beautiful Lite,Clothing,347.2,2.4
19488,Miss Lite,Sports,331.98,4.1
19489,Present Max,Sports,427.09,1.2
19490,Really Max,Beauty,118.07,2.5
19491,Lose Lite,Clothing,327.0,3.6
19492,Later Lite,Electronics,353.68,2.3
19493,Risk Max,Sports,365.59,3.1
19494,One Pro,Electronics,364.99,2.7
19495,Threat Plus,Electronics,475.95,2.3
19496,Agency Plus,Toys,296.6,1.8
19497,Movie Max,Books,204.42,3.5
19498,Different Plus,Sports,136.62,4.4
19499,Include Plus,Clothing,385.03,3.5
19500,Accept Plus,Beauty,10.37,1.7
19501,College Plus,Home,287.22,3.5
19502,Wear Pro,Electronics,163.51,2.8
19503,Hot Lite,Toys,88.54,2.2
19504,Street Lite,Books,75.26,3.2
19505,Let Pro,Beauty,446.14,1.6
19506,Of Lite,Electronics,411.98,2.5
19507,Western Pro,Home,325.9,1.7
19508,Thought Plus,Clothing,304.79,4.5
19509,Add Pro,Clothing,219.71,3.8
19510,Own Plus,Home,14.56,4.9
19511,Million Plus,Clothing,41.68,2.4
19512,Partner Pro,Electronics,357.4,2.1
19513,Medical Pro,Books,489.87,1.0
19514,Month Max,Books,490.61,1.4
19515,Newspaper Plus,Home,7.0,3.7
19516,After Plus,Electronics,104.24,3.0
19517,Argue Plus,Toys,313.6,3.1
19518,Itself Lite,Electronics,134.57,4.3
19519,Mind Lite,Toys,463.02,1.2
19520,Attack Plus,Toys,205.11,2.2
19521,Generation Plus,Clothing,185.08,3.4
19522,Trial Lite,Clothing,11.78,3.8
19523,Black Max,Clothing,196.88,2.2
19524,Player Lite,Clothing,330.72,2.0
19525,Try Max,Electronics,254.69,4.2
19526,Have Pro,Sports,478.8,2.4
19527,Positive Pro,Beauty,277.06,1.6
19528,Believe Max,Electronics,378.26,4.5
19529,Heavy Lite,Beauty,433.69,1.7
19530,Half Max,Books,9.31,4.1
19531,Kind Lite,Sports,13.13,3.6
19532,Past Lite,Beauty,103.51,2.0
19533,Kitchen Pro,Home,74.33,2.0
19534,Far Max,Books,325.04,1.5
19535,Ground Plus,Books,157.58,4.6
19536,Place Max,Beauty,60.6,1.8
19537,Others Max,Clothing,241.88,4.4
19538,Factor Max,Beauty,478.79,4.2
19539,Better Pro,Home,400.93,3.0
19540,Size Pro,Home,132.7,1.9
19541,Church Lite,Toys,169.17,1.3
19542,Very Plus,Home,352.71,4.4
19543,Whether Pro,Books,256.7,2.0
19544,Economic Pro,Beauty,228.48,3.3
19545,Major Lite,Home,104.06,2.3
19546,Able Plus,Home,120.14,4.0
19547,Finish Lite,Beauty,121.78,2.9
19548,Finish Lite,Clothing,112.94,3.4
19549,Contain Lite,Sports,27.04,4.9
19550,Dinner Lite,Sports,452.46,2.0
19551,Police Max,Clothing,324.26,3.7
19552,These Max,Clothing,426.43,2.3
19553,Structure Pro,Home,290.05,3.1
19554,Forget Lite,Toys,155.47,1.9
19555,Issue Pro,Clothing,165.35,2.1
19556,Current Pro,Sports,456.85,2.9
19557,Computer Pro,Toys,393.78,2.5
19558,President Lite,Beauty,185.65,3.6
19559,Southern Plus,Toys,243.98,3.2
19560,Friend Plus,Beauty,300.79,2.6
19561,Campaign Lite,Sports,161.43,1.6
19562,Dog Pro,Sports,52.18,3.1
19563,Chance Max,Home,32.71,5.0
19564,Along Max,Toys,480.94,4.7
19565,Population Plus,Electronics,394.25,3.6
19566,Sort Lite,Books,157.37,2.6
19567,Mention Lite,Electronics,170.48,3.5
19568,Decade Lite,Clothing,461.22,3.8
19569,Great Plus,Electronics,486.45,2.3
19570,Modern Lite,Electronics,116.25,3.6
19571,Read Max,Clothing,401.34,4.1
19572,Computer Pro,Books,356.99,1.3
19573,Also Pro,Electronics,337.29,3.3
19574,This Lite,Electronics,333.71,3.9
19575,White Max,Sports,273.67,2.7
19576,Red Lite,Beauty,345.56,4.9
19577,Just Pro,Electronics,318.29,2.6
19578,Color Max,Books,181.48,3.3
19579,Attack Max,Home,99.24,3.8
19580,Leg Lite,Books,211.05,4.4
19581,Ball Max,Books,249.58,3.2
19582,Morning Lite,Beauty,429.07,2.4
19583,Pull Plus,Clothing,78.77,2.5
19584,Enjoy Pro,Sports,47.48,1.1
19585,Sell Max,Home,261.6,3.7
19586,Listen Plus,Home,231.86,3.0
19587,Great Pro,Beauty,92.5,1.5
19588,Little Plus,Home,127.59,2.8
19589,Front Lite,Toys,183.83,4.1
19590,Account Lite,Sports,119.95,3.7
19591,Quite Max,Toys,194.56,2.5
19592,Difference Pro,Electronics,203.13,4.2
19593,Appear Max,Books,93.58,4.9
19594,Job Max,Toys,281.6,1.7
19595,Check Pro,Beauty,240.78,3.3
19596,Usually Plus,Books,305.13,2.0
19597,Though Plus,Sports,69.9,2.4
19598,Its Pro,Clothing,43.5,4.5
19599,Break Lite,Beauty,371.71,1.6
19600,Politics Pro,Home,40.84,1.8
19601,Site Lite,Home,334.73,4.9
19602,Marriage Lite,Books,320.08,1.2
19603,Media Lite,Books,126.83,1.8
19604,Thousand Pro,Electronics,96.43,1.9
19605,Present Plus,Books,412.33,3.8
19606,Join Lite,Electronics,190.76,2.6
19607,Threat Max,Sports,433.23,2.6
19608,Area Lite,Home,157.27,3.8
19609,Protect Lite,Sports,12.99,2.9
19610,Arm Pro,Electronics,449.63,3.9
19611,Final Pro,Books,185.38,4.0
19612,Whether Lite,Toys,242.81,4.4
19613,Dinner Pro,Clothing,119.92,3.9
19614,Energy Max,Beauty,237.1,1.9
19615,Popular Plus,Home,417.09,3.1
19616,Ball Plus,Books,80.01,2.7
19617,Scene Max,Toys,394.02,4.4
19618,Himself Pro,Beauty,159.8,2.9
19619,Research Plus,Sports,222.06,2.0
19620,Soon Pro,Home,265.45,3.0
19621,Source Lite,Beauty,284.73,2.6
19622,Heavy Lite,Toys,56.04,3.6
19623,Consumer Pro,Electronics,280.49,2.0
19624,Throughout Max,Books,369.53,1.9
19625,Local Lite,Sports,499.48,1.4
19626,Size Pro,Home,336.28,2.9
19627,After Plus,Sports,218.67,2.0
19628,Market Lite,Toys,477.32,1.9
19629,Eat Pro,Sports,405.45,2.8
19630,Stock Max,Books,48.39,1.6
19631,Social Lite,Toys,333.6,4.0
19632,Could Max,Beauty,65.11,1.8
19633,Girl Pro,Beauty,480.56,2.0
19634,Rate Pro,Electronics,378.57,4.5
19635,Your Plus,Toys,354.79,4.1
19636,Try Plus,Books,57.88,4.9
19637,Rich Plus,Electronics,17.16,1.6
19638,My Plus,Sports,437.5,2.8
19639,Child Lite,Sports,377.42,2.5
19640,Next Lite,Clothing,379.46,2.5
19641,Former Lite,Beauty,269.69,3.0
19642,Require Pro,Toys,84.61,3.2
19643,Line Lite,Clothing,390.2,2.7
19644,Order Lite,Clothing,81.74,2.3
19645,Future Lite,Toys,264.28,1.9
19646,Under Max,Books,55.69,2.9
19647,Too Pro,Home,414.98,4.2
19648,Effect Lite,Sports,152.36,2.8
19649,Sit Max,Beauty,12.46,3.6
19650,Compare Lite,Books,57.61,2.5
19651,Buy Pro,Home,39.65,4.0
19652,Something Max,Beauty,486.14,4.4
19653,Election Lite,Electronics,133.82,2.0
19654,Moment Lite,Home,202.86,3.1
19655,For Lite,Books,386.48,3.9
19656,Easy Plus,Clothing,5.93,4.9
19657,Area Max,Sports,325.27,2.1
19658,Seven Plus,Home,109.9,1.1
19659,Form Max,Electronics,354.91,2.9
19660,Address Pro,Home,414.44,1.8
19661,School Plus,Books,361.61,1.3
19662,Four Max,Toys,337.78,2.4
19663,Show Pro,Books,178.05,4.2
19664,Available Lite,Electronics,66.5,1.7
19665,Civil Pro,Beauty,50.93,4.7
19666,To Pro,Clothing,192.34,4.5
19667,Its Pro,Electronics,335.3,4.4
19668,Stock Pro,Home,360.89,3.3
19669,Message Lite,Beauty,379.53,2.0
19670,Large Pro,Toys,110.14,1.1
19671,Hold Pro,Home,329.93,4.3
19672,Health Pro,Beauty,468.64,2.8
19673,Specific Plus,Electronics,98.8,2.3
19674,Visit Lite,Beauty,473.24,4.1
19675,Five Max,Sports,26.45,2.0
19676,Maintain Plus,Sports,384.09,2.1
19677,Market Max,Beauty,317.45,4.6
19678,Money Plus,Books,94.42,2.3
19679,Particular Plus,Beauty,495.81,3.0
19680,South Pro,Books,429.05,1.5
19681,Land Lite,Books,106.42,1.6
19682,Inside Max,Clothing,88.43,1.9
19683,Agree Pro,Electronics,422.78,1.9
19684,Specific Plus,Sports,259.38,1.7
19685,Them Plus,Home,482.87,2.0
19686,Son Plus,Electronics,36.62,4.5
19687,Draw Max,Home,53.59,3.0
19688,Other Lite,Home,73.23,2.8
19689,High Max,Clothing,181.89,4.8
19690,Want Max,Electronics,463.2,4.7
19691,Among Lite,Books,437.51,3.8
19692,Remember Plus,Beauty,25.95,3.1
19693,Despite Max,Books,199.01,4.8
19694,Fine Plus,Electronics,407.72,2.7
19695,Drop Pro,Electronics,429.92,2.9
19696,Majority Pro,Electronics,481.02,3.9
19697,Mission Plus,Books,133.86,2.6
19698,Myself Pro,Electronics,77.05,2.5
19699,Medical Lite,Toys,46.25,4.1
19700,Cell Plus,Home,59.44,2.0
19701,Most Max,Electronics,356.69,1.1
19702,Available Lite,Clothing,168.81,4.2
19703,Lawyer Pro,Clothing,224.01,3.0
19704,Sister Lite,Toys,297.6,3.0
19705,Tell Max,Toys,80.95,1.4
19706,Sea Pro,Home,225.8,4.5
19707,Down Lite,Beauty,401.91,3.5
19708,Black Pro,Sports,310.31,3.1
19709,Drop Max,Electronics,391.51,2.8
19710,Fear Plus,Toys,33.73,5.0
19711,Physical Max,Books,248.04,4.3
19712,Dog Plus,Clothing,207.7,2.7
19713,Police Pro,Sports,201.13,2.3
19714,Than Pro,Electronics,268.45,1.1
19715,Account Pro,Clothing,166.87,1.1
19716,Game Pro,Sports,251.92,4.1
19717,Loss Pro,Toys,52.76,4.8
19718,Treat Lite,Electronics,344.17,2.7
19719,Detail Pro,Clothing,154.1,3.6
19720,While Pro,Electronics,255.44,2.6
19721,Such Max,Home,471.96,3.7
19722,International Lite,Home,80.07,3.7
19723,See Lite,Electronics,322.63,2.0
19724,Use Plus,Clothing,51.35,3.2
19725,Especially Max,Sports,273.95,1.9
19726,Bad Lite,Beauty,118.61,1.3
19727,Ready Lite,Beauty,224.31,2.8
19728,Allow Max,Books,244.27,1.5
19729,Together Plus,Electronics,130.05,4.4
19730,Smile Pro,Toys,100.22,1.7
19731,See Plus,Books,424.33,2.6
19732,Role Max,Sports,61.07,1.4
19733,Beat Pro,Electronics,235.22,2.5
19734,Until Max,Home,308.03,3.7
19735,Everyone Plus,Electronics,175.22,1.1
19736,Not Lite,Home,303.01,1.3
19737,Degree Max,Beauty,440.91,2.2
19738,Lawyer Pro,Electronics,34.21,1.8
19739,Matter Lite,Clothing,385.47,1.8
19740,Picture Plus,Books,362.04,1.6
19741,Use Plus,Books,486.8,3.0
19742,Child Pro,Books,369.21,4.1
19743,Suddenly Pro,Clothing,196.57,3.7
19744,Need Lite,Clothing,414.59,4.5
19745,Become Max,Beauty,34.45,4.6
19746,Form Plus,Sports,274.93,2.0
19747,Minute Pro,Home,406.55,3.5
19748,Far Max,Beauty,248.91,1.9
19749,Term Pro,Sports,167.09,3.1
19750,Decision Max,Books,29.69,2.2
19751,More Max,Books,334.32,1.4
19752,Various Pro,Clothing,51.9,3.2
19753,Determine Max,Beauty,264.9,4.1
19754,Nature Pro,Books,178.12,4.5
19755,Rock Plus,Electronics,324.32,2.3
19756,Camera Lite,Clothing,108.6,1.4
19757,Him Lite,Beauty,352.68,3.6
19758,Soldier Lite,Clothing,74.62,3.8
19759,Decade Lite,Sports,111.55,3.4
19760,President Max,Electronics,494.71,3.1
19761,Training Pro,Toys,17.17,3.9
19762,Discover Pro,Toys,276.4,3.2
19763,Until Lite,Sports,369.25,4.0
19764,Somebody Pro,Home,315.87,2.8
19765,Message Max,Toys,489.68,2.6
19766,Its Max,Books,54.43,4.8
19767,Use Plus,Clothing,258.94,1.3
19768,Material Max,Books,316.1,2.4
19769,Feel Plus,Toys,298.25,1.3
19770,Agent Lite,Sports,8.0,3.5
19771,Form Plus,Electronics,224.97,2.5
19772,Still Plus,Clothing,397.98,3.2
19773,But Pro,Electronics,262.55,4.9
19774,Example Lite,Electronics,117.36,4.5
19775,Road Pro,Home,98.56,1.1
19776,Design Plus,Toys,499.0,1.7
19777,Subject Max,Home,402.22,3.7
19778,Myself Max,Toys,470.51,1.4
19779,Whose Pro,Books,222.35,2.9
19780,Those Plus,Books,463.25,1.8
19781,Pretty Lite,Electronics,229.18,3.3
19782,War Pro,Sports,318.71,2.2
19783,Arm Lite,Books,82.5,4.0
19784,Rule Pro,Toys,125.43,1.8
19785,Go Lite,Sports,440.39,1.4
19786,Single Max,Clothing,286.7,4.3
19787,Positive Pro,Toys,62.59,1.6
19788,Write Lite,Beauty,121.72,1.4
19789,Ever Lite,Sports,255.76,4.6
19790,Budget Max,Clothing,46.44,1.7
19791,Fear Pro,Toys,494.58,1.3
19792,Light Pro,Beauty,272.52,4.3
19793,Should Lite,Electronics,197.01,4.2
19794,Really Max,Books,200.88,1.4
19795,Person Lite,Toys,34.0,3.2
19796,Affect Pro,Books,339.31,1.5
19797,Father Plus,Electronics,204.22,3.4
19798,Speak Pro,Home,370.72,2.0
19799,Brother Pro,Home,129.49,3.7
19800,Store Lite,Clothing,73.73,3.4
19801,Treat Lite,Sports,305.0,3.2
19802,Necessary Plus,Home,445.71,3.3
19803,Cause Plus,Electronics,28.44,2.6
19804,Tree Lite,Electronics,348.03,2.3
19805,Think Plus,Electronics,375.48,1.3
19806,Religious Max,Beauty,177.3,4.0
19807,Whether Plus,Clothing,379.71,2.3
19808,Star Pro,Sports,486.54,4.8
19809,However Plus,Home,265.25,3.5
19810,Meet Max,Electronics,141.98,2.3
19811,Energy Plus,Toys,442.1,4.6
19812,They Pro,Beauty,470.68,4.3
19813,Inside Max,Toys,72.3,2.2
19814,Investment Max,Clothing,162.74,4.8
19815,According Lite,Electronics,435.51,1.5
19816,Speech Plus,Books,453.35,4.7
19817,Accept Pro,Home,75.59,4.0
19818,Line Lite,Clothing,456.85,1.1
19819,Up Plus,Sports,209.73,2.3
19820,Science Max,Clothing,439.63,3.6
19821,Other Plus,Toys,139.8,2.5
19822,Trade Plus,Clothing,486.13,3.1
19823,Recent Lite,Home,301.54,1.6
19824,Else Plus,Sports,199.81,4.2
19825,Purpose Plus,Sports,209.49,3.1
19826,Show Max,Beauty,284.01,4.5
19827,Defense Pro,Electronics,69.44,1.2
19828,Inside Plus,Sports,159.19,1.7
19829,Away Max,Toys,212.71,3.6
19830,Include Pro,Electronics,369.57,4.7
19831,Shake Max,Electronics,307.1,3.1
19832,Require Plus,Beauty,451.83,3.2
19833,Head Lite,Beauty,139.18,1.6
19834,Such Pro,Beauty,461.83,2.5
19835,Expect Max,Toys,31.26,3.0
19836,Institution Plus,Electronics,93.98,4.0
19837,Tough Max,Home,415.46,4.8
19838,Store Pro,Toys,346.85,3.5
19839,His Pro,Sports,305.96,1.6
19840,Large Plus,Clothing,90.12,3.0
19841,Figure Lite,Toys,388.48,4.0
19842,Enter Plus,Books,280.19,2.0
19843,Evidence Pro,Beauty,183.6,4.0
19844,One Max,Beauty,211.41,4.9
19845,Here Max,Home,77.91,4.1
19846,Much Pro,Home,172.75,2.7
19847,Cold Max,Toys,354.54,4.6
19848,Around Plus,Home,77.69,1.7
19849,Prevent Lite,Electronics,409.86,4.8
19850,Car Plus,Beauty,365.77,2.6
19851,Follow Pro,Books,88.41,3.2
19852,Air Max,Books,403.08,3.1
19853,Life Plus,Sports,81.47,2.2
19854,Meet Lite,Books,464.49,3.5
19855,Without Plus,Electronics,240.2,1.7
19856,Laugh Plus,Home,419.98,4.2
19857,Garden Max,Books,245.4,4.2
19858,Talk Lite,Books,428.0,4.6
19859,Bar Lite,Home,456.53,3.4
19860,Star Max,Electronics,137.96,5.0
19861,As Lite,Clothing,83.36,3.2
19862,Herself Max,Electronics,436.73,5.0
19863,Month Max,Electronics,166.91,3.0
19864,Audience Plus,Toys,398.92,2.1
19865,Threat Max,Toys,119.41,3.0
19866,Trouble Pro,Home,252.22,3.4
19867,Can Plus,Books,90.85,4.8
19868,Far Plus,Beauty,235.81,2.3
19869,Stage Plus,Home,335.75,4.5
19870,Ten Pro,Toys,442.92,2.8
19871,Contain Lite,Toys,367.68,2.2
19872,Natural Pro,Beauty,231.17,2.4
19873,Indeed Plus,Electronics,478.73,2.0
19874,Build Max,Books,463.66,2.0
19875,View Lite,Toys,445.58,5.0
19876,Animal Lite,Books,432.27,3.2
19877,Method Lite,Sports,32.73,4.0
19878,That Plus,Electronics,100.86,4.9
19879,Usually Lite,Clothing,379.28,1.9
19880,Friend Lite,Beauty,202.73,2.3
19881,Might Plus,Books,274.95,4.9
19882,Some Max,Books,411.72,4.6
19883,Game Lite,Beauty,199.8,4.7
19884,Analysis Max,Beauty,356.63,1.3
19885,Agree Plus,Electronics,224.01,2.9
19886,Special Max,Toys,330.99,4.3
19887,Order Pro,Books,37.78,3.0
19888,Road Plus,Sports,32.96,3.8
19889,Usually Plus,Beauty,87.73,3.8
19890,Money Pro,Home,311.48,4.6
19891,Yard Lite,Toys,468.58,2.6
19892,Situation Pro,Toys,472.57,4.5
19893,Court Lite,Clothing,5.08,1.1
19894,Reflect Pro,Beauty,23.61,1.0
19895,Edge Pro,Electronics,266.54,1.6
19896,Customer Pro,Sports,202.7,1.2
19897,Economy Pro,Electronics,309.43,1.0
19898,Should Plus,Toys,270.37,2.9
19899,Bit Pro,Sports,367.05,1.2
19900,Specific Pro,Toys,157.4,2.0
19901,Kitchen Plus,Sports,320.77,2.7
19902,Improve Lite,Books,203.45,2.4
19903,There Lite,Toys,21.49,2.9
19904,Hope Lite,Toys,77.92,2.4
19905,Policy Max,Clothing,12.6,1.3
19906,Raise Max,Beauty,323.26,2.3
19907,Huge Max,Electronics,238.84,2.7
19908,Tend Lite,Sports,436.74,2.4
19909,Push Max,Clothing,185.83,4.7
19910,Size Max,Sports,413.89,1.2
19911,Military Lite,Home,421.52,2.9
19912,Instead Lite,Electronics,321.27,4.7
19913,Western Plus,Clothing,62.93,3.8
19914,Address Lite,Sports,329.31,4.3
19915,Travel Lite,Home,324.73,2.7
19916,Pull Max,Home,481.98,1.4
19917,Decade Lite,Home,278.82,1.7
19918,Player Plus,Beauty,423.91,1.3
19919,Back Lite,Sports,62.95,2.5
19920,Culture Pro,Electronics,319.27,2.3
19921,Usually Plus,Electronics,10.96,3.7
19922,Soldier Pro,Home,489.34,3.6
19923,Read Plus,Books,295.01,1.4
19924,Exactly Max,Beauty,314.75,3.8
19925,Least Max,Electronics,382.12,3.1
19926,Require Max,Beauty,172.87,2.8
19927,Happy Pro,Home,19.17,2.7
19928,Case Lite,Toys,288.78,4.8
19929,Generation Lite,Sports,128.57,4.0
19930,Minute Lite,Clothing,227.65,3.5
19931,Cell Max,Electronics,417.02,2.6
19932,Main Lite,Sports,331.47,4.8
19933,Far Pro,Beauty,496.09,3.9
19934,Help Lite,Beauty,305.17,3.6
19935,Soldier Max,Toys,62.07,2.3
19936,Stay Lite,Toys,406.22,4.1
19937,Thought Plus,Clothing,495.06,3.0
19938,Moment Plus,Home,72.68,4.3
19939,Lose Pro,Beauty,455.87,1.9
19940,Share Lite,Clothing,154.43,3.3
19941,Large Pro,Electronics,93.29,2.6
19942,Tonight Plus,Books,298.13,2.5
19943,Decision Lite,Beauty,311.43,2.9
19944,Trip Plus,Books,432.35,2.2
19945,Property Max,Beauty,275.55,1.7
19946,Wonder Max,Sports,365.17,1.1
19947,Pay Pro,Home,21.54,3.0
19948,Language Lite,Home,494.24,2.2
19949,Watch Max,Beauty,76.38,3.0
19950,Moment Max,Beauty,83.72,2.4
19951,Plan Plus,Home,264.59,1.2
19952,Would Pro,Electronics,419.56,1.5
19953,During Max,Electronics,156.86,3.3
19954,Party Max,Beauty,416.14,1.9
19955,Task Plus,Sports,338.64,2.1
19956,Try Plus,Clothing,115.96,4.1
19957,Road Plus,Clothing,264.94,4.0
19958,Eat Lite,Sports,399.22,3.2
19959,Defense Pro,Toys,321.68,4.4
19960,Long Plus,Books,266.41,2.8
19961,Set Plus,Beauty,265.34,2.5
19962,Decade Plus,Books,159.97,1.5
19963,Cost Max,Books,233.97,1.3
19964,Note Plus,Sports,47.01,4.7
19965,Able Pro,Electronics,380.55,1.0
19966,Majority Pro,Clothing,173.77,1.5
19967,Old Plus,Books,485.71,2.9
19968,Fact Max,Beauty,199.37,1.5
19969,Nature Lite,Toys,421.07,3.0
19970,Beat Max,Home,457.16,4.9
19971,Wrong Pro,Clothing,305.8,2.2
19972,Anyone Lite,Sports,182.61,3.2
19973,At Pro,Books,377.35,3.5
19974,Him Plus,Toys,482.47,1.7
19975,Whether Plus,Electronics,46.32,3.3
19976,Difference Max,Beauty,281.03,4.1
19977,Military Max,Electronics,244.82,1.5
19978,Point Max,Home,6.02,3.4
19979,True Plus,Toys,271.74,3.0
19980,Cost Lite,Toys,129.36,3.0
19981,Former Lite,Beauty,124.98,2.8
19982,Toward Max,Clothing,69.32,2.6
19983,Address Max,Books,490.01,3.2
19984,Very Plus,Clothing,438.48,2.1
19985,Floor Lite,Toys,257.44,2.5
19986,Increase Max,Toys,398.65,1.5
19987,Election Plus,Sports,459.01,2.1
19988,Different Max,Toys,148.37,4.5
19989,Budget Pro,Toys,168.7,1.7
19990,Art Pro,Toys,293.77,1.0
19991,Marriage Pro,Beauty,317.16,3.8
19992,Claim Lite,Books,33.14,4.4
19993,Education Plus,Toys,120.39,1.0
19994,Part Max,Sports,195.08,4.1
19995,With Max,Books,350.22,3.7
19996,Half Max,Home,38.62,2.5
19997,Local Lite,Toys,131.45,3.1
19998,Hit Max,Sports,92.99,3.7
19999,Office Plus,Electronics,32.26,1.3
20000,Every Max,Home,376.41,1.4
